# Original open, sewn two-panel T-shirt; dimensions in metres
v -0.160000000 -0.220000000 0.064000000
v -0.150000000 -0.220000000 0.064000000
v -0.150000000 -0.210000000 0.064000000
v -0.160000000 -0.210000000 0.064000000
v -0.140000000 -0.220000000 0.064000000
v -0.140000000 -0.210000000 0.064000000
v -0.130000000 -0.220000000 0.064000000
v -0.130000000 -0.210000000 0.064000000
v -0.120000000 -0.220000000 0.064000000
v -0.120000000 -0.210000000 0.064000000
v -0.110000000 -0.220000000 0.064000000
v -0.110000000 -0.210000000 0.064000000
v -0.100000000 -0.220000000 0.064000000
v -0.100000000 -0.210000000 0.064000000
v -0.090000000 -0.220000000 0.064000000
v -0.090000000 -0.210000000 0.064000000
v -0.080000000 -0.220000000 0.064000000
v -0.080000000 -0.210000000 0.064000000
v -0.070000000 -0.220000000 0.064000000
v -0.070000000 -0.210000000 0.064000000
v -0.060000000 -0.220000000 0.064000000
v -0.060000000 -0.210000000 0.064000000
v -0.050000000 -0.220000000 0.064000000
v -0.050000000 -0.210000000 0.064000000
v -0.040000000 -0.220000000 0.064000000
v -0.040000000 -0.210000000 0.064000000
v -0.030000000 -0.220000000 0.064000000
v -0.030000000 -0.210000000 0.064000000
v -0.020000000 -0.220000000 0.064000000
v -0.020000000 -0.210000000 0.064000000
v -0.010000000 -0.220000000 0.064000000
v -0.010000000 -0.210000000 0.064000000
v 0.000000000 -0.220000000 0.064000000
v 0.000000000 -0.210000000 0.064000000
v 0.010000000 -0.220000000 0.064000000
v 0.010000000 -0.210000000 0.064000000
v 0.020000000 -0.220000000 0.064000000
v 0.020000000 -0.210000000 0.064000000
v 0.030000000 -0.220000000 0.064000000
v 0.030000000 -0.210000000 0.064000000
v 0.040000000 -0.220000000 0.064000000
v 0.040000000 -0.210000000 0.064000000
v 0.050000000 -0.220000000 0.064000000
v 0.050000000 -0.210000000 0.064000000
v 0.060000000 -0.220000000 0.064000000
v 0.060000000 -0.210000000 0.064000000
v 0.070000000 -0.220000000 0.064000000
v 0.070000000 -0.210000000 0.064000000
v 0.080000000 -0.220000000 0.064000000
v 0.080000000 -0.210000000 0.064000000
v 0.090000000 -0.220000000 0.064000000
v 0.090000000 -0.210000000 0.064000000
v 0.100000000 -0.220000000 0.064000000
v 0.100000000 -0.210000000 0.064000000
v 0.110000000 -0.220000000 0.064000000
v 0.110000000 -0.210000000 0.064000000
v 0.120000000 -0.220000000 0.064000000
v 0.120000000 -0.210000000 0.064000000
v 0.130000000 -0.220000000 0.064000000
v 0.130000000 -0.210000000 0.064000000
v 0.140000000 -0.220000000 0.064000000
v 0.140000000 -0.210000000 0.064000000
v 0.150000000 -0.220000000 0.064000000
v 0.150000000 -0.210000000 0.064000000
v 0.160000000 -0.220000000 0.064000000
v 0.160000000 -0.210000000 0.064000000
v -0.150000000 -0.200000000 0.064000000
v -0.160000000 -0.200000000 0.064000000
v -0.140000000 -0.200000000 0.064000000
v -0.130000000 -0.200000000 0.064000000
v -0.120000000 -0.200000000 0.064000000
v -0.110000000 -0.200000000 0.064000000
v -0.100000000 -0.200000000 0.064000000
v -0.090000000 -0.200000000 0.064000000
v -0.080000000 -0.200000000 0.064000000
v -0.070000000 -0.200000000 0.064000000
v -0.060000000 -0.200000000 0.064000000
v -0.050000000 -0.200000000 0.064000000
v -0.040000000 -0.200000000 0.064000000
v -0.030000000 -0.200000000 0.064000000
v -0.020000000 -0.200000000 0.064000000
v -0.010000000 -0.200000000 0.064000000
v 0.000000000 -0.200000000 0.064000000
v 0.010000000 -0.200000000 0.064000000
v 0.020000000 -0.200000000 0.064000000
v 0.030000000 -0.200000000 0.064000000
v 0.040000000 -0.200000000 0.064000000
v 0.050000000 -0.200000000 0.064000000
v 0.060000000 -0.200000000 0.064000000
v 0.070000000 -0.200000000 0.064000000
v 0.080000000 -0.200000000 0.064000000
v 0.090000000 -0.200000000 0.064000000
v 0.100000000 -0.200000000 0.064000000
v 0.110000000 -0.200000000 0.064000000
v 0.120000000 -0.200000000 0.064000000
v 0.130000000 -0.200000000 0.064000000
v 0.140000000 -0.200000000 0.064000000
v 0.150000000 -0.200000000 0.064000000
v 0.160000000 -0.200000000 0.064000000
v -0.150000000 -0.190000000 0.064000000
v -0.160000000 -0.190000000 0.064000000
v -0.140000000 -0.190000000 0.064000000
v -0.130000000 -0.190000000 0.064000000
v -0.120000000 -0.190000000 0.064000000
v -0.110000000 -0.190000000 0.064000000
v -0.100000000 -0.190000000 0.064000000
v -0.090000000 -0.190000000 0.064000000
v -0.080000000 -0.190000000 0.064000000
v -0.070000000 -0.190000000 0.064000000
v -0.060000000 -0.190000000 0.064000000
v -0.050000000 -0.190000000 0.064000000
v -0.040000000 -0.190000000 0.064000000
v -0.030000000 -0.190000000 0.064000000
v -0.020000000 -0.190000000 0.064000000
v -0.010000000 -0.190000000 0.064000000
v 0.000000000 -0.190000000 0.064000000
v 0.010000000 -0.190000000 0.064000000
v 0.020000000 -0.190000000 0.064000000
v 0.030000000 -0.190000000 0.064000000
v 0.040000000 -0.190000000 0.064000000
v 0.050000000 -0.190000000 0.064000000
v 0.060000000 -0.190000000 0.064000000
v 0.070000000 -0.190000000 0.064000000
v 0.080000000 -0.190000000 0.064000000
v 0.090000000 -0.190000000 0.064000000
v 0.100000000 -0.190000000 0.064000000
v 0.110000000 -0.190000000 0.064000000
v 0.120000000 -0.190000000 0.064000000
v 0.130000000 -0.190000000 0.064000000
v 0.140000000 -0.190000000 0.064000000
v 0.150000000 -0.190000000 0.064000000
v 0.160000000 -0.190000000 0.064000000
v -0.150000000 -0.180000000 0.064000000
v -0.160000000 -0.180000000 0.064000000
v -0.140000000 -0.180000000 0.064000000
v -0.130000000 -0.180000000 0.064000000
v -0.120000000 -0.180000000 0.064000000
v -0.110000000 -0.180000000 0.064000000
v -0.100000000 -0.180000000 0.064000000
v -0.090000000 -0.180000000 0.064000000
v -0.080000000 -0.180000000 0.064000000
v -0.070000000 -0.180000000 0.064000000
v -0.060000000 -0.180000000 0.064000000
v -0.050000000 -0.180000000 0.064000000
v -0.040000000 -0.180000000 0.064000000
v -0.030000000 -0.180000000 0.064000000
v -0.020000000 -0.180000000 0.064000000
v -0.010000000 -0.180000000 0.064000000
v 0.000000000 -0.180000000 0.064000000
v 0.010000000 -0.180000000 0.064000000
v 0.020000000 -0.180000000 0.064000000
v 0.030000000 -0.180000000 0.064000000
v 0.040000000 -0.180000000 0.064000000
v 0.050000000 -0.180000000 0.064000000
v 0.060000000 -0.180000000 0.064000000
v 0.070000000 -0.180000000 0.064000000
v 0.080000000 -0.180000000 0.064000000
v 0.090000000 -0.180000000 0.064000000
v 0.100000000 -0.180000000 0.064000000
v 0.110000000 -0.180000000 0.064000000
v 0.120000000 -0.180000000 0.064000000
v 0.130000000 -0.180000000 0.064000000
v 0.140000000 -0.180000000 0.064000000
v 0.150000000 -0.180000000 0.064000000
v 0.160000000 -0.180000000 0.064000000
v -0.150000000 -0.170000000 0.064000000
v -0.160000000 -0.170000000 0.064000000
v -0.140000000 -0.170000000 0.064000000
v -0.130000000 -0.170000000 0.064000000
v -0.120000000 -0.170000000 0.064000000
v -0.110000000 -0.170000000 0.064000000
v -0.100000000 -0.170000000 0.064000000
v -0.090000000 -0.170000000 0.064000000
v -0.080000000 -0.170000000 0.064000000
v -0.070000000 -0.170000000 0.064000000
v -0.060000000 -0.170000000 0.064000000
v -0.050000000 -0.170000000 0.064000000
v -0.040000000 -0.170000000 0.064000000
v -0.030000000 -0.170000000 0.064000000
v -0.020000000 -0.170000000 0.064000000
v -0.010000000 -0.170000000 0.064000000
v 0.000000000 -0.170000000 0.064000000
v 0.010000000 -0.170000000 0.064000000
v 0.020000000 -0.170000000 0.064000000
v 0.030000000 -0.170000000 0.064000000
v 0.040000000 -0.170000000 0.064000000
v 0.050000000 -0.170000000 0.064000000
v 0.060000000 -0.170000000 0.064000000
v 0.070000000 -0.170000000 0.064000000
v 0.080000000 -0.170000000 0.064000000
v 0.090000000 -0.170000000 0.064000000
v 0.100000000 -0.170000000 0.064000000
v 0.110000000 -0.170000000 0.064000000
v 0.120000000 -0.170000000 0.064000000
v 0.130000000 -0.170000000 0.064000000
v 0.140000000 -0.170000000 0.064000000
v 0.150000000 -0.170000000 0.064000000
v 0.160000000 -0.170000000 0.064000000
v -0.150000000 -0.160000000 0.064000000
v -0.160000000 -0.160000000 0.064000000
v -0.140000000 -0.160000000 0.064000000
v -0.130000000 -0.160000000 0.064000000
v -0.120000000 -0.160000000 0.064000000
v -0.110000000 -0.160000000 0.064000000
v -0.100000000 -0.160000000 0.064000000
v -0.090000000 -0.160000000 0.064000000
v -0.080000000 -0.160000000 0.064000000
v -0.070000000 -0.160000000 0.064000000
v -0.060000000 -0.160000000 0.064000000
v -0.050000000 -0.160000000 0.064000000
v -0.040000000 -0.160000000 0.064000000
v -0.030000000 -0.160000000 0.064000000
v -0.020000000 -0.160000000 0.064000000
v -0.010000000 -0.160000000 0.064000000
v 0.000000000 -0.160000000 0.064000000
v 0.010000000 -0.160000000 0.064000000
v 0.020000000 -0.160000000 0.064000000
v 0.030000000 -0.160000000 0.064000000
v 0.040000000 -0.160000000 0.064000000
v 0.050000000 -0.160000000 0.064000000
v 0.060000000 -0.160000000 0.064000000
v 0.070000000 -0.160000000 0.064000000
v 0.080000000 -0.160000000 0.064000000
v 0.090000000 -0.160000000 0.064000000
v 0.100000000 -0.160000000 0.064000000
v 0.110000000 -0.160000000 0.064000000
v 0.120000000 -0.160000000 0.064000000
v 0.130000000 -0.160000000 0.064000000
v 0.140000000 -0.160000000 0.064000000
v 0.150000000 -0.160000000 0.064000000
v 0.160000000 -0.160000000 0.064000000
v -0.150000000 -0.150000000 0.064000000
v -0.160000000 -0.150000000 0.064000000
v -0.140000000 -0.150000000 0.064000000
v -0.130000000 -0.150000000 0.064000000
v -0.120000000 -0.150000000 0.064000000
v -0.110000000 -0.150000000 0.064000000
v -0.100000000 -0.150000000 0.064000000
v -0.090000000 -0.150000000 0.064000000
v -0.080000000 -0.150000000 0.064000000
v -0.070000000 -0.150000000 0.064000000
v -0.060000000 -0.150000000 0.064000000
v -0.050000000 -0.150000000 0.064000000
v -0.040000000 -0.150000000 0.064000000
v -0.030000000 -0.150000000 0.064000000
v -0.020000000 -0.150000000 0.064000000
v -0.010000000 -0.150000000 0.064000000
v 0.000000000 -0.150000000 0.064000000
v 0.010000000 -0.150000000 0.064000000
v 0.020000000 -0.150000000 0.064000000
v 0.030000000 -0.150000000 0.064000000
v 0.040000000 -0.150000000 0.064000000
v 0.050000000 -0.150000000 0.064000000
v 0.060000000 -0.150000000 0.064000000
v 0.070000000 -0.150000000 0.064000000
v 0.080000000 -0.150000000 0.064000000
v 0.090000000 -0.150000000 0.064000000
v 0.100000000 -0.150000000 0.064000000
v 0.110000000 -0.150000000 0.064000000
v 0.120000000 -0.150000000 0.064000000
v 0.130000000 -0.150000000 0.064000000
v 0.140000000 -0.150000000 0.064000000
v 0.150000000 -0.150000000 0.064000000
v 0.160000000 -0.150000000 0.064000000
v -0.150000000 -0.140000000 0.064000000
v -0.160000000 -0.140000000 0.064000000
v -0.140000000 -0.140000000 0.064000000
v -0.130000000 -0.140000000 0.064000000
v -0.120000000 -0.140000000 0.064000000
v -0.110000000 -0.140000000 0.064000000
v -0.100000000 -0.140000000 0.064000000
v -0.090000000 -0.140000000 0.064000000
v -0.080000000 -0.140000000 0.064000000
v -0.070000000 -0.140000000 0.064000000
v -0.060000000 -0.140000000 0.064000000
v -0.050000000 -0.140000000 0.064000000
v -0.040000000 -0.140000000 0.064000000
v -0.030000000 -0.140000000 0.064000000
v -0.020000000 -0.140000000 0.064000000
v -0.010000000 -0.140000000 0.064000000
v 0.000000000 -0.140000000 0.064000000
v 0.010000000 -0.140000000 0.064000000
v 0.020000000 -0.140000000 0.064000000
v 0.030000000 -0.140000000 0.064000000
v 0.040000000 -0.140000000 0.064000000
v 0.050000000 -0.140000000 0.064000000
v 0.060000000 -0.140000000 0.064000000
v 0.070000000 -0.140000000 0.064000000
v 0.080000000 -0.140000000 0.064000000
v 0.090000000 -0.140000000 0.064000000
v 0.100000000 -0.140000000 0.064000000
v 0.110000000 -0.140000000 0.064000000
v 0.120000000 -0.140000000 0.064000000
v 0.130000000 -0.140000000 0.064000000
v 0.140000000 -0.140000000 0.064000000
v 0.150000000 -0.140000000 0.064000000
v 0.160000000 -0.140000000 0.064000000
v -0.150000000 -0.130000000 0.064000000
v -0.160000000 -0.130000000 0.064000000
v -0.140000000 -0.130000000 0.064000000
v -0.130000000 -0.130000000 0.064000000
v -0.120000000 -0.130000000 0.064000000
v -0.110000000 -0.130000000 0.064000000
v -0.100000000 -0.130000000 0.064000000
v -0.090000000 -0.130000000 0.064000000
v -0.080000000 -0.130000000 0.064000000
v -0.070000000 -0.130000000 0.064000000
v -0.060000000 -0.130000000 0.064000000
v -0.050000000 -0.130000000 0.064000000
v -0.040000000 -0.130000000 0.064000000
v -0.030000000 -0.130000000 0.064000000
v -0.020000000 -0.130000000 0.064000000
v -0.010000000 -0.130000000 0.064000000
v 0.000000000 -0.130000000 0.064000000
v 0.010000000 -0.130000000 0.064000000
v 0.020000000 -0.130000000 0.064000000
v 0.030000000 -0.130000000 0.064000000
v 0.040000000 -0.130000000 0.064000000
v 0.050000000 -0.130000000 0.064000000
v 0.060000000 -0.130000000 0.064000000
v 0.070000000 -0.130000000 0.064000000
v 0.080000000 -0.130000000 0.064000000
v 0.090000000 -0.130000000 0.064000000
v 0.100000000 -0.130000000 0.064000000
v 0.110000000 -0.130000000 0.064000000
v 0.120000000 -0.130000000 0.064000000
v 0.130000000 -0.130000000 0.064000000
v 0.140000000 -0.130000000 0.064000000
v 0.150000000 -0.130000000 0.064000000
v 0.160000000 -0.130000000 0.064000000
v -0.150000000 -0.120000000 0.064000000
v -0.160000000 -0.120000000 0.064000000
v -0.140000000 -0.120000000 0.064000000
v -0.130000000 -0.120000000 0.064000000
v -0.120000000 -0.120000000 0.064000000
v -0.110000000 -0.120000000 0.064000000
v -0.100000000 -0.120000000 0.064000000
v -0.090000000 -0.120000000 0.064000000
v -0.080000000 -0.120000000 0.064000000
v -0.070000000 -0.120000000 0.064000000
v -0.060000000 -0.120000000 0.064000000
v -0.050000000 -0.120000000 0.064000000
v -0.040000000 -0.120000000 0.064000000
v -0.030000000 -0.120000000 0.064000000
v -0.020000000 -0.120000000 0.064000000
v -0.010000000 -0.120000000 0.064000000
v 0.000000000 -0.120000000 0.064000000
v 0.010000000 -0.120000000 0.064000000
v 0.020000000 -0.120000000 0.064000000
v 0.030000000 -0.120000000 0.064000000
v 0.040000000 -0.120000000 0.064000000
v 0.050000000 -0.120000000 0.064000000
v 0.060000000 -0.120000000 0.064000000
v 0.070000000 -0.120000000 0.064000000
v 0.080000000 -0.120000000 0.064000000
v 0.090000000 -0.120000000 0.064000000
v 0.100000000 -0.120000000 0.064000000
v 0.110000000 -0.120000000 0.064000000
v 0.120000000 -0.120000000 0.064000000
v 0.130000000 -0.120000000 0.064000000
v 0.140000000 -0.120000000 0.064000000
v 0.150000000 -0.120000000 0.064000000
v 0.160000000 -0.120000000 0.064000000
v -0.150000000 -0.110000000 0.064000000
v -0.160000000 -0.110000000 0.064000000
v -0.140000000 -0.110000000 0.064000000
v -0.130000000 -0.110000000 0.064000000
v -0.120000000 -0.110000000 0.064000000
v -0.110000000 -0.110000000 0.064000000
v -0.100000000 -0.110000000 0.064000000
v -0.090000000 -0.110000000 0.064000000
v -0.080000000 -0.110000000 0.064000000
v -0.070000000 -0.110000000 0.064000000
v -0.060000000 -0.110000000 0.064000000
v -0.050000000 -0.110000000 0.064000000
v -0.040000000 -0.110000000 0.064000000
v -0.030000000 -0.110000000 0.064000000
v -0.020000000 -0.110000000 0.064000000
v -0.010000000 -0.110000000 0.064000000
v 0.000000000 -0.110000000 0.064000000
v 0.010000000 -0.110000000 0.064000000
v 0.020000000 -0.110000000 0.064000000
v 0.030000000 -0.110000000 0.064000000
v 0.040000000 -0.110000000 0.064000000
v 0.050000000 -0.110000000 0.064000000
v 0.060000000 -0.110000000 0.064000000
v 0.070000000 -0.110000000 0.064000000
v 0.080000000 -0.110000000 0.064000000
v 0.090000000 -0.110000000 0.064000000
v 0.100000000 -0.110000000 0.064000000
v 0.110000000 -0.110000000 0.064000000
v 0.120000000 -0.110000000 0.064000000
v 0.130000000 -0.110000000 0.064000000
v 0.140000000 -0.110000000 0.064000000
v 0.150000000 -0.110000000 0.064000000
v 0.160000000 -0.110000000 0.064000000
v -0.150000000 -0.100000000 0.064000000
v -0.160000000 -0.100000000 0.064000000
v -0.140000000 -0.100000000 0.064000000
v -0.130000000 -0.100000000 0.064000000
v -0.120000000 -0.100000000 0.064000000
v -0.110000000 -0.100000000 0.064000000
v -0.100000000 -0.100000000 0.064000000
v -0.090000000 -0.100000000 0.064000000
v -0.080000000 -0.100000000 0.064000000
v -0.070000000 -0.100000000 0.064000000
v -0.060000000 -0.100000000 0.064000000
v -0.050000000 -0.100000000 0.064000000
v -0.040000000 -0.100000000 0.064000000
v -0.030000000 -0.100000000 0.064000000
v -0.020000000 -0.100000000 0.064000000
v -0.010000000 -0.100000000 0.064000000
v 0.000000000 -0.100000000 0.064000000
v 0.010000000 -0.100000000 0.064000000
v 0.020000000 -0.100000000 0.064000000
v 0.030000000 -0.100000000 0.064000000
v 0.040000000 -0.100000000 0.064000000
v 0.050000000 -0.100000000 0.064000000
v 0.060000000 -0.100000000 0.064000000
v 0.070000000 -0.100000000 0.064000000
v 0.080000000 -0.100000000 0.064000000
v 0.090000000 -0.100000000 0.064000000
v 0.100000000 -0.100000000 0.064000000
v 0.110000000 -0.100000000 0.064000000
v 0.120000000 -0.100000000 0.064000000
v 0.130000000 -0.100000000 0.064000000
v 0.140000000 -0.100000000 0.064000000
v 0.150000000 -0.100000000 0.064000000
v 0.160000000 -0.100000000 0.064000000
v -0.150000000 -0.090000000 0.064000000
v -0.160000000 -0.090000000 0.064000000
v -0.140000000 -0.090000000 0.064000000
v -0.130000000 -0.090000000 0.064000000
v -0.120000000 -0.090000000 0.064000000
v -0.110000000 -0.090000000 0.064000000
v -0.100000000 -0.090000000 0.064000000
v -0.090000000 -0.090000000 0.064000000
v -0.080000000 -0.090000000 0.064000000
v -0.070000000 -0.090000000 0.064000000
v -0.060000000 -0.090000000 0.064000000
v -0.050000000 -0.090000000 0.064000000
v -0.040000000 -0.090000000 0.064000000
v -0.030000000 -0.090000000 0.064000000
v -0.020000000 -0.090000000 0.064000000
v -0.010000000 -0.090000000 0.064000000
v 0.000000000 -0.090000000 0.064000000
v 0.010000000 -0.090000000 0.064000000
v 0.020000000 -0.090000000 0.064000000
v 0.030000000 -0.090000000 0.064000000
v 0.040000000 -0.090000000 0.064000000
v 0.050000000 -0.090000000 0.064000000
v 0.060000000 -0.090000000 0.064000000
v 0.070000000 -0.090000000 0.064000000
v 0.080000000 -0.090000000 0.064000000
v 0.090000000 -0.090000000 0.064000000
v 0.100000000 -0.090000000 0.064000000
v 0.110000000 -0.090000000 0.064000000
v 0.120000000 -0.090000000 0.064000000
v 0.130000000 -0.090000000 0.064000000
v 0.140000000 -0.090000000 0.064000000
v 0.150000000 -0.090000000 0.064000000
v 0.160000000 -0.090000000 0.064000000
v -0.150000000 -0.080000000 0.064000000
v -0.160000000 -0.080000000 0.064000000
v -0.140000000 -0.080000000 0.064000000
v -0.130000000 -0.080000000 0.064000000
v -0.120000000 -0.080000000 0.064000000
v -0.110000000 -0.080000000 0.064000000
v -0.100000000 -0.080000000 0.064000000
v -0.090000000 -0.080000000 0.064000000
v -0.080000000 -0.080000000 0.064000000
v -0.070000000 -0.080000000 0.064000000
v -0.060000000 -0.080000000 0.064000000
v -0.050000000 -0.080000000 0.064000000
v -0.040000000 -0.080000000 0.064000000
v -0.030000000 -0.080000000 0.064000000
v -0.020000000 -0.080000000 0.064000000
v -0.010000000 -0.080000000 0.064000000
v 0.000000000 -0.080000000 0.064000000
v 0.010000000 -0.080000000 0.064000000
v 0.020000000 -0.080000000 0.064000000
v 0.030000000 -0.080000000 0.064000000
v 0.040000000 -0.080000000 0.064000000
v 0.050000000 -0.080000000 0.064000000
v 0.060000000 -0.080000000 0.064000000
v 0.070000000 -0.080000000 0.064000000
v 0.080000000 -0.080000000 0.064000000
v 0.090000000 -0.080000000 0.064000000
v 0.100000000 -0.080000000 0.064000000
v 0.110000000 -0.080000000 0.064000000
v 0.120000000 -0.080000000 0.064000000
v 0.130000000 -0.080000000 0.064000000
v 0.140000000 -0.080000000 0.064000000
v 0.150000000 -0.080000000 0.064000000
v 0.160000000 -0.080000000 0.064000000
v -0.150000000 -0.070000000 0.064000000
v -0.160000000 -0.070000000 0.064000000
v -0.140000000 -0.070000000 0.064000000
v -0.130000000 -0.070000000 0.064000000
v -0.120000000 -0.070000000 0.064000000
v -0.110000000 -0.070000000 0.064000000
v -0.100000000 -0.070000000 0.064000000
v -0.090000000 -0.070000000 0.064000000
v -0.080000000 -0.070000000 0.064000000
v -0.070000000 -0.070000000 0.064000000
v -0.060000000 -0.070000000 0.064000000
v -0.050000000 -0.070000000 0.064000000
v -0.040000000 -0.070000000 0.064000000
v -0.030000000 -0.070000000 0.064000000
v -0.020000000 -0.070000000 0.064000000
v -0.010000000 -0.070000000 0.064000000
v 0.000000000 -0.070000000 0.064000000
v 0.010000000 -0.070000000 0.064000000
v 0.020000000 -0.070000000 0.064000000
v 0.030000000 -0.070000000 0.064000000
v 0.040000000 -0.070000000 0.064000000
v 0.050000000 -0.070000000 0.064000000
v 0.060000000 -0.070000000 0.064000000
v 0.070000000 -0.070000000 0.064000000
v 0.080000000 -0.070000000 0.064000000
v 0.090000000 -0.070000000 0.064000000
v 0.100000000 -0.070000000 0.064000000
v 0.110000000 -0.070000000 0.064000000
v 0.120000000 -0.070000000 0.064000000
v 0.130000000 -0.070000000 0.064000000
v 0.140000000 -0.070000000 0.064000000
v 0.150000000 -0.070000000 0.064000000
v 0.160000000 -0.070000000 0.064000000
v -0.150000000 -0.060000000 0.064000000
v -0.160000000 -0.060000000 0.064000000
v -0.140000000 -0.060000000 0.064000000
v -0.130000000 -0.060000000 0.064000000
v -0.120000000 -0.060000000 0.064000000
v -0.110000000 -0.060000000 0.064000000
v -0.100000000 -0.060000000 0.064000000
v -0.090000000 -0.060000000 0.064000000
v -0.080000000 -0.060000000 0.064000000
v -0.070000000 -0.060000000 0.064000000
v -0.060000000 -0.060000000 0.064000000
v -0.050000000 -0.060000000 0.064000000
v -0.040000000 -0.060000000 0.064000000
v -0.030000000 -0.060000000 0.064000000
v -0.020000000 -0.060000000 0.064000000
v -0.010000000 -0.060000000 0.064000000
v 0.000000000 -0.060000000 0.064000000
v 0.010000000 -0.060000000 0.064000000
v 0.020000000 -0.060000000 0.064000000
v 0.030000000 -0.060000000 0.064000000
v 0.040000000 -0.060000000 0.064000000
v 0.050000000 -0.060000000 0.064000000
v 0.060000000 -0.060000000 0.064000000
v 0.070000000 -0.060000000 0.064000000
v 0.080000000 -0.060000000 0.064000000
v 0.090000000 -0.060000000 0.064000000
v 0.100000000 -0.060000000 0.064000000
v 0.110000000 -0.060000000 0.064000000
v 0.120000000 -0.060000000 0.064000000
v 0.130000000 -0.060000000 0.064000000
v 0.140000000 -0.060000000 0.064000000
v 0.150000000 -0.060000000 0.064000000
v 0.160000000 -0.060000000 0.064000000
v -0.150000000 -0.050000000 0.064000000
v -0.160000000 -0.050000000 0.064000000
v -0.140000000 -0.050000000 0.064000000
v -0.130000000 -0.050000000 0.064000000
v -0.120000000 -0.050000000 0.064000000
v -0.110000000 -0.050000000 0.064000000
v -0.100000000 -0.050000000 0.064000000
v -0.090000000 -0.050000000 0.064000000
v -0.080000000 -0.050000000 0.064000000
v -0.070000000 -0.050000000 0.064000000
v -0.060000000 -0.050000000 0.064000000
v -0.050000000 -0.050000000 0.064000000
v -0.040000000 -0.050000000 0.064000000
v -0.030000000 -0.050000000 0.064000000
v -0.020000000 -0.050000000 0.064000000
v -0.010000000 -0.050000000 0.064000000
v 0.000000000 -0.050000000 0.064000000
v 0.010000000 -0.050000000 0.064000000
v 0.020000000 -0.050000000 0.064000000
v 0.030000000 -0.050000000 0.064000000
v 0.040000000 -0.050000000 0.064000000
v 0.050000000 -0.050000000 0.064000000
v 0.060000000 -0.050000000 0.064000000
v 0.070000000 -0.050000000 0.064000000
v 0.080000000 -0.050000000 0.064000000
v 0.090000000 -0.050000000 0.064000000
v 0.100000000 -0.050000000 0.064000000
v 0.110000000 -0.050000000 0.064000000
v 0.120000000 -0.050000000 0.064000000
v 0.130000000 -0.050000000 0.064000000
v 0.140000000 -0.050000000 0.064000000
v 0.150000000 -0.050000000 0.064000000
v 0.160000000 -0.050000000 0.064000000
v -0.150000000 -0.040000000 0.064000000
v -0.160000000 -0.040000000 0.064000000
v -0.140000000 -0.040000000 0.064000000
v -0.130000000 -0.040000000 0.064000000
v -0.120000000 -0.040000000 0.064000000
v -0.110000000 -0.040000000 0.064000000
v -0.100000000 -0.040000000 0.064000000
v -0.090000000 -0.040000000 0.064000000
v -0.080000000 -0.040000000 0.064000000
v -0.070000000 -0.040000000 0.064000000
v -0.060000000 -0.040000000 0.064000000
v -0.050000000 -0.040000000 0.064000000
v -0.040000000 -0.040000000 0.064000000
v -0.030000000 -0.040000000 0.064000000
v -0.020000000 -0.040000000 0.064000000
v -0.010000000 -0.040000000 0.064000000
v 0.000000000 -0.040000000 0.064000000
v 0.010000000 -0.040000000 0.064000000
v 0.020000000 -0.040000000 0.064000000
v 0.030000000 -0.040000000 0.064000000
v 0.040000000 -0.040000000 0.064000000
v 0.050000000 -0.040000000 0.064000000
v 0.060000000 -0.040000000 0.064000000
v 0.070000000 -0.040000000 0.064000000
v 0.080000000 -0.040000000 0.064000000
v 0.090000000 -0.040000000 0.064000000
v 0.100000000 -0.040000000 0.064000000
v 0.110000000 -0.040000000 0.064000000
v 0.120000000 -0.040000000 0.064000000
v 0.130000000 -0.040000000 0.064000000
v 0.140000000 -0.040000000 0.064000000
v 0.150000000 -0.040000000 0.064000000
v 0.160000000 -0.040000000 0.064000000
v -0.150000000 -0.030000000 0.064000000
v -0.160000000 -0.030000000 0.064000000
v -0.140000000 -0.030000000 0.064000000
v -0.130000000 -0.030000000 0.064000000
v -0.120000000 -0.030000000 0.064000000
v -0.110000000 -0.030000000 0.064000000
v -0.100000000 -0.030000000 0.064000000
v -0.090000000 -0.030000000 0.064000000
v -0.080000000 -0.030000000 0.064000000
v -0.070000000 -0.030000000 0.064000000
v -0.060000000 -0.030000000 0.064000000
v -0.050000000 -0.030000000 0.064000000
v -0.040000000 -0.030000000 0.064000000
v -0.030000000 -0.030000000 0.064000000
v -0.020000000 -0.030000000 0.064000000
v -0.010000000 -0.030000000 0.064000000
v 0.000000000 -0.030000000 0.064000000
v 0.010000000 -0.030000000 0.064000000
v 0.020000000 -0.030000000 0.064000000
v 0.030000000 -0.030000000 0.064000000
v 0.040000000 -0.030000000 0.064000000
v 0.050000000 -0.030000000 0.064000000
v 0.060000000 -0.030000000 0.064000000
v 0.070000000 -0.030000000 0.064000000
v 0.080000000 -0.030000000 0.064000000
v 0.090000000 -0.030000000 0.064000000
v 0.100000000 -0.030000000 0.064000000
v 0.110000000 -0.030000000 0.064000000
v 0.120000000 -0.030000000 0.064000000
v 0.130000000 -0.030000000 0.064000000
v 0.140000000 -0.030000000 0.064000000
v 0.150000000 -0.030000000 0.064000000
v 0.160000000 -0.030000000 0.064000000
v -0.150000000 -0.020000000 0.064000000
v -0.160000000 -0.020000000 0.064000000
v -0.140000000 -0.020000000 0.064000000
v -0.130000000 -0.020000000 0.064000000
v -0.120000000 -0.020000000 0.064000000
v -0.110000000 -0.020000000 0.064000000
v -0.100000000 -0.020000000 0.064000000
v -0.090000000 -0.020000000 0.064000000
v -0.080000000 -0.020000000 0.064000000
v -0.070000000 -0.020000000 0.064000000
v -0.060000000 -0.020000000 0.064000000
v -0.050000000 -0.020000000 0.064000000
v -0.040000000 -0.020000000 0.064000000
v -0.030000000 -0.020000000 0.064000000
v -0.020000000 -0.020000000 0.064000000
v -0.010000000 -0.020000000 0.064000000
v 0.000000000 -0.020000000 0.064000000
v 0.010000000 -0.020000000 0.064000000
v 0.020000000 -0.020000000 0.064000000
v 0.030000000 -0.020000000 0.064000000
v 0.040000000 -0.020000000 0.064000000
v 0.050000000 -0.020000000 0.064000000
v 0.060000000 -0.020000000 0.064000000
v 0.070000000 -0.020000000 0.064000000
v 0.080000000 -0.020000000 0.064000000
v 0.090000000 -0.020000000 0.064000000
v 0.100000000 -0.020000000 0.064000000
v 0.110000000 -0.020000000 0.064000000
v 0.120000000 -0.020000000 0.064000000
v 0.130000000 -0.020000000 0.064000000
v 0.140000000 -0.020000000 0.064000000
v 0.150000000 -0.020000000 0.064000000
v 0.160000000 -0.020000000 0.064000000
v -0.150000000 -0.010000000 0.064000000
v -0.160000000 -0.010000000 0.064000000
v -0.140000000 -0.010000000 0.064000000
v -0.130000000 -0.010000000 0.064000000
v -0.120000000 -0.010000000 0.064000000
v -0.110000000 -0.010000000 0.064000000
v -0.100000000 -0.010000000 0.064000000
v -0.090000000 -0.010000000 0.064000000
v -0.080000000 -0.010000000 0.064000000
v -0.070000000 -0.010000000 0.064000000
v -0.060000000 -0.010000000 0.064000000
v -0.050000000 -0.010000000 0.064000000
v -0.040000000 -0.010000000 0.064000000
v -0.030000000 -0.010000000 0.064000000
v -0.020000000 -0.010000000 0.064000000
v -0.010000000 -0.010000000 0.064000000
v 0.000000000 -0.010000000 0.064000000
v 0.010000000 -0.010000000 0.064000000
v 0.020000000 -0.010000000 0.064000000
v 0.030000000 -0.010000000 0.064000000
v 0.040000000 -0.010000000 0.064000000
v 0.050000000 -0.010000000 0.064000000
v 0.060000000 -0.010000000 0.064000000
v 0.070000000 -0.010000000 0.064000000
v 0.080000000 -0.010000000 0.064000000
v 0.090000000 -0.010000000 0.064000000
v 0.100000000 -0.010000000 0.064000000
v 0.110000000 -0.010000000 0.064000000
v 0.120000000 -0.010000000 0.064000000
v 0.130000000 -0.010000000 0.064000000
v 0.140000000 -0.010000000 0.064000000
v 0.150000000 -0.010000000 0.064000000
v 0.160000000 -0.010000000 0.064000000
v -0.150000000 0.000000000 0.064000000
v -0.160000000 0.000000000 0.064000000
v -0.140000000 0.000000000 0.064000000
v -0.130000000 0.000000000 0.064000000
v -0.120000000 0.000000000 0.064000000
v -0.110000000 0.000000000 0.064000000
v -0.100000000 0.000000000 0.064000000
v -0.090000000 0.000000000 0.064000000
v -0.080000000 0.000000000 0.064000000
v -0.070000000 0.000000000 0.064000000
v -0.060000000 0.000000000 0.064000000
v -0.050000000 0.000000000 0.064000000
v -0.040000000 0.000000000 0.064000000
v -0.030000000 0.000000000 0.064000000
v -0.020000000 0.000000000 0.064000000
v -0.010000000 0.000000000 0.064000000
v 0.000000000 0.000000000 0.064000000
v 0.010000000 0.000000000 0.064000000
v 0.020000000 0.000000000 0.064000000
v 0.030000000 0.000000000 0.064000000
v 0.040000000 0.000000000 0.064000000
v 0.050000000 0.000000000 0.064000000
v 0.060000000 0.000000000 0.064000000
v 0.070000000 0.000000000 0.064000000
v 0.080000000 0.000000000 0.064000000
v 0.090000000 0.000000000 0.064000000
v 0.100000000 0.000000000 0.064000000
v 0.110000000 0.000000000 0.064000000
v 0.120000000 0.000000000 0.064000000
v 0.130000000 0.000000000 0.064000000
v 0.140000000 0.000000000 0.064000000
v 0.150000000 0.000000000 0.064000000
v 0.160000000 0.000000000 0.064000000
v -0.150000000 0.010000000 0.064000000
v -0.160000000 0.010000000 0.064000000
v -0.140000000 0.010000000 0.064000000
v -0.130000000 0.010000000 0.064000000
v -0.120000000 0.010000000 0.064000000
v -0.110000000 0.010000000 0.064000000
v -0.100000000 0.010000000 0.064000000
v -0.090000000 0.010000000 0.064000000
v -0.080000000 0.010000000 0.064000000
v -0.070000000 0.010000000 0.064000000
v -0.060000000 0.010000000 0.064000000
v -0.050000000 0.010000000 0.064000000
v -0.040000000 0.010000000 0.064000000
v -0.030000000 0.010000000 0.064000000
v -0.020000000 0.010000000 0.064000000
v -0.010000000 0.010000000 0.064000000
v 0.000000000 0.010000000 0.064000000
v 0.010000000 0.010000000 0.064000000
v 0.020000000 0.010000000 0.064000000
v 0.030000000 0.010000000 0.064000000
v 0.040000000 0.010000000 0.064000000
v 0.050000000 0.010000000 0.064000000
v 0.060000000 0.010000000 0.064000000
v 0.070000000 0.010000000 0.064000000
v 0.080000000 0.010000000 0.064000000
v 0.090000000 0.010000000 0.064000000
v 0.100000000 0.010000000 0.064000000
v 0.110000000 0.010000000 0.064000000
v 0.120000000 0.010000000 0.064000000
v 0.130000000 0.010000000 0.064000000
v 0.140000000 0.010000000 0.064000000
v 0.150000000 0.010000000 0.064000000
v 0.160000000 0.010000000 0.064000000
v -0.150000000 0.020000000 0.064000000
v -0.160000000 0.020000000 0.064000000
v -0.140000000 0.020000000 0.064000000
v -0.130000000 0.020000000 0.064000000
v -0.120000000 0.020000000 0.064000000
v -0.110000000 0.020000000 0.064000000
v -0.100000000 0.020000000 0.064000000
v -0.090000000 0.020000000 0.064000000
v -0.080000000 0.020000000 0.064000000
v -0.070000000 0.020000000 0.064000000
v -0.060000000 0.020000000 0.064000000
v -0.050000000 0.020000000 0.064000000
v -0.040000000 0.020000000 0.064000000
v -0.030000000 0.020000000 0.064000000
v -0.020000000 0.020000000 0.064000000
v -0.010000000 0.020000000 0.064000000
v 0.000000000 0.020000000 0.064000000
v 0.010000000 0.020000000 0.064000000
v 0.020000000 0.020000000 0.064000000
v 0.030000000 0.020000000 0.064000000
v 0.040000000 0.020000000 0.064000000
v 0.050000000 0.020000000 0.064000000
v 0.060000000 0.020000000 0.064000000
v 0.070000000 0.020000000 0.064000000
v 0.080000000 0.020000000 0.064000000
v 0.090000000 0.020000000 0.064000000
v 0.100000000 0.020000000 0.064000000
v 0.110000000 0.020000000 0.064000000
v 0.120000000 0.020000000 0.064000000
v 0.130000000 0.020000000 0.064000000
v 0.140000000 0.020000000 0.064000000
v 0.150000000 0.020000000 0.064000000
v 0.160000000 0.020000000 0.064000000
v -0.150000000 0.030000000 0.064000000
v -0.160000000 0.030000000 0.064000000
v -0.140000000 0.030000000 0.064000000
v -0.130000000 0.030000000 0.064000000
v -0.120000000 0.030000000 0.064000000
v -0.110000000 0.030000000 0.064000000
v -0.100000000 0.030000000 0.064000000
v -0.090000000 0.030000000 0.064000000
v -0.080000000 0.030000000 0.064000000
v -0.070000000 0.030000000 0.064000000
v -0.060000000 0.030000000 0.064000000
v -0.050000000 0.030000000 0.064000000
v -0.040000000 0.030000000 0.064000000
v -0.030000000 0.030000000 0.064000000
v -0.020000000 0.030000000 0.064000000
v -0.010000000 0.030000000 0.064000000
v 0.000000000 0.030000000 0.064000000
v 0.010000000 0.030000000 0.064000000
v 0.020000000 0.030000000 0.064000000
v 0.030000000 0.030000000 0.064000000
v 0.040000000 0.030000000 0.064000000
v 0.050000000 0.030000000 0.064000000
v 0.060000000 0.030000000 0.064000000
v 0.070000000 0.030000000 0.064000000
v 0.080000000 0.030000000 0.064000000
v 0.090000000 0.030000000 0.064000000
v 0.100000000 0.030000000 0.064000000
v 0.110000000 0.030000000 0.064000000
v 0.120000000 0.030000000 0.064000000
v 0.130000000 0.030000000 0.064000000
v 0.140000000 0.030000000 0.064000000
v 0.150000000 0.030000000 0.064000000
v 0.160000000 0.030000000 0.064000000
v -0.150000000 0.040000000 0.064000000
v -0.160000000 0.040000000 0.064000000
v -0.140000000 0.040000000 0.064000000
v -0.130000000 0.040000000 0.064000000
v -0.120000000 0.040000000 0.064000000
v -0.110000000 0.040000000 0.064000000
v -0.100000000 0.040000000 0.064000000
v -0.090000000 0.040000000 0.064000000
v -0.080000000 0.040000000 0.064000000
v -0.070000000 0.040000000 0.064000000
v -0.060000000 0.040000000 0.064000000
v -0.050000000 0.040000000 0.064000000
v -0.040000000 0.040000000 0.064000000
v -0.030000000 0.040000000 0.064000000
v -0.020000000 0.040000000 0.064000000
v -0.010000000 0.040000000 0.064000000
v 0.000000000 0.040000000 0.064000000
v 0.010000000 0.040000000 0.064000000
v 0.020000000 0.040000000 0.064000000
v 0.030000000 0.040000000 0.064000000
v 0.040000000 0.040000000 0.064000000
v 0.050000000 0.040000000 0.064000000
v 0.060000000 0.040000000 0.064000000
v 0.070000000 0.040000000 0.064000000
v 0.080000000 0.040000000 0.064000000
v 0.090000000 0.040000000 0.064000000
v 0.100000000 0.040000000 0.064000000
v 0.110000000 0.040000000 0.064000000
v 0.120000000 0.040000000 0.064000000
v 0.130000000 0.040000000 0.064000000
v 0.140000000 0.040000000 0.064000000
v 0.150000000 0.040000000 0.064000000
v 0.160000000 0.040000000 0.064000000
v -0.150000000 0.050000000 0.064000000
v -0.160000000 0.050000000 0.064000000
v -0.140000000 0.050000000 0.064000000
v -0.130000000 0.050000000 0.064000000
v -0.120000000 0.050000000 0.064000000
v -0.110000000 0.050000000 0.064000000
v -0.100000000 0.050000000 0.064000000
v -0.090000000 0.050000000 0.064000000
v -0.080000000 0.050000000 0.064000000
v -0.070000000 0.050000000 0.064000000
v -0.060000000 0.050000000 0.064000000
v -0.050000000 0.050000000 0.064000000
v -0.040000000 0.050000000 0.064000000
v -0.030000000 0.050000000 0.064000000
v -0.020000000 0.050000000 0.064000000
v -0.010000000 0.050000000 0.064000000
v 0.000000000 0.050000000 0.064000000
v 0.010000000 0.050000000 0.064000000
v 0.020000000 0.050000000 0.064000000
v 0.030000000 0.050000000 0.064000000
v 0.040000000 0.050000000 0.064000000
v 0.050000000 0.050000000 0.064000000
v 0.060000000 0.050000000 0.064000000
v 0.070000000 0.050000000 0.064000000
v 0.080000000 0.050000000 0.064000000
v 0.090000000 0.050000000 0.064000000
v 0.100000000 0.050000000 0.064000000
v 0.110000000 0.050000000 0.064000000
v 0.120000000 0.050000000 0.064000000
v 0.130000000 0.050000000 0.064000000
v 0.140000000 0.050000000 0.064000000
v 0.150000000 0.050000000 0.064000000
v 0.160000000 0.050000000 0.064000000
v -0.150000000 0.060000000 0.064000000
v -0.160000000 0.060000000 0.064000000
v -0.140000000 0.060000000 0.064000000
v -0.130000000 0.060000000 0.064000000
v -0.120000000 0.060000000 0.064000000
v -0.110000000 0.060000000 0.064000000
v -0.100000000 0.060000000 0.064000000
v -0.090000000 0.060000000 0.064000000
v -0.080000000 0.060000000 0.064000000
v -0.070000000 0.060000000 0.064000000
v -0.060000000 0.060000000 0.064000000
v -0.050000000 0.060000000 0.064000000
v -0.040000000 0.060000000 0.064000000
v -0.030000000 0.060000000 0.064000000
v -0.020000000 0.060000000 0.064000000
v -0.010000000 0.060000000 0.064000000
v 0.000000000 0.060000000 0.064000000
v 0.010000000 0.060000000 0.064000000
v 0.020000000 0.060000000 0.064000000
v 0.030000000 0.060000000 0.064000000
v 0.040000000 0.060000000 0.064000000
v 0.050000000 0.060000000 0.064000000
v 0.060000000 0.060000000 0.064000000
v 0.070000000 0.060000000 0.064000000
v 0.080000000 0.060000000 0.064000000
v 0.090000000 0.060000000 0.064000000
v 0.100000000 0.060000000 0.064000000
v 0.110000000 0.060000000 0.064000000
v 0.120000000 0.060000000 0.064000000
v 0.130000000 0.060000000 0.064000000
v 0.140000000 0.060000000 0.064000000
v 0.150000000 0.060000000 0.064000000
v 0.160000000 0.060000000 0.064000000
v -0.150000000 0.070000000 0.064000000
v -0.160000000 0.070000000 0.064000000
v -0.140000000 0.070000000 0.064000000
v -0.130000000 0.070000000 0.064000000
v -0.120000000 0.070000000 0.064000000
v -0.110000000 0.070000000 0.064000000
v -0.100000000 0.070000000 0.064000000
v -0.090000000 0.070000000 0.064000000
v -0.080000000 0.070000000 0.064000000
v -0.070000000 0.070000000 0.064000000
v -0.060000000 0.070000000 0.064000000
v -0.050000000 0.070000000 0.064000000
v -0.040000000 0.070000000 0.064000000
v -0.030000000 0.070000000 0.064000000
v -0.020000000 0.070000000 0.064000000
v -0.010000000 0.070000000 0.064000000
v 0.000000000 0.070000000 0.064000000
v 0.010000000 0.070000000 0.064000000
v 0.020000000 0.070000000 0.064000000
v 0.030000000 0.070000000 0.064000000
v 0.040000000 0.070000000 0.064000000
v 0.050000000 0.070000000 0.064000000
v 0.060000000 0.070000000 0.064000000
v 0.070000000 0.070000000 0.064000000
v 0.080000000 0.070000000 0.064000000
v 0.090000000 0.070000000 0.064000000
v 0.100000000 0.070000000 0.064000000
v 0.110000000 0.070000000 0.064000000
v 0.120000000 0.070000000 0.064000000
v 0.130000000 0.070000000 0.064000000
v 0.140000000 0.070000000 0.064000000
v 0.150000000 0.070000000 0.064000000
v 0.160000000 0.070000000 0.064000000
v -0.150000000 0.080000000 0.064000000
v -0.160000000 0.080000000 0.064000000
v -0.140000000 0.080000000 0.064000000
v -0.130000000 0.080000000 0.064000000
v -0.120000000 0.080000000 0.064000000
v -0.110000000 0.080000000 0.064000000
v -0.100000000 0.080000000 0.064000000
v -0.090000000 0.080000000 0.064000000
v -0.080000000 0.080000000 0.064000000
v -0.070000000 0.080000000 0.064000000
v -0.060000000 0.080000000 0.064000000
v -0.050000000 0.080000000 0.064000000
v -0.040000000 0.080000000 0.064000000
v -0.030000000 0.080000000 0.064000000
v -0.020000000 0.080000000 0.064000000
v -0.010000000 0.080000000 0.064000000
v 0.000000000 0.080000000 0.064000000
v 0.010000000 0.080000000 0.064000000
v 0.020000000 0.080000000 0.064000000
v 0.030000000 0.080000000 0.064000000
v 0.040000000 0.080000000 0.064000000
v 0.050000000 0.080000000 0.064000000
v 0.060000000 0.080000000 0.064000000
v 0.070000000 0.080000000 0.064000000
v 0.080000000 0.080000000 0.064000000
v 0.090000000 0.080000000 0.064000000
v 0.100000000 0.080000000 0.064000000
v 0.110000000 0.080000000 0.064000000
v 0.120000000 0.080000000 0.064000000
v 0.130000000 0.080000000 0.064000000
v 0.140000000 0.080000000 0.064000000
v 0.150000000 0.080000000 0.064000000
v 0.160000000 0.080000000 0.064000000
v -0.150000000 0.090000000 0.064000000
v -0.160000000 0.090000000 0.064000000
v -0.140000000 0.090000000 0.064000000
v -0.130000000 0.090000000 0.064000000
v -0.120000000 0.090000000 0.064000000
v -0.110000000 0.090000000 0.064000000
v -0.100000000 0.090000000 0.064000000
v -0.090000000 0.090000000 0.064000000
v -0.080000000 0.090000000 0.064000000
v -0.070000000 0.090000000 0.064000000
v -0.060000000 0.090000000 0.064000000
v -0.050000000 0.090000000 0.064000000
v -0.040000000 0.090000000 0.064000000
v -0.030000000 0.090000000 0.064000000
v -0.020000000 0.090000000 0.064000000
v -0.010000000 0.090000000 0.064000000
v 0.000000000 0.090000000 0.064000000
v 0.010000000 0.090000000 0.064000000
v 0.020000000 0.090000000 0.064000000
v 0.030000000 0.090000000 0.064000000
v 0.040000000 0.090000000 0.064000000
v 0.050000000 0.090000000 0.064000000
v 0.060000000 0.090000000 0.064000000
v 0.070000000 0.090000000 0.064000000
v 0.080000000 0.090000000 0.064000000
v 0.090000000 0.090000000 0.064000000
v 0.100000000 0.090000000 0.064000000
v 0.110000000 0.090000000 0.064000000
v 0.120000000 0.090000000 0.064000000
v 0.130000000 0.090000000 0.064000000
v 0.140000000 0.090000000 0.064000000
v 0.150000000 0.090000000 0.064000000
v 0.160000000 0.090000000 0.064000000
v -0.150000000 0.100000000 0.064000000
v -0.160000000 0.100000000 0.064000000
v -0.140000000 0.100000000 0.064000000
v -0.130000000 0.100000000 0.064000000
v -0.120000000 0.100000000 0.064000000
v -0.110000000 0.100000000 0.064000000
v -0.100000000 0.100000000 0.064000000
v -0.090000000 0.100000000 0.064000000
v -0.080000000 0.100000000 0.064000000
v -0.070000000 0.100000000 0.064000000
v -0.060000000 0.100000000 0.064000000
v -0.050000000 0.100000000 0.064000000
v -0.040000000 0.100000000 0.064000000
v -0.030000000 0.100000000 0.064000000
v -0.020000000 0.100000000 0.064000000
v -0.010000000 0.100000000 0.064000000
v 0.000000000 0.100000000 0.064000000
v 0.010000000 0.100000000 0.064000000
v 0.020000000 0.100000000 0.064000000
v 0.030000000 0.100000000 0.064000000
v 0.040000000 0.100000000 0.064000000
v 0.050000000 0.100000000 0.064000000
v 0.060000000 0.100000000 0.064000000
v 0.070000000 0.100000000 0.064000000
v 0.080000000 0.100000000 0.064000000
v 0.090000000 0.100000000 0.064000000
v 0.100000000 0.100000000 0.064000000
v 0.110000000 0.100000000 0.064000000
v 0.120000000 0.100000000 0.064000000
v 0.130000000 0.100000000 0.064000000
v 0.140000000 0.100000000 0.064000000
v 0.150000000 0.100000000 0.064000000
v 0.160000000 0.100000000 0.064000000
v -0.300000000 0.100000000 0.064000000
v -0.290000000 0.100000000 0.064000000
v -0.290000000 0.110000000 0.064000000
v -0.300000000 0.110000000 0.064000000
v -0.280000000 0.100000000 0.064000000
v -0.280000000 0.110000000 0.064000000
v -0.270000000 0.100000000 0.064000000
v -0.270000000 0.110000000 0.064000000
v -0.260000000 0.100000000 0.064000000
v -0.260000000 0.110000000 0.064000000
v -0.250000000 0.100000000 0.064000000
v -0.250000000 0.110000000 0.064000000
v -0.240000000 0.100000000 0.064000000
v -0.240000000 0.110000000 0.064000000
v -0.230000000 0.100000000 0.064000000
v -0.230000000 0.110000000 0.064000000
v -0.220000000 0.100000000 0.064000000
v -0.220000000 0.110000000 0.064000000
v -0.210000000 0.100000000 0.064000000
v -0.210000000 0.110000000 0.064000000
v -0.200000000 0.100000000 0.064000000
v -0.200000000 0.110000000 0.064000000
v -0.190000000 0.100000000 0.064000000
v -0.190000000 0.110000000 0.064000000
v -0.180000000 0.100000000 0.064000000
v -0.180000000 0.110000000 0.064000000
v -0.170000000 0.100000000 0.064000000
v -0.170000000 0.110000000 0.064000000
v -0.160000000 0.110000000 0.064000000
v -0.150000000 0.110000000 0.064000000
v -0.140000000 0.110000000 0.064000000
v -0.130000000 0.110000000 0.064000000
v -0.120000000 0.110000000 0.064000000
v -0.110000000 0.110000000 0.064000000
v -0.100000000 0.110000000 0.064000000
v -0.090000000 0.110000000 0.064000000
v -0.080000000 0.110000000 0.064000000
v -0.070000000 0.110000000 0.064000000
v -0.060000000 0.110000000 0.064000000
v -0.050000000 0.110000000 0.064000000
v -0.040000000 0.110000000 0.064000000
v -0.030000000 0.110000000 0.064000000
v -0.020000000 0.110000000 0.064000000
v -0.010000000 0.110000000 0.064000000
v 0.000000000 0.110000000 0.064000000
v 0.010000000 0.110000000 0.064000000
v 0.020000000 0.110000000 0.064000000
v 0.030000000 0.110000000 0.064000000
v 0.040000000 0.110000000 0.064000000
v 0.050000000 0.110000000 0.064000000
v 0.060000000 0.110000000 0.064000000
v 0.070000000 0.110000000 0.064000000
v 0.080000000 0.110000000 0.064000000
v 0.090000000 0.110000000 0.064000000
v 0.100000000 0.110000000 0.064000000
v 0.110000000 0.110000000 0.064000000
v 0.120000000 0.110000000 0.064000000
v 0.130000000 0.110000000 0.064000000
v 0.140000000 0.110000000 0.064000000
v 0.150000000 0.110000000 0.064000000
v 0.160000000 0.110000000 0.064000000
v 0.170000000 0.100000000 0.064000000
v 0.170000000 0.110000000 0.064000000
v 0.180000000 0.100000000 0.064000000
v 0.180000000 0.110000000 0.064000000
v 0.190000000 0.100000000 0.064000000
v 0.190000000 0.110000000 0.064000000
v 0.200000000 0.100000000 0.064000000
v 0.200000000 0.110000000 0.064000000
v 0.210000000 0.100000000 0.064000000
v 0.210000000 0.110000000 0.064000000
v 0.220000000 0.100000000 0.064000000
v 0.220000000 0.110000000 0.064000000
v 0.230000000 0.100000000 0.064000000
v 0.230000000 0.110000000 0.064000000
v 0.240000000 0.100000000 0.064000000
v 0.240000000 0.110000000 0.064000000
v 0.250000000 0.100000000 0.064000000
v 0.250000000 0.110000000 0.064000000
v 0.260000000 0.100000000 0.064000000
v 0.260000000 0.110000000 0.064000000
v 0.270000000 0.100000000 0.064000000
v 0.270000000 0.110000000 0.064000000
v 0.280000000 0.100000000 0.064000000
v 0.280000000 0.110000000 0.064000000
v 0.290000000 0.100000000 0.064000000
v 0.290000000 0.110000000 0.064000000
v 0.300000000 0.100000000 0.064000000
v 0.300000000 0.110000000 0.064000000
v -0.290000000 0.120000000 0.064000000
v -0.300000000 0.120000000 0.064000000
v -0.280000000 0.120000000 0.064000000
v -0.270000000 0.120000000 0.064000000
v -0.260000000 0.120000000 0.064000000
v -0.250000000 0.120000000 0.064000000
v -0.240000000 0.120000000 0.064000000
v -0.230000000 0.120000000 0.064000000
v -0.220000000 0.120000000 0.064000000
v -0.210000000 0.120000000 0.064000000
v -0.200000000 0.120000000 0.064000000
v -0.190000000 0.120000000 0.064000000
v -0.180000000 0.120000000 0.064000000
v -0.170000000 0.120000000 0.064000000
v -0.160000000 0.120000000 0.064000000
v -0.150000000 0.120000000 0.064000000
v -0.140000000 0.120000000 0.064000000
v -0.130000000 0.120000000 0.064000000
v -0.120000000 0.120000000 0.064000000
v -0.110000000 0.120000000 0.064000000
v -0.100000000 0.120000000 0.064000000
v -0.090000000 0.120000000 0.064000000
v -0.080000000 0.120000000 0.064000000
v -0.070000000 0.120000000 0.064000000
v -0.060000000 0.120000000 0.064000000
v -0.050000000 0.120000000 0.064000000
v -0.040000000 0.120000000 0.064000000
v -0.030000000 0.120000000 0.064000000
v -0.020000000 0.120000000 0.064000000
v -0.010000000 0.120000000 0.064000000
v 0.000000000 0.120000000 0.064000000
v 0.010000000 0.120000000 0.064000000
v 0.020000000 0.120000000 0.064000000
v 0.030000000 0.120000000 0.064000000
v 0.040000000 0.120000000 0.064000000
v 0.050000000 0.120000000 0.064000000
v 0.060000000 0.120000000 0.064000000
v 0.070000000 0.120000000 0.064000000
v 0.080000000 0.120000000 0.064000000
v 0.090000000 0.120000000 0.064000000
v 0.100000000 0.120000000 0.064000000
v 0.110000000 0.120000000 0.064000000
v 0.120000000 0.120000000 0.064000000
v 0.130000000 0.120000000 0.064000000
v 0.140000000 0.120000000 0.064000000
v 0.150000000 0.120000000 0.064000000
v 0.160000000 0.120000000 0.064000000
v 0.170000000 0.120000000 0.064000000
v 0.180000000 0.120000000 0.064000000
v 0.190000000 0.120000000 0.064000000
v 0.200000000 0.120000000 0.064000000
v 0.210000000 0.120000000 0.064000000
v 0.220000000 0.120000000 0.064000000
v 0.230000000 0.120000000 0.064000000
v 0.240000000 0.120000000 0.064000000
v 0.250000000 0.120000000 0.064000000
v 0.260000000 0.120000000 0.064000000
v 0.270000000 0.120000000 0.064000000
v 0.280000000 0.120000000 0.064000000
v 0.290000000 0.120000000 0.064000000
v 0.300000000 0.120000000 0.064000000
v -0.290000000 0.130000000 0.064000000
v -0.300000000 0.130000000 0.064000000
v -0.280000000 0.130000000 0.064000000
v -0.270000000 0.130000000 0.064000000
v -0.260000000 0.130000000 0.064000000
v -0.250000000 0.130000000 0.064000000
v -0.240000000 0.130000000 0.064000000
v -0.230000000 0.130000000 0.064000000
v -0.220000000 0.130000000 0.064000000
v -0.210000000 0.130000000 0.064000000
v -0.200000000 0.130000000 0.064000000
v -0.190000000 0.130000000 0.064000000
v -0.180000000 0.130000000 0.064000000
v -0.170000000 0.130000000 0.064000000
v -0.160000000 0.130000000 0.064000000
v -0.150000000 0.130000000 0.064000000
v -0.140000000 0.130000000 0.064000000
v -0.130000000 0.130000000 0.064000000
v -0.120000000 0.130000000 0.064000000
v -0.110000000 0.130000000 0.064000000
v -0.100000000 0.130000000 0.064000000
v -0.090000000 0.130000000 0.064000000
v -0.080000000 0.130000000 0.064000000
v -0.070000000 0.130000000 0.064000000
v -0.060000000 0.130000000 0.064000000
v -0.050000000 0.130000000 0.064000000
v -0.040000000 0.130000000 0.064000000
v -0.030000000 0.130000000 0.064000000
v -0.020000000 0.130000000 0.064000000
v -0.010000000 0.130000000 0.064000000
v 0.000000000 0.130000000 0.064000000
v 0.010000000 0.130000000 0.064000000
v 0.020000000 0.130000000 0.064000000
v 0.030000000 0.130000000 0.064000000
v 0.040000000 0.130000000 0.064000000
v 0.050000000 0.130000000 0.064000000
v 0.060000000 0.130000000 0.064000000
v 0.070000000 0.130000000 0.064000000
v 0.080000000 0.130000000 0.064000000
v 0.090000000 0.130000000 0.064000000
v 0.100000000 0.130000000 0.064000000
v 0.110000000 0.130000000 0.064000000
v 0.120000000 0.130000000 0.064000000
v 0.130000000 0.130000000 0.064000000
v 0.140000000 0.130000000 0.064000000
v 0.150000000 0.130000000 0.064000000
v 0.160000000 0.130000000 0.064000000
v 0.170000000 0.130000000 0.064000000
v 0.180000000 0.130000000 0.064000000
v 0.190000000 0.130000000 0.064000000
v 0.200000000 0.130000000 0.064000000
v 0.210000000 0.130000000 0.064000000
v 0.220000000 0.130000000 0.064000000
v 0.230000000 0.130000000 0.064000000
v 0.240000000 0.130000000 0.064000000
v 0.250000000 0.130000000 0.064000000
v 0.260000000 0.130000000 0.064000000
v 0.270000000 0.130000000 0.064000000
v 0.280000000 0.130000000 0.064000000
v 0.290000000 0.130000000 0.064000000
v 0.300000000 0.130000000 0.064000000
v -0.290000000 0.140000000 0.064000000
v -0.300000000 0.140000000 0.064000000
v -0.280000000 0.140000000 0.064000000
v -0.270000000 0.140000000 0.064000000
v -0.260000000 0.140000000 0.064000000
v -0.250000000 0.140000000 0.064000000
v -0.240000000 0.140000000 0.064000000
v -0.230000000 0.140000000 0.064000000
v -0.220000000 0.140000000 0.064000000
v -0.210000000 0.140000000 0.064000000
v -0.200000000 0.140000000 0.064000000
v -0.190000000 0.140000000 0.064000000
v -0.180000000 0.140000000 0.064000000
v -0.170000000 0.140000000 0.064000000
v -0.160000000 0.140000000 0.064000000
v -0.150000000 0.140000000 0.064000000
v -0.140000000 0.140000000 0.064000000
v -0.130000000 0.140000000 0.064000000
v -0.120000000 0.140000000 0.064000000
v -0.110000000 0.140000000 0.064000000
v -0.100000000 0.140000000 0.064000000
v -0.090000000 0.140000000 0.064000000
v -0.080000000 0.140000000 0.064000000
v -0.070000000 0.140000000 0.064000000
v -0.060000000 0.140000000 0.064000000
v -0.050000000 0.140000000 0.064000000
v -0.040000000 0.140000000 0.064000000
v -0.030000000 0.140000000 0.064000000
v -0.020000000 0.140000000 0.064000000
v -0.010000000 0.140000000 0.064000000
v 0.000000000 0.140000000 0.064000000
v 0.010000000 0.140000000 0.064000000
v 0.020000000 0.140000000 0.064000000
v 0.030000000 0.140000000 0.064000000
v 0.040000000 0.140000000 0.064000000
v 0.050000000 0.140000000 0.064000000
v 0.060000000 0.140000000 0.064000000
v 0.070000000 0.140000000 0.064000000
v 0.080000000 0.140000000 0.064000000
v 0.090000000 0.140000000 0.064000000
v 0.100000000 0.140000000 0.064000000
v 0.110000000 0.140000000 0.064000000
v 0.120000000 0.140000000 0.064000000
v 0.130000000 0.140000000 0.064000000
v 0.140000000 0.140000000 0.064000000
v 0.150000000 0.140000000 0.064000000
v 0.160000000 0.140000000 0.064000000
v 0.170000000 0.140000000 0.064000000
v 0.180000000 0.140000000 0.064000000
v 0.190000000 0.140000000 0.064000000
v 0.200000000 0.140000000 0.064000000
v 0.210000000 0.140000000 0.064000000
v 0.220000000 0.140000000 0.064000000
v 0.230000000 0.140000000 0.064000000
v 0.240000000 0.140000000 0.064000000
v 0.250000000 0.140000000 0.064000000
v 0.260000000 0.140000000 0.064000000
v 0.270000000 0.140000000 0.064000000
v 0.280000000 0.140000000 0.064000000
v 0.290000000 0.140000000 0.064000000
v 0.300000000 0.140000000 0.064000000
v -0.290000000 0.150000000 0.064000000
v -0.300000000 0.150000000 0.064000000
v -0.280000000 0.150000000 0.064000000
v -0.270000000 0.150000000 0.064000000
v -0.260000000 0.150000000 0.064000000
v -0.250000000 0.150000000 0.064000000
v -0.240000000 0.150000000 0.064000000
v -0.230000000 0.150000000 0.064000000
v -0.220000000 0.150000000 0.064000000
v -0.210000000 0.150000000 0.064000000
v -0.200000000 0.150000000 0.064000000
v -0.190000000 0.150000000 0.064000000
v -0.180000000 0.150000000 0.064000000
v -0.170000000 0.150000000 0.064000000
v -0.160000000 0.150000000 0.064000000
v -0.150000000 0.150000000 0.064000000
v -0.140000000 0.150000000 0.064000000
v -0.130000000 0.150000000 0.064000000
v -0.120000000 0.150000000 0.064000000
v -0.110000000 0.150000000 0.064000000
v -0.100000000 0.150000000 0.064000000
v -0.090000000 0.150000000 0.064000000
v -0.080000000 0.150000000 0.064000000
v -0.070000000 0.150000000 0.064000000
v -0.060000000 0.150000000 0.064000000
v -0.050000000 0.150000000 0.064000000
v -0.040000000 0.150000000 0.064000000
v -0.030000000 0.150000000 0.064000000
v -0.020000000 0.150000000 0.064000000
v -0.010000000 0.150000000 0.064000000
v 0.000000000 0.150000000 0.064000000
v 0.010000000 0.150000000 0.064000000
v 0.020000000 0.150000000 0.064000000
v 0.030000000 0.150000000 0.064000000
v 0.040000000 0.150000000 0.064000000
v 0.050000000 0.150000000 0.064000000
v 0.060000000 0.150000000 0.064000000
v 0.070000000 0.150000000 0.064000000
v 0.080000000 0.150000000 0.064000000
v 0.090000000 0.150000000 0.064000000
v 0.100000000 0.150000000 0.064000000
v 0.110000000 0.150000000 0.064000000
v 0.120000000 0.150000000 0.064000000
v 0.130000000 0.150000000 0.064000000
v 0.140000000 0.150000000 0.064000000
v 0.150000000 0.150000000 0.064000000
v 0.160000000 0.150000000 0.064000000
v 0.170000000 0.150000000 0.064000000
v 0.180000000 0.150000000 0.064000000
v 0.190000000 0.150000000 0.064000000
v 0.200000000 0.150000000 0.064000000
v 0.210000000 0.150000000 0.064000000
v 0.220000000 0.150000000 0.064000000
v 0.230000000 0.150000000 0.064000000
v 0.240000000 0.150000000 0.064000000
v 0.250000000 0.150000000 0.064000000
v 0.260000000 0.150000000 0.064000000
v 0.270000000 0.150000000 0.064000000
v 0.280000000 0.150000000 0.064000000
v 0.290000000 0.150000000 0.064000000
v 0.300000000 0.150000000 0.064000000
v -0.290000000 0.160000000 0.064000000
v -0.300000000 0.160000000 0.064000000
v -0.280000000 0.160000000 0.064000000
v -0.270000000 0.160000000 0.064000000
v -0.260000000 0.160000000 0.064000000
v -0.250000000 0.160000000 0.064000000
v -0.240000000 0.160000000 0.064000000
v -0.230000000 0.160000000 0.064000000
v -0.220000000 0.160000000 0.064000000
v -0.210000000 0.160000000 0.064000000
v -0.200000000 0.160000000 0.064000000
v -0.190000000 0.160000000 0.064000000
v -0.180000000 0.160000000 0.064000000
v -0.170000000 0.160000000 0.064000000
v -0.160000000 0.160000000 0.064000000
v -0.150000000 0.160000000 0.064000000
v -0.140000000 0.160000000 0.064000000
v -0.130000000 0.160000000 0.064000000
v -0.120000000 0.160000000 0.064000000
v -0.110000000 0.160000000 0.064000000
v -0.100000000 0.160000000 0.064000000
v -0.090000000 0.160000000 0.064000000
v -0.080000000 0.160000000 0.064000000
v -0.070000000 0.160000000 0.064000000
v -0.060000000 0.160000000 0.064000000
v -0.050000000 0.160000000 0.064000000
v -0.040000000 0.160000000 0.064000000
v -0.030000000 0.160000000 0.064000000
v -0.020000000 0.160000000 0.064000000
v -0.010000000 0.160000000 0.064000000
v 0.000000000 0.160000000 0.064000000
v 0.010000000 0.160000000 0.064000000
v 0.020000000 0.160000000 0.064000000
v 0.030000000 0.160000000 0.064000000
v 0.040000000 0.160000000 0.064000000
v 0.050000000 0.160000000 0.064000000
v 0.060000000 0.160000000 0.064000000
v 0.070000000 0.160000000 0.064000000
v 0.080000000 0.160000000 0.064000000
v 0.090000000 0.160000000 0.064000000
v 0.100000000 0.160000000 0.064000000
v 0.110000000 0.160000000 0.064000000
v 0.120000000 0.160000000 0.064000000
v 0.130000000 0.160000000 0.064000000
v 0.140000000 0.160000000 0.064000000
v 0.150000000 0.160000000 0.064000000
v 0.160000000 0.160000000 0.064000000
v 0.170000000 0.160000000 0.064000000
v 0.180000000 0.160000000 0.064000000
v 0.190000000 0.160000000 0.064000000
v 0.200000000 0.160000000 0.064000000
v 0.210000000 0.160000000 0.064000000
v 0.220000000 0.160000000 0.064000000
v 0.230000000 0.160000000 0.064000000
v 0.240000000 0.160000000 0.064000000
v 0.250000000 0.160000000 0.064000000
v 0.260000000 0.160000000 0.064000000
v 0.270000000 0.160000000 0.064000000
v 0.280000000 0.160000000 0.064000000
v 0.290000000 0.160000000 0.064000000
v 0.300000000 0.160000000 0.064000000
v -0.290000000 0.170000000 0.064000000
v -0.300000000 0.170000000 0.064000000
v -0.280000000 0.170000000 0.064000000
v -0.270000000 0.170000000 0.064000000
v -0.260000000 0.170000000 0.064000000
v -0.250000000 0.170000000 0.064000000
v -0.240000000 0.170000000 0.064000000
v -0.230000000 0.170000000 0.064000000
v -0.220000000 0.170000000 0.064000000
v -0.210000000 0.170000000 0.064000000
v -0.200000000 0.170000000 0.064000000
v -0.190000000 0.170000000 0.064000000
v -0.180000000 0.170000000 0.064000000
v -0.170000000 0.170000000 0.064000000
v -0.160000000 0.170000000 0.064000000
v -0.150000000 0.170000000 0.064000000
v -0.140000000 0.170000000 0.064000000
v -0.130000000 0.170000000 0.064000000
v -0.120000000 0.170000000 0.064000000
v -0.110000000 0.170000000 0.064000000
v -0.100000000 0.170000000 0.064000000
v -0.090000000 0.170000000 0.064000000
v -0.080000000 0.170000000 0.064000000
v -0.070000000 0.170000000 0.064000000
v -0.060000000 0.170000000 0.064000000
v -0.050000000 0.170000000 0.064000000
v -0.040000000 0.170000000 0.064000000
v -0.030000000 0.170000000 0.064000000
v 0.040000000 0.170000000 0.064000000
v 0.030000000 0.170000000 0.064000000
v 0.050000000 0.170000000 0.064000000
v 0.060000000 0.170000000 0.064000000
v 0.070000000 0.170000000 0.064000000
v 0.080000000 0.170000000 0.064000000
v 0.090000000 0.170000000 0.064000000
v 0.100000000 0.170000000 0.064000000
v 0.110000000 0.170000000 0.064000000
v 0.120000000 0.170000000 0.064000000
v 0.130000000 0.170000000 0.064000000
v 0.140000000 0.170000000 0.064000000
v 0.150000000 0.170000000 0.064000000
v 0.160000000 0.170000000 0.064000000
v 0.170000000 0.170000000 0.064000000
v 0.180000000 0.170000000 0.064000000
v 0.190000000 0.170000000 0.064000000
v 0.200000000 0.170000000 0.064000000
v 0.210000000 0.170000000 0.064000000
v 0.220000000 0.170000000 0.064000000
v 0.230000000 0.170000000 0.064000000
v 0.240000000 0.170000000 0.064000000
v 0.250000000 0.170000000 0.064000000
v 0.260000000 0.170000000 0.064000000
v 0.270000000 0.170000000 0.064000000
v 0.280000000 0.170000000 0.064000000
v 0.290000000 0.170000000 0.064000000
v 0.300000000 0.170000000 0.064000000
v -0.290000000 0.180000000 0.064000000
v -0.300000000 0.180000000 0.064000000
v -0.280000000 0.180000000 0.064000000
v -0.270000000 0.180000000 0.064000000
v -0.260000000 0.180000000 0.064000000
v -0.250000000 0.180000000 0.064000000
v -0.240000000 0.180000000 0.064000000
v -0.230000000 0.180000000 0.064000000
v -0.220000000 0.180000000 0.064000000
v -0.210000000 0.180000000 0.064000000
v -0.200000000 0.180000000 0.064000000
v -0.190000000 0.180000000 0.064000000
v -0.180000000 0.180000000 0.064000000
v -0.170000000 0.180000000 0.064000000
v -0.160000000 0.180000000 0.064000000
v -0.150000000 0.180000000 0.064000000
v -0.140000000 0.180000000 0.064000000
v -0.130000000 0.180000000 0.064000000
v -0.120000000 0.180000000 0.064000000
v -0.110000000 0.180000000 0.064000000
v -0.100000000 0.180000000 0.064000000
v -0.090000000 0.180000000 0.064000000
v -0.080000000 0.180000000 0.064000000
v -0.070000000 0.180000000 0.064000000
v -0.060000000 0.180000000 0.064000000
v -0.050000000 0.180000000 0.064000000
v -0.040000000 0.180000000 0.064000000
v 0.050000000 0.180000000 0.064000000
v 0.040000000 0.180000000 0.064000000
v 0.060000000 0.180000000 0.064000000
v 0.070000000 0.180000000 0.064000000
v 0.080000000 0.180000000 0.064000000
v 0.090000000 0.180000000 0.064000000
v 0.100000000 0.180000000 0.064000000
v 0.110000000 0.180000000 0.064000000
v 0.120000000 0.180000000 0.064000000
v 0.130000000 0.180000000 0.064000000
v 0.140000000 0.180000000 0.064000000
v 0.150000000 0.180000000 0.064000000
v 0.160000000 0.180000000 0.064000000
v 0.170000000 0.180000000 0.064000000
v 0.180000000 0.180000000 0.064000000
v 0.190000000 0.180000000 0.064000000
v 0.200000000 0.180000000 0.064000000
v 0.210000000 0.180000000 0.064000000
v 0.220000000 0.180000000 0.064000000
v 0.230000000 0.180000000 0.064000000
v 0.240000000 0.180000000 0.064000000
v 0.250000000 0.180000000 0.064000000
v 0.260000000 0.180000000 0.064000000
v 0.270000000 0.180000000 0.064000000
v 0.280000000 0.180000000 0.064000000
v 0.290000000 0.180000000 0.064000000
v 0.300000000 0.180000000 0.064000000
v -0.290000000 0.190000000 0.064000000
v -0.300000000 0.190000000 0.064000000
v -0.280000000 0.190000000 0.064000000
v -0.270000000 0.190000000 0.064000000
v -0.260000000 0.190000000 0.064000000
v -0.250000000 0.190000000 0.064000000
v -0.240000000 0.190000000 0.064000000
v -0.230000000 0.190000000 0.064000000
v -0.220000000 0.190000000 0.064000000
v -0.210000000 0.190000000 0.064000000
v -0.200000000 0.190000000 0.064000000
v -0.190000000 0.190000000 0.064000000
v -0.180000000 0.190000000 0.064000000
v -0.170000000 0.190000000 0.064000000
v -0.160000000 0.190000000 0.064000000
v -0.150000000 0.190000000 0.064000000
v -0.140000000 0.190000000 0.064000000
v -0.130000000 0.190000000 0.064000000
v -0.120000000 0.190000000 0.064000000
v -0.110000000 0.190000000 0.064000000
v -0.100000000 0.190000000 0.064000000
v -0.090000000 0.190000000 0.064000000
v -0.080000000 0.190000000 0.064000000
v -0.070000000 0.190000000 0.064000000
v -0.060000000 0.190000000 0.064000000
v -0.050000000 0.190000000 0.064000000
v 0.060000000 0.190000000 0.064000000
v 0.050000000 0.190000000 0.064000000
v 0.070000000 0.190000000 0.064000000
v 0.080000000 0.190000000 0.064000000
v 0.090000000 0.190000000 0.064000000
v 0.100000000 0.190000000 0.064000000
v 0.110000000 0.190000000 0.064000000
v 0.120000000 0.190000000 0.064000000
v 0.130000000 0.190000000 0.064000000
v 0.140000000 0.190000000 0.064000000
v 0.150000000 0.190000000 0.064000000
v 0.160000000 0.190000000 0.064000000
v 0.170000000 0.190000000 0.064000000
v 0.180000000 0.190000000 0.064000000
v 0.190000000 0.190000000 0.064000000
v 0.200000000 0.190000000 0.064000000
v 0.210000000 0.190000000 0.064000000
v 0.220000000 0.190000000 0.064000000
v 0.230000000 0.190000000 0.064000000
v 0.240000000 0.190000000 0.064000000
v 0.250000000 0.190000000 0.064000000
v 0.260000000 0.190000000 0.064000000
v 0.270000000 0.190000000 0.064000000
v 0.280000000 0.190000000 0.064000000
v 0.290000000 0.190000000 0.064000000
v 0.300000000 0.190000000 0.064000000
v -0.290000000 0.200000000 0.064000000
v -0.300000000 0.200000000 0.064000000
v -0.280000000 0.200000000 0.064000000
v -0.270000000 0.200000000 0.064000000
v -0.260000000 0.200000000 0.064000000
v -0.250000000 0.200000000 0.064000000
v -0.240000000 0.200000000 0.064000000
v -0.230000000 0.200000000 0.064000000
v -0.220000000 0.200000000 0.064000000
v -0.210000000 0.200000000 0.064000000
v -0.200000000 0.200000000 0.064000000
v -0.190000000 0.200000000 0.064000000
v -0.180000000 0.200000000 0.064000000
v -0.170000000 0.200000000 0.064000000
v -0.160000000 0.200000000 0.064000000
v -0.150000000 0.200000000 0.064000000
v -0.140000000 0.200000000 0.064000000
v -0.130000000 0.200000000 0.064000000
v -0.120000000 0.200000000 0.064000000
v -0.110000000 0.200000000 0.064000000
v -0.100000000 0.200000000 0.064000000
v -0.090000000 0.200000000 0.064000000
v -0.080000000 0.200000000 0.064000000
v -0.070000000 0.200000000 0.064000000
v -0.060000000 0.200000000 0.064000000
v 0.070000000 0.200000000 0.064000000
v 0.060000000 0.200000000 0.064000000
v 0.080000000 0.200000000 0.064000000
v 0.090000000 0.200000000 0.064000000
v 0.100000000 0.200000000 0.064000000
v 0.110000000 0.200000000 0.064000000
v 0.120000000 0.200000000 0.064000000
v 0.130000000 0.200000000 0.064000000
v 0.140000000 0.200000000 0.064000000
v 0.150000000 0.200000000 0.064000000
v 0.160000000 0.200000000 0.064000000
v 0.170000000 0.200000000 0.064000000
v 0.180000000 0.200000000 0.064000000
v 0.190000000 0.200000000 0.064000000
v 0.200000000 0.200000000 0.064000000
v 0.210000000 0.200000000 0.064000000
v 0.220000000 0.200000000 0.064000000
v 0.230000000 0.200000000 0.064000000
v 0.240000000 0.200000000 0.064000000
v 0.250000000 0.200000000 0.064000000
v 0.260000000 0.200000000 0.064000000
v 0.270000000 0.200000000 0.064000000
v 0.280000000 0.200000000 0.064000000
v 0.290000000 0.200000000 0.064000000
v 0.300000000 0.200000000 0.064000000
v -0.290000000 0.210000000 0.064000000
v -0.300000000 0.210000000 0.064000000
v -0.280000000 0.210000000 0.064000000
v -0.270000000 0.210000000 0.064000000
v -0.260000000 0.210000000 0.064000000
v -0.250000000 0.210000000 0.064000000
v -0.240000000 0.210000000 0.064000000
v -0.230000000 0.210000000 0.064000000
v -0.220000000 0.210000000 0.064000000
v -0.210000000 0.210000000 0.064000000
v -0.200000000 0.210000000 0.064000000
v -0.190000000 0.210000000 0.064000000
v -0.180000000 0.210000000 0.064000000
v -0.170000000 0.210000000 0.064000000
v -0.160000000 0.210000000 0.064000000
v -0.150000000 0.210000000 0.064000000
v -0.140000000 0.210000000 0.064000000
v -0.130000000 0.210000000 0.064000000
v -0.120000000 0.210000000 0.064000000
v -0.110000000 0.210000000 0.064000000
v -0.100000000 0.210000000 0.064000000
v -0.090000000 0.210000000 0.064000000
v -0.080000000 0.210000000 0.064000000
v -0.070000000 0.210000000 0.064000000
v -0.060000000 0.210000000 0.064000000
v 0.070000000 0.210000000 0.064000000
v 0.060000000 0.210000000 0.064000000
v 0.080000000 0.210000000 0.064000000
v 0.090000000 0.210000000 0.064000000
v 0.100000000 0.210000000 0.064000000
v 0.110000000 0.210000000 0.064000000
v 0.120000000 0.210000000 0.064000000
v 0.130000000 0.210000000 0.064000000
v 0.140000000 0.210000000 0.064000000
v 0.150000000 0.210000000 0.064000000
v 0.160000000 0.210000000 0.064000000
v 0.170000000 0.210000000 0.064000000
v 0.180000000 0.210000000 0.064000000
v 0.190000000 0.210000000 0.064000000
v 0.200000000 0.210000000 0.064000000
v 0.210000000 0.210000000 0.064000000
v 0.220000000 0.210000000 0.064000000
v 0.230000000 0.210000000 0.064000000
v 0.240000000 0.210000000 0.064000000
v 0.250000000 0.210000000 0.064000000
v 0.260000000 0.210000000 0.064000000
v 0.270000000 0.210000000 0.064000000
v 0.280000000 0.210000000 0.064000000
v 0.290000000 0.210000000 0.064000000
v 0.300000000 0.210000000 0.064000000
v -0.290000000 0.220000000 0.064000000
v -0.300000000 0.220000000 0.064000000
v -0.280000000 0.220000000 0.064000000
v -0.270000000 0.220000000 0.064000000
v -0.260000000 0.220000000 0.064000000
v -0.250000000 0.220000000 0.064000000
v -0.240000000 0.220000000 0.064000000
v -0.230000000 0.220000000 0.064000000
v -0.220000000 0.220000000 0.064000000
v -0.210000000 0.220000000 0.064000000
v -0.200000000 0.220000000 0.064000000
v -0.190000000 0.220000000 0.064000000
v -0.180000000 0.220000000 0.064000000
v -0.170000000 0.220000000 0.064000000
v -0.160000000 0.220000000 0.064000000
v -0.150000000 0.220000000 0.064000000
v -0.140000000 0.220000000 0.064000000
v -0.130000000 0.220000000 0.064000000
v -0.120000000 0.220000000 0.064000000
v -0.110000000 0.220000000 0.064000000
v -0.100000000 0.220000000 0.064000000
v -0.090000000 0.220000000 0.064000000
v -0.080000000 0.220000000 0.064000000
v -0.070000000 0.220000000 0.064000000
v -0.060000000 0.220000000 0.064000000
v 0.070000000 0.220000000 0.064000000
v 0.060000000 0.220000000 0.064000000
v 0.080000000 0.220000000 0.064000000
v 0.090000000 0.220000000 0.064000000
v 0.100000000 0.220000000 0.064000000
v 0.110000000 0.220000000 0.064000000
v 0.120000000 0.220000000 0.064000000
v 0.130000000 0.220000000 0.064000000
v 0.140000000 0.220000000 0.064000000
v 0.150000000 0.220000000 0.064000000
v 0.160000000 0.220000000 0.064000000
v 0.170000000 0.220000000 0.064000000
v 0.180000000 0.220000000 0.064000000
v 0.190000000 0.220000000 0.064000000
v 0.200000000 0.220000000 0.064000000
v 0.210000000 0.220000000 0.064000000
v 0.220000000 0.220000000 0.064000000
v 0.230000000 0.220000000 0.064000000
v 0.240000000 0.220000000 0.064000000
v 0.250000000 0.220000000 0.064000000
v 0.260000000 0.220000000 0.064000000
v 0.270000000 0.220000000 0.064000000
v 0.280000000 0.220000000 0.064000000
v 0.290000000 0.220000000 0.064000000
v 0.300000000 0.220000000 0.064000000
v -0.160000000 -0.220000000 0.061000000
v -0.150000000 -0.220000000 0.061000000
v -0.150000000 -0.210000000 0.061000000
v -0.160000000 -0.210000000 0.061000000
v -0.140000000 -0.220000000 0.061000000
v -0.140000000 -0.210000000 0.061000000
v -0.130000000 -0.220000000 0.061000000
v -0.130000000 -0.210000000 0.061000000
v -0.120000000 -0.220000000 0.061000000
v -0.120000000 -0.210000000 0.061000000
v -0.110000000 -0.220000000 0.061000000
v -0.110000000 -0.210000000 0.061000000
v -0.100000000 -0.220000000 0.061000000
v -0.100000000 -0.210000000 0.061000000
v -0.090000000 -0.220000000 0.061000000
v -0.090000000 -0.210000000 0.061000000
v -0.080000000 -0.220000000 0.061000000
v -0.080000000 -0.210000000 0.061000000
v -0.070000000 -0.220000000 0.061000000
v -0.070000000 -0.210000000 0.061000000
v -0.060000000 -0.220000000 0.061000000
v -0.060000000 -0.210000000 0.061000000
v -0.050000000 -0.220000000 0.061000000
v -0.050000000 -0.210000000 0.061000000
v -0.040000000 -0.220000000 0.061000000
v -0.040000000 -0.210000000 0.061000000
v -0.030000000 -0.220000000 0.061000000
v -0.030000000 -0.210000000 0.061000000
v -0.020000000 -0.220000000 0.061000000
v -0.020000000 -0.210000000 0.061000000
v -0.010000000 -0.220000000 0.061000000
v -0.010000000 -0.210000000 0.061000000
v 0.000000000 -0.220000000 0.061000000
v 0.000000000 -0.210000000 0.061000000
v 0.010000000 -0.220000000 0.061000000
v 0.010000000 -0.210000000 0.061000000
v 0.020000000 -0.220000000 0.061000000
v 0.020000000 -0.210000000 0.061000000
v 0.030000000 -0.220000000 0.061000000
v 0.030000000 -0.210000000 0.061000000
v 0.040000000 -0.220000000 0.061000000
v 0.040000000 -0.210000000 0.061000000
v 0.050000000 -0.220000000 0.061000000
v 0.050000000 -0.210000000 0.061000000
v 0.060000000 -0.220000000 0.061000000
v 0.060000000 -0.210000000 0.061000000
v 0.070000000 -0.220000000 0.061000000
v 0.070000000 -0.210000000 0.061000000
v 0.080000000 -0.220000000 0.061000000
v 0.080000000 -0.210000000 0.061000000
v 0.090000000 -0.220000000 0.061000000
v 0.090000000 -0.210000000 0.061000000
v 0.100000000 -0.220000000 0.061000000
v 0.100000000 -0.210000000 0.061000000
v 0.110000000 -0.220000000 0.061000000
v 0.110000000 -0.210000000 0.061000000
v 0.120000000 -0.220000000 0.061000000
v 0.120000000 -0.210000000 0.061000000
v 0.130000000 -0.220000000 0.061000000
v 0.130000000 -0.210000000 0.061000000
v 0.140000000 -0.220000000 0.061000000
v 0.140000000 -0.210000000 0.061000000
v 0.150000000 -0.220000000 0.061000000
v 0.150000000 -0.210000000 0.061000000
v 0.160000000 -0.220000000 0.061000000
v 0.160000000 -0.210000000 0.061000000
v -0.150000000 -0.200000000 0.061000000
v -0.160000000 -0.200000000 0.061000000
v -0.140000000 -0.200000000 0.061000000
v -0.130000000 -0.200000000 0.061000000
v -0.120000000 -0.200000000 0.061000000
v -0.110000000 -0.200000000 0.061000000
v -0.100000000 -0.200000000 0.061000000
v -0.090000000 -0.200000000 0.061000000
v -0.080000000 -0.200000000 0.061000000
v -0.070000000 -0.200000000 0.061000000
v -0.060000000 -0.200000000 0.061000000
v -0.050000000 -0.200000000 0.061000000
v -0.040000000 -0.200000000 0.061000000
v -0.030000000 -0.200000000 0.061000000
v -0.020000000 -0.200000000 0.061000000
v -0.010000000 -0.200000000 0.061000000
v 0.000000000 -0.200000000 0.061000000
v 0.010000000 -0.200000000 0.061000000
v 0.020000000 -0.200000000 0.061000000
v 0.030000000 -0.200000000 0.061000000
v 0.040000000 -0.200000000 0.061000000
v 0.050000000 -0.200000000 0.061000000
v 0.060000000 -0.200000000 0.061000000
v 0.070000000 -0.200000000 0.061000000
v 0.080000000 -0.200000000 0.061000000
v 0.090000000 -0.200000000 0.061000000
v 0.100000000 -0.200000000 0.061000000
v 0.110000000 -0.200000000 0.061000000
v 0.120000000 -0.200000000 0.061000000
v 0.130000000 -0.200000000 0.061000000
v 0.140000000 -0.200000000 0.061000000
v 0.150000000 -0.200000000 0.061000000
v 0.160000000 -0.200000000 0.061000000
v -0.150000000 -0.190000000 0.061000000
v -0.160000000 -0.190000000 0.061000000
v -0.140000000 -0.190000000 0.061000000
v -0.130000000 -0.190000000 0.061000000
v -0.120000000 -0.190000000 0.061000000
v -0.110000000 -0.190000000 0.061000000
v -0.100000000 -0.190000000 0.061000000
v -0.090000000 -0.190000000 0.061000000
v -0.080000000 -0.190000000 0.061000000
v -0.070000000 -0.190000000 0.061000000
v -0.060000000 -0.190000000 0.061000000
v -0.050000000 -0.190000000 0.061000000
v -0.040000000 -0.190000000 0.061000000
v -0.030000000 -0.190000000 0.061000000
v -0.020000000 -0.190000000 0.061000000
v -0.010000000 -0.190000000 0.061000000
v 0.000000000 -0.190000000 0.061000000
v 0.010000000 -0.190000000 0.061000000
v 0.020000000 -0.190000000 0.061000000
v 0.030000000 -0.190000000 0.061000000
v 0.040000000 -0.190000000 0.061000000
v 0.050000000 -0.190000000 0.061000000
v 0.060000000 -0.190000000 0.061000000
v 0.070000000 -0.190000000 0.061000000
v 0.080000000 -0.190000000 0.061000000
v 0.090000000 -0.190000000 0.061000000
v 0.100000000 -0.190000000 0.061000000
v 0.110000000 -0.190000000 0.061000000
v 0.120000000 -0.190000000 0.061000000
v 0.130000000 -0.190000000 0.061000000
v 0.140000000 -0.190000000 0.061000000
v 0.150000000 -0.190000000 0.061000000
v 0.160000000 -0.190000000 0.061000000
v -0.150000000 -0.180000000 0.061000000
v -0.160000000 -0.180000000 0.061000000
v -0.140000000 -0.180000000 0.061000000
v -0.130000000 -0.180000000 0.061000000
v -0.120000000 -0.180000000 0.061000000
v -0.110000000 -0.180000000 0.061000000
v -0.100000000 -0.180000000 0.061000000
v -0.090000000 -0.180000000 0.061000000
v -0.080000000 -0.180000000 0.061000000
v -0.070000000 -0.180000000 0.061000000
v -0.060000000 -0.180000000 0.061000000
v -0.050000000 -0.180000000 0.061000000
v -0.040000000 -0.180000000 0.061000000
v -0.030000000 -0.180000000 0.061000000
v -0.020000000 -0.180000000 0.061000000
v -0.010000000 -0.180000000 0.061000000
v 0.000000000 -0.180000000 0.061000000
v 0.010000000 -0.180000000 0.061000000
v 0.020000000 -0.180000000 0.061000000
v 0.030000000 -0.180000000 0.061000000
v 0.040000000 -0.180000000 0.061000000
v 0.050000000 -0.180000000 0.061000000
v 0.060000000 -0.180000000 0.061000000
v 0.070000000 -0.180000000 0.061000000
v 0.080000000 -0.180000000 0.061000000
v 0.090000000 -0.180000000 0.061000000
v 0.100000000 -0.180000000 0.061000000
v 0.110000000 -0.180000000 0.061000000
v 0.120000000 -0.180000000 0.061000000
v 0.130000000 -0.180000000 0.061000000
v 0.140000000 -0.180000000 0.061000000
v 0.150000000 -0.180000000 0.061000000
v 0.160000000 -0.180000000 0.061000000
v -0.150000000 -0.170000000 0.061000000
v -0.160000000 -0.170000000 0.061000000
v -0.140000000 -0.170000000 0.061000000
v -0.130000000 -0.170000000 0.061000000
v -0.120000000 -0.170000000 0.061000000
v -0.110000000 -0.170000000 0.061000000
v -0.100000000 -0.170000000 0.061000000
v -0.090000000 -0.170000000 0.061000000
v -0.080000000 -0.170000000 0.061000000
v -0.070000000 -0.170000000 0.061000000
v -0.060000000 -0.170000000 0.061000000
v -0.050000000 -0.170000000 0.061000000
v -0.040000000 -0.170000000 0.061000000
v -0.030000000 -0.170000000 0.061000000
v -0.020000000 -0.170000000 0.061000000
v -0.010000000 -0.170000000 0.061000000
v 0.000000000 -0.170000000 0.061000000
v 0.010000000 -0.170000000 0.061000000
v 0.020000000 -0.170000000 0.061000000
v 0.030000000 -0.170000000 0.061000000
v 0.040000000 -0.170000000 0.061000000
v 0.050000000 -0.170000000 0.061000000
v 0.060000000 -0.170000000 0.061000000
v 0.070000000 -0.170000000 0.061000000
v 0.080000000 -0.170000000 0.061000000
v 0.090000000 -0.170000000 0.061000000
v 0.100000000 -0.170000000 0.061000000
v 0.110000000 -0.170000000 0.061000000
v 0.120000000 -0.170000000 0.061000000
v 0.130000000 -0.170000000 0.061000000
v 0.140000000 -0.170000000 0.061000000
v 0.150000000 -0.170000000 0.061000000
v 0.160000000 -0.170000000 0.061000000
v -0.150000000 -0.160000000 0.061000000
v -0.160000000 -0.160000000 0.061000000
v -0.140000000 -0.160000000 0.061000000
v -0.130000000 -0.160000000 0.061000000
v -0.120000000 -0.160000000 0.061000000
v -0.110000000 -0.160000000 0.061000000
v -0.100000000 -0.160000000 0.061000000
v -0.090000000 -0.160000000 0.061000000
v -0.080000000 -0.160000000 0.061000000
v -0.070000000 -0.160000000 0.061000000
v -0.060000000 -0.160000000 0.061000000
v -0.050000000 -0.160000000 0.061000000
v -0.040000000 -0.160000000 0.061000000
v -0.030000000 -0.160000000 0.061000000
v -0.020000000 -0.160000000 0.061000000
v -0.010000000 -0.160000000 0.061000000
v 0.000000000 -0.160000000 0.061000000
v 0.010000000 -0.160000000 0.061000000
v 0.020000000 -0.160000000 0.061000000
v 0.030000000 -0.160000000 0.061000000
v 0.040000000 -0.160000000 0.061000000
v 0.050000000 -0.160000000 0.061000000
v 0.060000000 -0.160000000 0.061000000
v 0.070000000 -0.160000000 0.061000000
v 0.080000000 -0.160000000 0.061000000
v 0.090000000 -0.160000000 0.061000000
v 0.100000000 -0.160000000 0.061000000
v 0.110000000 -0.160000000 0.061000000
v 0.120000000 -0.160000000 0.061000000
v 0.130000000 -0.160000000 0.061000000
v 0.140000000 -0.160000000 0.061000000
v 0.150000000 -0.160000000 0.061000000
v 0.160000000 -0.160000000 0.061000000
v -0.150000000 -0.150000000 0.061000000
v -0.160000000 -0.150000000 0.061000000
v -0.140000000 -0.150000000 0.061000000
v -0.130000000 -0.150000000 0.061000000
v -0.120000000 -0.150000000 0.061000000
v -0.110000000 -0.150000000 0.061000000
v -0.100000000 -0.150000000 0.061000000
v -0.090000000 -0.150000000 0.061000000
v -0.080000000 -0.150000000 0.061000000
v -0.070000000 -0.150000000 0.061000000
v -0.060000000 -0.150000000 0.061000000
v -0.050000000 -0.150000000 0.061000000
v -0.040000000 -0.150000000 0.061000000
v -0.030000000 -0.150000000 0.061000000
v -0.020000000 -0.150000000 0.061000000
v -0.010000000 -0.150000000 0.061000000
v 0.000000000 -0.150000000 0.061000000
v 0.010000000 -0.150000000 0.061000000
v 0.020000000 -0.150000000 0.061000000
v 0.030000000 -0.150000000 0.061000000
v 0.040000000 -0.150000000 0.061000000
v 0.050000000 -0.150000000 0.061000000
v 0.060000000 -0.150000000 0.061000000
v 0.070000000 -0.150000000 0.061000000
v 0.080000000 -0.150000000 0.061000000
v 0.090000000 -0.150000000 0.061000000
v 0.100000000 -0.150000000 0.061000000
v 0.110000000 -0.150000000 0.061000000
v 0.120000000 -0.150000000 0.061000000
v 0.130000000 -0.150000000 0.061000000
v 0.140000000 -0.150000000 0.061000000
v 0.150000000 -0.150000000 0.061000000
v 0.160000000 -0.150000000 0.061000000
v -0.150000000 -0.140000000 0.061000000
v -0.160000000 -0.140000000 0.061000000
v -0.140000000 -0.140000000 0.061000000
v -0.130000000 -0.140000000 0.061000000
v -0.120000000 -0.140000000 0.061000000
v -0.110000000 -0.140000000 0.061000000
v -0.100000000 -0.140000000 0.061000000
v -0.090000000 -0.140000000 0.061000000
v -0.080000000 -0.140000000 0.061000000
v -0.070000000 -0.140000000 0.061000000
v -0.060000000 -0.140000000 0.061000000
v -0.050000000 -0.140000000 0.061000000
v -0.040000000 -0.140000000 0.061000000
v -0.030000000 -0.140000000 0.061000000
v -0.020000000 -0.140000000 0.061000000
v -0.010000000 -0.140000000 0.061000000
v 0.000000000 -0.140000000 0.061000000
v 0.010000000 -0.140000000 0.061000000
v 0.020000000 -0.140000000 0.061000000
v 0.030000000 -0.140000000 0.061000000
v 0.040000000 -0.140000000 0.061000000
v 0.050000000 -0.140000000 0.061000000
v 0.060000000 -0.140000000 0.061000000
v 0.070000000 -0.140000000 0.061000000
v 0.080000000 -0.140000000 0.061000000
v 0.090000000 -0.140000000 0.061000000
v 0.100000000 -0.140000000 0.061000000
v 0.110000000 -0.140000000 0.061000000
v 0.120000000 -0.140000000 0.061000000
v 0.130000000 -0.140000000 0.061000000
v 0.140000000 -0.140000000 0.061000000
v 0.150000000 -0.140000000 0.061000000
v 0.160000000 -0.140000000 0.061000000
v -0.150000000 -0.130000000 0.061000000
v -0.160000000 -0.130000000 0.061000000
v -0.140000000 -0.130000000 0.061000000
v -0.130000000 -0.130000000 0.061000000
v -0.120000000 -0.130000000 0.061000000
v -0.110000000 -0.130000000 0.061000000
v -0.100000000 -0.130000000 0.061000000
v -0.090000000 -0.130000000 0.061000000
v -0.080000000 -0.130000000 0.061000000
v -0.070000000 -0.130000000 0.061000000
v -0.060000000 -0.130000000 0.061000000
v -0.050000000 -0.130000000 0.061000000
v -0.040000000 -0.130000000 0.061000000
v -0.030000000 -0.130000000 0.061000000
v -0.020000000 -0.130000000 0.061000000
v -0.010000000 -0.130000000 0.061000000
v 0.000000000 -0.130000000 0.061000000
v 0.010000000 -0.130000000 0.061000000
v 0.020000000 -0.130000000 0.061000000
v 0.030000000 -0.130000000 0.061000000
v 0.040000000 -0.130000000 0.061000000
v 0.050000000 -0.130000000 0.061000000
v 0.060000000 -0.130000000 0.061000000
v 0.070000000 -0.130000000 0.061000000
v 0.080000000 -0.130000000 0.061000000
v 0.090000000 -0.130000000 0.061000000
v 0.100000000 -0.130000000 0.061000000
v 0.110000000 -0.130000000 0.061000000
v 0.120000000 -0.130000000 0.061000000
v 0.130000000 -0.130000000 0.061000000
v 0.140000000 -0.130000000 0.061000000
v 0.150000000 -0.130000000 0.061000000
v 0.160000000 -0.130000000 0.061000000
v -0.150000000 -0.120000000 0.061000000
v -0.160000000 -0.120000000 0.061000000
v -0.140000000 -0.120000000 0.061000000
v -0.130000000 -0.120000000 0.061000000
v -0.120000000 -0.120000000 0.061000000
v -0.110000000 -0.120000000 0.061000000
v -0.100000000 -0.120000000 0.061000000
v -0.090000000 -0.120000000 0.061000000
v -0.080000000 -0.120000000 0.061000000
v -0.070000000 -0.120000000 0.061000000
v -0.060000000 -0.120000000 0.061000000
v -0.050000000 -0.120000000 0.061000000
v -0.040000000 -0.120000000 0.061000000
v -0.030000000 -0.120000000 0.061000000
v -0.020000000 -0.120000000 0.061000000
v -0.010000000 -0.120000000 0.061000000
v 0.000000000 -0.120000000 0.061000000
v 0.010000000 -0.120000000 0.061000000
v 0.020000000 -0.120000000 0.061000000
v 0.030000000 -0.120000000 0.061000000
v 0.040000000 -0.120000000 0.061000000
v 0.050000000 -0.120000000 0.061000000
v 0.060000000 -0.120000000 0.061000000
v 0.070000000 -0.120000000 0.061000000
v 0.080000000 -0.120000000 0.061000000
v 0.090000000 -0.120000000 0.061000000
v 0.100000000 -0.120000000 0.061000000
v 0.110000000 -0.120000000 0.061000000
v 0.120000000 -0.120000000 0.061000000
v 0.130000000 -0.120000000 0.061000000
v 0.140000000 -0.120000000 0.061000000
v 0.150000000 -0.120000000 0.061000000
v 0.160000000 -0.120000000 0.061000000
v -0.150000000 -0.110000000 0.061000000
v -0.160000000 -0.110000000 0.061000000
v -0.140000000 -0.110000000 0.061000000
v -0.130000000 -0.110000000 0.061000000
v -0.120000000 -0.110000000 0.061000000
v -0.110000000 -0.110000000 0.061000000
v -0.100000000 -0.110000000 0.061000000
v -0.090000000 -0.110000000 0.061000000
v -0.080000000 -0.110000000 0.061000000
v -0.070000000 -0.110000000 0.061000000
v -0.060000000 -0.110000000 0.061000000
v -0.050000000 -0.110000000 0.061000000
v -0.040000000 -0.110000000 0.061000000
v -0.030000000 -0.110000000 0.061000000
v -0.020000000 -0.110000000 0.061000000
v -0.010000000 -0.110000000 0.061000000
v 0.000000000 -0.110000000 0.061000000
v 0.010000000 -0.110000000 0.061000000
v 0.020000000 -0.110000000 0.061000000
v 0.030000000 -0.110000000 0.061000000
v 0.040000000 -0.110000000 0.061000000
v 0.050000000 -0.110000000 0.061000000
v 0.060000000 -0.110000000 0.061000000
v 0.070000000 -0.110000000 0.061000000
v 0.080000000 -0.110000000 0.061000000
v 0.090000000 -0.110000000 0.061000000
v 0.100000000 -0.110000000 0.061000000
v 0.110000000 -0.110000000 0.061000000
v 0.120000000 -0.110000000 0.061000000
v 0.130000000 -0.110000000 0.061000000
v 0.140000000 -0.110000000 0.061000000
v 0.150000000 -0.110000000 0.061000000
v 0.160000000 -0.110000000 0.061000000
v -0.150000000 -0.100000000 0.061000000
v -0.160000000 -0.100000000 0.061000000
v -0.140000000 -0.100000000 0.061000000
v -0.130000000 -0.100000000 0.061000000
v -0.120000000 -0.100000000 0.061000000
v -0.110000000 -0.100000000 0.061000000
v -0.100000000 -0.100000000 0.061000000
v -0.090000000 -0.100000000 0.061000000
v -0.080000000 -0.100000000 0.061000000
v -0.070000000 -0.100000000 0.061000000
v -0.060000000 -0.100000000 0.061000000
v -0.050000000 -0.100000000 0.061000000
v -0.040000000 -0.100000000 0.061000000
v -0.030000000 -0.100000000 0.061000000
v -0.020000000 -0.100000000 0.061000000
v -0.010000000 -0.100000000 0.061000000
v 0.000000000 -0.100000000 0.061000000
v 0.010000000 -0.100000000 0.061000000
v 0.020000000 -0.100000000 0.061000000
v 0.030000000 -0.100000000 0.061000000
v 0.040000000 -0.100000000 0.061000000
v 0.050000000 -0.100000000 0.061000000
v 0.060000000 -0.100000000 0.061000000
v 0.070000000 -0.100000000 0.061000000
v 0.080000000 -0.100000000 0.061000000
v 0.090000000 -0.100000000 0.061000000
v 0.100000000 -0.100000000 0.061000000
v 0.110000000 -0.100000000 0.061000000
v 0.120000000 -0.100000000 0.061000000
v 0.130000000 -0.100000000 0.061000000
v 0.140000000 -0.100000000 0.061000000
v 0.150000000 -0.100000000 0.061000000
v 0.160000000 -0.100000000 0.061000000
v -0.150000000 -0.090000000 0.061000000
v -0.160000000 -0.090000000 0.061000000
v -0.140000000 -0.090000000 0.061000000
v -0.130000000 -0.090000000 0.061000000
v -0.120000000 -0.090000000 0.061000000
v -0.110000000 -0.090000000 0.061000000
v -0.100000000 -0.090000000 0.061000000
v -0.090000000 -0.090000000 0.061000000
v -0.080000000 -0.090000000 0.061000000
v -0.070000000 -0.090000000 0.061000000
v -0.060000000 -0.090000000 0.061000000
v -0.050000000 -0.090000000 0.061000000
v -0.040000000 -0.090000000 0.061000000
v -0.030000000 -0.090000000 0.061000000
v -0.020000000 -0.090000000 0.061000000
v -0.010000000 -0.090000000 0.061000000
v 0.000000000 -0.090000000 0.061000000
v 0.010000000 -0.090000000 0.061000000
v 0.020000000 -0.090000000 0.061000000
v 0.030000000 -0.090000000 0.061000000
v 0.040000000 -0.090000000 0.061000000
v 0.050000000 -0.090000000 0.061000000
v 0.060000000 -0.090000000 0.061000000
v 0.070000000 -0.090000000 0.061000000
v 0.080000000 -0.090000000 0.061000000
v 0.090000000 -0.090000000 0.061000000
v 0.100000000 -0.090000000 0.061000000
v 0.110000000 -0.090000000 0.061000000
v 0.120000000 -0.090000000 0.061000000
v 0.130000000 -0.090000000 0.061000000
v 0.140000000 -0.090000000 0.061000000
v 0.150000000 -0.090000000 0.061000000
v 0.160000000 -0.090000000 0.061000000
v -0.150000000 -0.080000000 0.061000000
v -0.160000000 -0.080000000 0.061000000
v -0.140000000 -0.080000000 0.061000000
v -0.130000000 -0.080000000 0.061000000
v -0.120000000 -0.080000000 0.061000000
v -0.110000000 -0.080000000 0.061000000
v -0.100000000 -0.080000000 0.061000000
v -0.090000000 -0.080000000 0.061000000
v -0.080000000 -0.080000000 0.061000000
v -0.070000000 -0.080000000 0.061000000
v -0.060000000 -0.080000000 0.061000000
v -0.050000000 -0.080000000 0.061000000
v -0.040000000 -0.080000000 0.061000000
v -0.030000000 -0.080000000 0.061000000
v -0.020000000 -0.080000000 0.061000000
v -0.010000000 -0.080000000 0.061000000
v 0.000000000 -0.080000000 0.061000000
v 0.010000000 -0.080000000 0.061000000
v 0.020000000 -0.080000000 0.061000000
v 0.030000000 -0.080000000 0.061000000
v 0.040000000 -0.080000000 0.061000000
v 0.050000000 -0.080000000 0.061000000
v 0.060000000 -0.080000000 0.061000000
v 0.070000000 -0.080000000 0.061000000
v 0.080000000 -0.080000000 0.061000000
v 0.090000000 -0.080000000 0.061000000
v 0.100000000 -0.080000000 0.061000000
v 0.110000000 -0.080000000 0.061000000
v 0.120000000 -0.080000000 0.061000000
v 0.130000000 -0.080000000 0.061000000
v 0.140000000 -0.080000000 0.061000000
v 0.150000000 -0.080000000 0.061000000
v 0.160000000 -0.080000000 0.061000000
v -0.150000000 -0.070000000 0.061000000
v -0.160000000 -0.070000000 0.061000000
v -0.140000000 -0.070000000 0.061000000
v -0.130000000 -0.070000000 0.061000000
v -0.120000000 -0.070000000 0.061000000
v -0.110000000 -0.070000000 0.061000000
v -0.100000000 -0.070000000 0.061000000
v -0.090000000 -0.070000000 0.061000000
v -0.080000000 -0.070000000 0.061000000
v -0.070000000 -0.070000000 0.061000000
v -0.060000000 -0.070000000 0.061000000
v -0.050000000 -0.070000000 0.061000000
v -0.040000000 -0.070000000 0.061000000
v -0.030000000 -0.070000000 0.061000000
v -0.020000000 -0.070000000 0.061000000
v -0.010000000 -0.070000000 0.061000000
v 0.000000000 -0.070000000 0.061000000
v 0.010000000 -0.070000000 0.061000000
v 0.020000000 -0.070000000 0.061000000
v 0.030000000 -0.070000000 0.061000000
v 0.040000000 -0.070000000 0.061000000
v 0.050000000 -0.070000000 0.061000000
v 0.060000000 -0.070000000 0.061000000
v 0.070000000 -0.070000000 0.061000000
v 0.080000000 -0.070000000 0.061000000
v 0.090000000 -0.070000000 0.061000000
v 0.100000000 -0.070000000 0.061000000
v 0.110000000 -0.070000000 0.061000000
v 0.120000000 -0.070000000 0.061000000
v 0.130000000 -0.070000000 0.061000000
v 0.140000000 -0.070000000 0.061000000
v 0.150000000 -0.070000000 0.061000000
v 0.160000000 -0.070000000 0.061000000
v -0.150000000 -0.060000000 0.061000000
v -0.160000000 -0.060000000 0.061000000
v -0.140000000 -0.060000000 0.061000000
v -0.130000000 -0.060000000 0.061000000
v -0.120000000 -0.060000000 0.061000000
v -0.110000000 -0.060000000 0.061000000
v -0.100000000 -0.060000000 0.061000000
v -0.090000000 -0.060000000 0.061000000
v -0.080000000 -0.060000000 0.061000000
v -0.070000000 -0.060000000 0.061000000
v -0.060000000 -0.060000000 0.061000000
v -0.050000000 -0.060000000 0.061000000
v -0.040000000 -0.060000000 0.061000000
v -0.030000000 -0.060000000 0.061000000
v -0.020000000 -0.060000000 0.061000000
v -0.010000000 -0.060000000 0.061000000
v 0.000000000 -0.060000000 0.061000000
v 0.010000000 -0.060000000 0.061000000
v 0.020000000 -0.060000000 0.061000000
v 0.030000000 -0.060000000 0.061000000
v 0.040000000 -0.060000000 0.061000000
v 0.050000000 -0.060000000 0.061000000
v 0.060000000 -0.060000000 0.061000000
v 0.070000000 -0.060000000 0.061000000
v 0.080000000 -0.060000000 0.061000000
v 0.090000000 -0.060000000 0.061000000
v 0.100000000 -0.060000000 0.061000000
v 0.110000000 -0.060000000 0.061000000
v 0.120000000 -0.060000000 0.061000000
v 0.130000000 -0.060000000 0.061000000
v 0.140000000 -0.060000000 0.061000000
v 0.150000000 -0.060000000 0.061000000
v 0.160000000 -0.060000000 0.061000000
v -0.150000000 -0.050000000 0.061000000
v -0.160000000 -0.050000000 0.061000000
v -0.140000000 -0.050000000 0.061000000
v -0.130000000 -0.050000000 0.061000000
v -0.120000000 -0.050000000 0.061000000
v -0.110000000 -0.050000000 0.061000000
v -0.100000000 -0.050000000 0.061000000
v -0.090000000 -0.050000000 0.061000000
v -0.080000000 -0.050000000 0.061000000
v -0.070000000 -0.050000000 0.061000000
v -0.060000000 -0.050000000 0.061000000
v -0.050000000 -0.050000000 0.061000000
v -0.040000000 -0.050000000 0.061000000
v -0.030000000 -0.050000000 0.061000000
v -0.020000000 -0.050000000 0.061000000
v -0.010000000 -0.050000000 0.061000000
v 0.000000000 -0.050000000 0.061000000
v 0.010000000 -0.050000000 0.061000000
v 0.020000000 -0.050000000 0.061000000
v 0.030000000 -0.050000000 0.061000000
v 0.040000000 -0.050000000 0.061000000
v 0.050000000 -0.050000000 0.061000000
v 0.060000000 -0.050000000 0.061000000
v 0.070000000 -0.050000000 0.061000000
v 0.080000000 -0.050000000 0.061000000
v 0.090000000 -0.050000000 0.061000000
v 0.100000000 -0.050000000 0.061000000
v 0.110000000 -0.050000000 0.061000000
v 0.120000000 -0.050000000 0.061000000
v 0.130000000 -0.050000000 0.061000000
v 0.140000000 -0.050000000 0.061000000
v 0.150000000 -0.050000000 0.061000000
v 0.160000000 -0.050000000 0.061000000
v -0.150000000 -0.040000000 0.061000000
v -0.160000000 -0.040000000 0.061000000
v -0.140000000 -0.040000000 0.061000000
v -0.130000000 -0.040000000 0.061000000
v -0.120000000 -0.040000000 0.061000000
v -0.110000000 -0.040000000 0.061000000
v -0.100000000 -0.040000000 0.061000000
v -0.090000000 -0.040000000 0.061000000
v -0.080000000 -0.040000000 0.061000000
v -0.070000000 -0.040000000 0.061000000
v -0.060000000 -0.040000000 0.061000000
v -0.050000000 -0.040000000 0.061000000
v -0.040000000 -0.040000000 0.061000000
v -0.030000000 -0.040000000 0.061000000
v -0.020000000 -0.040000000 0.061000000
v -0.010000000 -0.040000000 0.061000000
v 0.000000000 -0.040000000 0.061000000
v 0.010000000 -0.040000000 0.061000000
v 0.020000000 -0.040000000 0.061000000
v 0.030000000 -0.040000000 0.061000000
v 0.040000000 -0.040000000 0.061000000
v 0.050000000 -0.040000000 0.061000000
v 0.060000000 -0.040000000 0.061000000
v 0.070000000 -0.040000000 0.061000000
v 0.080000000 -0.040000000 0.061000000
v 0.090000000 -0.040000000 0.061000000
v 0.100000000 -0.040000000 0.061000000
v 0.110000000 -0.040000000 0.061000000
v 0.120000000 -0.040000000 0.061000000
v 0.130000000 -0.040000000 0.061000000
v 0.140000000 -0.040000000 0.061000000
v 0.150000000 -0.040000000 0.061000000
v 0.160000000 -0.040000000 0.061000000
v -0.150000000 -0.030000000 0.061000000
v -0.160000000 -0.030000000 0.061000000
v -0.140000000 -0.030000000 0.061000000
v -0.130000000 -0.030000000 0.061000000
v -0.120000000 -0.030000000 0.061000000
v -0.110000000 -0.030000000 0.061000000
v -0.100000000 -0.030000000 0.061000000
v -0.090000000 -0.030000000 0.061000000
v -0.080000000 -0.030000000 0.061000000
v -0.070000000 -0.030000000 0.061000000
v -0.060000000 -0.030000000 0.061000000
v -0.050000000 -0.030000000 0.061000000
v -0.040000000 -0.030000000 0.061000000
v -0.030000000 -0.030000000 0.061000000
v -0.020000000 -0.030000000 0.061000000
v -0.010000000 -0.030000000 0.061000000
v 0.000000000 -0.030000000 0.061000000
v 0.010000000 -0.030000000 0.061000000
v 0.020000000 -0.030000000 0.061000000
v 0.030000000 -0.030000000 0.061000000
v 0.040000000 -0.030000000 0.061000000
v 0.050000000 -0.030000000 0.061000000
v 0.060000000 -0.030000000 0.061000000
v 0.070000000 -0.030000000 0.061000000
v 0.080000000 -0.030000000 0.061000000
v 0.090000000 -0.030000000 0.061000000
v 0.100000000 -0.030000000 0.061000000
v 0.110000000 -0.030000000 0.061000000
v 0.120000000 -0.030000000 0.061000000
v 0.130000000 -0.030000000 0.061000000
v 0.140000000 -0.030000000 0.061000000
v 0.150000000 -0.030000000 0.061000000
v 0.160000000 -0.030000000 0.061000000
v -0.150000000 -0.020000000 0.061000000
v -0.160000000 -0.020000000 0.061000000
v -0.140000000 -0.020000000 0.061000000
v -0.130000000 -0.020000000 0.061000000
v -0.120000000 -0.020000000 0.061000000
v -0.110000000 -0.020000000 0.061000000
v -0.100000000 -0.020000000 0.061000000
v -0.090000000 -0.020000000 0.061000000
v -0.080000000 -0.020000000 0.061000000
v -0.070000000 -0.020000000 0.061000000
v -0.060000000 -0.020000000 0.061000000
v -0.050000000 -0.020000000 0.061000000
v -0.040000000 -0.020000000 0.061000000
v -0.030000000 -0.020000000 0.061000000
v -0.020000000 -0.020000000 0.061000000
v -0.010000000 -0.020000000 0.061000000
v 0.000000000 -0.020000000 0.061000000
v 0.010000000 -0.020000000 0.061000000
v 0.020000000 -0.020000000 0.061000000
v 0.030000000 -0.020000000 0.061000000
v 0.040000000 -0.020000000 0.061000000
v 0.050000000 -0.020000000 0.061000000
v 0.060000000 -0.020000000 0.061000000
v 0.070000000 -0.020000000 0.061000000
v 0.080000000 -0.020000000 0.061000000
v 0.090000000 -0.020000000 0.061000000
v 0.100000000 -0.020000000 0.061000000
v 0.110000000 -0.020000000 0.061000000
v 0.120000000 -0.020000000 0.061000000
v 0.130000000 -0.020000000 0.061000000
v 0.140000000 -0.020000000 0.061000000
v 0.150000000 -0.020000000 0.061000000
v 0.160000000 -0.020000000 0.061000000
v -0.150000000 -0.010000000 0.061000000
v -0.160000000 -0.010000000 0.061000000
v -0.140000000 -0.010000000 0.061000000
v -0.130000000 -0.010000000 0.061000000
v -0.120000000 -0.010000000 0.061000000
v -0.110000000 -0.010000000 0.061000000
v -0.100000000 -0.010000000 0.061000000
v -0.090000000 -0.010000000 0.061000000
v -0.080000000 -0.010000000 0.061000000
v -0.070000000 -0.010000000 0.061000000
v -0.060000000 -0.010000000 0.061000000
v -0.050000000 -0.010000000 0.061000000
v -0.040000000 -0.010000000 0.061000000
v -0.030000000 -0.010000000 0.061000000
v -0.020000000 -0.010000000 0.061000000
v -0.010000000 -0.010000000 0.061000000
v 0.000000000 -0.010000000 0.061000000
v 0.010000000 -0.010000000 0.061000000
v 0.020000000 -0.010000000 0.061000000
v 0.030000000 -0.010000000 0.061000000
v 0.040000000 -0.010000000 0.061000000
v 0.050000000 -0.010000000 0.061000000
v 0.060000000 -0.010000000 0.061000000
v 0.070000000 -0.010000000 0.061000000
v 0.080000000 -0.010000000 0.061000000
v 0.090000000 -0.010000000 0.061000000
v 0.100000000 -0.010000000 0.061000000
v 0.110000000 -0.010000000 0.061000000
v 0.120000000 -0.010000000 0.061000000
v 0.130000000 -0.010000000 0.061000000
v 0.140000000 -0.010000000 0.061000000
v 0.150000000 -0.010000000 0.061000000
v 0.160000000 -0.010000000 0.061000000
v -0.150000000 0.000000000 0.061000000
v -0.160000000 0.000000000 0.061000000
v -0.140000000 0.000000000 0.061000000
v -0.130000000 0.000000000 0.061000000
v -0.120000000 0.000000000 0.061000000
v -0.110000000 0.000000000 0.061000000
v -0.100000000 0.000000000 0.061000000
v -0.090000000 0.000000000 0.061000000
v -0.080000000 0.000000000 0.061000000
v -0.070000000 0.000000000 0.061000000
v -0.060000000 0.000000000 0.061000000
v -0.050000000 0.000000000 0.061000000
v -0.040000000 0.000000000 0.061000000
v -0.030000000 0.000000000 0.061000000
v -0.020000000 0.000000000 0.061000000
v -0.010000000 0.000000000 0.061000000
v 0.000000000 0.000000000 0.061000000
v 0.010000000 0.000000000 0.061000000
v 0.020000000 0.000000000 0.061000000
v 0.030000000 0.000000000 0.061000000
v 0.040000000 0.000000000 0.061000000
v 0.050000000 0.000000000 0.061000000
v 0.060000000 0.000000000 0.061000000
v 0.070000000 0.000000000 0.061000000
v 0.080000000 0.000000000 0.061000000
v 0.090000000 0.000000000 0.061000000
v 0.100000000 0.000000000 0.061000000
v 0.110000000 0.000000000 0.061000000
v 0.120000000 0.000000000 0.061000000
v 0.130000000 0.000000000 0.061000000
v 0.140000000 0.000000000 0.061000000
v 0.150000000 0.000000000 0.061000000
v 0.160000000 0.000000000 0.061000000
v -0.150000000 0.010000000 0.061000000
v -0.160000000 0.010000000 0.061000000
v -0.140000000 0.010000000 0.061000000
v -0.130000000 0.010000000 0.061000000
v -0.120000000 0.010000000 0.061000000
v -0.110000000 0.010000000 0.061000000
v -0.100000000 0.010000000 0.061000000
v -0.090000000 0.010000000 0.061000000
v -0.080000000 0.010000000 0.061000000
v -0.070000000 0.010000000 0.061000000
v -0.060000000 0.010000000 0.061000000
v -0.050000000 0.010000000 0.061000000
v -0.040000000 0.010000000 0.061000000
v -0.030000000 0.010000000 0.061000000
v -0.020000000 0.010000000 0.061000000
v -0.010000000 0.010000000 0.061000000
v 0.000000000 0.010000000 0.061000000
v 0.010000000 0.010000000 0.061000000
v 0.020000000 0.010000000 0.061000000
v 0.030000000 0.010000000 0.061000000
v 0.040000000 0.010000000 0.061000000
v 0.050000000 0.010000000 0.061000000
v 0.060000000 0.010000000 0.061000000
v 0.070000000 0.010000000 0.061000000
v 0.080000000 0.010000000 0.061000000
v 0.090000000 0.010000000 0.061000000
v 0.100000000 0.010000000 0.061000000
v 0.110000000 0.010000000 0.061000000
v 0.120000000 0.010000000 0.061000000
v 0.130000000 0.010000000 0.061000000
v 0.140000000 0.010000000 0.061000000
v 0.150000000 0.010000000 0.061000000
v 0.160000000 0.010000000 0.061000000
v -0.150000000 0.020000000 0.061000000
v -0.160000000 0.020000000 0.061000000
v -0.140000000 0.020000000 0.061000000
v -0.130000000 0.020000000 0.061000000
v -0.120000000 0.020000000 0.061000000
v -0.110000000 0.020000000 0.061000000
v -0.100000000 0.020000000 0.061000000
v -0.090000000 0.020000000 0.061000000
v -0.080000000 0.020000000 0.061000000
v -0.070000000 0.020000000 0.061000000
v -0.060000000 0.020000000 0.061000000
v -0.050000000 0.020000000 0.061000000
v -0.040000000 0.020000000 0.061000000
v -0.030000000 0.020000000 0.061000000
v -0.020000000 0.020000000 0.061000000
v -0.010000000 0.020000000 0.061000000
v 0.000000000 0.020000000 0.061000000
v 0.010000000 0.020000000 0.061000000
v 0.020000000 0.020000000 0.061000000
v 0.030000000 0.020000000 0.061000000
v 0.040000000 0.020000000 0.061000000
v 0.050000000 0.020000000 0.061000000
v 0.060000000 0.020000000 0.061000000
v 0.070000000 0.020000000 0.061000000
v 0.080000000 0.020000000 0.061000000
v 0.090000000 0.020000000 0.061000000
v 0.100000000 0.020000000 0.061000000
v 0.110000000 0.020000000 0.061000000
v 0.120000000 0.020000000 0.061000000
v 0.130000000 0.020000000 0.061000000
v 0.140000000 0.020000000 0.061000000
v 0.150000000 0.020000000 0.061000000
v 0.160000000 0.020000000 0.061000000
v -0.150000000 0.030000000 0.061000000
v -0.160000000 0.030000000 0.061000000
v -0.140000000 0.030000000 0.061000000
v -0.130000000 0.030000000 0.061000000
v -0.120000000 0.030000000 0.061000000
v -0.110000000 0.030000000 0.061000000
v -0.100000000 0.030000000 0.061000000
v -0.090000000 0.030000000 0.061000000
v -0.080000000 0.030000000 0.061000000
v -0.070000000 0.030000000 0.061000000
v -0.060000000 0.030000000 0.061000000
v -0.050000000 0.030000000 0.061000000
v -0.040000000 0.030000000 0.061000000
v -0.030000000 0.030000000 0.061000000
v -0.020000000 0.030000000 0.061000000
v -0.010000000 0.030000000 0.061000000
v 0.000000000 0.030000000 0.061000000
v 0.010000000 0.030000000 0.061000000
v 0.020000000 0.030000000 0.061000000
v 0.030000000 0.030000000 0.061000000
v 0.040000000 0.030000000 0.061000000
v 0.050000000 0.030000000 0.061000000
v 0.060000000 0.030000000 0.061000000
v 0.070000000 0.030000000 0.061000000
v 0.080000000 0.030000000 0.061000000
v 0.090000000 0.030000000 0.061000000
v 0.100000000 0.030000000 0.061000000
v 0.110000000 0.030000000 0.061000000
v 0.120000000 0.030000000 0.061000000
v 0.130000000 0.030000000 0.061000000
v 0.140000000 0.030000000 0.061000000
v 0.150000000 0.030000000 0.061000000
v 0.160000000 0.030000000 0.061000000
v -0.150000000 0.040000000 0.061000000
v -0.160000000 0.040000000 0.061000000
v -0.140000000 0.040000000 0.061000000
v -0.130000000 0.040000000 0.061000000
v -0.120000000 0.040000000 0.061000000
v -0.110000000 0.040000000 0.061000000
v -0.100000000 0.040000000 0.061000000
v -0.090000000 0.040000000 0.061000000
v -0.080000000 0.040000000 0.061000000
v -0.070000000 0.040000000 0.061000000
v -0.060000000 0.040000000 0.061000000
v -0.050000000 0.040000000 0.061000000
v -0.040000000 0.040000000 0.061000000
v -0.030000000 0.040000000 0.061000000
v -0.020000000 0.040000000 0.061000000
v -0.010000000 0.040000000 0.061000000
v 0.000000000 0.040000000 0.061000000
v 0.010000000 0.040000000 0.061000000
v 0.020000000 0.040000000 0.061000000
v 0.030000000 0.040000000 0.061000000
v 0.040000000 0.040000000 0.061000000
v 0.050000000 0.040000000 0.061000000
v 0.060000000 0.040000000 0.061000000
v 0.070000000 0.040000000 0.061000000
v 0.080000000 0.040000000 0.061000000
v 0.090000000 0.040000000 0.061000000
v 0.100000000 0.040000000 0.061000000
v 0.110000000 0.040000000 0.061000000
v 0.120000000 0.040000000 0.061000000
v 0.130000000 0.040000000 0.061000000
v 0.140000000 0.040000000 0.061000000
v 0.150000000 0.040000000 0.061000000
v 0.160000000 0.040000000 0.061000000
v -0.150000000 0.050000000 0.061000000
v -0.160000000 0.050000000 0.061000000
v -0.140000000 0.050000000 0.061000000
v -0.130000000 0.050000000 0.061000000
v -0.120000000 0.050000000 0.061000000
v -0.110000000 0.050000000 0.061000000
v -0.100000000 0.050000000 0.061000000
v -0.090000000 0.050000000 0.061000000
v -0.080000000 0.050000000 0.061000000
v -0.070000000 0.050000000 0.061000000
v -0.060000000 0.050000000 0.061000000
v -0.050000000 0.050000000 0.061000000
v -0.040000000 0.050000000 0.061000000
v -0.030000000 0.050000000 0.061000000
v -0.020000000 0.050000000 0.061000000
v -0.010000000 0.050000000 0.061000000
v 0.000000000 0.050000000 0.061000000
v 0.010000000 0.050000000 0.061000000
v 0.020000000 0.050000000 0.061000000
v 0.030000000 0.050000000 0.061000000
v 0.040000000 0.050000000 0.061000000
v 0.050000000 0.050000000 0.061000000
v 0.060000000 0.050000000 0.061000000
v 0.070000000 0.050000000 0.061000000
v 0.080000000 0.050000000 0.061000000
v 0.090000000 0.050000000 0.061000000
v 0.100000000 0.050000000 0.061000000
v 0.110000000 0.050000000 0.061000000
v 0.120000000 0.050000000 0.061000000
v 0.130000000 0.050000000 0.061000000
v 0.140000000 0.050000000 0.061000000
v 0.150000000 0.050000000 0.061000000
v 0.160000000 0.050000000 0.061000000
v -0.150000000 0.060000000 0.061000000
v -0.160000000 0.060000000 0.061000000
v -0.140000000 0.060000000 0.061000000
v -0.130000000 0.060000000 0.061000000
v -0.120000000 0.060000000 0.061000000
v -0.110000000 0.060000000 0.061000000
v -0.100000000 0.060000000 0.061000000
v -0.090000000 0.060000000 0.061000000
v -0.080000000 0.060000000 0.061000000
v -0.070000000 0.060000000 0.061000000
v -0.060000000 0.060000000 0.061000000
v -0.050000000 0.060000000 0.061000000
v -0.040000000 0.060000000 0.061000000
v -0.030000000 0.060000000 0.061000000
v -0.020000000 0.060000000 0.061000000
v -0.010000000 0.060000000 0.061000000
v 0.000000000 0.060000000 0.061000000
v 0.010000000 0.060000000 0.061000000
v 0.020000000 0.060000000 0.061000000
v 0.030000000 0.060000000 0.061000000
v 0.040000000 0.060000000 0.061000000
v 0.050000000 0.060000000 0.061000000
v 0.060000000 0.060000000 0.061000000
v 0.070000000 0.060000000 0.061000000
v 0.080000000 0.060000000 0.061000000
v 0.090000000 0.060000000 0.061000000
v 0.100000000 0.060000000 0.061000000
v 0.110000000 0.060000000 0.061000000
v 0.120000000 0.060000000 0.061000000
v 0.130000000 0.060000000 0.061000000
v 0.140000000 0.060000000 0.061000000
v 0.150000000 0.060000000 0.061000000
v 0.160000000 0.060000000 0.061000000
v -0.150000000 0.070000000 0.061000000
v -0.160000000 0.070000000 0.061000000
v -0.140000000 0.070000000 0.061000000
v -0.130000000 0.070000000 0.061000000
v -0.120000000 0.070000000 0.061000000
v -0.110000000 0.070000000 0.061000000
v -0.100000000 0.070000000 0.061000000
v -0.090000000 0.070000000 0.061000000
v -0.080000000 0.070000000 0.061000000
v -0.070000000 0.070000000 0.061000000
v -0.060000000 0.070000000 0.061000000
v -0.050000000 0.070000000 0.061000000
v -0.040000000 0.070000000 0.061000000
v -0.030000000 0.070000000 0.061000000
v -0.020000000 0.070000000 0.061000000
v -0.010000000 0.070000000 0.061000000
v 0.000000000 0.070000000 0.061000000
v 0.010000000 0.070000000 0.061000000
v 0.020000000 0.070000000 0.061000000
v 0.030000000 0.070000000 0.061000000
v 0.040000000 0.070000000 0.061000000
v 0.050000000 0.070000000 0.061000000
v 0.060000000 0.070000000 0.061000000
v 0.070000000 0.070000000 0.061000000
v 0.080000000 0.070000000 0.061000000
v 0.090000000 0.070000000 0.061000000
v 0.100000000 0.070000000 0.061000000
v 0.110000000 0.070000000 0.061000000
v 0.120000000 0.070000000 0.061000000
v 0.130000000 0.070000000 0.061000000
v 0.140000000 0.070000000 0.061000000
v 0.150000000 0.070000000 0.061000000
v 0.160000000 0.070000000 0.061000000
v -0.150000000 0.080000000 0.061000000
v -0.160000000 0.080000000 0.061000000
v -0.140000000 0.080000000 0.061000000
v -0.130000000 0.080000000 0.061000000
v -0.120000000 0.080000000 0.061000000
v -0.110000000 0.080000000 0.061000000
v -0.100000000 0.080000000 0.061000000
v -0.090000000 0.080000000 0.061000000
v -0.080000000 0.080000000 0.061000000
v -0.070000000 0.080000000 0.061000000
v -0.060000000 0.080000000 0.061000000
v -0.050000000 0.080000000 0.061000000
v -0.040000000 0.080000000 0.061000000
v -0.030000000 0.080000000 0.061000000
v -0.020000000 0.080000000 0.061000000
v -0.010000000 0.080000000 0.061000000
v 0.000000000 0.080000000 0.061000000
v 0.010000000 0.080000000 0.061000000
v 0.020000000 0.080000000 0.061000000
v 0.030000000 0.080000000 0.061000000
v 0.040000000 0.080000000 0.061000000
v 0.050000000 0.080000000 0.061000000
v 0.060000000 0.080000000 0.061000000
v 0.070000000 0.080000000 0.061000000
v 0.080000000 0.080000000 0.061000000
v 0.090000000 0.080000000 0.061000000
v 0.100000000 0.080000000 0.061000000
v 0.110000000 0.080000000 0.061000000
v 0.120000000 0.080000000 0.061000000
v 0.130000000 0.080000000 0.061000000
v 0.140000000 0.080000000 0.061000000
v 0.150000000 0.080000000 0.061000000
v 0.160000000 0.080000000 0.061000000
v -0.150000000 0.090000000 0.061000000
v -0.160000000 0.090000000 0.061000000
v -0.140000000 0.090000000 0.061000000
v -0.130000000 0.090000000 0.061000000
v -0.120000000 0.090000000 0.061000000
v -0.110000000 0.090000000 0.061000000
v -0.100000000 0.090000000 0.061000000
v -0.090000000 0.090000000 0.061000000
v -0.080000000 0.090000000 0.061000000
v -0.070000000 0.090000000 0.061000000
v -0.060000000 0.090000000 0.061000000
v -0.050000000 0.090000000 0.061000000
v -0.040000000 0.090000000 0.061000000
v -0.030000000 0.090000000 0.061000000
v -0.020000000 0.090000000 0.061000000
v -0.010000000 0.090000000 0.061000000
v 0.000000000 0.090000000 0.061000000
v 0.010000000 0.090000000 0.061000000
v 0.020000000 0.090000000 0.061000000
v 0.030000000 0.090000000 0.061000000
v 0.040000000 0.090000000 0.061000000
v 0.050000000 0.090000000 0.061000000
v 0.060000000 0.090000000 0.061000000
v 0.070000000 0.090000000 0.061000000
v 0.080000000 0.090000000 0.061000000
v 0.090000000 0.090000000 0.061000000
v 0.100000000 0.090000000 0.061000000
v 0.110000000 0.090000000 0.061000000
v 0.120000000 0.090000000 0.061000000
v 0.130000000 0.090000000 0.061000000
v 0.140000000 0.090000000 0.061000000
v 0.150000000 0.090000000 0.061000000
v 0.160000000 0.090000000 0.061000000
v -0.150000000 0.100000000 0.061000000
v -0.160000000 0.100000000 0.061000000
v -0.140000000 0.100000000 0.061000000
v -0.130000000 0.100000000 0.061000000
v -0.120000000 0.100000000 0.061000000
v -0.110000000 0.100000000 0.061000000
v -0.100000000 0.100000000 0.061000000
v -0.090000000 0.100000000 0.061000000
v -0.080000000 0.100000000 0.061000000
v -0.070000000 0.100000000 0.061000000
v -0.060000000 0.100000000 0.061000000
v -0.050000000 0.100000000 0.061000000
v -0.040000000 0.100000000 0.061000000
v -0.030000000 0.100000000 0.061000000
v -0.020000000 0.100000000 0.061000000
v -0.010000000 0.100000000 0.061000000
v 0.000000000 0.100000000 0.061000000
v 0.010000000 0.100000000 0.061000000
v 0.020000000 0.100000000 0.061000000
v 0.030000000 0.100000000 0.061000000
v 0.040000000 0.100000000 0.061000000
v 0.050000000 0.100000000 0.061000000
v 0.060000000 0.100000000 0.061000000
v 0.070000000 0.100000000 0.061000000
v 0.080000000 0.100000000 0.061000000
v 0.090000000 0.100000000 0.061000000
v 0.100000000 0.100000000 0.061000000
v 0.110000000 0.100000000 0.061000000
v 0.120000000 0.100000000 0.061000000
v 0.130000000 0.100000000 0.061000000
v 0.140000000 0.100000000 0.061000000
v 0.150000000 0.100000000 0.061000000
v 0.160000000 0.100000000 0.061000000
v -0.300000000 0.100000000 0.061000000
v -0.290000000 0.100000000 0.061000000
v -0.290000000 0.110000000 0.061000000
v -0.300000000 0.110000000 0.061000000
v -0.280000000 0.100000000 0.061000000
v -0.280000000 0.110000000 0.061000000
v -0.270000000 0.100000000 0.061000000
v -0.270000000 0.110000000 0.061000000
v -0.260000000 0.100000000 0.061000000
v -0.260000000 0.110000000 0.061000000
v -0.250000000 0.100000000 0.061000000
v -0.250000000 0.110000000 0.061000000
v -0.240000000 0.100000000 0.061000000
v -0.240000000 0.110000000 0.061000000
v -0.230000000 0.100000000 0.061000000
v -0.230000000 0.110000000 0.061000000
v -0.220000000 0.100000000 0.061000000
v -0.220000000 0.110000000 0.061000000
v -0.210000000 0.100000000 0.061000000
v -0.210000000 0.110000000 0.061000000
v -0.200000000 0.100000000 0.061000000
v -0.200000000 0.110000000 0.061000000
v -0.190000000 0.100000000 0.061000000
v -0.190000000 0.110000000 0.061000000
v -0.180000000 0.100000000 0.061000000
v -0.180000000 0.110000000 0.061000000
v -0.170000000 0.100000000 0.061000000
v -0.170000000 0.110000000 0.061000000
v -0.160000000 0.110000000 0.061000000
v -0.150000000 0.110000000 0.061000000
v -0.140000000 0.110000000 0.061000000
v -0.130000000 0.110000000 0.061000000
v -0.120000000 0.110000000 0.061000000
v -0.110000000 0.110000000 0.061000000
v -0.100000000 0.110000000 0.061000000
v -0.090000000 0.110000000 0.061000000
v -0.080000000 0.110000000 0.061000000
v -0.070000000 0.110000000 0.061000000
v -0.060000000 0.110000000 0.061000000
v -0.050000000 0.110000000 0.061000000
v -0.040000000 0.110000000 0.061000000
v -0.030000000 0.110000000 0.061000000
v -0.020000000 0.110000000 0.061000000
v -0.010000000 0.110000000 0.061000000
v 0.000000000 0.110000000 0.061000000
v 0.010000000 0.110000000 0.061000000
v 0.020000000 0.110000000 0.061000000
v 0.030000000 0.110000000 0.061000000
v 0.040000000 0.110000000 0.061000000
v 0.050000000 0.110000000 0.061000000
v 0.060000000 0.110000000 0.061000000
v 0.070000000 0.110000000 0.061000000
v 0.080000000 0.110000000 0.061000000
v 0.090000000 0.110000000 0.061000000
v 0.100000000 0.110000000 0.061000000
v 0.110000000 0.110000000 0.061000000
v 0.120000000 0.110000000 0.061000000
v 0.130000000 0.110000000 0.061000000
v 0.140000000 0.110000000 0.061000000
v 0.150000000 0.110000000 0.061000000
v 0.160000000 0.110000000 0.061000000
v 0.170000000 0.100000000 0.061000000
v 0.170000000 0.110000000 0.061000000
v 0.180000000 0.100000000 0.061000000
v 0.180000000 0.110000000 0.061000000
v 0.190000000 0.100000000 0.061000000
v 0.190000000 0.110000000 0.061000000
v 0.200000000 0.100000000 0.061000000
v 0.200000000 0.110000000 0.061000000
v 0.210000000 0.100000000 0.061000000
v 0.210000000 0.110000000 0.061000000
v 0.220000000 0.100000000 0.061000000
v 0.220000000 0.110000000 0.061000000
v 0.230000000 0.100000000 0.061000000
v 0.230000000 0.110000000 0.061000000
v 0.240000000 0.100000000 0.061000000
v 0.240000000 0.110000000 0.061000000
v 0.250000000 0.100000000 0.061000000
v 0.250000000 0.110000000 0.061000000
v 0.260000000 0.100000000 0.061000000
v 0.260000000 0.110000000 0.061000000
v 0.270000000 0.100000000 0.061000000
v 0.270000000 0.110000000 0.061000000
v 0.280000000 0.100000000 0.061000000
v 0.280000000 0.110000000 0.061000000
v 0.290000000 0.100000000 0.061000000
v 0.290000000 0.110000000 0.061000000
v 0.300000000 0.100000000 0.061000000
v 0.300000000 0.110000000 0.061000000
v -0.290000000 0.120000000 0.061000000
v -0.300000000 0.120000000 0.061000000
v -0.280000000 0.120000000 0.061000000
v -0.270000000 0.120000000 0.061000000
v -0.260000000 0.120000000 0.061000000
v -0.250000000 0.120000000 0.061000000
v -0.240000000 0.120000000 0.061000000
v -0.230000000 0.120000000 0.061000000
v -0.220000000 0.120000000 0.061000000
v -0.210000000 0.120000000 0.061000000
v -0.200000000 0.120000000 0.061000000
v -0.190000000 0.120000000 0.061000000
v -0.180000000 0.120000000 0.061000000
v -0.170000000 0.120000000 0.061000000
v -0.160000000 0.120000000 0.061000000
v -0.150000000 0.120000000 0.061000000
v -0.140000000 0.120000000 0.061000000
v -0.130000000 0.120000000 0.061000000
v -0.120000000 0.120000000 0.061000000
v -0.110000000 0.120000000 0.061000000
v -0.100000000 0.120000000 0.061000000
v -0.090000000 0.120000000 0.061000000
v -0.080000000 0.120000000 0.061000000
v -0.070000000 0.120000000 0.061000000
v -0.060000000 0.120000000 0.061000000
v -0.050000000 0.120000000 0.061000000
v -0.040000000 0.120000000 0.061000000
v -0.030000000 0.120000000 0.061000000
v -0.020000000 0.120000000 0.061000000
v -0.010000000 0.120000000 0.061000000
v 0.000000000 0.120000000 0.061000000
v 0.010000000 0.120000000 0.061000000
v 0.020000000 0.120000000 0.061000000
v 0.030000000 0.120000000 0.061000000
v 0.040000000 0.120000000 0.061000000
v 0.050000000 0.120000000 0.061000000
v 0.060000000 0.120000000 0.061000000
v 0.070000000 0.120000000 0.061000000
v 0.080000000 0.120000000 0.061000000
v 0.090000000 0.120000000 0.061000000
v 0.100000000 0.120000000 0.061000000
v 0.110000000 0.120000000 0.061000000
v 0.120000000 0.120000000 0.061000000
v 0.130000000 0.120000000 0.061000000
v 0.140000000 0.120000000 0.061000000
v 0.150000000 0.120000000 0.061000000
v 0.160000000 0.120000000 0.061000000
v 0.170000000 0.120000000 0.061000000
v 0.180000000 0.120000000 0.061000000
v 0.190000000 0.120000000 0.061000000
v 0.200000000 0.120000000 0.061000000
v 0.210000000 0.120000000 0.061000000
v 0.220000000 0.120000000 0.061000000
v 0.230000000 0.120000000 0.061000000
v 0.240000000 0.120000000 0.061000000
v 0.250000000 0.120000000 0.061000000
v 0.260000000 0.120000000 0.061000000
v 0.270000000 0.120000000 0.061000000
v 0.280000000 0.120000000 0.061000000
v 0.290000000 0.120000000 0.061000000
v 0.300000000 0.120000000 0.061000000
v -0.290000000 0.130000000 0.061000000
v -0.300000000 0.130000000 0.061000000
v -0.280000000 0.130000000 0.061000000
v -0.270000000 0.130000000 0.061000000
v -0.260000000 0.130000000 0.061000000
v -0.250000000 0.130000000 0.061000000
v -0.240000000 0.130000000 0.061000000
v -0.230000000 0.130000000 0.061000000
v -0.220000000 0.130000000 0.061000000
v -0.210000000 0.130000000 0.061000000
v -0.200000000 0.130000000 0.061000000
v -0.190000000 0.130000000 0.061000000
v -0.180000000 0.130000000 0.061000000
v -0.170000000 0.130000000 0.061000000
v -0.160000000 0.130000000 0.061000000
v -0.150000000 0.130000000 0.061000000
v -0.140000000 0.130000000 0.061000000
v -0.130000000 0.130000000 0.061000000
v -0.120000000 0.130000000 0.061000000
v -0.110000000 0.130000000 0.061000000
v -0.100000000 0.130000000 0.061000000
v -0.090000000 0.130000000 0.061000000
v -0.080000000 0.130000000 0.061000000
v -0.070000000 0.130000000 0.061000000
v -0.060000000 0.130000000 0.061000000
v -0.050000000 0.130000000 0.061000000
v -0.040000000 0.130000000 0.061000000
v -0.030000000 0.130000000 0.061000000
v -0.020000000 0.130000000 0.061000000
v -0.010000000 0.130000000 0.061000000
v 0.000000000 0.130000000 0.061000000
v 0.010000000 0.130000000 0.061000000
v 0.020000000 0.130000000 0.061000000
v 0.030000000 0.130000000 0.061000000
v 0.040000000 0.130000000 0.061000000
v 0.050000000 0.130000000 0.061000000
v 0.060000000 0.130000000 0.061000000
v 0.070000000 0.130000000 0.061000000
v 0.080000000 0.130000000 0.061000000
v 0.090000000 0.130000000 0.061000000
v 0.100000000 0.130000000 0.061000000
v 0.110000000 0.130000000 0.061000000
v 0.120000000 0.130000000 0.061000000
v 0.130000000 0.130000000 0.061000000
v 0.140000000 0.130000000 0.061000000
v 0.150000000 0.130000000 0.061000000
v 0.160000000 0.130000000 0.061000000
v 0.170000000 0.130000000 0.061000000
v 0.180000000 0.130000000 0.061000000
v 0.190000000 0.130000000 0.061000000
v 0.200000000 0.130000000 0.061000000
v 0.210000000 0.130000000 0.061000000
v 0.220000000 0.130000000 0.061000000
v 0.230000000 0.130000000 0.061000000
v 0.240000000 0.130000000 0.061000000
v 0.250000000 0.130000000 0.061000000
v 0.260000000 0.130000000 0.061000000
v 0.270000000 0.130000000 0.061000000
v 0.280000000 0.130000000 0.061000000
v 0.290000000 0.130000000 0.061000000
v 0.300000000 0.130000000 0.061000000
v -0.290000000 0.140000000 0.061000000
v -0.300000000 0.140000000 0.061000000
v -0.280000000 0.140000000 0.061000000
v -0.270000000 0.140000000 0.061000000
v -0.260000000 0.140000000 0.061000000
v -0.250000000 0.140000000 0.061000000
v -0.240000000 0.140000000 0.061000000
v -0.230000000 0.140000000 0.061000000
v -0.220000000 0.140000000 0.061000000
v -0.210000000 0.140000000 0.061000000
v -0.200000000 0.140000000 0.061000000
v -0.190000000 0.140000000 0.061000000
v -0.180000000 0.140000000 0.061000000
v -0.170000000 0.140000000 0.061000000
v -0.160000000 0.140000000 0.061000000
v -0.150000000 0.140000000 0.061000000
v -0.140000000 0.140000000 0.061000000
v -0.130000000 0.140000000 0.061000000
v -0.120000000 0.140000000 0.061000000
v -0.110000000 0.140000000 0.061000000
v -0.100000000 0.140000000 0.061000000
v -0.090000000 0.140000000 0.061000000
v -0.080000000 0.140000000 0.061000000
v -0.070000000 0.140000000 0.061000000
v -0.060000000 0.140000000 0.061000000
v -0.050000000 0.140000000 0.061000000
v -0.040000000 0.140000000 0.061000000
v -0.030000000 0.140000000 0.061000000
v -0.020000000 0.140000000 0.061000000
v -0.010000000 0.140000000 0.061000000
v 0.000000000 0.140000000 0.061000000
v 0.010000000 0.140000000 0.061000000
v 0.020000000 0.140000000 0.061000000
v 0.030000000 0.140000000 0.061000000
v 0.040000000 0.140000000 0.061000000
v 0.050000000 0.140000000 0.061000000
v 0.060000000 0.140000000 0.061000000
v 0.070000000 0.140000000 0.061000000
v 0.080000000 0.140000000 0.061000000
v 0.090000000 0.140000000 0.061000000
v 0.100000000 0.140000000 0.061000000
v 0.110000000 0.140000000 0.061000000
v 0.120000000 0.140000000 0.061000000
v 0.130000000 0.140000000 0.061000000
v 0.140000000 0.140000000 0.061000000
v 0.150000000 0.140000000 0.061000000
v 0.160000000 0.140000000 0.061000000
v 0.170000000 0.140000000 0.061000000
v 0.180000000 0.140000000 0.061000000
v 0.190000000 0.140000000 0.061000000
v 0.200000000 0.140000000 0.061000000
v 0.210000000 0.140000000 0.061000000
v 0.220000000 0.140000000 0.061000000
v 0.230000000 0.140000000 0.061000000
v 0.240000000 0.140000000 0.061000000
v 0.250000000 0.140000000 0.061000000
v 0.260000000 0.140000000 0.061000000
v 0.270000000 0.140000000 0.061000000
v 0.280000000 0.140000000 0.061000000
v 0.290000000 0.140000000 0.061000000
v 0.300000000 0.140000000 0.061000000
v -0.290000000 0.150000000 0.061000000
v -0.300000000 0.150000000 0.061000000
v -0.280000000 0.150000000 0.061000000
v -0.270000000 0.150000000 0.061000000
v -0.260000000 0.150000000 0.061000000
v -0.250000000 0.150000000 0.061000000
v -0.240000000 0.150000000 0.061000000
v -0.230000000 0.150000000 0.061000000
v -0.220000000 0.150000000 0.061000000
v -0.210000000 0.150000000 0.061000000
v -0.200000000 0.150000000 0.061000000
v -0.190000000 0.150000000 0.061000000
v -0.180000000 0.150000000 0.061000000
v -0.170000000 0.150000000 0.061000000
v -0.160000000 0.150000000 0.061000000
v -0.150000000 0.150000000 0.061000000
v -0.140000000 0.150000000 0.061000000
v -0.130000000 0.150000000 0.061000000
v -0.120000000 0.150000000 0.061000000
v -0.110000000 0.150000000 0.061000000
v -0.100000000 0.150000000 0.061000000
v -0.090000000 0.150000000 0.061000000
v -0.080000000 0.150000000 0.061000000
v -0.070000000 0.150000000 0.061000000
v -0.060000000 0.150000000 0.061000000
v -0.050000000 0.150000000 0.061000000
v -0.040000000 0.150000000 0.061000000
v -0.030000000 0.150000000 0.061000000
v -0.020000000 0.150000000 0.061000000
v -0.010000000 0.150000000 0.061000000
v 0.000000000 0.150000000 0.061000000
v 0.010000000 0.150000000 0.061000000
v 0.020000000 0.150000000 0.061000000
v 0.030000000 0.150000000 0.061000000
v 0.040000000 0.150000000 0.061000000
v 0.050000000 0.150000000 0.061000000
v 0.060000000 0.150000000 0.061000000
v 0.070000000 0.150000000 0.061000000
v 0.080000000 0.150000000 0.061000000
v 0.090000000 0.150000000 0.061000000
v 0.100000000 0.150000000 0.061000000
v 0.110000000 0.150000000 0.061000000
v 0.120000000 0.150000000 0.061000000
v 0.130000000 0.150000000 0.061000000
v 0.140000000 0.150000000 0.061000000
v 0.150000000 0.150000000 0.061000000
v 0.160000000 0.150000000 0.061000000
v 0.170000000 0.150000000 0.061000000
v 0.180000000 0.150000000 0.061000000
v 0.190000000 0.150000000 0.061000000
v 0.200000000 0.150000000 0.061000000
v 0.210000000 0.150000000 0.061000000
v 0.220000000 0.150000000 0.061000000
v 0.230000000 0.150000000 0.061000000
v 0.240000000 0.150000000 0.061000000
v 0.250000000 0.150000000 0.061000000
v 0.260000000 0.150000000 0.061000000
v 0.270000000 0.150000000 0.061000000
v 0.280000000 0.150000000 0.061000000
v 0.290000000 0.150000000 0.061000000
v 0.300000000 0.150000000 0.061000000
v -0.290000000 0.160000000 0.061000000
v -0.300000000 0.160000000 0.061000000
v -0.280000000 0.160000000 0.061000000
v -0.270000000 0.160000000 0.061000000
v -0.260000000 0.160000000 0.061000000
v -0.250000000 0.160000000 0.061000000
v -0.240000000 0.160000000 0.061000000
v -0.230000000 0.160000000 0.061000000
v -0.220000000 0.160000000 0.061000000
v -0.210000000 0.160000000 0.061000000
v -0.200000000 0.160000000 0.061000000
v -0.190000000 0.160000000 0.061000000
v -0.180000000 0.160000000 0.061000000
v -0.170000000 0.160000000 0.061000000
v -0.160000000 0.160000000 0.061000000
v -0.150000000 0.160000000 0.061000000
v -0.140000000 0.160000000 0.061000000
v -0.130000000 0.160000000 0.061000000
v -0.120000000 0.160000000 0.061000000
v -0.110000000 0.160000000 0.061000000
v -0.100000000 0.160000000 0.061000000
v -0.090000000 0.160000000 0.061000000
v -0.080000000 0.160000000 0.061000000
v -0.070000000 0.160000000 0.061000000
v -0.060000000 0.160000000 0.061000000
v -0.050000000 0.160000000 0.061000000
v -0.040000000 0.160000000 0.061000000
v -0.030000000 0.160000000 0.061000000
v -0.020000000 0.160000000 0.061000000
v -0.010000000 0.160000000 0.061000000
v 0.000000000 0.160000000 0.061000000
v 0.010000000 0.160000000 0.061000000
v 0.020000000 0.160000000 0.061000000
v 0.030000000 0.160000000 0.061000000
v 0.040000000 0.160000000 0.061000000
v 0.050000000 0.160000000 0.061000000
v 0.060000000 0.160000000 0.061000000
v 0.070000000 0.160000000 0.061000000
v 0.080000000 0.160000000 0.061000000
v 0.090000000 0.160000000 0.061000000
v 0.100000000 0.160000000 0.061000000
v 0.110000000 0.160000000 0.061000000
v 0.120000000 0.160000000 0.061000000
v 0.130000000 0.160000000 0.061000000
v 0.140000000 0.160000000 0.061000000
v 0.150000000 0.160000000 0.061000000
v 0.160000000 0.160000000 0.061000000
v 0.170000000 0.160000000 0.061000000
v 0.180000000 0.160000000 0.061000000
v 0.190000000 0.160000000 0.061000000
v 0.200000000 0.160000000 0.061000000
v 0.210000000 0.160000000 0.061000000
v 0.220000000 0.160000000 0.061000000
v 0.230000000 0.160000000 0.061000000
v 0.240000000 0.160000000 0.061000000
v 0.250000000 0.160000000 0.061000000
v 0.260000000 0.160000000 0.061000000
v 0.270000000 0.160000000 0.061000000
v 0.280000000 0.160000000 0.061000000
v 0.290000000 0.160000000 0.061000000
v 0.300000000 0.160000000 0.061000000
v -0.290000000 0.170000000 0.061000000
v -0.300000000 0.170000000 0.061000000
v -0.280000000 0.170000000 0.061000000
v -0.270000000 0.170000000 0.061000000
v -0.260000000 0.170000000 0.061000000
v -0.250000000 0.170000000 0.061000000
v -0.240000000 0.170000000 0.061000000
v -0.230000000 0.170000000 0.061000000
v -0.220000000 0.170000000 0.061000000
v -0.210000000 0.170000000 0.061000000
v -0.200000000 0.170000000 0.061000000
v -0.190000000 0.170000000 0.061000000
v -0.180000000 0.170000000 0.061000000
v -0.170000000 0.170000000 0.061000000
v -0.160000000 0.170000000 0.061000000
v -0.150000000 0.170000000 0.061000000
v -0.140000000 0.170000000 0.061000000
v -0.130000000 0.170000000 0.061000000
v -0.120000000 0.170000000 0.061000000
v -0.110000000 0.170000000 0.061000000
v -0.100000000 0.170000000 0.061000000
v -0.090000000 0.170000000 0.061000000
v -0.080000000 0.170000000 0.061000000
v -0.070000000 0.170000000 0.061000000
v -0.060000000 0.170000000 0.061000000
v -0.050000000 0.170000000 0.061000000
v -0.040000000 0.170000000 0.061000000
v -0.030000000 0.170000000 0.061000000
v 0.040000000 0.170000000 0.061000000
v 0.030000000 0.170000000 0.061000000
v 0.050000000 0.170000000 0.061000000
v 0.060000000 0.170000000 0.061000000
v 0.070000000 0.170000000 0.061000000
v 0.080000000 0.170000000 0.061000000
v 0.090000000 0.170000000 0.061000000
v 0.100000000 0.170000000 0.061000000
v 0.110000000 0.170000000 0.061000000
v 0.120000000 0.170000000 0.061000000
v 0.130000000 0.170000000 0.061000000
v 0.140000000 0.170000000 0.061000000
v 0.150000000 0.170000000 0.061000000
v 0.160000000 0.170000000 0.061000000
v 0.170000000 0.170000000 0.061000000
v 0.180000000 0.170000000 0.061000000
v 0.190000000 0.170000000 0.061000000
v 0.200000000 0.170000000 0.061000000
v 0.210000000 0.170000000 0.061000000
v 0.220000000 0.170000000 0.061000000
v 0.230000000 0.170000000 0.061000000
v 0.240000000 0.170000000 0.061000000
v 0.250000000 0.170000000 0.061000000
v 0.260000000 0.170000000 0.061000000
v 0.270000000 0.170000000 0.061000000
v 0.280000000 0.170000000 0.061000000
v 0.290000000 0.170000000 0.061000000
v 0.300000000 0.170000000 0.061000000
v -0.290000000 0.180000000 0.061000000
v -0.300000000 0.180000000 0.061000000
v -0.280000000 0.180000000 0.061000000
v -0.270000000 0.180000000 0.061000000
v -0.260000000 0.180000000 0.061000000
v -0.250000000 0.180000000 0.061000000
v -0.240000000 0.180000000 0.061000000
v -0.230000000 0.180000000 0.061000000
v -0.220000000 0.180000000 0.061000000
v -0.210000000 0.180000000 0.061000000
v -0.200000000 0.180000000 0.061000000
v -0.190000000 0.180000000 0.061000000
v -0.180000000 0.180000000 0.061000000
v -0.170000000 0.180000000 0.061000000
v -0.160000000 0.180000000 0.061000000
v -0.150000000 0.180000000 0.061000000
v -0.140000000 0.180000000 0.061000000
v -0.130000000 0.180000000 0.061000000
v -0.120000000 0.180000000 0.061000000
v -0.110000000 0.180000000 0.061000000
v -0.100000000 0.180000000 0.061000000
v -0.090000000 0.180000000 0.061000000
v -0.080000000 0.180000000 0.061000000
v -0.070000000 0.180000000 0.061000000
v -0.060000000 0.180000000 0.061000000
v -0.050000000 0.180000000 0.061000000
v -0.040000000 0.180000000 0.061000000
v 0.050000000 0.180000000 0.061000000
v 0.040000000 0.180000000 0.061000000
v 0.060000000 0.180000000 0.061000000
v 0.070000000 0.180000000 0.061000000
v 0.080000000 0.180000000 0.061000000
v 0.090000000 0.180000000 0.061000000
v 0.100000000 0.180000000 0.061000000
v 0.110000000 0.180000000 0.061000000
v 0.120000000 0.180000000 0.061000000
v 0.130000000 0.180000000 0.061000000
v 0.140000000 0.180000000 0.061000000
v 0.150000000 0.180000000 0.061000000
v 0.160000000 0.180000000 0.061000000
v 0.170000000 0.180000000 0.061000000
v 0.180000000 0.180000000 0.061000000
v 0.190000000 0.180000000 0.061000000
v 0.200000000 0.180000000 0.061000000
v 0.210000000 0.180000000 0.061000000
v 0.220000000 0.180000000 0.061000000
v 0.230000000 0.180000000 0.061000000
v 0.240000000 0.180000000 0.061000000
v 0.250000000 0.180000000 0.061000000
v 0.260000000 0.180000000 0.061000000
v 0.270000000 0.180000000 0.061000000
v 0.280000000 0.180000000 0.061000000
v 0.290000000 0.180000000 0.061000000
v 0.300000000 0.180000000 0.061000000
v -0.290000000 0.190000000 0.061000000
v -0.300000000 0.190000000 0.061000000
v -0.280000000 0.190000000 0.061000000
v -0.270000000 0.190000000 0.061000000
v -0.260000000 0.190000000 0.061000000
v -0.250000000 0.190000000 0.061000000
v -0.240000000 0.190000000 0.061000000
v -0.230000000 0.190000000 0.061000000
v -0.220000000 0.190000000 0.061000000
v -0.210000000 0.190000000 0.061000000
v -0.200000000 0.190000000 0.061000000
v -0.190000000 0.190000000 0.061000000
v -0.180000000 0.190000000 0.061000000
v -0.170000000 0.190000000 0.061000000
v -0.160000000 0.190000000 0.061000000
v -0.150000000 0.190000000 0.061000000
v -0.140000000 0.190000000 0.061000000
v -0.130000000 0.190000000 0.061000000
v -0.120000000 0.190000000 0.061000000
v -0.110000000 0.190000000 0.061000000
v -0.100000000 0.190000000 0.061000000
v -0.090000000 0.190000000 0.061000000
v -0.080000000 0.190000000 0.061000000
v -0.070000000 0.190000000 0.061000000
v -0.060000000 0.190000000 0.061000000
v -0.050000000 0.190000000 0.061000000
v 0.060000000 0.190000000 0.061000000
v 0.050000000 0.190000000 0.061000000
v 0.070000000 0.190000000 0.061000000
v 0.080000000 0.190000000 0.061000000
v 0.090000000 0.190000000 0.061000000
v 0.100000000 0.190000000 0.061000000
v 0.110000000 0.190000000 0.061000000
v 0.120000000 0.190000000 0.061000000
v 0.130000000 0.190000000 0.061000000
v 0.140000000 0.190000000 0.061000000
v 0.150000000 0.190000000 0.061000000
v 0.160000000 0.190000000 0.061000000
v 0.170000000 0.190000000 0.061000000
v 0.180000000 0.190000000 0.061000000
v 0.190000000 0.190000000 0.061000000
v 0.200000000 0.190000000 0.061000000
v 0.210000000 0.190000000 0.061000000
v 0.220000000 0.190000000 0.061000000
v 0.230000000 0.190000000 0.061000000
v 0.240000000 0.190000000 0.061000000
v 0.250000000 0.190000000 0.061000000
v 0.260000000 0.190000000 0.061000000
v 0.270000000 0.190000000 0.061000000
v 0.280000000 0.190000000 0.061000000
v 0.290000000 0.190000000 0.061000000
v 0.300000000 0.190000000 0.061000000
v -0.290000000 0.200000000 0.061000000
v -0.300000000 0.200000000 0.061000000
v -0.280000000 0.200000000 0.061000000
v -0.270000000 0.200000000 0.061000000
v -0.260000000 0.200000000 0.061000000
v -0.250000000 0.200000000 0.061000000
v -0.240000000 0.200000000 0.061000000
v -0.230000000 0.200000000 0.061000000
v -0.220000000 0.200000000 0.061000000
v -0.210000000 0.200000000 0.061000000
v -0.200000000 0.200000000 0.061000000
v -0.190000000 0.200000000 0.061000000
v -0.180000000 0.200000000 0.061000000
v -0.170000000 0.200000000 0.061000000
v -0.160000000 0.200000000 0.061000000
v -0.150000000 0.200000000 0.061000000
v -0.140000000 0.200000000 0.061000000
v -0.130000000 0.200000000 0.061000000
v -0.120000000 0.200000000 0.061000000
v -0.110000000 0.200000000 0.061000000
v -0.100000000 0.200000000 0.061000000
v -0.090000000 0.200000000 0.061000000
v -0.080000000 0.200000000 0.061000000
v -0.070000000 0.200000000 0.061000000
v -0.060000000 0.200000000 0.061000000
v 0.070000000 0.200000000 0.061000000
v 0.060000000 0.200000000 0.061000000
v 0.080000000 0.200000000 0.061000000
v 0.090000000 0.200000000 0.061000000
v 0.100000000 0.200000000 0.061000000
v 0.110000000 0.200000000 0.061000000
v 0.120000000 0.200000000 0.061000000
v 0.130000000 0.200000000 0.061000000
v 0.140000000 0.200000000 0.061000000
v 0.150000000 0.200000000 0.061000000
v 0.160000000 0.200000000 0.061000000
v 0.170000000 0.200000000 0.061000000
v 0.180000000 0.200000000 0.061000000
v 0.190000000 0.200000000 0.061000000
v 0.200000000 0.200000000 0.061000000
v 0.210000000 0.200000000 0.061000000
v 0.220000000 0.200000000 0.061000000
v 0.230000000 0.200000000 0.061000000
v 0.240000000 0.200000000 0.061000000
v 0.250000000 0.200000000 0.061000000
v 0.260000000 0.200000000 0.061000000
v 0.270000000 0.200000000 0.061000000
v 0.280000000 0.200000000 0.061000000
v 0.290000000 0.200000000 0.061000000
v 0.300000000 0.200000000 0.061000000
v -0.290000000 0.210000000 0.061000000
v -0.300000000 0.210000000 0.061000000
v -0.280000000 0.210000000 0.061000000
v -0.270000000 0.210000000 0.061000000
v -0.260000000 0.210000000 0.061000000
v -0.250000000 0.210000000 0.061000000
v -0.240000000 0.210000000 0.061000000
v -0.230000000 0.210000000 0.061000000
v -0.220000000 0.210000000 0.061000000
v -0.210000000 0.210000000 0.061000000
v -0.200000000 0.210000000 0.061000000
v -0.190000000 0.210000000 0.061000000
v -0.180000000 0.210000000 0.061000000
v -0.170000000 0.210000000 0.061000000
v -0.160000000 0.210000000 0.061000000
v -0.150000000 0.210000000 0.061000000
v -0.140000000 0.210000000 0.061000000
v -0.130000000 0.210000000 0.061000000
v -0.120000000 0.210000000 0.061000000
v -0.110000000 0.210000000 0.061000000
v -0.100000000 0.210000000 0.061000000
v -0.090000000 0.210000000 0.061000000
v -0.080000000 0.210000000 0.061000000
v -0.070000000 0.210000000 0.061000000
v -0.060000000 0.210000000 0.061000000
v 0.070000000 0.210000000 0.061000000
v 0.060000000 0.210000000 0.061000000
v 0.080000000 0.210000000 0.061000000
v 0.090000000 0.210000000 0.061000000
v 0.100000000 0.210000000 0.061000000
v 0.110000000 0.210000000 0.061000000
v 0.120000000 0.210000000 0.061000000
v 0.130000000 0.210000000 0.061000000
v 0.140000000 0.210000000 0.061000000
v 0.150000000 0.210000000 0.061000000
v 0.160000000 0.210000000 0.061000000
v 0.170000000 0.210000000 0.061000000
v 0.180000000 0.210000000 0.061000000
v 0.190000000 0.210000000 0.061000000
v 0.200000000 0.210000000 0.061000000
v 0.210000000 0.210000000 0.061000000
v 0.220000000 0.210000000 0.061000000
v 0.230000000 0.210000000 0.061000000
v 0.240000000 0.210000000 0.061000000
v 0.250000000 0.210000000 0.061000000
v 0.260000000 0.210000000 0.061000000
v 0.270000000 0.210000000 0.061000000
v 0.280000000 0.210000000 0.061000000
v 0.290000000 0.210000000 0.061000000
v 0.300000000 0.210000000 0.061000000
v -0.290000000 0.220000000 0.061000000
v -0.300000000 0.220000000 0.061000000
v -0.280000000 0.220000000 0.061000000
v -0.270000000 0.220000000 0.061000000
v -0.260000000 0.220000000 0.061000000
v -0.250000000 0.220000000 0.061000000
v -0.240000000 0.220000000 0.061000000
v -0.230000000 0.220000000 0.061000000
v -0.220000000 0.220000000 0.061000000
v -0.210000000 0.220000000 0.061000000
v -0.200000000 0.220000000 0.061000000
v -0.190000000 0.220000000 0.061000000
v -0.180000000 0.220000000 0.061000000
v -0.170000000 0.220000000 0.061000000
v -0.160000000 0.220000000 0.061000000
v -0.150000000 0.220000000 0.061000000
v -0.140000000 0.220000000 0.061000000
v -0.130000000 0.220000000 0.061000000
v -0.120000000 0.220000000 0.061000000
v -0.110000000 0.220000000 0.061000000
v -0.100000000 0.220000000 0.061000000
v -0.090000000 0.220000000 0.061000000
v -0.080000000 0.220000000 0.061000000
v -0.070000000 0.220000000 0.061000000
v -0.060000000 0.220000000 0.061000000
v 0.070000000 0.220000000 0.061000000
v 0.060000000 0.220000000 0.061000000
v 0.080000000 0.220000000 0.061000000
v 0.090000000 0.220000000 0.061000000
v 0.100000000 0.220000000 0.061000000
v 0.110000000 0.220000000 0.061000000
v 0.120000000 0.220000000 0.061000000
v 0.130000000 0.220000000 0.061000000
v 0.140000000 0.220000000 0.061000000
v 0.150000000 0.220000000 0.061000000
v 0.160000000 0.220000000 0.061000000
v 0.170000000 0.220000000 0.061000000
v 0.180000000 0.220000000 0.061000000
v 0.190000000 0.220000000 0.061000000
v 0.200000000 0.220000000 0.061000000
v 0.210000000 0.220000000 0.061000000
v 0.220000000 0.220000000 0.061000000
v 0.230000000 0.220000000 0.061000000
v 0.240000000 0.220000000 0.061000000
v 0.250000000 0.220000000 0.061000000
v 0.260000000 0.220000000 0.061000000
v 0.270000000 0.220000000 0.061000000
v 0.280000000 0.220000000 0.061000000
v 0.290000000 0.220000000 0.061000000
v 0.300000000 0.220000000 0.061000000
vt 0.233333333 0.000000000
vt 0.250000000 0.000000000
vt 0.250000000 0.022727273
vt 0.233333333 0.022727273
vt 0.266666667 0.000000000
vt 0.266666667 0.022727273
vt 0.283333333 0.000000000
vt 0.283333333 0.022727273
vt 0.300000000 0.000000000
vt 0.300000000 0.022727273
vt 0.316666667 0.000000000
vt 0.316666667 0.022727273
vt 0.333333333 0.000000000
vt 0.333333333 0.022727273
vt 0.350000000 0.000000000
vt 0.350000000 0.022727273
vt 0.366666667 0.000000000
vt 0.366666667 0.022727273
vt 0.383333333 0.000000000
vt 0.383333333 0.022727273
vt 0.400000000 0.000000000
vt 0.400000000 0.022727273
vt 0.416666667 0.000000000
vt 0.416666667 0.022727273
vt 0.433333333 0.000000000
vt 0.433333333 0.022727273
vt 0.450000000 0.000000000
vt 0.450000000 0.022727273
vt 0.466666667 0.000000000
vt 0.466666667 0.022727273
vt 0.483333333 0.000000000
vt 0.483333333 0.022727273
vt 0.500000000 0.000000000
vt 0.500000000 0.022727273
vt 0.516666667 0.000000000
vt 0.516666667 0.022727273
vt 0.533333333 0.000000000
vt 0.533333333 0.022727273
vt 0.550000000 0.000000000
vt 0.550000000 0.022727273
vt 0.566666667 0.000000000
vt 0.566666667 0.022727273
vt 0.583333333 0.000000000
vt 0.583333333 0.022727273
vt 0.600000000 0.000000000
vt 0.600000000 0.022727273
vt 0.616666667 0.000000000
vt 0.616666667 0.022727273
vt 0.633333333 0.000000000
vt 0.633333333 0.022727273
vt 0.650000000 0.000000000
vt 0.650000000 0.022727273
vt 0.666666667 0.000000000
vt 0.666666667 0.022727273
vt 0.683333333 0.000000000
vt 0.683333333 0.022727273
vt 0.700000000 0.000000000
vt 0.700000000 0.022727273
vt 0.716666667 0.000000000
vt 0.716666667 0.022727273
vt 0.733333333 0.000000000
vt 0.733333333 0.022727273
vt 0.750000000 0.000000000
vt 0.750000000 0.022727273
vt 0.766666667 0.000000000
vt 0.766666667 0.022727273
vt 0.250000000 0.045454545
vt 0.233333333 0.045454545
vt 0.266666667 0.045454545
vt 0.283333333 0.045454545
vt 0.300000000 0.045454545
vt 0.316666667 0.045454545
vt 0.333333333 0.045454545
vt 0.350000000 0.045454545
vt 0.366666667 0.045454545
vt 0.383333333 0.045454545
vt 0.400000000 0.045454545
vt 0.416666667 0.045454545
vt 0.433333333 0.045454545
vt 0.450000000 0.045454545
vt 0.466666667 0.045454545
vt 0.483333333 0.045454545
vt 0.500000000 0.045454545
vt 0.516666667 0.045454545
vt 0.533333333 0.045454545
vt 0.550000000 0.045454545
vt 0.566666667 0.045454545
vt 0.583333333 0.045454545
vt 0.600000000 0.045454545
vt 0.616666667 0.045454545
vt 0.633333333 0.045454545
vt 0.650000000 0.045454545
vt 0.666666667 0.045454545
vt 0.683333333 0.045454545
vt 0.700000000 0.045454545
vt 0.716666667 0.045454545
vt 0.733333333 0.045454545
vt 0.750000000 0.045454545
vt 0.766666667 0.045454545
vt 0.250000000 0.068181818
vt 0.233333333 0.068181818
vt 0.266666667 0.068181818
vt 0.283333333 0.068181818
vt 0.300000000 0.068181818
vt 0.316666667 0.068181818
vt 0.333333333 0.068181818
vt 0.350000000 0.068181818
vt 0.366666667 0.068181818
vt 0.383333333 0.068181818
vt 0.400000000 0.068181818
vt 0.416666667 0.068181818
vt 0.433333333 0.068181818
vt 0.450000000 0.068181818
vt 0.466666667 0.068181818
vt 0.483333333 0.068181818
vt 0.500000000 0.068181818
vt 0.516666667 0.068181818
vt 0.533333333 0.068181818
vt 0.550000000 0.068181818
vt 0.566666667 0.068181818
vt 0.583333333 0.068181818
vt 0.600000000 0.068181818
vt 0.616666667 0.068181818
vt 0.633333333 0.068181818
vt 0.650000000 0.068181818
vt 0.666666667 0.068181818
vt 0.683333333 0.068181818
vt 0.700000000 0.068181818
vt 0.716666667 0.068181818
vt 0.733333333 0.068181818
vt 0.750000000 0.068181818
vt 0.766666667 0.068181818
vt 0.250000000 0.090909091
vt 0.233333333 0.090909091
vt 0.266666667 0.090909091
vt 0.283333333 0.090909091
vt 0.300000000 0.090909091
vt 0.316666667 0.090909091
vt 0.333333333 0.090909091
vt 0.350000000 0.090909091
vt 0.366666667 0.090909091
vt 0.383333333 0.090909091
vt 0.400000000 0.090909091
vt 0.416666667 0.090909091
vt 0.433333333 0.090909091
vt 0.450000000 0.090909091
vt 0.466666667 0.090909091
vt 0.483333333 0.090909091
vt 0.500000000 0.090909091
vt 0.516666667 0.090909091
vt 0.533333333 0.090909091
vt 0.550000000 0.090909091
vt 0.566666667 0.090909091
vt 0.583333333 0.090909091
vt 0.600000000 0.090909091
vt 0.616666667 0.090909091
vt 0.633333333 0.090909091
vt 0.650000000 0.090909091
vt 0.666666667 0.090909091
vt 0.683333333 0.090909091
vt 0.700000000 0.090909091
vt 0.716666667 0.090909091
vt 0.733333333 0.090909091
vt 0.750000000 0.090909091
vt 0.766666667 0.090909091
vt 0.250000000 0.113636364
vt 0.233333333 0.113636364
vt 0.266666667 0.113636364
vt 0.283333333 0.113636364
vt 0.300000000 0.113636364
vt 0.316666667 0.113636364
vt 0.333333333 0.113636364
vt 0.350000000 0.113636364
vt 0.366666667 0.113636364
vt 0.383333333 0.113636364
vt 0.400000000 0.113636364
vt 0.416666667 0.113636364
vt 0.433333333 0.113636364
vt 0.450000000 0.113636364
vt 0.466666667 0.113636364
vt 0.483333333 0.113636364
vt 0.500000000 0.113636364
vt 0.516666667 0.113636364
vt 0.533333333 0.113636364
vt 0.550000000 0.113636364
vt 0.566666667 0.113636364
vt 0.583333333 0.113636364
vt 0.600000000 0.113636364
vt 0.616666667 0.113636364
vt 0.633333333 0.113636364
vt 0.650000000 0.113636364
vt 0.666666667 0.113636364
vt 0.683333333 0.113636364
vt 0.700000000 0.113636364
vt 0.716666667 0.113636364
vt 0.733333333 0.113636364
vt 0.750000000 0.113636364
vt 0.766666667 0.113636364
vt 0.250000000 0.136363636
vt 0.233333333 0.136363636
vt 0.266666667 0.136363636
vt 0.283333333 0.136363636
vt 0.300000000 0.136363636
vt 0.316666667 0.136363636
vt 0.333333333 0.136363636
vt 0.350000000 0.136363636
vt 0.366666667 0.136363636
vt 0.383333333 0.136363636
vt 0.400000000 0.136363636
vt 0.416666667 0.136363636
vt 0.433333333 0.136363636
vt 0.450000000 0.136363636
vt 0.466666667 0.136363636
vt 0.483333333 0.136363636
vt 0.500000000 0.136363636
vt 0.516666667 0.136363636
vt 0.533333333 0.136363636
vt 0.550000000 0.136363636
vt 0.566666667 0.136363636
vt 0.583333333 0.136363636
vt 0.600000000 0.136363636
vt 0.616666667 0.136363636
vt 0.633333333 0.136363636
vt 0.650000000 0.136363636
vt 0.666666667 0.136363636
vt 0.683333333 0.136363636
vt 0.700000000 0.136363636
vt 0.716666667 0.136363636
vt 0.733333333 0.136363636
vt 0.750000000 0.136363636
vt 0.766666667 0.136363636
vt 0.250000000 0.159090909
vt 0.233333333 0.159090909
vt 0.266666667 0.159090909
vt 0.283333333 0.159090909
vt 0.300000000 0.159090909
vt 0.316666667 0.159090909
vt 0.333333333 0.159090909
vt 0.350000000 0.159090909
vt 0.366666667 0.159090909
vt 0.383333333 0.159090909
vt 0.400000000 0.159090909
vt 0.416666667 0.159090909
vt 0.433333333 0.159090909
vt 0.450000000 0.159090909
vt 0.466666667 0.159090909
vt 0.483333333 0.159090909
vt 0.500000000 0.159090909
vt 0.516666667 0.159090909
vt 0.533333333 0.159090909
vt 0.550000000 0.159090909
vt 0.566666667 0.159090909
vt 0.583333333 0.159090909
vt 0.600000000 0.159090909
vt 0.616666667 0.159090909
vt 0.633333333 0.159090909
vt 0.650000000 0.159090909
vt 0.666666667 0.159090909
vt 0.683333333 0.159090909
vt 0.700000000 0.159090909
vt 0.716666667 0.159090909
vt 0.733333333 0.159090909
vt 0.750000000 0.159090909
vt 0.766666667 0.159090909
vt 0.250000000 0.181818182
vt 0.233333333 0.181818182
vt 0.266666667 0.181818182
vt 0.283333333 0.181818182
vt 0.300000000 0.181818182
vt 0.316666667 0.181818182
vt 0.333333333 0.181818182
vt 0.350000000 0.181818182
vt 0.366666667 0.181818182
vt 0.383333333 0.181818182
vt 0.400000000 0.181818182
vt 0.416666667 0.181818182
vt 0.433333333 0.181818182
vt 0.450000000 0.181818182
vt 0.466666667 0.181818182
vt 0.483333333 0.181818182
vt 0.500000000 0.181818182
vt 0.516666667 0.181818182
vt 0.533333333 0.181818182
vt 0.550000000 0.181818182
vt 0.566666667 0.181818182
vt 0.583333333 0.181818182
vt 0.600000000 0.181818182
vt 0.616666667 0.181818182
vt 0.633333333 0.181818182
vt 0.650000000 0.181818182
vt 0.666666667 0.181818182
vt 0.683333333 0.181818182
vt 0.700000000 0.181818182
vt 0.716666667 0.181818182
vt 0.733333333 0.181818182
vt 0.750000000 0.181818182
vt 0.766666667 0.181818182
vt 0.250000000 0.204545455
vt 0.233333333 0.204545455
vt 0.266666667 0.204545455
vt 0.283333333 0.204545455
vt 0.300000000 0.204545455
vt 0.316666667 0.204545455
vt 0.333333333 0.204545455
vt 0.350000000 0.204545455
vt 0.366666667 0.204545455
vt 0.383333333 0.204545455
vt 0.400000000 0.204545455
vt 0.416666667 0.204545455
vt 0.433333333 0.204545455
vt 0.450000000 0.204545455
vt 0.466666667 0.204545455
vt 0.483333333 0.204545455
vt 0.500000000 0.204545455
vt 0.516666667 0.204545455
vt 0.533333333 0.204545455
vt 0.550000000 0.204545455
vt 0.566666667 0.204545455
vt 0.583333333 0.204545455
vt 0.600000000 0.204545455
vt 0.616666667 0.204545455
vt 0.633333333 0.204545455
vt 0.650000000 0.204545455
vt 0.666666667 0.204545455
vt 0.683333333 0.204545455
vt 0.700000000 0.204545455
vt 0.716666667 0.204545455
vt 0.733333333 0.204545455
vt 0.750000000 0.204545455
vt 0.766666667 0.204545455
vt 0.250000000 0.227272727
vt 0.233333333 0.227272727
vt 0.266666667 0.227272727
vt 0.283333333 0.227272727
vt 0.300000000 0.227272727
vt 0.316666667 0.227272727
vt 0.333333333 0.227272727
vt 0.350000000 0.227272727
vt 0.366666667 0.227272727
vt 0.383333333 0.227272727
vt 0.400000000 0.227272727
vt 0.416666667 0.227272727
vt 0.433333333 0.227272727
vt 0.450000000 0.227272727
vt 0.466666667 0.227272727
vt 0.483333333 0.227272727
vt 0.500000000 0.227272727
vt 0.516666667 0.227272727
vt 0.533333333 0.227272727
vt 0.550000000 0.227272727
vt 0.566666667 0.227272727
vt 0.583333333 0.227272727
vt 0.600000000 0.227272727
vt 0.616666667 0.227272727
vt 0.633333333 0.227272727
vt 0.650000000 0.227272727
vt 0.666666667 0.227272727
vt 0.683333333 0.227272727
vt 0.700000000 0.227272727
vt 0.716666667 0.227272727
vt 0.733333333 0.227272727
vt 0.750000000 0.227272727
vt 0.766666667 0.227272727
vt 0.250000000 0.250000000
vt 0.233333333 0.250000000
vt 0.266666667 0.250000000
vt 0.283333333 0.250000000
vt 0.300000000 0.250000000
vt 0.316666667 0.250000000
vt 0.333333333 0.250000000
vt 0.350000000 0.250000000
vt 0.366666667 0.250000000
vt 0.383333333 0.250000000
vt 0.400000000 0.250000000
vt 0.416666667 0.250000000
vt 0.433333333 0.250000000
vt 0.450000000 0.250000000
vt 0.466666667 0.250000000
vt 0.483333333 0.250000000
vt 0.500000000 0.250000000
vt 0.516666667 0.250000000
vt 0.533333333 0.250000000
vt 0.550000000 0.250000000
vt 0.566666667 0.250000000
vt 0.583333333 0.250000000
vt 0.600000000 0.250000000
vt 0.616666667 0.250000000
vt 0.633333333 0.250000000
vt 0.650000000 0.250000000
vt 0.666666667 0.250000000
vt 0.683333333 0.250000000
vt 0.700000000 0.250000000
vt 0.716666667 0.250000000
vt 0.733333333 0.250000000
vt 0.750000000 0.250000000
vt 0.766666667 0.250000000
vt 0.250000000 0.272727273
vt 0.233333333 0.272727273
vt 0.266666667 0.272727273
vt 0.283333333 0.272727273
vt 0.300000000 0.272727273
vt 0.316666667 0.272727273
vt 0.333333333 0.272727273
vt 0.350000000 0.272727273
vt 0.366666667 0.272727273
vt 0.383333333 0.272727273
vt 0.400000000 0.272727273
vt 0.416666667 0.272727273
vt 0.433333333 0.272727273
vt 0.450000000 0.272727273
vt 0.466666667 0.272727273
vt 0.483333333 0.272727273
vt 0.500000000 0.272727273
vt 0.516666667 0.272727273
vt 0.533333333 0.272727273
vt 0.550000000 0.272727273
vt 0.566666667 0.272727273
vt 0.583333333 0.272727273
vt 0.600000000 0.272727273
vt 0.616666667 0.272727273
vt 0.633333333 0.272727273
vt 0.650000000 0.272727273
vt 0.666666667 0.272727273
vt 0.683333333 0.272727273
vt 0.700000000 0.272727273
vt 0.716666667 0.272727273
vt 0.733333333 0.272727273
vt 0.750000000 0.272727273
vt 0.766666667 0.272727273
vt 0.250000000 0.295454545
vt 0.233333333 0.295454545
vt 0.266666667 0.295454545
vt 0.283333333 0.295454545
vt 0.300000000 0.295454545
vt 0.316666667 0.295454545
vt 0.333333333 0.295454545
vt 0.350000000 0.295454545
vt 0.366666667 0.295454545
vt 0.383333333 0.295454545
vt 0.400000000 0.295454545
vt 0.416666667 0.295454545
vt 0.433333333 0.295454545
vt 0.450000000 0.295454545
vt 0.466666667 0.295454545
vt 0.483333333 0.295454545
vt 0.500000000 0.295454545
vt 0.516666667 0.295454545
vt 0.533333333 0.295454545
vt 0.550000000 0.295454545
vt 0.566666667 0.295454545
vt 0.583333333 0.295454545
vt 0.600000000 0.295454545
vt 0.616666667 0.295454545
vt 0.633333333 0.295454545
vt 0.650000000 0.295454545
vt 0.666666667 0.295454545
vt 0.683333333 0.295454545
vt 0.700000000 0.295454545
vt 0.716666667 0.295454545
vt 0.733333333 0.295454545
vt 0.750000000 0.295454545
vt 0.766666667 0.295454545
vt 0.250000000 0.318181818
vt 0.233333333 0.318181818
vt 0.266666667 0.318181818
vt 0.283333333 0.318181818
vt 0.300000000 0.318181818
vt 0.316666667 0.318181818
vt 0.333333333 0.318181818
vt 0.350000000 0.318181818
vt 0.366666667 0.318181818
vt 0.383333333 0.318181818
vt 0.400000000 0.318181818
vt 0.416666667 0.318181818
vt 0.433333333 0.318181818
vt 0.450000000 0.318181818
vt 0.466666667 0.318181818
vt 0.483333333 0.318181818
vt 0.500000000 0.318181818
vt 0.516666667 0.318181818
vt 0.533333333 0.318181818
vt 0.550000000 0.318181818
vt 0.566666667 0.318181818
vt 0.583333333 0.318181818
vt 0.600000000 0.318181818
vt 0.616666667 0.318181818
vt 0.633333333 0.318181818
vt 0.650000000 0.318181818
vt 0.666666667 0.318181818
vt 0.683333333 0.318181818
vt 0.700000000 0.318181818
vt 0.716666667 0.318181818
vt 0.733333333 0.318181818
vt 0.750000000 0.318181818
vt 0.766666667 0.318181818
vt 0.250000000 0.340909091
vt 0.233333333 0.340909091
vt 0.266666667 0.340909091
vt 0.283333333 0.340909091
vt 0.300000000 0.340909091
vt 0.316666667 0.340909091
vt 0.333333333 0.340909091
vt 0.350000000 0.340909091
vt 0.366666667 0.340909091
vt 0.383333333 0.340909091
vt 0.400000000 0.340909091
vt 0.416666667 0.340909091
vt 0.433333333 0.340909091
vt 0.450000000 0.340909091
vt 0.466666667 0.340909091
vt 0.483333333 0.340909091
vt 0.500000000 0.340909091
vt 0.516666667 0.340909091
vt 0.533333333 0.340909091
vt 0.550000000 0.340909091
vt 0.566666667 0.340909091
vt 0.583333333 0.340909091
vt 0.600000000 0.340909091
vt 0.616666667 0.340909091
vt 0.633333333 0.340909091
vt 0.650000000 0.340909091
vt 0.666666667 0.340909091
vt 0.683333333 0.340909091
vt 0.700000000 0.340909091
vt 0.716666667 0.340909091
vt 0.733333333 0.340909091
vt 0.750000000 0.340909091
vt 0.766666667 0.340909091
vt 0.250000000 0.363636364
vt 0.233333333 0.363636364
vt 0.266666667 0.363636364
vt 0.283333333 0.363636364
vt 0.300000000 0.363636364
vt 0.316666667 0.363636364
vt 0.333333333 0.363636364
vt 0.350000000 0.363636364
vt 0.366666667 0.363636364
vt 0.383333333 0.363636364
vt 0.400000000 0.363636364
vt 0.416666667 0.363636364
vt 0.433333333 0.363636364
vt 0.450000000 0.363636364
vt 0.466666667 0.363636364
vt 0.483333333 0.363636364
vt 0.500000000 0.363636364
vt 0.516666667 0.363636364
vt 0.533333333 0.363636364
vt 0.550000000 0.363636364
vt 0.566666667 0.363636364
vt 0.583333333 0.363636364
vt 0.600000000 0.363636364
vt 0.616666667 0.363636364
vt 0.633333333 0.363636364
vt 0.650000000 0.363636364
vt 0.666666667 0.363636364
vt 0.683333333 0.363636364
vt 0.700000000 0.363636364
vt 0.716666667 0.363636364
vt 0.733333333 0.363636364
vt 0.750000000 0.363636364
vt 0.766666667 0.363636364
vt 0.250000000 0.386363636
vt 0.233333333 0.386363636
vt 0.266666667 0.386363636
vt 0.283333333 0.386363636
vt 0.300000000 0.386363636
vt 0.316666667 0.386363636
vt 0.333333333 0.386363636
vt 0.350000000 0.386363636
vt 0.366666667 0.386363636
vt 0.383333333 0.386363636
vt 0.400000000 0.386363636
vt 0.416666667 0.386363636
vt 0.433333333 0.386363636
vt 0.450000000 0.386363636
vt 0.466666667 0.386363636
vt 0.483333333 0.386363636
vt 0.500000000 0.386363636
vt 0.516666667 0.386363636
vt 0.533333333 0.386363636
vt 0.550000000 0.386363636
vt 0.566666667 0.386363636
vt 0.583333333 0.386363636
vt 0.600000000 0.386363636
vt 0.616666667 0.386363636
vt 0.633333333 0.386363636
vt 0.650000000 0.386363636
vt 0.666666667 0.386363636
vt 0.683333333 0.386363636
vt 0.700000000 0.386363636
vt 0.716666667 0.386363636
vt 0.733333333 0.386363636
vt 0.750000000 0.386363636
vt 0.766666667 0.386363636
vt 0.250000000 0.409090909
vt 0.233333333 0.409090909
vt 0.266666667 0.409090909
vt 0.283333333 0.409090909
vt 0.300000000 0.409090909
vt 0.316666667 0.409090909
vt 0.333333333 0.409090909
vt 0.350000000 0.409090909
vt 0.366666667 0.409090909
vt 0.383333333 0.409090909
vt 0.400000000 0.409090909
vt 0.416666667 0.409090909
vt 0.433333333 0.409090909
vt 0.450000000 0.409090909
vt 0.466666667 0.409090909
vt 0.483333333 0.409090909
vt 0.500000000 0.409090909
vt 0.516666667 0.409090909
vt 0.533333333 0.409090909
vt 0.550000000 0.409090909
vt 0.566666667 0.409090909
vt 0.583333333 0.409090909
vt 0.600000000 0.409090909
vt 0.616666667 0.409090909
vt 0.633333333 0.409090909
vt 0.650000000 0.409090909
vt 0.666666667 0.409090909
vt 0.683333333 0.409090909
vt 0.700000000 0.409090909
vt 0.716666667 0.409090909
vt 0.733333333 0.409090909
vt 0.750000000 0.409090909
vt 0.766666667 0.409090909
vt 0.250000000 0.431818182
vt 0.233333333 0.431818182
vt 0.266666667 0.431818182
vt 0.283333333 0.431818182
vt 0.300000000 0.431818182
vt 0.316666667 0.431818182
vt 0.333333333 0.431818182
vt 0.350000000 0.431818182
vt 0.366666667 0.431818182
vt 0.383333333 0.431818182
vt 0.400000000 0.431818182
vt 0.416666667 0.431818182
vt 0.433333333 0.431818182
vt 0.450000000 0.431818182
vt 0.466666667 0.431818182
vt 0.483333333 0.431818182
vt 0.500000000 0.431818182
vt 0.516666667 0.431818182
vt 0.533333333 0.431818182
vt 0.550000000 0.431818182
vt 0.566666667 0.431818182
vt 0.583333333 0.431818182
vt 0.600000000 0.431818182
vt 0.616666667 0.431818182
vt 0.633333333 0.431818182
vt 0.650000000 0.431818182
vt 0.666666667 0.431818182
vt 0.683333333 0.431818182
vt 0.700000000 0.431818182
vt 0.716666667 0.431818182
vt 0.733333333 0.431818182
vt 0.750000000 0.431818182
vt 0.766666667 0.431818182
vt 0.250000000 0.454545455
vt 0.233333333 0.454545455
vt 0.266666667 0.454545455
vt 0.283333333 0.454545455
vt 0.300000000 0.454545455
vt 0.316666667 0.454545455
vt 0.333333333 0.454545455
vt 0.350000000 0.454545455
vt 0.366666667 0.454545455
vt 0.383333333 0.454545455
vt 0.400000000 0.454545455
vt 0.416666667 0.454545455
vt 0.433333333 0.454545455
vt 0.450000000 0.454545455
vt 0.466666667 0.454545455
vt 0.483333333 0.454545455
vt 0.500000000 0.454545455
vt 0.516666667 0.454545455
vt 0.533333333 0.454545455
vt 0.550000000 0.454545455
vt 0.566666667 0.454545455
vt 0.583333333 0.454545455
vt 0.600000000 0.454545455
vt 0.616666667 0.454545455
vt 0.633333333 0.454545455
vt 0.650000000 0.454545455
vt 0.666666667 0.454545455
vt 0.683333333 0.454545455
vt 0.700000000 0.454545455
vt 0.716666667 0.454545455
vt 0.733333333 0.454545455
vt 0.750000000 0.454545455
vt 0.766666667 0.454545455
vt 0.250000000 0.477272727
vt 0.233333333 0.477272727
vt 0.266666667 0.477272727
vt 0.283333333 0.477272727
vt 0.300000000 0.477272727
vt 0.316666667 0.477272727
vt 0.333333333 0.477272727
vt 0.350000000 0.477272727
vt 0.366666667 0.477272727
vt 0.383333333 0.477272727
vt 0.400000000 0.477272727
vt 0.416666667 0.477272727
vt 0.433333333 0.477272727
vt 0.450000000 0.477272727
vt 0.466666667 0.477272727
vt 0.483333333 0.477272727
vt 0.500000000 0.477272727
vt 0.516666667 0.477272727
vt 0.533333333 0.477272727
vt 0.550000000 0.477272727
vt 0.566666667 0.477272727
vt 0.583333333 0.477272727
vt 0.600000000 0.477272727
vt 0.616666667 0.477272727
vt 0.633333333 0.477272727
vt 0.650000000 0.477272727
vt 0.666666667 0.477272727
vt 0.683333333 0.477272727
vt 0.700000000 0.477272727
vt 0.716666667 0.477272727
vt 0.733333333 0.477272727
vt 0.750000000 0.477272727
vt 0.766666667 0.477272727
vt 0.250000000 0.500000000
vt 0.233333333 0.500000000
vt 0.266666667 0.500000000
vt 0.283333333 0.500000000
vt 0.300000000 0.500000000
vt 0.316666667 0.500000000
vt 0.333333333 0.500000000
vt 0.350000000 0.500000000
vt 0.366666667 0.500000000
vt 0.383333333 0.500000000
vt 0.400000000 0.500000000
vt 0.416666667 0.500000000
vt 0.433333333 0.500000000
vt 0.450000000 0.500000000
vt 0.466666667 0.500000000
vt 0.483333333 0.500000000
vt 0.500000000 0.500000000
vt 0.516666667 0.500000000
vt 0.533333333 0.500000000
vt 0.550000000 0.500000000
vt 0.566666667 0.500000000
vt 0.583333333 0.500000000
vt 0.600000000 0.500000000
vt 0.616666667 0.500000000
vt 0.633333333 0.500000000
vt 0.650000000 0.500000000
vt 0.666666667 0.500000000
vt 0.683333333 0.500000000
vt 0.700000000 0.500000000
vt 0.716666667 0.500000000
vt 0.733333333 0.500000000
vt 0.750000000 0.500000000
vt 0.766666667 0.500000000
vt 0.250000000 0.522727273
vt 0.233333333 0.522727273
vt 0.266666667 0.522727273
vt 0.283333333 0.522727273
vt 0.300000000 0.522727273
vt 0.316666667 0.522727273
vt 0.333333333 0.522727273
vt 0.350000000 0.522727273
vt 0.366666667 0.522727273
vt 0.383333333 0.522727273
vt 0.400000000 0.522727273
vt 0.416666667 0.522727273
vt 0.433333333 0.522727273
vt 0.450000000 0.522727273
vt 0.466666667 0.522727273
vt 0.483333333 0.522727273
vt 0.500000000 0.522727273
vt 0.516666667 0.522727273
vt 0.533333333 0.522727273
vt 0.550000000 0.522727273
vt 0.566666667 0.522727273
vt 0.583333333 0.522727273
vt 0.600000000 0.522727273
vt 0.616666667 0.522727273
vt 0.633333333 0.522727273
vt 0.650000000 0.522727273
vt 0.666666667 0.522727273
vt 0.683333333 0.522727273
vt 0.700000000 0.522727273
vt 0.716666667 0.522727273
vt 0.733333333 0.522727273
vt 0.750000000 0.522727273
vt 0.766666667 0.522727273
vt 0.250000000 0.545454545
vt 0.233333333 0.545454545
vt 0.266666667 0.545454545
vt 0.283333333 0.545454545
vt 0.300000000 0.545454545
vt 0.316666667 0.545454545
vt 0.333333333 0.545454545
vt 0.350000000 0.545454545
vt 0.366666667 0.545454545
vt 0.383333333 0.545454545
vt 0.400000000 0.545454545
vt 0.416666667 0.545454545
vt 0.433333333 0.545454545
vt 0.450000000 0.545454545
vt 0.466666667 0.545454545
vt 0.483333333 0.545454545
vt 0.500000000 0.545454545
vt 0.516666667 0.545454545
vt 0.533333333 0.545454545
vt 0.550000000 0.545454545
vt 0.566666667 0.545454545
vt 0.583333333 0.545454545
vt 0.600000000 0.545454545
vt 0.616666667 0.545454545
vt 0.633333333 0.545454545
vt 0.650000000 0.545454545
vt 0.666666667 0.545454545
vt 0.683333333 0.545454545
vt 0.700000000 0.545454545
vt 0.716666667 0.545454545
vt 0.733333333 0.545454545
vt 0.750000000 0.545454545
vt 0.766666667 0.545454545
vt 0.250000000 0.568181818
vt 0.233333333 0.568181818
vt 0.266666667 0.568181818
vt 0.283333333 0.568181818
vt 0.300000000 0.568181818
vt 0.316666667 0.568181818
vt 0.333333333 0.568181818
vt 0.350000000 0.568181818
vt 0.366666667 0.568181818
vt 0.383333333 0.568181818
vt 0.400000000 0.568181818
vt 0.416666667 0.568181818
vt 0.433333333 0.568181818
vt 0.450000000 0.568181818
vt 0.466666667 0.568181818
vt 0.483333333 0.568181818
vt 0.500000000 0.568181818
vt 0.516666667 0.568181818
vt 0.533333333 0.568181818
vt 0.550000000 0.568181818
vt 0.566666667 0.568181818
vt 0.583333333 0.568181818
vt 0.600000000 0.568181818
vt 0.616666667 0.568181818
vt 0.633333333 0.568181818
vt 0.650000000 0.568181818
vt 0.666666667 0.568181818
vt 0.683333333 0.568181818
vt 0.700000000 0.568181818
vt 0.716666667 0.568181818
vt 0.733333333 0.568181818
vt 0.750000000 0.568181818
vt 0.766666667 0.568181818
vt 0.250000000 0.590909091
vt 0.233333333 0.590909091
vt 0.266666667 0.590909091
vt 0.283333333 0.590909091
vt 0.300000000 0.590909091
vt 0.316666667 0.590909091
vt 0.333333333 0.590909091
vt 0.350000000 0.590909091
vt 0.366666667 0.590909091
vt 0.383333333 0.590909091
vt 0.400000000 0.590909091
vt 0.416666667 0.590909091
vt 0.433333333 0.590909091
vt 0.450000000 0.590909091
vt 0.466666667 0.590909091
vt 0.483333333 0.590909091
vt 0.500000000 0.590909091
vt 0.516666667 0.590909091
vt 0.533333333 0.590909091
vt 0.550000000 0.590909091
vt 0.566666667 0.590909091
vt 0.583333333 0.590909091
vt 0.600000000 0.590909091
vt 0.616666667 0.590909091
vt 0.633333333 0.590909091
vt 0.650000000 0.590909091
vt 0.666666667 0.590909091
vt 0.683333333 0.590909091
vt 0.700000000 0.590909091
vt 0.716666667 0.590909091
vt 0.733333333 0.590909091
vt 0.750000000 0.590909091
vt 0.766666667 0.590909091
vt 0.250000000 0.613636364
vt 0.233333333 0.613636364
vt 0.266666667 0.613636364
vt 0.283333333 0.613636364
vt 0.300000000 0.613636364
vt 0.316666667 0.613636364
vt 0.333333333 0.613636364
vt 0.350000000 0.613636364
vt 0.366666667 0.613636364
vt 0.383333333 0.613636364
vt 0.400000000 0.613636364
vt 0.416666667 0.613636364
vt 0.433333333 0.613636364
vt 0.450000000 0.613636364
vt 0.466666667 0.613636364
vt 0.483333333 0.613636364
vt 0.500000000 0.613636364
vt 0.516666667 0.613636364
vt 0.533333333 0.613636364
vt 0.550000000 0.613636364
vt 0.566666667 0.613636364
vt 0.583333333 0.613636364
vt 0.600000000 0.613636364
vt 0.616666667 0.613636364
vt 0.633333333 0.613636364
vt 0.650000000 0.613636364
vt 0.666666667 0.613636364
vt 0.683333333 0.613636364
vt 0.700000000 0.613636364
vt 0.716666667 0.613636364
vt 0.733333333 0.613636364
vt 0.750000000 0.613636364
vt 0.766666667 0.613636364
vt 0.250000000 0.636363636
vt 0.233333333 0.636363636
vt 0.266666667 0.636363636
vt 0.283333333 0.636363636
vt 0.300000000 0.636363636
vt 0.316666667 0.636363636
vt 0.333333333 0.636363636
vt 0.350000000 0.636363636
vt 0.366666667 0.636363636
vt 0.383333333 0.636363636
vt 0.400000000 0.636363636
vt 0.416666667 0.636363636
vt 0.433333333 0.636363636
vt 0.450000000 0.636363636
vt 0.466666667 0.636363636
vt 0.483333333 0.636363636
vt 0.500000000 0.636363636
vt 0.516666667 0.636363636
vt 0.533333333 0.636363636
vt 0.550000000 0.636363636
vt 0.566666667 0.636363636
vt 0.583333333 0.636363636
vt 0.600000000 0.636363636
vt 0.616666667 0.636363636
vt 0.633333333 0.636363636
vt 0.650000000 0.636363636
vt 0.666666667 0.636363636
vt 0.683333333 0.636363636
vt 0.700000000 0.636363636
vt 0.716666667 0.636363636
vt 0.733333333 0.636363636
vt 0.750000000 0.636363636
vt 0.766666667 0.636363636
vt 0.250000000 0.659090909
vt 0.233333333 0.659090909
vt 0.266666667 0.659090909
vt 0.283333333 0.659090909
vt 0.300000000 0.659090909
vt 0.316666667 0.659090909
vt 0.333333333 0.659090909
vt 0.350000000 0.659090909
vt 0.366666667 0.659090909
vt 0.383333333 0.659090909
vt 0.400000000 0.659090909
vt 0.416666667 0.659090909
vt 0.433333333 0.659090909
vt 0.450000000 0.659090909
vt 0.466666667 0.659090909
vt 0.483333333 0.659090909
vt 0.500000000 0.659090909
vt 0.516666667 0.659090909
vt 0.533333333 0.659090909
vt 0.550000000 0.659090909
vt 0.566666667 0.659090909
vt 0.583333333 0.659090909
vt 0.600000000 0.659090909
vt 0.616666667 0.659090909
vt 0.633333333 0.659090909
vt 0.650000000 0.659090909
vt 0.666666667 0.659090909
vt 0.683333333 0.659090909
vt 0.700000000 0.659090909
vt 0.716666667 0.659090909
vt 0.733333333 0.659090909
vt 0.750000000 0.659090909
vt 0.766666667 0.659090909
vt 0.250000000 0.681818182
vt 0.233333333 0.681818182
vt 0.266666667 0.681818182
vt 0.283333333 0.681818182
vt 0.300000000 0.681818182
vt 0.316666667 0.681818182
vt 0.333333333 0.681818182
vt 0.350000000 0.681818182
vt 0.366666667 0.681818182
vt 0.383333333 0.681818182
vt 0.400000000 0.681818182
vt 0.416666667 0.681818182
vt 0.433333333 0.681818182
vt 0.450000000 0.681818182
vt 0.466666667 0.681818182
vt 0.483333333 0.681818182
vt 0.500000000 0.681818182
vt 0.516666667 0.681818182
vt 0.533333333 0.681818182
vt 0.550000000 0.681818182
vt 0.566666667 0.681818182
vt 0.583333333 0.681818182
vt 0.600000000 0.681818182
vt 0.616666667 0.681818182
vt 0.633333333 0.681818182
vt 0.650000000 0.681818182
vt 0.666666667 0.681818182
vt 0.683333333 0.681818182
vt 0.700000000 0.681818182
vt 0.716666667 0.681818182
vt 0.733333333 0.681818182
vt 0.750000000 0.681818182
vt 0.766666667 0.681818182
vt 0.250000000 0.704545455
vt 0.233333333 0.704545455
vt 0.266666667 0.704545455
vt 0.283333333 0.704545455
vt 0.300000000 0.704545455
vt 0.316666667 0.704545455
vt 0.333333333 0.704545455
vt 0.350000000 0.704545455
vt 0.366666667 0.704545455
vt 0.383333333 0.704545455
vt 0.400000000 0.704545455
vt 0.416666667 0.704545455
vt 0.433333333 0.704545455
vt 0.450000000 0.704545455
vt 0.466666667 0.704545455
vt 0.483333333 0.704545455
vt 0.500000000 0.704545455
vt 0.516666667 0.704545455
vt 0.533333333 0.704545455
vt 0.550000000 0.704545455
vt 0.566666667 0.704545455
vt 0.583333333 0.704545455
vt 0.600000000 0.704545455
vt 0.616666667 0.704545455
vt 0.633333333 0.704545455
vt 0.650000000 0.704545455
vt 0.666666667 0.704545455
vt 0.683333333 0.704545455
vt 0.700000000 0.704545455
vt 0.716666667 0.704545455
vt 0.733333333 0.704545455
vt 0.750000000 0.704545455
vt 0.766666667 0.704545455
vt 0.250000000 0.727272727
vt 0.233333333 0.727272727
vt 0.266666667 0.727272727
vt 0.283333333 0.727272727
vt 0.300000000 0.727272727
vt 0.316666667 0.727272727
vt 0.333333333 0.727272727
vt 0.350000000 0.727272727
vt 0.366666667 0.727272727
vt 0.383333333 0.727272727
vt 0.400000000 0.727272727
vt 0.416666667 0.727272727
vt 0.433333333 0.727272727
vt 0.450000000 0.727272727
vt 0.466666667 0.727272727
vt 0.483333333 0.727272727
vt 0.500000000 0.727272727
vt 0.516666667 0.727272727
vt 0.533333333 0.727272727
vt 0.550000000 0.727272727
vt 0.566666667 0.727272727
vt 0.583333333 0.727272727
vt 0.600000000 0.727272727
vt 0.616666667 0.727272727
vt 0.633333333 0.727272727
vt 0.650000000 0.727272727
vt 0.666666667 0.727272727
vt 0.683333333 0.727272727
vt 0.700000000 0.727272727
vt 0.716666667 0.727272727
vt 0.733333333 0.727272727
vt 0.750000000 0.727272727
vt 0.766666667 0.727272727
vt 0.000000000 0.727272727
vt 0.016666667 0.727272727
vt 0.016666667 0.750000000
vt 0.000000000 0.750000000
vt 0.033333333 0.727272727
vt 0.033333333 0.750000000
vt 0.050000000 0.727272727
vt 0.050000000 0.750000000
vt 0.066666667 0.727272727
vt 0.066666667 0.750000000
vt 0.083333333 0.727272727
vt 0.083333333 0.750000000
vt 0.100000000 0.727272727
vt 0.100000000 0.750000000
vt 0.116666667 0.727272727
vt 0.116666667 0.750000000
vt 0.133333333 0.727272727
vt 0.133333333 0.750000000
vt 0.150000000 0.727272727
vt 0.150000000 0.750000000
vt 0.166666667 0.727272727
vt 0.166666667 0.750000000
vt 0.183333333 0.727272727
vt 0.183333333 0.750000000
vt 0.200000000 0.727272727
vt 0.200000000 0.750000000
vt 0.216666667 0.727272727
vt 0.216666667 0.750000000
vt 0.233333333 0.750000000
vt 0.250000000 0.750000000
vt 0.266666667 0.750000000
vt 0.283333333 0.750000000
vt 0.300000000 0.750000000
vt 0.316666667 0.750000000
vt 0.333333333 0.750000000
vt 0.350000000 0.750000000
vt 0.366666667 0.750000000
vt 0.383333333 0.750000000
vt 0.400000000 0.750000000
vt 0.416666667 0.750000000
vt 0.433333333 0.750000000
vt 0.450000000 0.750000000
vt 0.466666667 0.750000000
vt 0.483333333 0.750000000
vt 0.500000000 0.750000000
vt 0.516666667 0.750000000
vt 0.533333333 0.750000000
vt 0.550000000 0.750000000
vt 0.566666667 0.750000000
vt 0.583333333 0.750000000
vt 0.600000000 0.750000000
vt 0.616666667 0.750000000
vt 0.633333333 0.750000000
vt 0.650000000 0.750000000
vt 0.666666667 0.750000000
vt 0.683333333 0.750000000
vt 0.700000000 0.750000000
vt 0.716666667 0.750000000
vt 0.733333333 0.750000000
vt 0.750000000 0.750000000
vt 0.766666667 0.750000000
vt 0.783333333 0.727272727
vt 0.783333333 0.750000000
vt 0.800000000 0.727272727
vt 0.800000000 0.750000000
vt 0.816666667 0.727272727
vt 0.816666667 0.750000000
vt 0.833333333 0.727272727
vt 0.833333333 0.750000000
vt 0.850000000 0.727272727
vt 0.850000000 0.750000000
vt 0.866666667 0.727272727
vt 0.866666667 0.750000000
vt 0.883333333 0.727272727
vt 0.883333333 0.750000000
vt 0.900000000 0.727272727
vt 0.900000000 0.750000000
vt 0.916666667 0.727272727
vt 0.916666667 0.750000000
vt 0.933333333 0.727272727
vt 0.933333333 0.750000000
vt 0.950000000 0.727272727
vt 0.950000000 0.750000000
vt 0.966666667 0.727272727
vt 0.966666667 0.750000000
vt 0.983333333 0.727272727
vt 0.983333333 0.750000000
vt 1.000000000 0.727272727
vt 1.000000000 0.750000000
vt 0.016666667 0.772727273
vt 0.000000000 0.772727273
vt 0.033333333 0.772727273
vt 0.050000000 0.772727273
vt 0.066666667 0.772727273
vt 0.083333333 0.772727273
vt 0.100000000 0.772727273
vt 0.116666667 0.772727273
vt 0.133333333 0.772727273
vt 0.150000000 0.772727273
vt 0.166666667 0.772727273
vt 0.183333333 0.772727273
vt 0.200000000 0.772727273
vt 0.216666667 0.772727273
vt 0.233333333 0.772727273
vt 0.250000000 0.772727273
vt 0.266666667 0.772727273
vt 0.283333333 0.772727273
vt 0.300000000 0.772727273
vt 0.316666667 0.772727273
vt 0.333333333 0.772727273
vt 0.350000000 0.772727273
vt 0.366666667 0.772727273
vt 0.383333333 0.772727273
vt 0.400000000 0.772727273
vt 0.416666667 0.772727273
vt 0.433333333 0.772727273
vt 0.450000000 0.772727273
vt 0.466666667 0.772727273
vt 0.483333333 0.772727273
vt 0.500000000 0.772727273
vt 0.516666667 0.772727273
vt 0.533333333 0.772727273
vt 0.550000000 0.772727273
vt 0.566666667 0.772727273
vt 0.583333333 0.772727273
vt 0.600000000 0.772727273
vt 0.616666667 0.772727273
vt 0.633333333 0.772727273
vt 0.650000000 0.772727273
vt 0.666666667 0.772727273
vt 0.683333333 0.772727273
vt 0.700000000 0.772727273
vt 0.716666667 0.772727273
vt 0.733333333 0.772727273
vt 0.750000000 0.772727273
vt 0.766666667 0.772727273
vt 0.783333333 0.772727273
vt 0.800000000 0.772727273
vt 0.816666667 0.772727273
vt 0.833333333 0.772727273
vt 0.850000000 0.772727273
vt 0.866666667 0.772727273
vt 0.883333333 0.772727273
vt 0.900000000 0.772727273
vt 0.916666667 0.772727273
vt 0.933333333 0.772727273
vt 0.950000000 0.772727273
vt 0.966666667 0.772727273
vt 0.983333333 0.772727273
vt 1.000000000 0.772727273
vt 0.016666667 0.795454545
vt 0.000000000 0.795454545
vt 0.033333333 0.795454545
vt 0.050000000 0.795454545
vt 0.066666667 0.795454545
vt 0.083333333 0.795454545
vt 0.100000000 0.795454545
vt 0.116666667 0.795454545
vt 0.133333333 0.795454545
vt 0.150000000 0.795454545
vt 0.166666667 0.795454545
vt 0.183333333 0.795454545
vt 0.200000000 0.795454545
vt 0.216666667 0.795454545
vt 0.233333333 0.795454545
vt 0.250000000 0.795454545
vt 0.266666667 0.795454545
vt 0.283333333 0.795454545
vt 0.300000000 0.795454545
vt 0.316666667 0.795454545
vt 0.333333333 0.795454545
vt 0.350000000 0.795454545
vt 0.366666667 0.795454545
vt 0.383333333 0.795454545
vt 0.400000000 0.795454545
vt 0.416666667 0.795454545
vt 0.433333333 0.795454545
vt 0.450000000 0.795454545
vt 0.466666667 0.795454545
vt 0.483333333 0.795454545
vt 0.500000000 0.795454545
vt 0.516666667 0.795454545
vt 0.533333333 0.795454545
vt 0.550000000 0.795454545
vt 0.566666667 0.795454545
vt 0.583333333 0.795454545
vt 0.600000000 0.795454545
vt 0.616666667 0.795454545
vt 0.633333333 0.795454545
vt 0.650000000 0.795454545
vt 0.666666667 0.795454545
vt 0.683333333 0.795454545
vt 0.700000000 0.795454545
vt 0.716666667 0.795454545
vt 0.733333333 0.795454545
vt 0.750000000 0.795454545
vt 0.766666667 0.795454545
vt 0.783333333 0.795454545
vt 0.800000000 0.795454545
vt 0.816666667 0.795454545
vt 0.833333333 0.795454545
vt 0.850000000 0.795454545
vt 0.866666667 0.795454545
vt 0.883333333 0.795454545
vt 0.900000000 0.795454545
vt 0.916666667 0.795454545
vt 0.933333333 0.795454545
vt 0.950000000 0.795454545
vt 0.966666667 0.795454545
vt 0.983333333 0.795454545
vt 1.000000000 0.795454545
vt 0.016666667 0.818181818
vt 0.000000000 0.818181818
vt 0.033333333 0.818181818
vt 0.050000000 0.818181818
vt 0.066666667 0.818181818
vt 0.083333333 0.818181818
vt 0.100000000 0.818181818
vt 0.116666667 0.818181818
vt 0.133333333 0.818181818
vt 0.150000000 0.818181818
vt 0.166666667 0.818181818
vt 0.183333333 0.818181818
vt 0.200000000 0.818181818
vt 0.216666667 0.818181818
vt 0.233333333 0.818181818
vt 0.250000000 0.818181818
vt 0.266666667 0.818181818
vt 0.283333333 0.818181818
vt 0.300000000 0.818181818
vt 0.316666667 0.818181818
vt 0.333333333 0.818181818
vt 0.350000000 0.818181818
vt 0.366666667 0.818181818
vt 0.383333333 0.818181818
vt 0.400000000 0.818181818
vt 0.416666667 0.818181818
vt 0.433333333 0.818181818
vt 0.450000000 0.818181818
vt 0.466666667 0.818181818
vt 0.483333333 0.818181818
vt 0.500000000 0.818181818
vt 0.516666667 0.818181818
vt 0.533333333 0.818181818
vt 0.550000000 0.818181818
vt 0.566666667 0.818181818
vt 0.583333333 0.818181818
vt 0.600000000 0.818181818
vt 0.616666667 0.818181818
vt 0.633333333 0.818181818
vt 0.650000000 0.818181818
vt 0.666666667 0.818181818
vt 0.683333333 0.818181818
vt 0.700000000 0.818181818
vt 0.716666667 0.818181818
vt 0.733333333 0.818181818
vt 0.750000000 0.818181818
vt 0.766666667 0.818181818
vt 0.783333333 0.818181818
vt 0.800000000 0.818181818
vt 0.816666667 0.818181818
vt 0.833333333 0.818181818
vt 0.850000000 0.818181818
vt 0.866666667 0.818181818
vt 0.883333333 0.818181818
vt 0.900000000 0.818181818
vt 0.916666667 0.818181818
vt 0.933333333 0.818181818
vt 0.950000000 0.818181818
vt 0.966666667 0.818181818
vt 0.983333333 0.818181818
vt 1.000000000 0.818181818
vt 0.016666667 0.840909091
vt 0.000000000 0.840909091
vt 0.033333333 0.840909091
vt 0.050000000 0.840909091
vt 0.066666667 0.840909091
vt 0.083333333 0.840909091
vt 0.100000000 0.840909091
vt 0.116666667 0.840909091
vt 0.133333333 0.840909091
vt 0.150000000 0.840909091
vt 0.166666667 0.840909091
vt 0.183333333 0.840909091
vt 0.200000000 0.840909091
vt 0.216666667 0.840909091
vt 0.233333333 0.840909091
vt 0.250000000 0.840909091
vt 0.266666667 0.840909091
vt 0.283333333 0.840909091
vt 0.300000000 0.840909091
vt 0.316666667 0.840909091
vt 0.333333333 0.840909091
vt 0.350000000 0.840909091
vt 0.366666667 0.840909091
vt 0.383333333 0.840909091
vt 0.400000000 0.840909091
vt 0.416666667 0.840909091
vt 0.433333333 0.840909091
vt 0.450000000 0.840909091
vt 0.466666667 0.840909091
vt 0.483333333 0.840909091
vt 0.500000000 0.840909091
vt 0.516666667 0.840909091
vt 0.533333333 0.840909091
vt 0.550000000 0.840909091
vt 0.566666667 0.840909091
vt 0.583333333 0.840909091
vt 0.600000000 0.840909091
vt 0.616666667 0.840909091
vt 0.633333333 0.840909091
vt 0.650000000 0.840909091
vt 0.666666667 0.840909091
vt 0.683333333 0.840909091
vt 0.700000000 0.840909091
vt 0.716666667 0.840909091
vt 0.733333333 0.840909091
vt 0.750000000 0.840909091
vt 0.766666667 0.840909091
vt 0.783333333 0.840909091
vt 0.800000000 0.840909091
vt 0.816666667 0.840909091
vt 0.833333333 0.840909091
vt 0.850000000 0.840909091
vt 0.866666667 0.840909091
vt 0.883333333 0.840909091
vt 0.900000000 0.840909091
vt 0.916666667 0.840909091
vt 0.933333333 0.840909091
vt 0.950000000 0.840909091
vt 0.966666667 0.840909091
vt 0.983333333 0.840909091
vt 1.000000000 0.840909091
vt 0.016666667 0.863636364
vt 0.000000000 0.863636364
vt 0.033333333 0.863636364
vt 0.050000000 0.863636364
vt 0.066666667 0.863636364
vt 0.083333333 0.863636364
vt 0.100000000 0.863636364
vt 0.116666667 0.863636364
vt 0.133333333 0.863636364
vt 0.150000000 0.863636364
vt 0.166666667 0.863636364
vt 0.183333333 0.863636364
vt 0.200000000 0.863636364
vt 0.216666667 0.863636364
vt 0.233333333 0.863636364
vt 0.250000000 0.863636364
vt 0.266666667 0.863636364
vt 0.283333333 0.863636364
vt 0.300000000 0.863636364
vt 0.316666667 0.863636364
vt 0.333333333 0.863636364
vt 0.350000000 0.863636364
vt 0.366666667 0.863636364
vt 0.383333333 0.863636364
vt 0.400000000 0.863636364
vt 0.416666667 0.863636364
vt 0.433333333 0.863636364
vt 0.450000000 0.863636364
vt 0.466666667 0.863636364
vt 0.483333333 0.863636364
vt 0.500000000 0.863636364
vt 0.516666667 0.863636364
vt 0.533333333 0.863636364
vt 0.550000000 0.863636364
vt 0.566666667 0.863636364
vt 0.583333333 0.863636364
vt 0.600000000 0.863636364
vt 0.616666667 0.863636364
vt 0.633333333 0.863636364
vt 0.650000000 0.863636364
vt 0.666666667 0.863636364
vt 0.683333333 0.863636364
vt 0.700000000 0.863636364
vt 0.716666667 0.863636364
vt 0.733333333 0.863636364
vt 0.750000000 0.863636364
vt 0.766666667 0.863636364
vt 0.783333333 0.863636364
vt 0.800000000 0.863636364
vt 0.816666667 0.863636364
vt 0.833333333 0.863636364
vt 0.850000000 0.863636364
vt 0.866666667 0.863636364
vt 0.883333333 0.863636364
vt 0.900000000 0.863636364
vt 0.916666667 0.863636364
vt 0.933333333 0.863636364
vt 0.950000000 0.863636364
vt 0.966666667 0.863636364
vt 0.983333333 0.863636364
vt 1.000000000 0.863636364
vt 0.016666667 0.886363636
vt 0.000000000 0.886363636
vt 0.033333333 0.886363636
vt 0.050000000 0.886363636
vt 0.066666667 0.886363636
vt 0.083333333 0.886363636
vt 0.100000000 0.886363636
vt 0.116666667 0.886363636
vt 0.133333333 0.886363636
vt 0.150000000 0.886363636
vt 0.166666667 0.886363636
vt 0.183333333 0.886363636
vt 0.200000000 0.886363636
vt 0.216666667 0.886363636
vt 0.233333333 0.886363636
vt 0.250000000 0.886363636
vt 0.266666667 0.886363636
vt 0.283333333 0.886363636
vt 0.300000000 0.886363636
vt 0.316666667 0.886363636
vt 0.333333333 0.886363636
vt 0.350000000 0.886363636
vt 0.366666667 0.886363636
vt 0.383333333 0.886363636
vt 0.400000000 0.886363636
vt 0.416666667 0.886363636
vt 0.433333333 0.886363636
vt 0.450000000 0.886363636
vt 0.566666667 0.886363636
vt 0.550000000 0.886363636
vt 0.583333333 0.886363636
vt 0.600000000 0.886363636
vt 0.616666667 0.886363636
vt 0.633333333 0.886363636
vt 0.650000000 0.886363636
vt 0.666666667 0.886363636
vt 0.683333333 0.886363636
vt 0.700000000 0.886363636
vt 0.716666667 0.886363636
vt 0.733333333 0.886363636
vt 0.750000000 0.886363636
vt 0.766666667 0.886363636
vt 0.783333333 0.886363636
vt 0.800000000 0.886363636
vt 0.816666667 0.886363636
vt 0.833333333 0.886363636
vt 0.850000000 0.886363636
vt 0.866666667 0.886363636
vt 0.883333333 0.886363636
vt 0.900000000 0.886363636
vt 0.916666667 0.886363636
vt 0.933333333 0.886363636
vt 0.950000000 0.886363636
vt 0.966666667 0.886363636
vt 0.983333333 0.886363636
vt 1.000000000 0.886363636
vt 0.016666667 0.909090909
vt 0.000000000 0.909090909
vt 0.033333333 0.909090909
vt 0.050000000 0.909090909
vt 0.066666667 0.909090909
vt 0.083333333 0.909090909
vt 0.100000000 0.909090909
vt 0.116666667 0.909090909
vt 0.133333333 0.909090909
vt 0.150000000 0.909090909
vt 0.166666667 0.909090909
vt 0.183333333 0.909090909
vt 0.200000000 0.909090909
vt 0.216666667 0.909090909
vt 0.233333333 0.909090909
vt 0.250000000 0.909090909
vt 0.266666667 0.909090909
vt 0.283333333 0.909090909
vt 0.300000000 0.909090909
vt 0.316666667 0.909090909
vt 0.333333333 0.909090909
vt 0.350000000 0.909090909
vt 0.366666667 0.909090909
vt 0.383333333 0.909090909
vt 0.400000000 0.909090909
vt 0.416666667 0.909090909
vt 0.433333333 0.909090909
vt 0.583333333 0.909090909
vt 0.566666667 0.909090909
vt 0.600000000 0.909090909
vt 0.616666667 0.909090909
vt 0.633333333 0.909090909
vt 0.650000000 0.909090909
vt 0.666666667 0.909090909
vt 0.683333333 0.909090909
vt 0.700000000 0.909090909
vt 0.716666667 0.909090909
vt 0.733333333 0.909090909
vt 0.750000000 0.909090909
vt 0.766666667 0.909090909
vt 0.783333333 0.909090909
vt 0.800000000 0.909090909
vt 0.816666667 0.909090909
vt 0.833333333 0.909090909
vt 0.850000000 0.909090909
vt 0.866666667 0.909090909
vt 0.883333333 0.909090909
vt 0.900000000 0.909090909
vt 0.916666667 0.909090909
vt 0.933333333 0.909090909
vt 0.950000000 0.909090909
vt 0.966666667 0.909090909
vt 0.983333333 0.909090909
vt 1.000000000 0.909090909
vt 0.016666667 0.931818182
vt 0.000000000 0.931818182
vt 0.033333333 0.931818182
vt 0.050000000 0.931818182
vt 0.066666667 0.931818182
vt 0.083333333 0.931818182
vt 0.100000000 0.931818182
vt 0.116666667 0.931818182
vt 0.133333333 0.931818182
vt 0.150000000 0.931818182
vt 0.166666667 0.931818182
vt 0.183333333 0.931818182
vt 0.200000000 0.931818182
vt 0.216666667 0.931818182
vt 0.233333333 0.931818182
vt 0.250000000 0.931818182
vt 0.266666667 0.931818182
vt 0.283333333 0.931818182
vt 0.300000000 0.931818182
vt 0.316666667 0.931818182
vt 0.333333333 0.931818182
vt 0.350000000 0.931818182
vt 0.366666667 0.931818182
vt 0.383333333 0.931818182
vt 0.400000000 0.931818182
vt 0.416666667 0.931818182
vt 0.600000000 0.931818182
vt 0.583333333 0.931818182
vt 0.616666667 0.931818182
vt 0.633333333 0.931818182
vt 0.650000000 0.931818182
vt 0.666666667 0.931818182
vt 0.683333333 0.931818182
vt 0.700000000 0.931818182
vt 0.716666667 0.931818182
vt 0.733333333 0.931818182
vt 0.750000000 0.931818182
vt 0.766666667 0.931818182
vt 0.783333333 0.931818182
vt 0.800000000 0.931818182
vt 0.816666667 0.931818182
vt 0.833333333 0.931818182
vt 0.850000000 0.931818182
vt 0.866666667 0.931818182
vt 0.883333333 0.931818182
vt 0.900000000 0.931818182
vt 0.916666667 0.931818182
vt 0.933333333 0.931818182
vt 0.950000000 0.931818182
vt 0.966666667 0.931818182
vt 0.983333333 0.931818182
vt 1.000000000 0.931818182
vt 0.016666667 0.954545455
vt 0.000000000 0.954545455
vt 0.033333333 0.954545455
vt 0.050000000 0.954545455
vt 0.066666667 0.954545455
vt 0.083333333 0.954545455
vt 0.100000000 0.954545455
vt 0.116666667 0.954545455
vt 0.133333333 0.954545455
vt 0.150000000 0.954545455
vt 0.166666667 0.954545455
vt 0.183333333 0.954545455
vt 0.200000000 0.954545455
vt 0.216666667 0.954545455
vt 0.233333333 0.954545455
vt 0.250000000 0.954545455
vt 0.266666667 0.954545455
vt 0.283333333 0.954545455
vt 0.300000000 0.954545455
vt 0.316666667 0.954545455
vt 0.333333333 0.954545455
vt 0.350000000 0.954545455
vt 0.366666667 0.954545455
vt 0.383333333 0.954545455
vt 0.400000000 0.954545455
vt 0.616666667 0.954545455
vt 0.600000000 0.954545455
vt 0.633333333 0.954545455
vt 0.650000000 0.954545455
vt 0.666666667 0.954545455
vt 0.683333333 0.954545455
vt 0.700000000 0.954545455
vt 0.716666667 0.954545455
vt 0.733333333 0.954545455
vt 0.750000000 0.954545455
vt 0.766666667 0.954545455
vt 0.783333333 0.954545455
vt 0.800000000 0.954545455
vt 0.816666667 0.954545455
vt 0.833333333 0.954545455
vt 0.850000000 0.954545455
vt 0.866666667 0.954545455
vt 0.883333333 0.954545455
vt 0.900000000 0.954545455
vt 0.916666667 0.954545455
vt 0.933333333 0.954545455
vt 0.950000000 0.954545455
vt 0.966666667 0.954545455
vt 0.983333333 0.954545455
vt 1.000000000 0.954545455
vt 0.016666667 0.977272727
vt 0.000000000 0.977272727
vt 0.033333333 0.977272727
vt 0.050000000 0.977272727
vt 0.066666667 0.977272727
vt 0.083333333 0.977272727
vt 0.100000000 0.977272727
vt 0.116666667 0.977272727
vt 0.133333333 0.977272727
vt 0.150000000 0.977272727
vt 0.166666667 0.977272727
vt 0.183333333 0.977272727
vt 0.200000000 0.977272727
vt 0.216666667 0.977272727
vt 0.233333333 0.977272727
vt 0.250000000 0.977272727
vt 0.266666667 0.977272727
vt 0.283333333 0.977272727
vt 0.300000000 0.977272727
vt 0.316666667 0.977272727
vt 0.333333333 0.977272727
vt 0.350000000 0.977272727
vt 0.366666667 0.977272727
vt 0.383333333 0.977272727
vt 0.400000000 0.977272727
vt 0.616666667 0.977272727
vt 0.600000000 0.977272727
vt 0.633333333 0.977272727
vt 0.650000000 0.977272727
vt 0.666666667 0.977272727
vt 0.683333333 0.977272727
vt 0.700000000 0.977272727
vt 0.716666667 0.977272727
vt 0.733333333 0.977272727
vt 0.750000000 0.977272727
vt 0.766666667 0.977272727
vt 0.783333333 0.977272727
vt 0.800000000 0.977272727
vt 0.816666667 0.977272727
vt 0.833333333 0.977272727
vt 0.850000000 0.977272727
vt 0.866666667 0.977272727
vt 0.883333333 0.977272727
vt 0.900000000 0.977272727
vt 0.916666667 0.977272727
vt 0.933333333 0.977272727
vt 0.950000000 0.977272727
vt 0.966666667 0.977272727
vt 0.983333333 0.977272727
vt 1.000000000 0.977272727
vt 0.016666667 1.000000000
vt 0.000000000 1.000000000
vt 0.033333333 1.000000000
vt 0.050000000 1.000000000
vt 0.066666667 1.000000000
vt 0.083333333 1.000000000
vt 0.100000000 1.000000000
vt 0.116666667 1.000000000
vt 0.133333333 1.000000000
vt 0.150000000 1.000000000
vt 0.166666667 1.000000000
vt 0.183333333 1.000000000
vt 0.200000000 1.000000000
vt 0.216666667 1.000000000
vt 0.233333333 1.000000000
vt 0.250000000 1.000000000
vt 0.266666667 1.000000000
vt 0.283333333 1.000000000
vt 0.300000000 1.000000000
vt 0.316666667 1.000000000
vt 0.333333333 1.000000000
vt 0.350000000 1.000000000
vt 0.366666667 1.000000000
vt 0.383333333 1.000000000
vt 0.400000000 1.000000000
vt 0.616666667 1.000000000
vt 0.600000000 1.000000000
vt 0.633333333 1.000000000
vt 0.650000000 1.000000000
vt 0.666666667 1.000000000
vt 0.683333333 1.000000000
vt 0.700000000 1.000000000
vt 0.716666667 1.000000000
vt 0.733333333 1.000000000
vt 0.750000000 1.000000000
vt 0.766666667 1.000000000
vt 0.783333333 1.000000000
vt 0.800000000 1.000000000
vt 0.816666667 1.000000000
vt 0.833333333 1.000000000
vt 0.850000000 1.000000000
vt 0.866666667 1.000000000
vt 0.883333333 1.000000000
vt 0.900000000 1.000000000
vt 0.916666667 1.000000000
vt 0.933333333 1.000000000
vt 0.950000000 1.000000000
vt 0.966666667 1.000000000
vt 0.983333333 1.000000000
vt 1.000000000 1.000000000
vt 0.233333333 0.000000000
vt 0.250000000 0.000000000
vt 0.250000000 0.022727273
vt 0.233333333 0.022727273
vt 0.266666667 0.000000000
vt 0.266666667 0.022727273
vt 0.283333333 0.000000000
vt 0.283333333 0.022727273
vt 0.300000000 0.000000000
vt 0.300000000 0.022727273
vt 0.316666667 0.000000000
vt 0.316666667 0.022727273
vt 0.333333333 0.000000000
vt 0.333333333 0.022727273
vt 0.350000000 0.000000000
vt 0.350000000 0.022727273
vt 0.366666667 0.000000000
vt 0.366666667 0.022727273
vt 0.383333333 0.000000000
vt 0.383333333 0.022727273
vt 0.400000000 0.000000000
vt 0.400000000 0.022727273
vt 0.416666667 0.000000000
vt 0.416666667 0.022727273
vt 0.433333333 0.000000000
vt 0.433333333 0.022727273
vt 0.450000000 0.000000000
vt 0.450000000 0.022727273
vt 0.466666667 0.000000000
vt 0.466666667 0.022727273
vt 0.483333333 0.000000000
vt 0.483333333 0.022727273
vt 0.500000000 0.000000000
vt 0.500000000 0.022727273
vt 0.516666667 0.000000000
vt 0.516666667 0.022727273
vt 0.533333333 0.000000000
vt 0.533333333 0.022727273
vt 0.550000000 0.000000000
vt 0.550000000 0.022727273
vt 0.566666667 0.000000000
vt 0.566666667 0.022727273
vt 0.583333333 0.000000000
vt 0.583333333 0.022727273
vt 0.600000000 0.000000000
vt 0.600000000 0.022727273
vt 0.616666667 0.000000000
vt 0.616666667 0.022727273
vt 0.633333333 0.000000000
vt 0.633333333 0.022727273
vt 0.650000000 0.000000000
vt 0.650000000 0.022727273
vt 0.666666667 0.000000000
vt 0.666666667 0.022727273
vt 0.683333333 0.000000000
vt 0.683333333 0.022727273
vt 0.700000000 0.000000000
vt 0.700000000 0.022727273
vt 0.716666667 0.000000000
vt 0.716666667 0.022727273
vt 0.733333333 0.000000000
vt 0.733333333 0.022727273
vt 0.750000000 0.000000000
vt 0.750000000 0.022727273
vt 0.766666667 0.000000000
vt 0.766666667 0.022727273
vt 0.250000000 0.045454545
vt 0.233333333 0.045454545
vt 0.266666667 0.045454545
vt 0.283333333 0.045454545
vt 0.300000000 0.045454545
vt 0.316666667 0.045454545
vt 0.333333333 0.045454545
vt 0.350000000 0.045454545
vt 0.366666667 0.045454545
vt 0.383333333 0.045454545
vt 0.400000000 0.045454545
vt 0.416666667 0.045454545
vt 0.433333333 0.045454545
vt 0.450000000 0.045454545
vt 0.466666667 0.045454545
vt 0.483333333 0.045454545
vt 0.500000000 0.045454545
vt 0.516666667 0.045454545
vt 0.533333333 0.045454545
vt 0.550000000 0.045454545
vt 0.566666667 0.045454545
vt 0.583333333 0.045454545
vt 0.600000000 0.045454545
vt 0.616666667 0.045454545
vt 0.633333333 0.045454545
vt 0.650000000 0.045454545
vt 0.666666667 0.045454545
vt 0.683333333 0.045454545
vt 0.700000000 0.045454545
vt 0.716666667 0.045454545
vt 0.733333333 0.045454545
vt 0.750000000 0.045454545
vt 0.766666667 0.045454545
vt 0.250000000 0.068181818
vt 0.233333333 0.068181818
vt 0.266666667 0.068181818
vt 0.283333333 0.068181818
vt 0.300000000 0.068181818
vt 0.316666667 0.068181818
vt 0.333333333 0.068181818
vt 0.350000000 0.068181818
vt 0.366666667 0.068181818
vt 0.383333333 0.068181818
vt 0.400000000 0.068181818
vt 0.416666667 0.068181818
vt 0.433333333 0.068181818
vt 0.450000000 0.068181818
vt 0.466666667 0.068181818
vt 0.483333333 0.068181818
vt 0.500000000 0.068181818
vt 0.516666667 0.068181818
vt 0.533333333 0.068181818
vt 0.550000000 0.068181818
vt 0.566666667 0.068181818
vt 0.583333333 0.068181818
vt 0.600000000 0.068181818
vt 0.616666667 0.068181818
vt 0.633333333 0.068181818
vt 0.650000000 0.068181818
vt 0.666666667 0.068181818
vt 0.683333333 0.068181818
vt 0.700000000 0.068181818
vt 0.716666667 0.068181818
vt 0.733333333 0.068181818
vt 0.750000000 0.068181818
vt 0.766666667 0.068181818
vt 0.250000000 0.090909091
vt 0.233333333 0.090909091
vt 0.266666667 0.090909091
vt 0.283333333 0.090909091
vt 0.300000000 0.090909091
vt 0.316666667 0.090909091
vt 0.333333333 0.090909091
vt 0.350000000 0.090909091
vt 0.366666667 0.090909091
vt 0.383333333 0.090909091
vt 0.400000000 0.090909091
vt 0.416666667 0.090909091
vt 0.433333333 0.090909091
vt 0.450000000 0.090909091
vt 0.466666667 0.090909091
vt 0.483333333 0.090909091
vt 0.500000000 0.090909091
vt 0.516666667 0.090909091
vt 0.533333333 0.090909091
vt 0.550000000 0.090909091
vt 0.566666667 0.090909091
vt 0.583333333 0.090909091
vt 0.600000000 0.090909091
vt 0.616666667 0.090909091
vt 0.633333333 0.090909091
vt 0.650000000 0.090909091
vt 0.666666667 0.090909091
vt 0.683333333 0.090909091
vt 0.700000000 0.090909091
vt 0.716666667 0.090909091
vt 0.733333333 0.090909091
vt 0.750000000 0.090909091
vt 0.766666667 0.090909091
vt 0.250000000 0.113636364
vt 0.233333333 0.113636364
vt 0.266666667 0.113636364
vt 0.283333333 0.113636364
vt 0.300000000 0.113636364
vt 0.316666667 0.113636364
vt 0.333333333 0.113636364
vt 0.350000000 0.113636364
vt 0.366666667 0.113636364
vt 0.383333333 0.113636364
vt 0.400000000 0.113636364
vt 0.416666667 0.113636364
vt 0.433333333 0.113636364
vt 0.450000000 0.113636364
vt 0.466666667 0.113636364
vt 0.483333333 0.113636364
vt 0.500000000 0.113636364
vt 0.516666667 0.113636364
vt 0.533333333 0.113636364
vt 0.550000000 0.113636364
vt 0.566666667 0.113636364
vt 0.583333333 0.113636364
vt 0.600000000 0.113636364
vt 0.616666667 0.113636364
vt 0.633333333 0.113636364
vt 0.650000000 0.113636364
vt 0.666666667 0.113636364
vt 0.683333333 0.113636364
vt 0.700000000 0.113636364
vt 0.716666667 0.113636364
vt 0.733333333 0.113636364
vt 0.750000000 0.113636364
vt 0.766666667 0.113636364
vt 0.250000000 0.136363636
vt 0.233333333 0.136363636
vt 0.266666667 0.136363636
vt 0.283333333 0.136363636
vt 0.300000000 0.136363636
vt 0.316666667 0.136363636
vt 0.333333333 0.136363636
vt 0.350000000 0.136363636
vt 0.366666667 0.136363636
vt 0.383333333 0.136363636
vt 0.400000000 0.136363636
vt 0.416666667 0.136363636
vt 0.433333333 0.136363636
vt 0.450000000 0.136363636
vt 0.466666667 0.136363636
vt 0.483333333 0.136363636
vt 0.500000000 0.136363636
vt 0.516666667 0.136363636
vt 0.533333333 0.136363636
vt 0.550000000 0.136363636
vt 0.566666667 0.136363636
vt 0.583333333 0.136363636
vt 0.600000000 0.136363636
vt 0.616666667 0.136363636
vt 0.633333333 0.136363636
vt 0.650000000 0.136363636
vt 0.666666667 0.136363636
vt 0.683333333 0.136363636
vt 0.700000000 0.136363636
vt 0.716666667 0.136363636
vt 0.733333333 0.136363636
vt 0.750000000 0.136363636
vt 0.766666667 0.136363636
vt 0.250000000 0.159090909
vt 0.233333333 0.159090909
vt 0.266666667 0.159090909
vt 0.283333333 0.159090909
vt 0.300000000 0.159090909
vt 0.316666667 0.159090909
vt 0.333333333 0.159090909
vt 0.350000000 0.159090909
vt 0.366666667 0.159090909
vt 0.383333333 0.159090909
vt 0.400000000 0.159090909
vt 0.416666667 0.159090909
vt 0.433333333 0.159090909
vt 0.450000000 0.159090909
vt 0.466666667 0.159090909
vt 0.483333333 0.159090909
vt 0.500000000 0.159090909
vt 0.516666667 0.159090909
vt 0.533333333 0.159090909
vt 0.550000000 0.159090909
vt 0.566666667 0.159090909
vt 0.583333333 0.159090909
vt 0.600000000 0.159090909
vt 0.616666667 0.159090909
vt 0.633333333 0.159090909
vt 0.650000000 0.159090909
vt 0.666666667 0.159090909
vt 0.683333333 0.159090909
vt 0.700000000 0.159090909
vt 0.716666667 0.159090909
vt 0.733333333 0.159090909
vt 0.750000000 0.159090909
vt 0.766666667 0.159090909
vt 0.250000000 0.181818182
vt 0.233333333 0.181818182
vt 0.266666667 0.181818182
vt 0.283333333 0.181818182
vt 0.300000000 0.181818182
vt 0.316666667 0.181818182
vt 0.333333333 0.181818182
vt 0.350000000 0.181818182
vt 0.366666667 0.181818182
vt 0.383333333 0.181818182
vt 0.400000000 0.181818182
vt 0.416666667 0.181818182
vt 0.433333333 0.181818182
vt 0.450000000 0.181818182
vt 0.466666667 0.181818182
vt 0.483333333 0.181818182
vt 0.500000000 0.181818182
vt 0.516666667 0.181818182
vt 0.533333333 0.181818182
vt 0.550000000 0.181818182
vt 0.566666667 0.181818182
vt 0.583333333 0.181818182
vt 0.600000000 0.181818182
vt 0.616666667 0.181818182
vt 0.633333333 0.181818182
vt 0.650000000 0.181818182
vt 0.666666667 0.181818182
vt 0.683333333 0.181818182
vt 0.700000000 0.181818182
vt 0.716666667 0.181818182
vt 0.733333333 0.181818182
vt 0.750000000 0.181818182
vt 0.766666667 0.181818182
vt 0.250000000 0.204545455
vt 0.233333333 0.204545455
vt 0.266666667 0.204545455
vt 0.283333333 0.204545455
vt 0.300000000 0.204545455
vt 0.316666667 0.204545455
vt 0.333333333 0.204545455
vt 0.350000000 0.204545455
vt 0.366666667 0.204545455
vt 0.383333333 0.204545455
vt 0.400000000 0.204545455
vt 0.416666667 0.204545455
vt 0.433333333 0.204545455
vt 0.450000000 0.204545455
vt 0.466666667 0.204545455
vt 0.483333333 0.204545455
vt 0.500000000 0.204545455
vt 0.516666667 0.204545455
vt 0.533333333 0.204545455
vt 0.550000000 0.204545455
vt 0.566666667 0.204545455
vt 0.583333333 0.204545455
vt 0.600000000 0.204545455
vt 0.616666667 0.204545455
vt 0.633333333 0.204545455
vt 0.650000000 0.204545455
vt 0.666666667 0.204545455
vt 0.683333333 0.204545455
vt 0.700000000 0.204545455
vt 0.716666667 0.204545455
vt 0.733333333 0.204545455
vt 0.750000000 0.204545455
vt 0.766666667 0.204545455
vt 0.250000000 0.227272727
vt 0.233333333 0.227272727
vt 0.266666667 0.227272727
vt 0.283333333 0.227272727
vt 0.300000000 0.227272727
vt 0.316666667 0.227272727
vt 0.333333333 0.227272727
vt 0.350000000 0.227272727
vt 0.366666667 0.227272727
vt 0.383333333 0.227272727
vt 0.400000000 0.227272727
vt 0.416666667 0.227272727
vt 0.433333333 0.227272727
vt 0.450000000 0.227272727
vt 0.466666667 0.227272727
vt 0.483333333 0.227272727
vt 0.500000000 0.227272727
vt 0.516666667 0.227272727
vt 0.533333333 0.227272727
vt 0.550000000 0.227272727
vt 0.566666667 0.227272727
vt 0.583333333 0.227272727
vt 0.600000000 0.227272727
vt 0.616666667 0.227272727
vt 0.633333333 0.227272727
vt 0.650000000 0.227272727
vt 0.666666667 0.227272727
vt 0.683333333 0.227272727
vt 0.700000000 0.227272727
vt 0.716666667 0.227272727
vt 0.733333333 0.227272727
vt 0.750000000 0.227272727
vt 0.766666667 0.227272727
vt 0.250000000 0.250000000
vt 0.233333333 0.250000000
vt 0.266666667 0.250000000
vt 0.283333333 0.250000000
vt 0.300000000 0.250000000
vt 0.316666667 0.250000000
vt 0.333333333 0.250000000
vt 0.350000000 0.250000000
vt 0.366666667 0.250000000
vt 0.383333333 0.250000000
vt 0.400000000 0.250000000
vt 0.416666667 0.250000000
vt 0.433333333 0.250000000
vt 0.450000000 0.250000000
vt 0.466666667 0.250000000
vt 0.483333333 0.250000000
vt 0.500000000 0.250000000
vt 0.516666667 0.250000000
vt 0.533333333 0.250000000
vt 0.550000000 0.250000000
vt 0.566666667 0.250000000
vt 0.583333333 0.250000000
vt 0.600000000 0.250000000
vt 0.616666667 0.250000000
vt 0.633333333 0.250000000
vt 0.650000000 0.250000000
vt 0.666666667 0.250000000
vt 0.683333333 0.250000000
vt 0.700000000 0.250000000
vt 0.716666667 0.250000000
vt 0.733333333 0.250000000
vt 0.750000000 0.250000000
vt 0.766666667 0.250000000
vt 0.250000000 0.272727273
vt 0.233333333 0.272727273
vt 0.266666667 0.272727273
vt 0.283333333 0.272727273
vt 0.300000000 0.272727273
vt 0.316666667 0.272727273
vt 0.333333333 0.272727273
vt 0.350000000 0.272727273
vt 0.366666667 0.272727273
vt 0.383333333 0.272727273
vt 0.400000000 0.272727273
vt 0.416666667 0.272727273
vt 0.433333333 0.272727273
vt 0.450000000 0.272727273
vt 0.466666667 0.272727273
vt 0.483333333 0.272727273
vt 0.500000000 0.272727273
vt 0.516666667 0.272727273
vt 0.533333333 0.272727273
vt 0.550000000 0.272727273
vt 0.566666667 0.272727273
vt 0.583333333 0.272727273
vt 0.600000000 0.272727273
vt 0.616666667 0.272727273
vt 0.633333333 0.272727273
vt 0.650000000 0.272727273
vt 0.666666667 0.272727273
vt 0.683333333 0.272727273
vt 0.700000000 0.272727273
vt 0.716666667 0.272727273
vt 0.733333333 0.272727273
vt 0.750000000 0.272727273
vt 0.766666667 0.272727273
vt 0.250000000 0.295454545
vt 0.233333333 0.295454545
vt 0.266666667 0.295454545
vt 0.283333333 0.295454545
vt 0.300000000 0.295454545
vt 0.316666667 0.295454545
vt 0.333333333 0.295454545
vt 0.350000000 0.295454545
vt 0.366666667 0.295454545
vt 0.383333333 0.295454545
vt 0.400000000 0.295454545
vt 0.416666667 0.295454545
vt 0.433333333 0.295454545
vt 0.450000000 0.295454545
vt 0.466666667 0.295454545
vt 0.483333333 0.295454545
vt 0.500000000 0.295454545
vt 0.516666667 0.295454545
vt 0.533333333 0.295454545
vt 0.550000000 0.295454545
vt 0.566666667 0.295454545
vt 0.583333333 0.295454545
vt 0.600000000 0.295454545
vt 0.616666667 0.295454545
vt 0.633333333 0.295454545
vt 0.650000000 0.295454545
vt 0.666666667 0.295454545
vt 0.683333333 0.295454545
vt 0.700000000 0.295454545
vt 0.716666667 0.295454545
vt 0.733333333 0.295454545
vt 0.750000000 0.295454545
vt 0.766666667 0.295454545
vt 0.250000000 0.318181818
vt 0.233333333 0.318181818
vt 0.266666667 0.318181818
vt 0.283333333 0.318181818
vt 0.300000000 0.318181818
vt 0.316666667 0.318181818
vt 0.333333333 0.318181818
vt 0.350000000 0.318181818
vt 0.366666667 0.318181818
vt 0.383333333 0.318181818
vt 0.400000000 0.318181818
vt 0.416666667 0.318181818
vt 0.433333333 0.318181818
vt 0.450000000 0.318181818
vt 0.466666667 0.318181818
vt 0.483333333 0.318181818
vt 0.500000000 0.318181818
vt 0.516666667 0.318181818
vt 0.533333333 0.318181818
vt 0.550000000 0.318181818
vt 0.566666667 0.318181818
vt 0.583333333 0.318181818
vt 0.600000000 0.318181818
vt 0.616666667 0.318181818
vt 0.633333333 0.318181818
vt 0.650000000 0.318181818
vt 0.666666667 0.318181818
vt 0.683333333 0.318181818
vt 0.700000000 0.318181818
vt 0.716666667 0.318181818
vt 0.733333333 0.318181818
vt 0.750000000 0.318181818
vt 0.766666667 0.318181818
vt 0.250000000 0.340909091
vt 0.233333333 0.340909091
vt 0.266666667 0.340909091
vt 0.283333333 0.340909091
vt 0.300000000 0.340909091
vt 0.316666667 0.340909091
vt 0.333333333 0.340909091
vt 0.350000000 0.340909091
vt 0.366666667 0.340909091
vt 0.383333333 0.340909091
vt 0.400000000 0.340909091
vt 0.416666667 0.340909091
vt 0.433333333 0.340909091
vt 0.450000000 0.340909091
vt 0.466666667 0.340909091
vt 0.483333333 0.340909091
vt 0.500000000 0.340909091
vt 0.516666667 0.340909091
vt 0.533333333 0.340909091
vt 0.550000000 0.340909091
vt 0.566666667 0.340909091
vt 0.583333333 0.340909091
vt 0.600000000 0.340909091
vt 0.616666667 0.340909091
vt 0.633333333 0.340909091
vt 0.650000000 0.340909091
vt 0.666666667 0.340909091
vt 0.683333333 0.340909091
vt 0.700000000 0.340909091
vt 0.716666667 0.340909091
vt 0.733333333 0.340909091
vt 0.750000000 0.340909091
vt 0.766666667 0.340909091
vt 0.250000000 0.363636364
vt 0.233333333 0.363636364
vt 0.266666667 0.363636364
vt 0.283333333 0.363636364
vt 0.300000000 0.363636364
vt 0.316666667 0.363636364
vt 0.333333333 0.363636364
vt 0.350000000 0.363636364
vt 0.366666667 0.363636364
vt 0.383333333 0.363636364
vt 0.400000000 0.363636364
vt 0.416666667 0.363636364
vt 0.433333333 0.363636364
vt 0.450000000 0.363636364
vt 0.466666667 0.363636364
vt 0.483333333 0.363636364
vt 0.500000000 0.363636364
vt 0.516666667 0.363636364
vt 0.533333333 0.363636364
vt 0.550000000 0.363636364
vt 0.566666667 0.363636364
vt 0.583333333 0.363636364
vt 0.600000000 0.363636364
vt 0.616666667 0.363636364
vt 0.633333333 0.363636364
vt 0.650000000 0.363636364
vt 0.666666667 0.363636364
vt 0.683333333 0.363636364
vt 0.700000000 0.363636364
vt 0.716666667 0.363636364
vt 0.733333333 0.363636364
vt 0.750000000 0.363636364
vt 0.766666667 0.363636364
vt 0.250000000 0.386363636
vt 0.233333333 0.386363636
vt 0.266666667 0.386363636
vt 0.283333333 0.386363636
vt 0.300000000 0.386363636
vt 0.316666667 0.386363636
vt 0.333333333 0.386363636
vt 0.350000000 0.386363636
vt 0.366666667 0.386363636
vt 0.383333333 0.386363636
vt 0.400000000 0.386363636
vt 0.416666667 0.386363636
vt 0.433333333 0.386363636
vt 0.450000000 0.386363636
vt 0.466666667 0.386363636
vt 0.483333333 0.386363636
vt 0.500000000 0.386363636
vt 0.516666667 0.386363636
vt 0.533333333 0.386363636
vt 0.550000000 0.386363636
vt 0.566666667 0.386363636
vt 0.583333333 0.386363636
vt 0.600000000 0.386363636
vt 0.616666667 0.386363636
vt 0.633333333 0.386363636
vt 0.650000000 0.386363636
vt 0.666666667 0.386363636
vt 0.683333333 0.386363636
vt 0.700000000 0.386363636
vt 0.716666667 0.386363636
vt 0.733333333 0.386363636
vt 0.750000000 0.386363636
vt 0.766666667 0.386363636
vt 0.250000000 0.409090909
vt 0.233333333 0.409090909
vt 0.266666667 0.409090909
vt 0.283333333 0.409090909
vt 0.300000000 0.409090909
vt 0.316666667 0.409090909
vt 0.333333333 0.409090909
vt 0.350000000 0.409090909
vt 0.366666667 0.409090909
vt 0.383333333 0.409090909
vt 0.400000000 0.409090909
vt 0.416666667 0.409090909
vt 0.433333333 0.409090909
vt 0.450000000 0.409090909
vt 0.466666667 0.409090909
vt 0.483333333 0.409090909
vt 0.500000000 0.409090909
vt 0.516666667 0.409090909
vt 0.533333333 0.409090909
vt 0.550000000 0.409090909
vt 0.566666667 0.409090909
vt 0.583333333 0.409090909
vt 0.600000000 0.409090909
vt 0.616666667 0.409090909
vt 0.633333333 0.409090909
vt 0.650000000 0.409090909
vt 0.666666667 0.409090909
vt 0.683333333 0.409090909
vt 0.700000000 0.409090909
vt 0.716666667 0.409090909
vt 0.733333333 0.409090909
vt 0.750000000 0.409090909
vt 0.766666667 0.409090909
vt 0.250000000 0.431818182
vt 0.233333333 0.431818182
vt 0.266666667 0.431818182
vt 0.283333333 0.431818182
vt 0.300000000 0.431818182
vt 0.316666667 0.431818182
vt 0.333333333 0.431818182
vt 0.350000000 0.431818182
vt 0.366666667 0.431818182
vt 0.383333333 0.431818182
vt 0.400000000 0.431818182
vt 0.416666667 0.431818182
vt 0.433333333 0.431818182
vt 0.450000000 0.431818182
vt 0.466666667 0.431818182
vt 0.483333333 0.431818182
vt 0.500000000 0.431818182
vt 0.516666667 0.431818182
vt 0.533333333 0.431818182
vt 0.550000000 0.431818182
vt 0.566666667 0.431818182
vt 0.583333333 0.431818182
vt 0.600000000 0.431818182
vt 0.616666667 0.431818182
vt 0.633333333 0.431818182
vt 0.650000000 0.431818182
vt 0.666666667 0.431818182
vt 0.683333333 0.431818182
vt 0.700000000 0.431818182
vt 0.716666667 0.431818182
vt 0.733333333 0.431818182
vt 0.750000000 0.431818182
vt 0.766666667 0.431818182
vt 0.250000000 0.454545455
vt 0.233333333 0.454545455
vt 0.266666667 0.454545455
vt 0.283333333 0.454545455
vt 0.300000000 0.454545455
vt 0.316666667 0.454545455
vt 0.333333333 0.454545455
vt 0.350000000 0.454545455
vt 0.366666667 0.454545455
vt 0.383333333 0.454545455
vt 0.400000000 0.454545455
vt 0.416666667 0.454545455
vt 0.433333333 0.454545455
vt 0.450000000 0.454545455
vt 0.466666667 0.454545455
vt 0.483333333 0.454545455
vt 0.500000000 0.454545455
vt 0.516666667 0.454545455
vt 0.533333333 0.454545455
vt 0.550000000 0.454545455
vt 0.566666667 0.454545455
vt 0.583333333 0.454545455
vt 0.600000000 0.454545455
vt 0.616666667 0.454545455
vt 0.633333333 0.454545455
vt 0.650000000 0.454545455
vt 0.666666667 0.454545455
vt 0.683333333 0.454545455
vt 0.700000000 0.454545455
vt 0.716666667 0.454545455
vt 0.733333333 0.454545455
vt 0.750000000 0.454545455
vt 0.766666667 0.454545455
vt 0.250000000 0.477272727
vt 0.233333333 0.477272727
vt 0.266666667 0.477272727
vt 0.283333333 0.477272727
vt 0.300000000 0.477272727
vt 0.316666667 0.477272727
vt 0.333333333 0.477272727
vt 0.350000000 0.477272727
vt 0.366666667 0.477272727
vt 0.383333333 0.477272727
vt 0.400000000 0.477272727
vt 0.416666667 0.477272727
vt 0.433333333 0.477272727
vt 0.450000000 0.477272727
vt 0.466666667 0.477272727
vt 0.483333333 0.477272727
vt 0.500000000 0.477272727
vt 0.516666667 0.477272727
vt 0.533333333 0.477272727
vt 0.550000000 0.477272727
vt 0.566666667 0.477272727
vt 0.583333333 0.477272727
vt 0.600000000 0.477272727
vt 0.616666667 0.477272727
vt 0.633333333 0.477272727
vt 0.650000000 0.477272727
vt 0.666666667 0.477272727
vt 0.683333333 0.477272727
vt 0.700000000 0.477272727
vt 0.716666667 0.477272727
vt 0.733333333 0.477272727
vt 0.750000000 0.477272727
vt 0.766666667 0.477272727
vt 0.250000000 0.500000000
vt 0.233333333 0.500000000
vt 0.266666667 0.500000000
vt 0.283333333 0.500000000
vt 0.300000000 0.500000000
vt 0.316666667 0.500000000
vt 0.333333333 0.500000000
vt 0.350000000 0.500000000
vt 0.366666667 0.500000000
vt 0.383333333 0.500000000
vt 0.400000000 0.500000000
vt 0.416666667 0.500000000
vt 0.433333333 0.500000000
vt 0.450000000 0.500000000
vt 0.466666667 0.500000000
vt 0.483333333 0.500000000
vt 0.500000000 0.500000000
vt 0.516666667 0.500000000
vt 0.533333333 0.500000000
vt 0.550000000 0.500000000
vt 0.566666667 0.500000000
vt 0.583333333 0.500000000
vt 0.600000000 0.500000000
vt 0.616666667 0.500000000
vt 0.633333333 0.500000000
vt 0.650000000 0.500000000
vt 0.666666667 0.500000000
vt 0.683333333 0.500000000
vt 0.700000000 0.500000000
vt 0.716666667 0.500000000
vt 0.733333333 0.500000000
vt 0.750000000 0.500000000
vt 0.766666667 0.500000000
vt 0.250000000 0.522727273
vt 0.233333333 0.522727273
vt 0.266666667 0.522727273
vt 0.283333333 0.522727273
vt 0.300000000 0.522727273
vt 0.316666667 0.522727273
vt 0.333333333 0.522727273
vt 0.350000000 0.522727273
vt 0.366666667 0.522727273
vt 0.383333333 0.522727273
vt 0.400000000 0.522727273
vt 0.416666667 0.522727273
vt 0.433333333 0.522727273
vt 0.450000000 0.522727273
vt 0.466666667 0.522727273
vt 0.483333333 0.522727273
vt 0.500000000 0.522727273
vt 0.516666667 0.522727273
vt 0.533333333 0.522727273
vt 0.550000000 0.522727273
vt 0.566666667 0.522727273
vt 0.583333333 0.522727273
vt 0.600000000 0.522727273
vt 0.616666667 0.522727273
vt 0.633333333 0.522727273
vt 0.650000000 0.522727273
vt 0.666666667 0.522727273
vt 0.683333333 0.522727273
vt 0.700000000 0.522727273
vt 0.716666667 0.522727273
vt 0.733333333 0.522727273
vt 0.750000000 0.522727273
vt 0.766666667 0.522727273
vt 0.250000000 0.545454545
vt 0.233333333 0.545454545
vt 0.266666667 0.545454545
vt 0.283333333 0.545454545
vt 0.300000000 0.545454545
vt 0.316666667 0.545454545
vt 0.333333333 0.545454545
vt 0.350000000 0.545454545
vt 0.366666667 0.545454545
vt 0.383333333 0.545454545
vt 0.400000000 0.545454545
vt 0.416666667 0.545454545
vt 0.433333333 0.545454545
vt 0.450000000 0.545454545
vt 0.466666667 0.545454545
vt 0.483333333 0.545454545
vt 0.500000000 0.545454545
vt 0.516666667 0.545454545
vt 0.533333333 0.545454545
vt 0.550000000 0.545454545
vt 0.566666667 0.545454545
vt 0.583333333 0.545454545
vt 0.600000000 0.545454545
vt 0.616666667 0.545454545
vt 0.633333333 0.545454545
vt 0.650000000 0.545454545
vt 0.666666667 0.545454545
vt 0.683333333 0.545454545
vt 0.700000000 0.545454545
vt 0.716666667 0.545454545
vt 0.733333333 0.545454545
vt 0.750000000 0.545454545
vt 0.766666667 0.545454545
vt 0.250000000 0.568181818
vt 0.233333333 0.568181818
vt 0.266666667 0.568181818
vt 0.283333333 0.568181818
vt 0.300000000 0.568181818
vt 0.316666667 0.568181818
vt 0.333333333 0.568181818
vt 0.350000000 0.568181818
vt 0.366666667 0.568181818
vt 0.383333333 0.568181818
vt 0.400000000 0.568181818
vt 0.416666667 0.568181818
vt 0.433333333 0.568181818
vt 0.450000000 0.568181818
vt 0.466666667 0.568181818
vt 0.483333333 0.568181818
vt 0.500000000 0.568181818
vt 0.516666667 0.568181818
vt 0.533333333 0.568181818
vt 0.550000000 0.568181818
vt 0.566666667 0.568181818
vt 0.583333333 0.568181818
vt 0.600000000 0.568181818
vt 0.616666667 0.568181818
vt 0.633333333 0.568181818
vt 0.650000000 0.568181818
vt 0.666666667 0.568181818
vt 0.683333333 0.568181818
vt 0.700000000 0.568181818
vt 0.716666667 0.568181818
vt 0.733333333 0.568181818
vt 0.750000000 0.568181818
vt 0.766666667 0.568181818
vt 0.250000000 0.590909091
vt 0.233333333 0.590909091
vt 0.266666667 0.590909091
vt 0.283333333 0.590909091
vt 0.300000000 0.590909091
vt 0.316666667 0.590909091
vt 0.333333333 0.590909091
vt 0.350000000 0.590909091
vt 0.366666667 0.590909091
vt 0.383333333 0.590909091
vt 0.400000000 0.590909091
vt 0.416666667 0.590909091
vt 0.433333333 0.590909091
vt 0.450000000 0.590909091
vt 0.466666667 0.590909091
vt 0.483333333 0.590909091
vt 0.500000000 0.590909091
vt 0.516666667 0.590909091
vt 0.533333333 0.590909091
vt 0.550000000 0.590909091
vt 0.566666667 0.590909091
vt 0.583333333 0.590909091
vt 0.600000000 0.590909091
vt 0.616666667 0.590909091
vt 0.633333333 0.590909091
vt 0.650000000 0.590909091
vt 0.666666667 0.590909091
vt 0.683333333 0.590909091
vt 0.700000000 0.590909091
vt 0.716666667 0.590909091
vt 0.733333333 0.590909091
vt 0.750000000 0.590909091
vt 0.766666667 0.590909091
vt 0.250000000 0.613636364
vt 0.233333333 0.613636364
vt 0.266666667 0.613636364
vt 0.283333333 0.613636364
vt 0.300000000 0.613636364
vt 0.316666667 0.613636364
vt 0.333333333 0.613636364
vt 0.350000000 0.613636364
vt 0.366666667 0.613636364
vt 0.383333333 0.613636364
vt 0.400000000 0.613636364
vt 0.416666667 0.613636364
vt 0.433333333 0.613636364
vt 0.450000000 0.613636364
vt 0.466666667 0.613636364
vt 0.483333333 0.613636364
vt 0.500000000 0.613636364
vt 0.516666667 0.613636364
vt 0.533333333 0.613636364
vt 0.550000000 0.613636364
vt 0.566666667 0.613636364
vt 0.583333333 0.613636364
vt 0.600000000 0.613636364
vt 0.616666667 0.613636364
vt 0.633333333 0.613636364
vt 0.650000000 0.613636364
vt 0.666666667 0.613636364
vt 0.683333333 0.613636364
vt 0.700000000 0.613636364
vt 0.716666667 0.613636364
vt 0.733333333 0.613636364
vt 0.750000000 0.613636364
vt 0.766666667 0.613636364
vt 0.250000000 0.636363636
vt 0.233333333 0.636363636
vt 0.266666667 0.636363636
vt 0.283333333 0.636363636
vt 0.300000000 0.636363636
vt 0.316666667 0.636363636
vt 0.333333333 0.636363636
vt 0.350000000 0.636363636
vt 0.366666667 0.636363636
vt 0.383333333 0.636363636
vt 0.400000000 0.636363636
vt 0.416666667 0.636363636
vt 0.433333333 0.636363636
vt 0.450000000 0.636363636
vt 0.466666667 0.636363636
vt 0.483333333 0.636363636
vt 0.500000000 0.636363636
vt 0.516666667 0.636363636
vt 0.533333333 0.636363636
vt 0.550000000 0.636363636
vt 0.566666667 0.636363636
vt 0.583333333 0.636363636
vt 0.600000000 0.636363636
vt 0.616666667 0.636363636
vt 0.633333333 0.636363636
vt 0.650000000 0.636363636
vt 0.666666667 0.636363636
vt 0.683333333 0.636363636
vt 0.700000000 0.636363636
vt 0.716666667 0.636363636
vt 0.733333333 0.636363636
vt 0.750000000 0.636363636
vt 0.766666667 0.636363636
vt 0.250000000 0.659090909
vt 0.233333333 0.659090909
vt 0.266666667 0.659090909
vt 0.283333333 0.659090909
vt 0.300000000 0.659090909
vt 0.316666667 0.659090909
vt 0.333333333 0.659090909
vt 0.350000000 0.659090909
vt 0.366666667 0.659090909
vt 0.383333333 0.659090909
vt 0.400000000 0.659090909
vt 0.416666667 0.659090909
vt 0.433333333 0.659090909
vt 0.450000000 0.659090909
vt 0.466666667 0.659090909
vt 0.483333333 0.659090909
vt 0.500000000 0.659090909
vt 0.516666667 0.659090909
vt 0.533333333 0.659090909
vt 0.550000000 0.659090909
vt 0.566666667 0.659090909
vt 0.583333333 0.659090909
vt 0.600000000 0.659090909
vt 0.616666667 0.659090909
vt 0.633333333 0.659090909
vt 0.650000000 0.659090909
vt 0.666666667 0.659090909
vt 0.683333333 0.659090909
vt 0.700000000 0.659090909
vt 0.716666667 0.659090909
vt 0.733333333 0.659090909
vt 0.750000000 0.659090909
vt 0.766666667 0.659090909
vt 0.250000000 0.681818182
vt 0.233333333 0.681818182
vt 0.266666667 0.681818182
vt 0.283333333 0.681818182
vt 0.300000000 0.681818182
vt 0.316666667 0.681818182
vt 0.333333333 0.681818182
vt 0.350000000 0.681818182
vt 0.366666667 0.681818182
vt 0.383333333 0.681818182
vt 0.400000000 0.681818182
vt 0.416666667 0.681818182
vt 0.433333333 0.681818182
vt 0.450000000 0.681818182
vt 0.466666667 0.681818182
vt 0.483333333 0.681818182
vt 0.500000000 0.681818182
vt 0.516666667 0.681818182
vt 0.533333333 0.681818182
vt 0.550000000 0.681818182
vt 0.566666667 0.681818182
vt 0.583333333 0.681818182
vt 0.600000000 0.681818182
vt 0.616666667 0.681818182
vt 0.633333333 0.681818182
vt 0.650000000 0.681818182
vt 0.666666667 0.681818182
vt 0.683333333 0.681818182
vt 0.700000000 0.681818182
vt 0.716666667 0.681818182
vt 0.733333333 0.681818182
vt 0.750000000 0.681818182
vt 0.766666667 0.681818182
vt 0.250000000 0.704545455
vt 0.233333333 0.704545455
vt 0.266666667 0.704545455
vt 0.283333333 0.704545455
vt 0.300000000 0.704545455
vt 0.316666667 0.704545455
vt 0.333333333 0.704545455
vt 0.350000000 0.704545455
vt 0.366666667 0.704545455
vt 0.383333333 0.704545455
vt 0.400000000 0.704545455
vt 0.416666667 0.704545455
vt 0.433333333 0.704545455
vt 0.450000000 0.704545455
vt 0.466666667 0.704545455
vt 0.483333333 0.704545455
vt 0.500000000 0.704545455
vt 0.516666667 0.704545455
vt 0.533333333 0.704545455
vt 0.550000000 0.704545455
vt 0.566666667 0.704545455
vt 0.583333333 0.704545455
vt 0.600000000 0.704545455
vt 0.616666667 0.704545455
vt 0.633333333 0.704545455
vt 0.650000000 0.704545455
vt 0.666666667 0.704545455
vt 0.683333333 0.704545455
vt 0.700000000 0.704545455
vt 0.716666667 0.704545455
vt 0.733333333 0.704545455
vt 0.750000000 0.704545455
vt 0.766666667 0.704545455
vt 0.250000000 0.727272727
vt 0.233333333 0.727272727
vt 0.266666667 0.727272727
vt 0.283333333 0.727272727
vt 0.300000000 0.727272727
vt 0.316666667 0.727272727
vt 0.333333333 0.727272727
vt 0.350000000 0.727272727
vt 0.366666667 0.727272727
vt 0.383333333 0.727272727
vt 0.400000000 0.727272727
vt 0.416666667 0.727272727
vt 0.433333333 0.727272727
vt 0.450000000 0.727272727
vt 0.466666667 0.727272727
vt 0.483333333 0.727272727
vt 0.500000000 0.727272727
vt 0.516666667 0.727272727
vt 0.533333333 0.727272727
vt 0.550000000 0.727272727
vt 0.566666667 0.727272727
vt 0.583333333 0.727272727
vt 0.600000000 0.727272727
vt 0.616666667 0.727272727
vt 0.633333333 0.727272727
vt 0.650000000 0.727272727
vt 0.666666667 0.727272727
vt 0.683333333 0.727272727
vt 0.700000000 0.727272727
vt 0.716666667 0.727272727
vt 0.733333333 0.727272727
vt 0.750000000 0.727272727
vt 0.766666667 0.727272727
vt 0.000000000 0.727272727
vt 0.016666667 0.727272727
vt 0.016666667 0.750000000
vt 0.000000000 0.750000000
vt 0.033333333 0.727272727
vt 0.033333333 0.750000000
vt 0.050000000 0.727272727
vt 0.050000000 0.750000000
vt 0.066666667 0.727272727
vt 0.066666667 0.750000000
vt 0.083333333 0.727272727
vt 0.083333333 0.750000000
vt 0.100000000 0.727272727
vt 0.100000000 0.750000000
vt 0.116666667 0.727272727
vt 0.116666667 0.750000000
vt 0.133333333 0.727272727
vt 0.133333333 0.750000000
vt 0.150000000 0.727272727
vt 0.150000000 0.750000000
vt 0.166666667 0.727272727
vt 0.166666667 0.750000000
vt 0.183333333 0.727272727
vt 0.183333333 0.750000000
vt 0.200000000 0.727272727
vt 0.200000000 0.750000000
vt 0.216666667 0.727272727
vt 0.216666667 0.750000000
vt 0.233333333 0.750000000
vt 0.250000000 0.750000000
vt 0.266666667 0.750000000
vt 0.283333333 0.750000000
vt 0.300000000 0.750000000
vt 0.316666667 0.750000000
vt 0.333333333 0.750000000
vt 0.350000000 0.750000000
vt 0.366666667 0.750000000
vt 0.383333333 0.750000000
vt 0.400000000 0.750000000
vt 0.416666667 0.750000000
vt 0.433333333 0.750000000
vt 0.450000000 0.750000000
vt 0.466666667 0.750000000
vt 0.483333333 0.750000000
vt 0.500000000 0.750000000
vt 0.516666667 0.750000000
vt 0.533333333 0.750000000
vt 0.550000000 0.750000000
vt 0.566666667 0.750000000
vt 0.583333333 0.750000000
vt 0.600000000 0.750000000
vt 0.616666667 0.750000000
vt 0.633333333 0.750000000
vt 0.650000000 0.750000000
vt 0.666666667 0.750000000
vt 0.683333333 0.750000000
vt 0.700000000 0.750000000
vt 0.716666667 0.750000000
vt 0.733333333 0.750000000
vt 0.750000000 0.750000000
vt 0.766666667 0.750000000
vt 0.783333333 0.727272727
vt 0.783333333 0.750000000
vt 0.800000000 0.727272727
vt 0.800000000 0.750000000
vt 0.816666667 0.727272727
vt 0.816666667 0.750000000
vt 0.833333333 0.727272727
vt 0.833333333 0.750000000
vt 0.850000000 0.727272727
vt 0.850000000 0.750000000
vt 0.866666667 0.727272727
vt 0.866666667 0.750000000
vt 0.883333333 0.727272727
vt 0.883333333 0.750000000
vt 0.900000000 0.727272727
vt 0.900000000 0.750000000
vt 0.916666667 0.727272727
vt 0.916666667 0.750000000
vt 0.933333333 0.727272727
vt 0.933333333 0.750000000
vt 0.950000000 0.727272727
vt 0.950000000 0.750000000
vt 0.966666667 0.727272727
vt 0.966666667 0.750000000
vt 0.983333333 0.727272727
vt 0.983333333 0.750000000
vt 1.000000000 0.727272727
vt 1.000000000 0.750000000
vt 0.016666667 0.772727273
vt 0.000000000 0.772727273
vt 0.033333333 0.772727273
vt 0.050000000 0.772727273
vt 0.066666667 0.772727273
vt 0.083333333 0.772727273
vt 0.100000000 0.772727273
vt 0.116666667 0.772727273
vt 0.133333333 0.772727273
vt 0.150000000 0.772727273
vt 0.166666667 0.772727273
vt 0.183333333 0.772727273
vt 0.200000000 0.772727273
vt 0.216666667 0.772727273
vt 0.233333333 0.772727273
vt 0.250000000 0.772727273
vt 0.266666667 0.772727273
vt 0.283333333 0.772727273
vt 0.300000000 0.772727273
vt 0.316666667 0.772727273
vt 0.333333333 0.772727273
vt 0.350000000 0.772727273
vt 0.366666667 0.772727273
vt 0.383333333 0.772727273
vt 0.400000000 0.772727273
vt 0.416666667 0.772727273
vt 0.433333333 0.772727273
vt 0.450000000 0.772727273
vt 0.466666667 0.772727273
vt 0.483333333 0.772727273
vt 0.500000000 0.772727273
vt 0.516666667 0.772727273
vt 0.533333333 0.772727273
vt 0.550000000 0.772727273
vt 0.566666667 0.772727273
vt 0.583333333 0.772727273
vt 0.600000000 0.772727273
vt 0.616666667 0.772727273
vt 0.633333333 0.772727273
vt 0.650000000 0.772727273
vt 0.666666667 0.772727273
vt 0.683333333 0.772727273
vt 0.700000000 0.772727273
vt 0.716666667 0.772727273
vt 0.733333333 0.772727273
vt 0.750000000 0.772727273
vt 0.766666667 0.772727273
vt 0.783333333 0.772727273
vt 0.800000000 0.772727273
vt 0.816666667 0.772727273
vt 0.833333333 0.772727273
vt 0.850000000 0.772727273
vt 0.866666667 0.772727273
vt 0.883333333 0.772727273
vt 0.900000000 0.772727273
vt 0.916666667 0.772727273
vt 0.933333333 0.772727273
vt 0.950000000 0.772727273
vt 0.966666667 0.772727273
vt 0.983333333 0.772727273
vt 1.000000000 0.772727273
vt 0.016666667 0.795454545
vt 0.000000000 0.795454545
vt 0.033333333 0.795454545
vt 0.050000000 0.795454545
vt 0.066666667 0.795454545
vt 0.083333333 0.795454545
vt 0.100000000 0.795454545
vt 0.116666667 0.795454545
vt 0.133333333 0.795454545
vt 0.150000000 0.795454545
vt 0.166666667 0.795454545
vt 0.183333333 0.795454545
vt 0.200000000 0.795454545
vt 0.216666667 0.795454545
vt 0.233333333 0.795454545
vt 0.250000000 0.795454545
vt 0.266666667 0.795454545
vt 0.283333333 0.795454545
vt 0.300000000 0.795454545
vt 0.316666667 0.795454545
vt 0.333333333 0.795454545
vt 0.350000000 0.795454545
vt 0.366666667 0.795454545
vt 0.383333333 0.795454545
vt 0.400000000 0.795454545
vt 0.416666667 0.795454545
vt 0.433333333 0.795454545
vt 0.450000000 0.795454545
vt 0.466666667 0.795454545
vt 0.483333333 0.795454545
vt 0.500000000 0.795454545
vt 0.516666667 0.795454545
vt 0.533333333 0.795454545
vt 0.550000000 0.795454545
vt 0.566666667 0.795454545
vt 0.583333333 0.795454545
vt 0.600000000 0.795454545
vt 0.616666667 0.795454545
vt 0.633333333 0.795454545
vt 0.650000000 0.795454545
vt 0.666666667 0.795454545
vt 0.683333333 0.795454545
vt 0.700000000 0.795454545
vt 0.716666667 0.795454545
vt 0.733333333 0.795454545
vt 0.750000000 0.795454545
vt 0.766666667 0.795454545
vt 0.783333333 0.795454545
vt 0.800000000 0.795454545
vt 0.816666667 0.795454545
vt 0.833333333 0.795454545
vt 0.850000000 0.795454545
vt 0.866666667 0.795454545
vt 0.883333333 0.795454545
vt 0.900000000 0.795454545
vt 0.916666667 0.795454545
vt 0.933333333 0.795454545
vt 0.950000000 0.795454545
vt 0.966666667 0.795454545
vt 0.983333333 0.795454545
vt 1.000000000 0.795454545
vt 0.016666667 0.818181818
vt 0.000000000 0.818181818
vt 0.033333333 0.818181818
vt 0.050000000 0.818181818
vt 0.066666667 0.818181818
vt 0.083333333 0.818181818
vt 0.100000000 0.818181818
vt 0.116666667 0.818181818
vt 0.133333333 0.818181818
vt 0.150000000 0.818181818
vt 0.166666667 0.818181818
vt 0.183333333 0.818181818
vt 0.200000000 0.818181818
vt 0.216666667 0.818181818
vt 0.233333333 0.818181818
vt 0.250000000 0.818181818
vt 0.266666667 0.818181818
vt 0.283333333 0.818181818
vt 0.300000000 0.818181818
vt 0.316666667 0.818181818
vt 0.333333333 0.818181818
vt 0.350000000 0.818181818
vt 0.366666667 0.818181818
vt 0.383333333 0.818181818
vt 0.400000000 0.818181818
vt 0.416666667 0.818181818
vt 0.433333333 0.818181818
vt 0.450000000 0.818181818
vt 0.466666667 0.818181818
vt 0.483333333 0.818181818
vt 0.500000000 0.818181818
vt 0.516666667 0.818181818
vt 0.533333333 0.818181818
vt 0.550000000 0.818181818
vt 0.566666667 0.818181818
vt 0.583333333 0.818181818
vt 0.600000000 0.818181818
vt 0.616666667 0.818181818
vt 0.633333333 0.818181818
vt 0.650000000 0.818181818
vt 0.666666667 0.818181818
vt 0.683333333 0.818181818
vt 0.700000000 0.818181818
vt 0.716666667 0.818181818
vt 0.733333333 0.818181818
vt 0.750000000 0.818181818
vt 0.766666667 0.818181818
vt 0.783333333 0.818181818
vt 0.800000000 0.818181818
vt 0.816666667 0.818181818
vt 0.833333333 0.818181818
vt 0.850000000 0.818181818
vt 0.866666667 0.818181818
vt 0.883333333 0.818181818
vt 0.900000000 0.818181818
vt 0.916666667 0.818181818
vt 0.933333333 0.818181818
vt 0.950000000 0.818181818
vt 0.966666667 0.818181818
vt 0.983333333 0.818181818
vt 1.000000000 0.818181818
vt 0.016666667 0.840909091
vt 0.000000000 0.840909091
vt 0.033333333 0.840909091
vt 0.050000000 0.840909091
vt 0.066666667 0.840909091
vt 0.083333333 0.840909091
vt 0.100000000 0.840909091
vt 0.116666667 0.840909091
vt 0.133333333 0.840909091
vt 0.150000000 0.840909091
vt 0.166666667 0.840909091
vt 0.183333333 0.840909091
vt 0.200000000 0.840909091
vt 0.216666667 0.840909091
vt 0.233333333 0.840909091
vt 0.250000000 0.840909091
vt 0.266666667 0.840909091
vt 0.283333333 0.840909091
vt 0.300000000 0.840909091
vt 0.316666667 0.840909091
vt 0.333333333 0.840909091
vt 0.350000000 0.840909091
vt 0.366666667 0.840909091
vt 0.383333333 0.840909091
vt 0.400000000 0.840909091
vt 0.416666667 0.840909091
vt 0.433333333 0.840909091
vt 0.450000000 0.840909091
vt 0.466666667 0.840909091
vt 0.483333333 0.840909091
vt 0.500000000 0.840909091
vt 0.516666667 0.840909091
vt 0.533333333 0.840909091
vt 0.550000000 0.840909091
vt 0.566666667 0.840909091
vt 0.583333333 0.840909091
vt 0.600000000 0.840909091
vt 0.616666667 0.840909091
vt 0.633333333 0.840909091
vt 0.650000000 0.840909091
vt 0.666666667 0.840909091
vt 0.683333333 0.840909091
vt 0.700000000 0.840909091
vt 0.716666667 0.840909091
vt 0.733333333 0.840909091
vt 0.750000000 0.840909091
vt 0.766666667 0.840909091
vt 0.783333333 0.840909091
vt 0.800000000 0.840909091
vt 0.816666667 0.840909091
vt 0.833333333 0.840909091
vt 0.850000000 0.840909091
vt 0.866666667 0.840909091
vt 0.883333333 0.840909091
vt 0.900000000 0.840909091
vt 0.916666667 0.840909091
vt 0.933333333 0.840909091
vt 0.950000000 0.840909091
vt 0.966666667 0.840909091
vt 0.983333333 0.840909091
vt 1.000000000 0.840909091
vt 0.016666667 0.863636364
vt 0.000000000 0.863636364
vt 0.033333333 0.863636364
vt 0.050000000 0.863636364
vt 0.066666667 0.863636364
vt 0.083333333 0.863636364
vt 0.100000000 0.863636364
vt 0.116666667 0.863636364
vt 0.133333333 0.863636364
vt 0.150000000 0.863636364
vt 0.166666667 0.863636364
vt 0.183333333 0.863636364
vt 0.200000000 0.863636364
vt 0.216666667 0.863636364
vt 0.233333333 0.863636364
vt 0.250000000 0.863636364
vt 0.266666667 0.863636364
vt 0.283333333 0.863636364
vt 0.300000000 0.863636364
vt 0.316666667 0.863636364
vt 0.333333333 0.863636364
vt 0.350000000 0.863636364
vt 0.366666667 0.863636364
vt 0.383333333 0.863636364
vt 0.400000000 0.863636364
vt 0.416666667 0.863636364
vt 0.433333333 0.863636364
vt 0.450000000 0.863636364
vt 0.466666667 0.863636364
vt 0.483333333 0.863636364
vt 0.500000000 0.863636364
vt 0.516666667 0.863636364
vt 0.533333333 0.863636364
vt 0.550000000 0.863636364
vt 0.566666667 0.863636364
vt 0.583333333 0.863636364
vt 0.600000000 0.863636364
vt 0.616666667 0.863636364
vt 0.633333333 0.863636364
vt 0.650000000 0.863636364
vt 0.666666667 0.863636364
vt 0.683333333 0.863636364
vt 0.700000000 0.863636364
vt 0.716666667 0.863636364
vt 0.733333333 0.863636364
vt 0.750000000 0.863636364
vt 0.766666667 0.863636364
vt 0.783333333 0.863636364
vt 0.800000000 0.863636364
vt 0.816666667 0.863636364
vt 0.833333333 0.863636364
vt 0.850000000 0.863636364
vt 0.866666667 0.863636364
vt 0.883333333 0.863636364
vt 0.900000000 0.863636364
vt 0.916666667 0.863636364
vt 0.933333333 0.863636364
vt 0.950000000 0.863636364
vt 0.966666667 0.863636364
vt 0.983333333 0.863636364
vt 1.000000000 0.863636364
vt 0.016666667 0.886363636
vt 0.000000000 0.886363636
vt 0.033333333 0.886363636
vt 0.050000000 0.886363636
vt 0.066666667 0.886363636
vt 0.083333333 0.886363636
vt 0.100000000 0.886363636
vt 0.116666667 0.886363636
vt 0.133333333 0.886363636
vt 0.150000000 0.886363636
vt 0.166666667 0.886363636
vt 0.183333333 0.886363636
vt 0.200000000 0.886363636
vt 0.216666667 0.886363636
vt 0.233333333 0.886363636
vt 0.250000000 0.886363636
vt 0.266666667 0.886363636
vt 0.283333333 0.886363636
vt 0.300000000 0.886363636
vt 0.316666667 0.886363636
vt 0.333333333 0.886363636
vt 0.350000000 0.886363636
vt 0.366666667 0.886363636
vt 0.383333333 0.886363636
vt 0.400000000 0.886363636
vt 0.416666667 0.886363636
vt 0.433333333 0.886363636
vt 0.450000000 0.886363636
vt 0.566666667 0.886363636
vt 0.550000000 0.886363636
vt 0.583333333 0.886363636
vt 0.600000000 0.886363636
vt 0.616666667 0.886363636
vt 0.633333333 0.886363636
vt 0.650000000 0.886363636
vt 0.666666667 0.886363636
vt 0.683333333 0.886363636
vt 0.700000000 0.886363636
vt 0.716666667 0.886363636
vt 0.733333333 0.886363636
vt 0.750000000 0.886363636
vt 0.766666667 0.886363636
vt 0.783333333 0.886363636
vt 0.800000000 0.886363636
vt 0.816666667 0.886363636
vt 0.833333333 0.886363636
vt 0.850000000 0.886363636
vt 0.866666667 0.886363636
vt 0.883333333 0.886363636
vt 0.900000000 0.886363636
vt 0.916666667 0.886363636
vt 0.933333333 0.886363636
vt 0.950000000 0.886363636
vt 0.966666667 0.886363636
vt 0.983333333 0.886363636
vt 1.000000000 0.886363636
vt 0.016666667 0.909090909
vt 0.000000000 0.909090909
vt 0.033333333 0.909090909
vt 0.050000000 0.909090909
vt 0.066666667 0.909090909
vt 0.083333333 0.909090909
vt 0.100000000 0.909090909
vt 0.116666667 0.909090909
vt 0.133333333 0.909090909
vt 0.150000000 0.909090909
vt 0.166666667 0.909090909
vt 0.183333333 0.909090909
vt 0.200000000 0.909090909
vt 0.216666667 0.909090909
vt 0.233333333 0.909090909
vt 0.250000000 0.909090909
vt 0.266666667 0.909090909
vt 0.283333333 0.909090909
vt 0.300000000 0.909090909
vt 0.316666667 0.909090909
vt 0.333333333 0.909090909
vt 0.350000000 0.909090909
vt 0.366666667 0.909090909
vt 0.383333333 0.909090909
vt 0.400000000 0.909090909
vt 0.416666667 0.909090909
vt 0.433333333 0.909090909
vt 0.583333333 0.909090909
vt 0.566666667 0.909090909
vt 0.600000000 0.909090909
vt 0.616666667 0.909090909
vt 0.633333333 0.909090909
vt 0.650000000 0.909090909
vt 0.666666667 0.909090909
vt 0.683333333 0.909090909
vt 0.700000000 0.909090909
vt 0.716666667 0.909090909
vt 0.733333333 0.909090909
vt 0.750000000 0.909090909
vt 0.766666667 0.909090909
vt 0.783333333 0.909090909
vt 0.800000000 0.909090909
vt 0.816666667 0.909090909
vt 0.833333333 0.909090909
vt 0.850000000 0.909090909
vt 0.866666667 0.909090909
vt 0.883333333 0.909090909
vt 0.900000000 0.909090909
vt 0.916666667 0.909090909
vt 0.933333333 0.909090909
vt 0.950000000 0.909090909
vt 0.966666667 0.909090909
vt 0.983333333 0.909090909
vt 1.000000000 0.909090909
vt 0.016666667 0.931818182
vt 0.000000000 0.931818182
vt 0.033333333 0.931818182
vt 0.050000000 0.931818182
vt 0.066666667 0.931818182
vt 0.083333333 0.931818182
vt 0.100000000 0.931818182
vt 0.116666667 0.931818182
vt 0.133333333 0.931818182
vt 0.150000000 0.931818182
vt 0.166666667 0.931818182
vt 0.183333333 0.931818182
vt 0.200000000 0.931818182
vt 0.216666667 0.931818182
vt 0.233333333 0.931818182
vt 0.250000000 0.931818182
vt 0.266666667 0.931818182
vt 0.283333333 0.931818182
vt 0.300000000 0.931818182
vt 0.316666667 0.931818182
vt 0.333333333 0.931818182
vt 0.350000000 0.931818182
vt 0.366666667 0.931818182
vt 0.383333333 0.931818182
vt 0.400000000 0.931818182
vt 0.416666667 0.931818182
vt 0.600000000 0.931818182
vt 0.583333333 0.931818182
vt 0.616666667 0.931818182
vt 0.633333333 0.931818182
vt 0.650000000 0.931818182
vt 0.666666667 0.931818182
vt 0.683333333 0.931818182
vt 0.700000000 0.931818182
vt 0.716666667 0.931818182
vt 0.733333333 0.931818182
vt 0.750000000 0.931818182
vt 0.766666667 0.931818182
vt 0.783333333 0.931818182
vt 0.800000000 0.931818182
vt 0.816666667 0.931818182
vt 0.833333333 0.931818182
vt 0.850000000 0.931818182
vt 0.866666667 0.931818182
vt 0.883333333 0.931818182
vt 0.900000000 0.931818182
vt 0.916666667 0.931818182
vt 0.933333333 0.931818182
vt 0.950000000 0.931818182
vt 0.966666667 0.931818182
vt 0.983333333 0.931818182
vt 1.000000000 0.931818182
vt 0.016666667 0.954545455
vt 0.000000000 0.954545455
vt 0.033333333 0.954545455
vt 0.050000000 0.954545455
vt 0.066666667 0.954545455
vt 0.083333333 0.954545455
vt 0.100000000 0.954545455
vt 0.116666667 0.954545455
vt 0.133333333 0.954545455
vt 0.150000000 0.954545455
vt 0.166666667 0.954545455
vt 0.183333333 0.954545455
vt 0.200000000 0.954545455
vt 0.216666667 0.954545455
vt 0.233333333 0.954545455
vt 0.250000000 0.954545455
vt 0.266666667 0.954545455
vt 0.283333333 0.954545455
vt 0.300000000 0.954545455
vt 0.316666667 0.954545455
vt 0.333333333 0.954545455
vt 0.350000000 0.954545455
vt 0.366666667 0.954545455
vt 0.383333333 0.954545455
vt 0.400000000 0.954545455
vt 0.616666667 0.954545455
vt 0.600000000 0.954545455
vt 0.633333333 0.954545455
vt 0.650000000 0.954545455
vt 0.666666667 0.954545455
vt 0.683333333 0.954545455
vt 0.700000000 0.954545455
vt 0.716666667 0.954545455
vt 0.733333333 0.954545455
vt 0.750000000 0.954545455
vt 0.766666667 0.954545455
vt 0.783333333 0.954545455
vt 0.800000000 0.954545455
vt 0.816666667 0.954545455
vt 0.833333333 0.954545455
vt 0.850000000 0.954545455
vt 0.866666667 0.954545455
vt 0.883333333 0.954545455
vt 0.900000000 0.954545455
vt 0.916666667 0.954545455
vt 0.933333333 0.954545455
vt 0.950000000 0.954545455
vt 0.966666667 0.954545455
vt 0.983333333 0.954545455
vt 1.000000000 0.954545455
vt 0.016666667 0.977272727
vt 0.000000000 0.977272727
vt 0.033333333 0.977272727
vt 0.050000000 0.977272727
vt 0.066666667 0.977272727
vt 0.083333333 0.977272727
vt 0.100000000 0.977272727
vt 0.116666667 0.977272727
vt 0.133333333 0.977272727
vt 0.150000000 0.977272727
vt 0.166666667 0.977272727
vt 0.183333333 0.977272727
vt 0.200000000 0.977272727
vt 0.216666667 0.977272727
vt 0.233333333 0.977272727
vt 0.250000000 0.977272727
vt 0.266666667 0.977272727
vt 0.283333333 0.977272727
vt 0.300000000 0.977272727
vt 0.316666667 0.977272727
vt 0.333333333 0.977272727
vt 0.350000000 0.977272727
vt 0.366666667 0.977272727
vt 0.383333333 0.977272727
vt 0.400000000 0.977272727
vt 0.616666667 0.977272727
vt 0.600000000 0.977272727
vt 0.633333333 0.977272727
vt 0.650000000 0.977272727
vt 0.666666667 0.977272727
vt 0.683333333 0.977272727
vt 0.700000000 0.977272727
vt 0.716666667 0.977272727
vt 0.733333333 0.977272727
vt 0.750000000 0.977272727
vt 0.766666667 0.977272727
vt 0.783333333 0.977272727
vt 0.800000000 0.977272727
vt 0.816666667 0.977272727
vt 0.833333333 0.977272727
vt 0.850000000 0.977272727
vt 0.866666667 0.977272727
vt 0.883333333 0.977272727
vt 0.900000000 0.977272727
vt 0.916666667 0.977272727
vt 0.933333333 0.977272727
vt 0.950000000 0.977272727
vt 0.966666667 0.977272727
vt 0.983333333 0.977272727
vt 1.000000000 0.977272727
vt 0.016666667 1.000000000
vt 0.000000000 1.000000000
vt 0.033333333 1.000000000
vt 0.050000000 1.000000000
vt 0.066666667 1.000000000
vt 0.083333333 1.000000000
vt 0.100000000 1.000000000
vt 0.116666667 1.000000000
vt 0.133333333 1.000000000
vt 0.150000000 1.000000000
vt 0.166666667 1.000000000
vt 0.183333333 1.000000000
vt 0.200000000 1.000000000
vt 0.216666667 1.000000000
vt 0.233333333 1.000000000
vt 0.250000000 1.000000000
vt 0.266666667 1.000000000
vt 0.283333333 1.000000000
vt 0.300000000 1.000000000
vt 0.316666667 1.000000000
vt 0.333333333 1.000000000
vt 0.350000000 1.000000000
vt 0.366666667 1.000000000
vt 0.383333333 1.000000000
vt 0.400000000 1.000000000
vt 0.616666667 1.000000000
vt 0.600000000 1.000000000
vt 0.633333333 1.000000000
vt 0.650000000 1.000000000
vt 0.666666667 1.000000000
vt 0.683333333 1.000000000
vt 0.700000000 1.000000000
vt 0.716666667 1.000000000
vt 0.733333333 1.000000000
vt 0.750000000 1.000000000
vt 0.766666667 1.000000000
vt 0.783333333 1.000000000
vt 0.800000000 1.000000000
vt 0.816666667 1.000000000
vt 0.833333333 1.000000000
vt 0.850000000 1.000000000
vt 0.866666667 1.000000000
vt 0.883333333 1.000000000
vt 0.900000000 1.000000000
vt 0.916666667 1.000000000
vt 0.933333333 1.000000000
vt 0.950000000 1.000000000
vt 0.966666667 1.000000000
vt 0.983333333 1.000000000
vt 1.000000000 1.000000000
f 1/1 2/2 3/3
f 1/1 3/3 4/4
f 2/2 5/5 6/6
f 2/2 6/6 3/3
f 5/5 7/7 8/8
f 5/5 8/8 6/6
f 7/7 9/9 10/10
f 7/7 10/10 8/8
f 9/9 11/11 12/12
f 9/9 12/12 10/10
f 11/11 13/13 14/14
f 11/11 14/14 12/12
f 13/13 15/15 16/16
f 13/13 16/16 14/14
f 15/15 17/17 18/18
f 15/15 18/18 16/16
f 17/17 19/19 20/20
f 17/17 20/20 18/18
f 19/19 21/21 22/22
f 19/19 22/22 20/20
f 21/21 23/23 24/24
f 21/21 24/24 22/22
f 23/23 25/25 26/26
f 23/23 26/26 24/24
f 25/25 27/27 28/28
f 25/25 28/28 26/26
f 27/27 29/29 30/30
f 27/27 30/30 28/28
f 29/29 31/31 32/32
f 29/29 32/32 30/30
f 31/31 33/33 34/34
f 31/31 34/34 32/32
f 33/33 35/35 36/36
f 33/33 36/36 34/34
f 35/35 37/37 38/38
f 35/35 38/38 36/36
f 37/37 39/39 40/40
f 37/37 40/40 38/38
f 39/39 41/41 42/42
f 39/39 42/42 40/40
f 41/41 43/43 44/44
f 41/41 44/44 42/42
f 43/43 45/45 46/46
f 43/43 46/46 44/44
f 45/45 47/47 48/48
f 45/45 48/48 46/46
f 47/47 49/49 50/50
f 47/47 50/50 48/48
f 49/49 51/51 52/52
f 49/49 52/52 50/50
f 51/51 53/53 54/54
f 51/51 54/54 52/52
f 53/53 55/55 56/56
f 53/53 56/56 54/54
f 55/55 57/57 58/58
f 55/55 58/58 56/56
f 57/57 59/59 60/60
f 57/57 60/60 58/58
f 59/59 61/61 62/62
f 59/59 62/62 60/60
f 61/61 63/63 64/64
f 61/61 64/64 62/62
f 63/63 65/65 66/66
f 63/63 66/66 64/64
f 4/4 3/3 67/67
f 4/4 67/67 68/68
f 3/3 6/6 69/69
f 3/3 69/69 67/67
f 6/6 8/8 70/70
f 6/6 70/70 69/69
f 8/8 10/10 71/71
f 8/8 71/71 70/70
f 10/10 12/12 72/72
f 10/10 72/72 71/71
f 12/12 14/14 73/73
f 12/12 73/73 72/72
f 14/14 16/16 74/74
f 14/14 74/74 73/73
f 16/16 18/18 75/75
f 16/16 75/75 74/74
f 18/18 20/20 76/76
f 18/18 76/76 75/75
f 20/20 22/22 77/77
f 20/20 77/77 76/76
f 22/22 24/24 78/78
f 22/22 78/78 77/77
f 24/24 26/26 79/79
f 24/24 79/79 78/78
f 26/26 28/28 80/80
f 26/26 80/80 79/79
f 28/28 30/30 81/81
f 28/28 81/81 80/80
f 30/30 32/32 82/82
f 30/30 82/82 81/81
f 32/32 34/34 83/83
f 32/32 83/83 82/82
f 34/34 36/36 84/84
f 34/34 84/84 83/83
f 36/36 38/38 85/85
f 36/36 85/85 84/84
f 38/38 40/40 86/86
f 38/38 86/86 85/85
f 40/40 42/42 87/87
f 40/40 87/87 86/86
f 42/42 44/44 88/88
f 42/42 88/88 87/87
f 44/44 46/46 89/89
f 44/44 89/89 88/88
f 46/46 48/48 90/90
f 46/46 90/90 89/89
f 48/48 50/50 91/91
f 48/48 91/91 90/90
f 50/50 52/52 92/92
f 50/50 92/92 91/91
f 52/52 54/54 93/93
f 52/52 93/93 92/92
f 54/54 56/56 94/94
f 54/54 94/94 93/93
f 56/56 58/58 95/95
f 56/56 95/95 94/94
f 58/58 60/60 96/96
f 58/58 96/96 95/95
f 60/60 62/62 97/97
f 60/60 97/97 96/96
f 62/62 64/64 98/98
f 62/62 98/98 97/97
f 64/64 66/66 99/99
f 64/64 99/99 98/98
f 68/68 67/67 100/100
f 68/68 100/100 101/101
f 67/67 69/69 102/102
f 67/67 102/102 100/100
f 69/69 70/70 103/103
f 69/69 103/103 102/102
f 70/70 71/71 104/104
f 70/70 104/104 103/103
f 71/71 72/72 105/105
f 71/71 105/105 104/104
f 72/72 73/73 106/106
f 72/72 106/106 105/105
f 73/73 74/74 107/107
f 73/73 107/107 106/106
f 74/74 75/75 108/108
f 74/74 108/108 107/107
f 75/75 76/76 109/109
f 75/75 109/109 108/108
f 76/76 77/77 110/110
f 76/76 110/110 109/109
f 77/77 78/78 111/111
f 77/77 111/111 110/110
f 78/78 79/79 112/112
f 78/78 112/112 111/111
f 79/79 80/80 113/113
f 79/79 113/113 112/112
f 80/80 81/81 114/114
f 80/80 114/114 113/113
f 81/81 82/82 115/115
f 81/81 115/115 114/114
f 82/82 83/83 116/116
f 82/82 116/116 115/115
f 83/83 84/84 117/117
f 83/83 117/117 116/116
f 84/84 85/85 118/118
f 84/84 118/118 117/117
f 85/85 86/86 119/119
f 85/85 119/119 118/118
f 86/86 87/87 120/120
f 86/86 120/120 119/119
f 87/87 88/88 121/121
f 87/87 121/121 120/120
f 88/88 89/89 122/122
f 88/88 122/122 121/121
f 89/89 90/90 123/123
f 89/89 123/123 122/122
f 90/90 91/91 124/124
f 90/90 124/124 123/123
f 91/91 92/92 125/125
f 91/91 125/125 124/124
f 92/92 93/93 126/126
f 92/92 126/126 125/125
f 93/93 94/94 127/127
f 93/93 127/127 126/126
f 94/94 95/95 128/128
f 94/94 128/128 127/127
f 95/95 96/96 129/129
f 95/95 129/129 128/128
f 96/96 97/97 130/130
f 96/96 130/130 129/129
f 97/97 98/98 131/131
f 97/97 131/131 130/130
f 98/98 99/99 132/132
f 98/98 132/132 131/131
f 101/101 100/100 133/133
f 101/101 133/133 134/134
f 100/100 102/102 135/135
f 100/100 135/135 133/133
f 102/102 103/103 136/136
f 102/102 136/136 135/135
f 103/103 104/104 137/137
f 103/103 137/137 136/136
f 104/104 105/105 138/138
f 104/104 138/138 137/137
f 105/105 106/106 139/139
f 105/105 139/139 138/138
f 106/106 107/107 140/140
f 106/106 140/140 139/139
f 107/107 108/108 141/141
f 107/107 141/141 140/140
f 108/108 109/109 142/142
f 108/108 142/142 141/141
f 109/109 110/110 143/143
f 109/109 143/143 142/142
f 110/110 111/111 144/144
f 110/110 144/144 143/143
f 111/111 112/112 145/145
f 111/111 145/145 144/144
f 112/112 113/113 146/146
f 112/112 146/146 145/145
f 113/113 114/114 147/147
f 113/113 147/147 146/146
f 114/114 115/115 148/148
f 114/114 148/148 147/147
f 115/115 116/116 149/149
f 115/115 149/149 148/148
f 116/116 117/117 150/150
f 116/116 150/150 149/149
f 117/117 118/118 151/151
f 117/117 151/151 150/150
f 118/118 119/119 152/152
f 118/118 152/152 151/151
f 119/119 120/120 153/153
f 119/119 153/153 152/152
f 120/120 121/121 154/154
f 120/120 154/154 153/153
f 121/121 122/122 155/155
f 121/121 155/155 154/154
f 122/122 123/123 156/156
f 122/122 156/156 155/155
f 123/123 124/124 157/157
f 123/123 157/157 156/156
f 124/124 125/125 158/158
f 124/124 158/158 157/157
f 125/125 126/126 159/159
f 125/125 159/159 158/158
f 126/126 127/127 160/160
f 126/126 160/160 159/159
f 127/127 128/128 161/161
f 127/127 161/161 160/160
f 128/128 129/129 162/162
f 128/128 162/162 161/161
f 129/129 130/130 163/163
f 129/129 163/163 162/162
f 130/130 131/131 164/164
f 130/130 164/164 163/163
f 131/131 132/132 165/165
f 131/131 165/165 164/164
f 134/134 133/133 166/166
f 134/134 166/166 167/167
f 133/133 135/135 168/168
f 133/133 168/168 166/166
f 135/135 136/136 169/169
f 135/135 169/169 168/168
f 136/136 137/137 170/170
f 136/136 170/170 169/169
f 137/137 138/138 171/171
f 137/137 171/171 170/170
f 138/138 139/139 172/172
f 138/138 172/172 171/171
f 139/139 140/140 173/173
f 139/139 173/173 172/172
f 140/140 141/141 174/174
f 140/140 174/174 173/173
f 141/141 142/142 175/175
f 141/141 175/175 174/174
f 142/142 143/143 176/176
f 142/142 176/176 175/175
f 143/143 144/144 177/177
f 143/143 177/177 176/176
f 144/144 145/145 178/178
f 144/144 178/178 177/177
f 145/145 146/146 179/179
f 145/145 179/179 178/178
f 146/146 147/147 180/180
f 146/146 180/180 179/179
f 147/147 148/148 181/181
f 147/147 181/181 180/180
f 148/148 149/149 182/182
f 148/148 182/182 181/181
f 149/149 150/150 183/183
f 149/149 183/183 182/182
f 150/150 151/151 184/184
f 150/150 184/184 183/183
f 151/151 152/152 185/185
f 151/151 185/185 184/184
f 152/152 153/153 186/186
f 152/152 186/186 185/185
f 153/153 154/154 187/187
f 153/153 187/187 186/186
f 154/154 155/155 188/188
f 154/154 188/188 187/187
f 155/155 156/156 189/189
f 155/155 189/189 188/188
f 156/156 157/157 190/190
f 156/156 190/190 189/189
f 157/157 158/158 191/191
f 157/157 191/191 190/190
f 158/158 159/159 192/192
f 158/158 192/192 191/191
f 159/159 160/160 193/193
f 159/159 193/193 192/192
f 160/160 161/161 194/194
f 160/160 194/194 193/193
f 161/161 162/162 195/195
f 161/161 195/195 194/194
f 162/162 163/163 196/196
f 162/162 196/196 195/195
f 163/163 164/164 197/197
f 163/163 197/197 196/196
f 164/164 165/165 198/198
f 164/164 198/198 197/197
f 167/167 166/166 199/199
f 167/167 199/199 200/200
f 166/166 168/168 201/201
f 166/166 201/201 199/199
f 168/168 169/169 202/202
f 168/168 202/202 201/201
f 169/169 170/170 203/203
f 169/169 203/203 202/202
f 170/170 171/171 204/204
f 170/170 204/204 203/203
f 171/171 172/172 205/205
f 171/171 205/205 204/204
f 172/172 173/173 206/206
f 172/172 206/206 205/205
f 173/173 174/174 207/207
f 173/173 207/207 206/206
f 174/174 175/175 208/208
f 174/174 208/208 207/207
f 175/175 176/176 209/209
f 175/175 209/209 208/208
f 176/176 177/177 210/210
f 176/176 210/210 209/209
f 177/177 178/178 211/211
f 177/177 211/211 210/210
f 178/178 179/179 212/212
f 178/178 212/212 211/211
f 179/179 180/180 213/213
f 179/179 213/213 212/212
f 180/180 181/181 214/214
f 180/180 214/214 213/213
f 181/181 182/182 215/215
f 181/181 215/215 214/214
f 182/182 183/183 216/216
f 182/182 216/216 215/215
f 183/183 184/184 217/217
f 183/183 217/217 216/216
f 184/184 185/185 218/218
f 184/184 218/218 217/217
f 185/185 186/186 219/219
f 185/185 219/219 218/218
f 186/186 187/187 220/220
f 186/186 220/220 219/219
f 187/187 188/188 221/221
f 187/187 221/221 220/220
f 188/188 189/189 222/222
f 188/188 222/222 221/221
f 189/189 190/190 223/223
f 189/189 223/223 222/222
f 190/190 191/191 224/224
f 190/190 224/224 223/223
f 191/191 192/192 225/225
f 191/191 225/225 224/224
f 192/192 193/193 226/226
f 192/192 226/226 225/225
f 193/193 194/194 227/227
f 193/193 227/227 226/226
f 194/194 195/195 228/228
f 194/194 228/228 227/227
f 195/195 196/196 229/229
f 195/195 229/229 228/228
f 196/196 197/197 230/230
f 196/196 230/230 229/229
f 197/197 198/198 231/231
f 197/197 231/231 230/230
f 200/200 199/199 232/232
f 200/200 232/232 233/233
f 199/199 201/201 234/234
f 199/199 234/234 232/232
f 201/201 202/202 235/235
f 201/201 235/235 234/234
f 202/202 203/203 236/236
f 202/202 236/236 235/235
f 203/203 204/204 237/237
f 203/203 237/237 236/236
f 204/204 205/205 238/238
f 204/204 238/238 237/237
f 205/205 206/206 239/239
f 205/205 239/239 238/238
f 206/206 207/207 240/240
f 206/206 240/240 239/239
f 207/207 208/208 241/241
f 207/207 241/241 240/240
f 208/208 209/209 242/242
f 208/208 242/242 241/241
f 209/209 210/210 243/243
f 209/209 243/243 242/242
f 210/210 211/211 244/244
f 210/210 244/244 243/243
f 211/211 212/212 245/245
f 211/211 245/245 244/244
f 212/212 213/213 246/246
f 212/212 246/246 245/245
f 213/213 214/214 247/247
f 213/213 247/247 246/246
f 214/214 215/215 248/248
f 214/214 248/248 247/247
f 215/215 216/216 249/249
f 215/215 249/249 248/248
f 216/216 217/217 250/250
f 216/216 250/250 249/249
f 217/217 218/218 251/251
f 217/217 251/251 250/250
f 218/218 219/219 252/252
f 218/218 252/252 251/251
f 219/219 220/220 253/253
f 219/219 253/253 252/252
f 220/220 221/221 254/254
f 220/220 254/254 253/253
f 221/221 222/222 255/255
f 221/221 255/255 254/254
f 222/222 223/223 256/256
f 222/222 256/256 255/255
f 223/223 224/224 257/257
f 223/223 257/257 256/256
f 224/224 225/225 258/258
f 224/224 258/258 257/257
f 225/225 226/226 259/259
f 225/225 259/259 258/258
f 226/226 227/227 260/260
f 226/226 260/260 259/259
f 227/227 228/228 261/261
f 227/227 261/261 260/260
f 228/228 229/229 262/262
f 228/228 262/262 261/261
f 229/229 230/230 263/263
f 229/229 263/263 262/262
f 230/230 231/231 264/264
f 230/230 264/264 263/263
f 233/233 232/232 265/265
f 233/233 265/265 266/266
f 232/232 234/234 267/267
f 232/232 267/267 265/265
f 234/234 235/235 268/268
f 234/234 268/268 267/267
f 235/235 236/236 269/269
f 235/235 269/269 268/268
f 236/236 237/237 270/270
f 236/236 270/270 269/269
f 237/237 238/238 271/271
f 237/237 271/271 270/270
f 238/238 239/239 272/272
f 238/238 272/272 271/271
f 239/239 240/240 273/273
f 239/239 273/273 272/272
f 240/240 241/241 274/274
f 240/240 274/274 273/273
f 241/241 242/242 275/275
f 241/241 275/275 274/274
f 242/242 243/243 276/276
f 242/242 276/276 275/275
f 243/243 244/244 277/277
f 243/243 277/277 276/276
f 244/244 245/245 278/278
f 244/244 278/278 277/277
f 245/245 246/246 279/279
f 245/245 279/279 278/278
f 246/246 247/247 280/280
f 246/246 280/280 279/279
f 247/247 248/248 281/281
f 247/247 281/281 280/280
f 248/248 249/249 282/282
f 248/248 282/282 281/281
f 249/249 250/250 283/283
f 249/249 283/283 282/282
f 250/250 251/251 284/284
f 250/250 284/284 283/283
f 251/251 252/252 285/285
f 251/251 285/285 284/284
f 252/252 253/253 286/286
f 252/252 286/286 285/285
f 253/253 254/254 287/287
f 253/253 287/287 286/286
f 254/254 255/255 288/288
f 254/254 288/288 287/287
f 255/255 256/256 289/289
f 255/255 289/289 288/288
f 256/256 257/257 290/290
f 256/256 290/290 289/289
f 257/257 258/258 291/291
f 257/257 291/291 290/290
f 258/258 259/259 292/292
f 258/258 292/292 291/291
f 259/259 260/260 293/293
f 259/259 293/293 292/292
f 260/260 261/261 294/294
f 260/260 294/294 293/293
f 261/261 262/262 295/295
f 261/261 295/295 294/294
f 262/262 263/263 296/296
f 262/262 296/296 295/295
f 263/263 264/264 297/297
f 263/263 297/297 296/296
f 266/266 265/265 298/298
f 266/266 298/298 299/299
f 265/265 267/267 300/300
f 265/265 300/300 298/298
f 267/267 268/268 301/301
f 267/267 301/301 300/300
f 268/268 269/269 302/302
f 268/268 302/302 301/301
f 269/269 270/270 303/303
f 269/269 303/303 302/302
f 270/270 271/271 304/304
f 270/270 304/304 303/303
f 271/271 272/272 305/305
f 271/271 305/305 304/304
f 272/272 273/273 306/306
f 272/272 306/306 305/305
f 273/273 274/274 307/307
f 273/273 307/307 306/306
f 274/274 275/275 308/308
f 274/274 308/308 307/307
f 275/275 276/276 309/309
f 275/275 309/309 308/308
f 276/276 277/277 310/310
f 276/276 310/310 309/309
f 277/277 278/278 311/311
f 277/277 311/311 310/310
f 278/278 279/279 312/312
f 278/278 312/312 311/311
f 279/279 280/280 313/313
f 279/279 313/313 312/312
f 280/280 281/281 314/314
f 280/280 314/314 313/313
f 281/281 282/282 315/315
f 281/281 315/315 314/314
f 282/282 283/283 316/316
f 282/282 316/316 315/315
f 283/283 284/284 317/317
f 283/283 317/317 316/316
f 284/284 285/285 318/318
f 284/284 318/318 317/317
f 285/285 286/286 319/319
f 285/285 319/319 318/318
f 286/286 287/287 320/320
f 286/286 320/320 319/319
f 287/287 288/288 321/321
f 287/287 321/321 320/320
f 288/288 289/289 322/322
f 288/288 322/322 321/321
f 289/289 290/290 323/323
f 289/289 323/323 322/322
f 290/290 291/291 324/324
f 290/290 324/324 323/323
f 291/291 292/292 325/325
f 291/291 325/325 324/324
f 292/292 293/293 326/326
f 292/292 326/326 325/325
f 293/293 294/294 327/327
f 293/293 327/327 326/326
f 294/294 295/295 328/328
f 294/294 328/328 327/327
f 295/295 296/296 329/329
f 295/295 329/329 328/328
f 296/296 297/297 330/330
f 296/296 330/330 329/329
f 299/299 298/298 331/331
f 299/299 331/331 332/332
f 298/298 300/300 333/333
f 298/298 333/333 331/331
f 300/300 301/301 334/334
f 300/300 334/334 333/333
f 301/301 302/302 335/335
f 301/301 335/335 334/334
f 302/302 303/303 336/336
f 302/302 336/336 335/335
f 303/303 304/304 337/337
f 303/303 337/337 336/336
f 304/304 305/305 338/338
f 304/304 338/338 337/337
f 305/305 306/306 339/339
f 305/305 339/339 338/338
f 306/306 307/307 340/340
f 306/306 340/340 339/339
f 307/307 308/308 341/341
f 307/307 341/341 340/340
f 308/308 309/309 342/342
f 308/308 342/342 341/341
f 309/309 310/310 343/343
f 309/309 343/343 342/342
f 310/310 311/311 344/344
f 310/310 344/344 343/343
f 311/311 312/312 345/345
f 311/311 345/345 344/344
f 312/312 313/313 346/346
f 312/312 346/346 345/345
f 313/313 314/314 347/347
f 313/313 347/347 346/346
f 314/314 315/315 348/348
f 314/314 348/348 347/347
f 315/315 316/316 349/349
f 315/315 349/349 348/348
f 316/316 317/317 350/350
f 316/316 350/350 349/349
f 317/317 318/318 351/351
f 317/317 351/351 350/350
f 318/318 319/319 352/352
f 318/318 352/352 351/351
f 319/319 320/320 353/353
f 319/319 353/353 352/352
f 320/320 321/321 354/354
f 320/320 354/354 353/353
f 321/321 322/322 355/355
f 321/321 355/355 354/354
f 322/322 323/323 356/356
f 322/322 356/356 355/355
f 323/323 324/324 357/357
f 323/323 357/357 356/356
f 324/324 325/325 358/358
f 324/324 358/358 357/357
f 325/325 326/326 359/359
f 325/325 359/359 358/358
f 326/326 327/327 360/360
f 326/326 360/360 359/359
f 327/327 328/328 361/361
f 327/327 361/361 360/360
f 328/328 329/329 362/362
f 328/328 362/362 361/361
f 329/329 330/330 363/363
f 329/329 363/363 362/362
f 332/332 331/331 364/364
f 332/332 364/364 365/365
f 331/331 333/333 366/366
f 331/331 366/366 364/364
f 333/333 334/334 367/367
f 333/333 367/367 366/366
f 334/334 335/335 368/368
f 334/334 368/368 367/367
f 335/335 336/336 369/369
f 335/335 369/369 368/368
f 336/336 337/337 370/370
f 336/336 370/370 369/369
f 337/337 338/338 371/371
f 337/337 371/371 370/370
f 338/338 339/339 372/372
f 338/338 372/372 371/371
f 339/339 340/340 373/373
f 339/339 373/373 372/372
f 340/340 341/341 374/374
f 340/340 374/374 373/373
f 341/341 342/342 375/375
f 341/341 375/375 374/374
f 342/342 343/343 376/376
f 342/342 376/376 375/375
f 343/343 344/344 377/377
f 343/343 377/377 376/376
f 344/344 345/345 378/378
f 344/344 378/378 377/377
f 345/345 346/346 379/379
f 345/345 379/379 378/378
f 346/346 347/347 380/380
f 346/346 380/380 379/379
f 347/347 348/348 381/381
f 347/347 381/381 380/380
f 348/348 349/349 382/382
f 348/348 382/382 381/381
f 349/349 350/350 383/383
f 349/349 383/383 382/382
f 350/350 351/351 384/384
f 350/350 384/384 383/383
f 351/351 352/352 385/385
f 351/351 385/385 384/384
f 352/352 353/353 386/386
f 352/352 386/386 385/385
f 353/353 354/354 387/387
f 353/353 387/387 386/386
f 354/354 355/355 388/388
f 354/354 388/388 387/387
f 355/355 356/356 389/389
f 355/355 389/389 388/388
f 356/356 357/357 390/390
f 356/356 390/390 389/389
f 357/357 358/358 391/391
f 357/357 391/391 390/390
f 358/358 359/359 392/392
f 358/358 392/392 391/391
f 359/359 360/360 393/393
f 359/359 393/393 392/392
f 360/360 361/361 394/394
f 360/360 394/394 393/393
f 361/361 362/362 395/395
f 361/361 395/395 394/394
f 362/362 363/363 396/396
f 362/362 396/396 395/395
f 365/365 364/364 397/397
f 365/365 397/397 398/398
f 364/364 366/366 399/399
f 364/364 399/399 397/397
f 366/366 367/367 400/400
f 366/366 400/400 399/399
f 367/367 368/368 401/401
f 367/367 401/401 400/400
f 368/368 369/369 402/402
f 368/368 402/402 401/401
f 369/369 370/370 403/403
f 369/369 403/403 402/402
f 370/370 371/371 404/404
f 370/370 404/404 403/403
f 371/371 372/372 405/405
f 371/371 405/405 404/404
f 372/372 373/373 406/406
f 372/372 406/406 405/405
f 373/373 374/374 407/407
f 373/373 407/407 406/406
f 374/374 375/375 408/408
f 374/374 408/408 407/407
f 375/375 376/376 409/409
f 375/375 409/409 408/408
f 376/376 377/377 410/410
f 376/376 410/410 409/409
f 377/377 378/378 411/411
f 377/377 411/411 410/410
f 378/378 379/379 412/412
f 378/378 412/412 411/411
f 379/379 380/380 413/413
f 379/379 413/413 412/412
f 380/380 381/381 414/414
f 380/380 414/414 413/413
f 381/381 382/382 415/415
f 381/381 415/415 414/414
f 382/382 383/383 416/416
f 382/382 416/416 415/415
f 383/383 384/384 417/417
f 383/383 417/417 416/416
f 384/384 385/385 418/418
f 384/384 418/418 417/417
f 385/385 386/386 419/419
f 385/385 419/419 418/418
f 386/386 387/387 420/420
f 386/386 420/420 419/419
f 387/387 388/388 421/421
f 387/387 421/421 420/420
f 388/388 389/389 422/422
f 388/388 422/422 421/421
f 389/389 390/390 423/423
f 389/389 423/423 422/422
f 390/390 391/391 424/424
f 390/390 424/424 423/423
f 391/391 392/392 425/425
f 391/391 425/425 424/424
f 392/392 393/393 426/426
f 392/392 426/426 425/425
f 393/393 394/394 427/427
f 393/393 427/427 426/426
f 394/394 395/395 428/428
f 394/394 428/428 427/427
f 395/395 396/396 429/429
f 395/395 429/429 428/428
f 398/398 397/397 430/430
f 398/398 430/430 431/431
f 397/397 399/399 432/432
f 397/397 432/432 430/430
f 399/399 400/400 433/433
f 399/399 433/433 432/432
f 400/400 401/401 434/434
f 400/400 434/434 433/433
f 401/401 402/402 435/435
f 401/401 435/435 434/434
f 402/402 403/403 436/436
f 402/402 436/436 435/435
f 403/403 404/404 437/437
f 403/403 437/437 436/436
f 404/404 405/405 438/438
f 404/404 438/438 437/437
f 405/405 406/406 439/439
f 405/405 439/439 438/438
f 406/406 407/407 440/440
f 406/406 440/440 439/439
f 407/407 408/408 441/441
f 407/407 441/441 440/440
f 408/408 409/409 442/442
f 408/408 442/442 441/441
f 409/409 410/410 443/443
f 409/409 443/443 442/442
f 410/410 411/411 444/444
f 410/410 444/444 443/443
f 411/411 412/412 445/445
f 411/411 445/445 444/444
f 412/412 413/413 446/446
f 412/412 446/446 445/445
f 413/413 414/414 447/447
f 413/413 447/447 446/446
f 414/414 415/415 448/448
f 414/414 448/448 447/447
f 415/415 416/416 449/449
f 415/415 449/449 448/448
f 416/416 417/417 450/450
f 416/416 450/450 449/449
f 417/417 418/418 451/451
f 417/417 451/451 450/450
f 418/418 419/419 452/452
f 418/418 452/452 451/451
f 419/419 420/420 453/453
f 419/419 453/453 452/452
f 420/420 421/421 454/454
f 420/420 454/454 453/453
f 421/421 422/422 455/455
f 421/421 455/455 454/454
f 422/422 423/423 456/456
f 422/422 456/456 455/455
f 423/423 424/424 457/457
f 423/423 457/457 456/456
f 424/424 425/425 458/458
f 424/424 458/458 457/457
f 425/425 426/426 459/459
f 425/425 459/459 458/458
f 426/426 427/427 460/460
f 426/426 460/460 459/459
f 427/427 428/428 461/461
f 427/427 461/461 460/460
f 428/428 429/429 462/462
f 428/428 462/462 461/461
f 431/431 430/430 463/463
f 431/431 463/463 464/464
f 430/430 432/432 465/465
f 430/430 465/465 463/463
f 432/432 433/433 466/466
f 432/432 466/466 465/465
f 433/433 434/434 467/467
f 433/433 467/467 466/466
f 434/434 435/435 468/468
f 434/434 468/468 467/467
f 435/435 436/436 469/469
f 435/435 469/469 468/468
f 436/436 437/437 470/470
f 436/436 470/470 469/469
f 437/437 438/438 471/471
f 437/437 471/471 470/470
f 438/438 439/439 472/472
f 438/438 472/472 471/471
f 439/439 440/440 473/473
f 439/439 473/473 472/472
f 440/440 441/441 474/474
f 440/440 474/474 473/473
f 441/441 442/442 475/475
f 441/441 475/475 474/474
f 442/442 443/443 476/476
f 442/442 476/476 475/475
f 443/443 444/444 477/477
f 443/443 477/477 476/476
f 444/444 445/445 478/478
f 444/444 478/478 477/477
f 445/445 446/446 479/479
f 445/445 479/479 478/478
f 446/446 447/447 480/480
f 446/446 480/480 479/479
f 447/447 448/448 481/481
f 447/447 481/481 480/480
f 448/448 449/449 482/482
f 448/448 482/482 481/481
f 449/449 450/450 483/483
f 449/449 483/483 482/482
f 450/450 451/451 484/484
f 450/450 484/484 483/483
f 451/451 452/452 485/485
f 451/451 485/485 484/484
f 452/452 453/453 486/486
f 452/452 486/486 485/485
f 453/453 454/454 487/487
f 453/453 487/487 486/486
f 454/454 455/455 488/488
f 454/454 488/488 487/487
f 455/455 456/456 489/489
f 455/455 489/489 488/488
f 456/456 457/457 490/490
f 456/456 490/490 489/489
f 457/457 458/458 491/491
f 457/457 491/491 490/490
f 458/458 459/459 492/492
f 458/458 492/492 491/491
f 459/459 460/460 493/493
f 459/459 493/493 492/492
f 460/460 461/461 494/494
f 460/460 494/494 493/493
f 461/461 462/462 495/495
f 461/461 495/495 494/494
f 464/464 463/463 496/496
f 464/464 496/496 497/497
f 463/463 465/465 498/498
f 463/463 498/498 496/496
f 465/465 466/466 499/499
f 465/465 499/499 498/498
f 466/466 467/467 500/500
f 466/466 500/500 499/499
f 467/467 468/468 501/501
f 467/467 501/501 500/500
f 468/468 469/469 502/502
f 468/468 502/502 501/501
f 469/469 470/470 503/503
f 469/469 503/503 502/502
f 470/470 471/471 504/504
f 470/470 504/504 503/503
f 471/471 472/472 505/505
f 471/471 505/505 504/504
f 472/472 473/473 506/506
f 472/472 506/506 505/505
f 473/473 474/474 507/507
f 473/473 507/507 506/506
f 474/474 475/475 508/508
f 474/474 508/508 507/507
f 475/475 476/476 509/509
f 475/475 509/509 508/508
f 476/476 477/477 510/510
f 476/476 510/510 509/509
f 477/477 478/478 511/511
f 477/477 511/511 510/510
f 478/478 479/479 512/512
f 478/478 512/512 511/511
f 479/479 480/480 513/513
f 479/479 513/513 512/512
f 480/480 481/481 514/514
f 480/480 514/514 513/513
f 481/481 482/482 515/515
f 481/481 515/515 514/514
f 482/482 483/483 516/516
f 482/482 516/516 515/515
f 483/483 484/484 517/517
f 483/483 517/517 516/516
f 484/484 485/485 518/518
f 484/484 518/518 517/517
f 485/485 486/486 519/519
f 485/485 519/519 518/518
f 486/486 487/487 520/520
f 486/486 520/520 519/519
f 487/487 488/488 521/521
f 487/487 521/521 520/520
f 488/488 489/489 522/522
f 488/488 522/522 521/521
f 489/489 490/490 523/523
f 489/489 523/523 522/522
f 490/490 491/491 524/524
f 490/490 524/524 523/523
f 491/491 492/492 525/525
f 491/491 525/525 524/524
f 492/492 493/493 526/526
f 492/492 526/526 525/525
f 493/493 494/494 527/527
f 493/493 527/527 526/526
f 494/494 495/495 528/528
f 494/494 528/528 527/527
f 497/497 496/496 529/529
f 497/497 529/529 530/530
f 496/496 498/498 531/531
f 496/496 531/531 529/529
f 498/498 499/499 532/532
f 498/498 532/532 531/531
f 499/499 500/500 533/533
f 499/499 533/533 532/532
f 500/500 501/501 534/534
f 500/500 534/534 533/533
f 501/501 502/502 535/535
f 501/501 535/535 534/534
f 502/502 503/503 536/536
f 502/502 536/536 535/535
f 503/503 504/504 537/537
f 503/503 537/537 536/536
f 504/504 505/505 538/538
f 504/504 538/538 537/537
f 505/505 506/506 539/539
f 505/505 539/539 538/538
f 506/506 507/507 540/540
f 506/506 540/540 539/539
f 507/507 508/508 541/541
f 507/507 541/541 540/540
f 508/508 509/509 542/542
f 508/508 542/542 541/541
f 509/509 510/510 543/543
f 509/509 543/543 542/542
f 510/510 511/511 544/544
f 510/510 544/544 543/543
f 511/511 512/512 545/545
f 511/511 545/545 544/544
f 512/512 513/513 546/546
f 512/512 546/546 545/545
f 513/513 514/514 547/547
f 513/513 547/547 546/546
f 514/514 515/515 548/548
f 514/514 548/548 547/547
f 515/515 516/516 549/549
f 515/515 549/549 548/548
f 516/516 517/517 550/550
f 516/516 550/550 549/549
f 517/517 518/518 551/551
f 517/517 551/551 550/550
f 518/518 519/519 552/552
f 518/518 552/552 551/551
f 519/519 520/520 553/553
f 519/519 553/553 552/552
f 520/520 521/521 554/554
f 520/520 554/554 553/553
f 521/521 522/522 555/555
f 521/521 555/555 554/554
f 522/522 523/523 556/556
f 522/522 556/556 555/555
f 523/523 524/524 557/557
f 523/523 557/557 556/556
f 524/524 525/525 558/558
f 524/524 558/558 557/557
f 525/525 526/526 559/559
f 525/525 559/559 558/558
f 526/526 527/527 560/560
f 526/526 560/560 559/559
f 527/527 528/528 561/561
f 527/527 561/561 560/560
f 530/530 529/529 562/562
f 530/530 562/562 563/563
f 529/529 531/531 564/564
f 529/529 564/564 562/562
f 531/531 532/532 565/565
f 531/531 565/565 564/564
f 532/532 533/533 566/566
f 532/532 566/566 565/565
f 533/533 534/534 567/567
f 533/533 567/567 566/566
f 534/534 535/535 568/568
f 534/534 568/568 567/567
f 535/535 536/536 569/569
f 535/535 569/569 568/568
f 536/536 537/537 570/570
f 536/536 570/570 569/569
f 537/537 538/538 571/571
f 537/537 571/571 570/570
f 538/538 539/539 572/572
f 538/538 572/572 571/571
f 539/539 540/540 573/573
f 539/539 573/573 572/572
f 540/540 541/541 574/574
f 540/540 574/574 573/573
f 541/541 542/542 575/575
f 541/541 575/575 574/574
f 542/542 543/543 576/576
f 542/542 576/576 575/575
f 543/543 544/544 577/577
f 543/543 577/577 576/576
f 544/544 545/545 578/578
f 544/544 578/578 577/577
f 545/545 546/546 579/579
f 545/545 579/579 578/578
f 546/546 547/547 580/580
f 546/546 580/580 579/579
f 547/547 548/548 581/581
f 547/547 581/581 580/580
f 548/548 549/549 582/582
f 548/548 582/582 581/581
f 549/549 550/550 583/583
f 549/549 583/583 582/582
f 550/550 551/551 584/584
f 550/550 584/584 583/583
f 551/551 552/552 585/585
f 551/551 585/585 584/584
f 552/552 553/553 586/586
f 552/552 586/586 585/585
f 553/553 554/554 587/587
f 553/553 587/587 586/586
f 554/554 555/555 588/588
f 554/554 588/588 587/587
f 555/555 556/556 589/589
f 555/555 589/589 588/588
f 556/556 557/557 590/590
f 556/556 590/590 589/589
f 557/557 558/558 591/591
f 557/557 591/591 590/590
f 558/558 559/559 592/592
f 558/558 592/592 591/591
f 559/559 560/560 593/593
f 559/559 593/593 592/592
f 560/560 561/561 594/594
f 560/560 594/594 593/593
f 563/563 562/562 595/595
f 563/563 595/595 596/596
f 562/562 564/564 597/597
f 562/562 597/597 595/595
f 564/564 565/565 598/598
f 564/564 598/598 597/597
f 565/565 566/566 599/599
f 565/565 599/599 598/598
f 566/566 567/567 600/600
f 566/566 600/600 599/599
f 567/567 568/568 601/601
f 567/567 601/601 600/600
f 568/568 569/569 602/602
f 568/568 602/602 601/601
f 569/569 570/570 603/603
f 569/569 603/603 602/602
f 570/570 571/571 604/604
f 570/570 604/604 603/603
f 571/571 572/572 605/605
f 571/571 605/605 604/604
f 572/572 573/573 606/606
f 572/572 606/606 605/605
f 573/573 574/574 607/607
f 573/573 607/607 606/606
f 574/574 575/575 608/608
f 574/574 608/608 607/607
f 575/575 576/576 609/609
f 575/575 609/609 608/608
f 576/576 577/577 610/610
f 576/576 610/610 609/609
f 577/577 578/578 611/611
f 577/577 611/611 610/610
f 578/578 579/579 612/612
f 578/578 612/612 611/611
f 579/579 580/580 613/613
f 579/579 613/613 612/612
f 580/580 581/581 614/614
f 580/580 614/614 613/613
f 581/581 582/582 615/615
f 581/581 615/615 614/614
f 582/582 583/583 616/616
f 582/582 616/616 615/615
f 583/583 584/584 617/617
f 583/583 617/617 616/616
f 584/584 585/585 618/618
f 584/584 618/618 617/617
f 585/585 586/586 619/619
f 585/585 619/619 618/618
f 586/586 587/587 620/620
f 586/586 620/620 619/619
f 587/587 588/588 621/621
f 587/587 621/621 620/620
f 588/588 589/589 622/622
f 588/588 622/622 621/621
f 589/589 590/590 623/623
f 589/589 623/623 622/622
f 590/590 591/591 624/624
f 590/590 624/624 623/623
f 591/591 592/592 625/625
f 591/591 625/625 624/624
f 592/592 593/593 626/626
f 592/592 626/626 625/625
f 593/593 594/594 627/627
f 593/593 627/627 626/626
f 596/596 595/595 628/628
f 596/596 628/628 629/629
f 595/595 597/597 630/630
f 595/595 630/630 628/628
f 597/597 598/598 631/631
f 597/597 631/631 630/630
f 598/598 599/599 632/632
f 598/598 632/632 631/631
f 599/599 600/600 633/633
f 599/599 633/633 632/632
f 600/600 601/601 634/634
f 600/600 634/634 633/633
f 601/601 602/602 635/635
f 601/601 635/635 634/634
f 602/602 603/603 636/636
f 602/602 636/636 635/635
f 603/603 604/604 637/637
f 603/603 637/637 636/636
f 604/604 605/605 638/638
f 604/604 638/638 637/637
f 605/605 606/606 639/639
f 605/605 639/639 638/638
f 606/606 607/607 640/640
f 606/606 640/640 639/639
f 607/607 608/608 641/641
f 607/607 641/641 640/640
f 608/608 609/609 642/642
f 608/608 642/642 641/641
f 609/609 610/610 643/643
f 609/609 643/643 642/642
f 610/610 611/611 644/644
f 610/610 644/644 643/643
f 611/611 612/612 645/645
f 611/611 645/645 644/644
f 612/612 613/613 646/646
f 612/612 646/646 645/645
f 613/613 614/614 647/647
f 613/613 647/647 646/646
f 614/614 615/615 648/648
f 614/614 648/648 647/647
f 615/615 616/616 649/649
f 615/615 649/649 648/648
f 616/616 617/617 650/650
f 616/616 650/650 649/649
f 617/617 618/618 651/651
f 617/617 651/651 650/650
f 618/618 619/619 652/652
f 618/618 652/652 651/651
f 619/619 620/620 653/653
f 619/619 653/653 652/652
f 620/620 621/621 654/654
f 620/620 654/654 653/653
f 621/621 622/622 655/655
f 621/621 655/655 654/654
f 622/622 623/623 656/656
f 622/622 656/656 655/655
f 623/623 624/624 657/657
f 623/623 657/657 656/656
f 624/624 625/625 658/658
f 624/624 658/658 657/657
f 625/625 626/626 659/659
f 625/625 659/659 658/658
f 626/626 627/627 660/660
f 626/626 660/660 659/659
f 629/629 628/628 661/661
f 629/629 661/661 662/662
f 628/628 630/630 663/663
f 628/628 663/663 661/661
f 630/630 631/631 664/664
f 630/630 664/664 663/663
f 631/631 632/632 665/665
f 631/631 665/665 664/664
f 632/632 633/633 666/666
f 632/632 666/666 665/665
f 633/633 634/634 667/667
f 633/633 667/667 666/666
f 634/634 635/635 668/668
f 634/634 668/668 667/667
f 635/635 636/636 669/669
f 635/635 669/669 668/668
f 636/636 637/637 670/670
f 636/636 670/670 669/669
f 637/637 638/638 671/671
f 637/637 671/671 670/670
f 638/638 639/639 672/672
f 638/638 672/672 671/671
f 639/639 640/640 673/673
f 639/639 673/673 672/672
f 640/640 641/641 674/674
f 640/640 674/674 673/673
f 641/641 642/642 675/675
f 641/641 675/675 674/674
f 642/642 643/643 676/676
f 642/642 676/676 675/675
f 643/643 644/644 677/677
f 643/643 677/677 676/676
f 644/644 645/645 678/678
f 644/644 678/678 677/677
f 645/645 646/646 679/679
f 645/645 679/679 678/678
f 646/646 647/647 680/680
f 646/646 680/680 679/679
f 647/647 648/648 681/681
f 647/647 681/681 680/680
f 648/648 649/649 682/682
f 648/648 682/682 681/681
f 649/649 650/650 683/683
f 649/649 683/683 682/682
f 650/650 651/651 684/684
f 650/650 684/684 683/683
f 651/651 652/652 685/685
f 651/651 685/685 684/684
f 652/652 653/653 686/686
f 652/652 686/686 685/685
f 653/653 654/654 687/687
f 653/653 687/687 686/686
f 654/654 655/655 688/688
f 654/654 688/688 687/687
f 655/655 656/656 689/689
f 655/655 689/689 688/688
f 656/656 657/657 690/690
f 656/656 690/690 689/689
f 657/657 658/658 691/691
f 657/657 691/691 690/690
f 658/658 659/659 692/692
f 658/658 692/692 691/691
f 659/659 660/660 693/693
f 659/659 693/693 692/692
f 662/662 661/661 694/694
f 662/662 694/694 695/695
f 661/661 663/663 696/696
f 661/661 696/696 694/694
f 663/663 664/664 697/697
f 663/663 697/697 696/696
f 664/664 665/665 698/698
f 664/664 698/698 697/697
f 665/665 666/666 699/699
f 665/665 699/699 698/698
f 666/666 667/667 700/700
f 666/666 700/700 699/699
f 667/667 668/668 701/701
f 667/667 701/701 700/700
f 668/668 669/669 702/702
f 668/668 702/702 701/701
f 669/669 670/670 703/703
f 669/669 703/703 702/702
f 670/670 671/671 704/704
f 670/670 704/704 703/703
f 671/671 672/672 705/705
f 671/671 705/705 704/704
f 672/672 673/673 706/706
f 672/672 706/706 705/705
f 673/673 674/674 707/707
f 673/673 707/707 706/706
f 674/674 675/675 708/708
f 674/674 708/708 707/707
f 675/675 676/676 709/709
f 675/675 709/709 708/708
f 676/676 677/677 710/710
f 676/676 710/710 709/709
f 677/677 678/678 711/711
f 677/677 711/711 710/710
f 678/678 679/679 712/712
f 678/678 712/712 711/711
f 679/679 680/680 713/713
f 679/679 713/713 712/712
f 680/680 681/681 714/714
f 680/680 714/714 713/713
f 681/681 682/682 715/715
f 681/681 715/715 714/714
f 682/682 683/683 716/716
f 682/682 716/716 715/715
f 683/683 684/684 717/717
f 683/683 717/717 716/716
f 684/684 685/685 718/718
f 684/684 718/718 717/717
f 685/685 686/686 719/719
f 685/685 719/719 718/718
f 686/686 687/687 720/720
f 686/686 720/720 719/719
f 687/687 688/688 721/721
f 687/687 721/721 720/720
f 688/688 689/689 722/722
f 688/688 722/722 721/721
f 689/689 690/690 723/723
f 689/689 723/723 722/722
f 690/690 691/691 724/724
f 690/690 724/724 723/723
f 691/691 692/692 725/725
f 691/691 725/725 724/724
f 692/692 693/693 726/726
f 692/692 726/726 725/725
f 695/695 694/694 727/727
f 695/695 727/727 728/728
f 694/694 696/696 729/729
f 694/694 729/729 727/727
f 696/696 697/697 730/730
f 696/696 730/730 729/729
f 697/697 698/698 731/731
f 697/697 731/731 730/730
f 698/698 699/699 732/732
f 698/698 732/732 731/731
f 699/699 700/700 733/733
f 699/699 733/733 732/732
f 700/700 701/701 734/734
f 700/700 734/734 733/733
f 701/701 702/702 735/735
f 701/701 735/735 734/734
f 702/702 703/703 736/736
f 702/702 736/736 735/735
f 703/703 704/704 737/737
f 703/703 737/737 736/736
f 704/704 705/705 738/738
f 704/704 738/738 737/737
f 705/705 706/706 739/739
f 705/705 739/739 738/738
f 706/706 707/707 740/740
f 706/706 740/740 739/739
f 707/707 708/708 741/741
f 707/707 741/741 740/740
f 708/708 709/709 742/742
f 708/708 742/742 741/741
f 709/709 710/710 743/743
f 709/709 743/743 742/742
f 710/710 711/711 744/744
f 710/710 744/744 743/743
f 711/711 712/712 745/745
f 711/711 745/745 744/744
f 712/712 713/713 746/746
f 712/712 746/746 745/745
f 713/713 714/714 747/747
f 713/713 747/747 746/746
f 714/714 715/715 748/748
f 714/714 748/748 747/747
f 715/715 716/716 749/749
f 715/715 749/749 748/748
f 716/716 717/717 750/750
f 716/716 750/750 749/749
f 717/717 718/718 751/751
f 717/717 751/751 750/750
f 718/718 719/719 752/752
f 718/718 752/752 751/751
f 719/719 720/720 753/753
f 719/719 753/753 752/752
f 720/720 721/721 754/754
f 720/720 754/754 753/753
f 721/721 722/722 755/755
f 721/721 755/755 754/754
f 722/722 723/723 756/756
f 722/722 756/756 755/755
f 723/723 724/724 757/757
f 723/723 757/757 756/756
f 724/724 725/725 758/758
f 724/724 758/758 757/757
f 725/725 726/726 759/759
f 725/725 759/759 758/758
f 728/728 727/727 760/760
f 728/728 760/760 761/761
f 727/727 729/729 762/762
f 727/727 762/762 760/760
f 729/729 730/730 763/763
f 729/729 763/763 762/762
f 730/730 731/731 764/764
f 730/730 764/764 763/763
f 731/731 732/732 765/765
f 731/731 765/765 764/764
f 732/732 733/733 766/766
f 732/732 766/766 765/765
f 733/733 734/734 767/767
f 733/733 767/767 766/766
f 734/734 735/735 768/768
f 734/734 768/768 767/767
f 735/735 736/736 769/769
f 735/735 769/769 768/768
f 736/736 737/737 770/770
f 736/736 770/770 769/769
f 737/737 738/738 771/771
f 737/737 771/771 770/770
f 738/738 739/739 772/772
f 738/738 772/772 771/771
f 739/739 740/740 773/773
f 739/739 773/773 772/772
f 740/740 741/741 774/774
f 740/740 774/774 773/773
f 741/741 742/742 775/775
f 741/741 775/775 774/774
f 742/742 743/743 776/776
f 742/742 776/776 775/775
f 743/743 744/744 777/777
f 743/743 777/777 776/776
f 744/744 745/745 778/778
f 744/744 778/778 777/777
f 745/745 746/746 779/779
f 745/745 779/779 778/778
f 746/746 747/747 780/780
f 746/746 780/780 779/779
f 747/747 748/748 781/781
f 747/747 781/781 780/780
f 748/748 749/749 782/782
f 748/748 782/782 781/781
f 749/749 750/750 783/783
f 749/749 783/783 782/782
f 750/750 751/751 784/784
f 750/750 784/784 783/783
f 751/751 752/752 785/785
f 751/751 785/785 784/784
f 752/752 753/753 786/786
f 752/752 786/786 785/785
f 753/753 754/754 787/787
f 753/753 787/787 786/786
f 754/754 755/755 788/788
f 754/754 788/788 787/787
f 755/755 756/756 789/789
f 755/755 789/789 788/788
f 756/756 757/757 790/790
f 756/756 790/790 789/789
f 757/757 758/758 791/791
f 757/757 791/791 790/790
f 758/758 759/759 792/792
f 758/758 792/792 791/791
f 761/761 760/760 793/793
f 761/761 793/793 794/794
f 760/760 762/762 795/795
f 760/760 795/795 793/793
f 762/762 763/763 796/796
f 762/762 796/796 795/795
f 763/763 764/764 797/797
f 763/763 797/797 796/796
f 764/764 765/765 798/798
f 764/764 798/798 797/797
f 765/765 766/766 799/799
f 765/765 799/799 798/798
f 766/766 767/767 800/800
f 766/766 800/800 799/799
f 767/767 768/768 801/801
f 767/767 801/801 800/800
f 768/768 769/769 802/802
f 768/768 802/802 801/801
f 769/769 770/770 803/803
f 769/769 803/803 802/802
f 770/770 771/771 804/804
f 770/770 804/804 803/803
f 771/771 772/772 805/805
f 771/771 805/805 804/804
f 772/772 773/773 806/806
f 772/772 806/806 805/805
f 773/773 774/774 807/807
f 773/773 807/807 806/806
f 774/774 775/775 808/808
f 774/774 808/808 807/807
f 775/775 776/776 809/809
f 775/775 809/809 808/808
f 776/776 777/777 810/810
f 776/776 810/810 809/809
f 777/777 778/778 811/811
f 777/777 811/811 810/810
f 778/778 779/779 812/812
f 778/778 812/812 811/811
f 779/779 780/780 813/813
f 779/779 813/813 812/812
f 780/780 781/781 814/814
f 780/780 814/814 813/813
f 781/781 782/782 815/815
f 781/781 815/815 814/814
f 782/782 783/783 816/816
f 782/782 816/816 815/815
f 783/783 784/784 817/817
f 783/783 817/817 816/816
f 784/784 785/785 818/818
f 784/784 818/818 817/817
f 785/785 786/786 819/819
f 785/785 819/819 818/818
f 786/786 787/787 820/820
f 786/786 820/820 819/819
f 787/787 788/788 821/821
f 787/787 821/821 820/820
f 788/788 789/789 822/822
f 788/788 822/822 821/821
f 789/789 790/790 823/823
f 789/789 823/823 822/822
f 790/790 791/791 824/824
f 790/790 824/824 823/823
f 791/791 792/792 825/825
f 791/791 825/825 824/824
f 794/794 793/793 826/826
f 794/794 826/826 827/827
f 793/793 795/795 828/828
f 793/793 828/828 826/826
f 795/795 796/796 829/829
f 795/795 829/829 828/828
f 796/796 797/797 830/830
f 796/796 830/830 829/829
f 797/797 798/798 831/831
f 797/797 831/831 830/830
f 798/798 799/799 832/832
f 798/798 832/832 831/831
f 799/799 800/800 833/833
f 799/799 833/833 832/832
f 800/800 801/801 834/834
f 800/800 834/834 833/833
f 801/801 802/802 835/835
f 801/801 835/835 834/834
f 802/802 803/803 836/836
f 802/802 836/836 835/835
f 803/803 804/804 837/837
f 803/803 837/837 836/836
f 804/804 805/805 838/838
f 804/804 838/838 837/837
f 805/805 806/806 839/839
f 805/805 839/839 838/838
f 806/806 807/807 840/840
f 806/806 840/840 839/839
f 807/807 808/808 841/841
f 807/807 841/841 840/840
f 808/808 809/809 842/842
f 808/808 842/842 841/841
f 809/809 810/810 843/843
f 809/809 843/843 842/842
f 810/810 811/811 844/844
f 810/810 844/844 843/843
f 811/811 812/812 845/845
f 811/811 845/845 844/844
f 812/812 813/813 846/846
f 812/812 846/846 845/845
f 813/813 814/814 847/847
f 813/813 847/847 846/846
f 814/814 815/815 848/848
f 814/814 848/848 847/847
f 815/815 816/816 849/849
f 815/815 849/849 848/848
f 816/816 817/817 850/850
f 816/816 850/850 849/849
f 817/817 818/818 851/851
f 817/817 851/851 850/850
f 818/818 819/819 852/852
f 818/818 852/852 851/851
f 819/819 820/820 853/853
f 819/819 853/853 852/852
f 820/820 821/821 854/854
f 820/820 854/854 853/853
f 821/821 822/822 855/855
f 821/821 855/855 854/854
f 822/822 823/823 856/856
f 822/822 856/856 855/855
f 823/823 824/824 857/857
f 823/823 857/857 856/856
f 824/824 825/825 858/858
f 824/824 858/858 857/857
f 827/827 826/826 859/859
f 827/827 859/859 860/860
f 826/826 828/828 861/861
f 826/826 861/861 859/859
f 828/828 829/829 862/862
f 828/828 862/862 861/861
f 829/829 830/830 863/863
f 829/829 863/863 862/862
f 830/830 831/831 864/864
f 830/830 864/864 863/863
f 831/831 832/832 865/865
f 831/831 865/865 864/864
f 832/832 833/833 866/866
f 832/832 866/866 865/865
f 833/833 834/834 867/867
f 833/833 867/867 866/866
f 834/834 835/835 868/868
f 834/834 868/868 867/867
f 835/835 836/836 869/869
f 835/835 869/869 868/868
f 836/836 837/837 870/870
f 836/836 870/870 869/869
f 837/837 838/838 871/871
f 837/837 871/871 870/870
f 838/838 839/839 872/872
f 838/838 872/872 871/871
f 839/839 840/840 873/873
f 839/839 873/873 872/872
f 840/840 841/841 874/874
f 840/840 874/874 873/873
f 841/841 842/842 875/875
f 841/841 875/875 874/874
f 842/842 843/843 876/876
f 842/842 876/876 875/875
f 843/843 844/844 877/877
f 843/843 877/877 876/876
f 844/844 845/845 878/878
f 844/844 878/878 877/877
f 845/845 846/846 879/879
f 845/845 879/879 878/878
f 846/846 847/847 880/880
f 846/846 880/880 879/879
f 847/847 848/848 881/881
f 847/847 881/881 880/880
f 848/848 849/849 882/882
f 848/848 882/882 881/881
f 849/849 850/850 883/883
f 849/849 883/883 882/882
f 850/850 851/851 884/884
f 850/850 884/884 883/883
f 851/851 852/852 885/885
f 851/851 885/885 884/884
f 852/852 853/853 886/886
f 852/852 886/886 885/885
f 853/853 854/854 887/887
f 853/853 887/887 886/886
f 854/854 855/855 888/888
f 854/854 888/888 887/887
f 855/855 856/856 889/889
f 855/855 889/889 888/888
f 856/856 857/857 890/890
f 856/856 890/890 889/889
f 857/857 858/858 891/891
f 857/857 891/891 890/890
f 860/860 859/859 892/892
f 860/860 892/892 893/893
f 859/859 861/861 894/894
f 859/859 894/894 892/892
f 861/861 862/862 895/895
f 861/861 895/895 894/894
f 862/862 863/863 896/896
f 862/862 896/896 895/895
f 863/863 864/864 897/897
f 863/863 897/897 896/896
f 864/864 865/865 898/898
f 864/864 898/898 897/897
f 865/865 866/866 899/899
f 865/865 899/899 898/898
f 866/866 867/867 900/900
f 866/866 900/900 899/899
f 867/867 868/868 901/901
f 867/867 901/901 900/900
f 868/868 869/869 902/902
f 868/868 902/902 901/901
f 869/869 870/870 903/903
f 869/869 903/903 902/902
f 870/870 871/871 904/904
f 870/870 904/904 903/903
f 871/871 872/872 905/905
f 871/871 905/905 904/904
f 872/872 873/873 906/906
f 872/872 906/906 905/905
f 873/873 874/874 907/907
f 873/873 907/907 906/906
f 874/874 875/875 908/908
f 874/874 908/908 907/907
f 875/875 876/876 909/909
f 875/875 909/909 908/908
f 876/876 877/877 910/910
f 876/876 910/910 909/909
f 877/877 878/878 911/911
f 877/877 911/911 910/910
f 878/878 879/879 912/912
f 878/878 912/912 911/911
f 879/879 880/880 913/913
f 879/879 913/913 912/912
f 880/880 881/881 914/914
f 880/880 914/914 913/913
f 881/881 882/882 915/915
f 881/881 915/915 914/914
f 882/882 883/883 916/916
f 882/882 916/916 915/915
f 883/883 884/884 917/917
f 883/883 917/917 916/916
f 884/884 885/885 918/918
f 884/884 918/918 917/917
f 885/885 886/886 919/919
f 885/885 919/919 918/918
f 886/886 887/887 920/920
f 886/886 920/920 919/919
f 887/887 888/888 921/921
f 887/887 921/921 920/920
f 888/888 889/889 922/922
f 888/888 922/922 921/921
f 889/889 890/890 923/923
f 889/889 923/923 922/922
f 890/890 891/891 924/924
f 890/890 924/924 923/923
f 893/893 892/892 925/925
f 893/893 925/925 926/926
f 892/892 894/894 927/927
f 892/892 927/927 925/925
f 894/894 895/895 928/928
f 894/894 928/928 927/927
f 895/895 896/896 929/929
f 895/895 929/929 928/928
f 896/896 897/897 930/930
f 896/896 930/930 929/929
f 897/897 898/898 931/931
f 897/897 931/931 930/930
f 898/898 899/899 932/932
f 898/898 932/932 931/931
f 899/899 900/900 933/933
f 899/899 933/933 932/932
f 900/900 901/901 934/934
f 900/900 934/934 933/933
f 901/901 902/902 935/935
f 901/901 935/935 934/934
f 902/902 903/903 936/936
f 902/902 936/936 935/935
f 903/903 904/904 937/937
f 903/903 937/937 936/936
f 904/904 905/905 938/938
f 904/904 938/938 937/937
f 905/905 906/906 939/939
f 905/905 939/939 938/938
f 906/906 907/907 940/940
f 906/906 940/940 939/939
f 907/907 908/908 941/941
f 907/907 941/941 940/940
f 908/908 909/909 942/942
f 908/908 942/942 941/941
f 909/909 910/910 943/943
f 909/909 943/943 942/942
f 910/910 911/911 944/944
f 910/910 944/944 943/943
f 911/911 912/912 945/945
f 911/911 945/945 944/944
f 912/912 913/913 946/946
f 912/912 946/946 945/945
f 913/913 914/914 947/947
f 913/913 947/947 946/946
f 914/914 915/915 948/948
f 914/914 948/948 947/947
f 915/915 916/916 949/949
f 915/915 949/949 948/948
f 916/916 917/917 950/950
f 916/916 950/950 949/949
f 917/917 918/918 951/951
f 917/917 951/951 950/950
f 918/918 919/919 952/952
f 918/918 952/952 951/951
f 919/919 920/920 953/953
f 919/919 953/953 952/952
f 920/920 921/921 954/954
f 920/920 954/954 953/953
f 921/921 922/922 955/955
f 921/921 955/955 954/954
f 922/922 923/923 956/956
f 922/922 956/956 955/955
f 923/923 924/924 957/957
f 923/923 957/957 956/956
f 926/926 925/925 958/958
f 926/926 958/958 959/959
f 925/925 927/927 960/960
f 925/925 960/960 958/958
f 927/927 928/928 961/961
f 927/927 961/961 960/960
f 928/928 929/929 962/962
f 928/928 962/962 961/961
f 929/929 930/930 963/963
f 929/929 963/963 962/962
f 930/930 931/931 964/964
f 930/930 964/964 963/963
f 931/931 932/932 965/965
f 931/931 965/965 964/964
f 932/932 933/933 966/966
f 932/932 966/966 965/965
f 933/933 934/934 967/967
f 933/933 967/967 966/966
f 934/934 935/935 968/968
f 934/934 968/968 967/967
f 935/935 936/936 969/969
f 935/935 969/969 968/968
f 936/936 937/937 970/970
f 936/936 970/970 969/969
f 937/937 938/938 971/971
f 937/937 971/971 970/970
f 938/938 939/939 972/972
f 938/938 972/972 971/971
f 939/939 940/940 973/973
f 939/939 973/973 972/972
f 940/940 941/941 974/974
f 940/940 974/974 973/973
f 941/941 942/942 975/975
f 941/941 975/975 974/974
f 942/942 943/943 976/976
f 942/942 976/976 975/975
f 943/943 944/944 977/977
f 943/943 977/977 976/976
f 944/944 945/945 978/978
f 944/944 978/978 977/977
f 945/945 946/946 979/979
f 945/945 979/979 978/978
f 946/946 947/947 980/980
f 946/946 980/980 979/979
f 947/947 948/948 981/981
f 947/947 981/981 980/980
f 948/948 949/949 982/982
f 948/948 982/982 981/981
f 949/949 950/950 983/983
f 949/949 983/983 982/982
f 950/950 951/951 984/984
f 950/950 984/984 983/983
f 951/951 952/952 985/985
f 951/951 985/985 984/984
f 952/952 953/953 986/986
f 952/952 986/986 985/985
f 953/953 954/954 987/987
f 953/953 987/987 986/986
f 954/954 955/955 988/988
f 954/954 988/988 987/987
f 955/955 956/956 989/989
f 955/955 989/989 988/988
f 956/956 957/957 990/990
f 956/956 990/990 989/989
f 959/959 958/958 991/991
f 959/959 991/991 992/992
f 958/958 960/960 993/993
f 958/958 993/993 991/991
f 960/960 961/961 994/994
f 960/960 994/994 993/993
f 961/961 962/962 995/995
f 961/961 995/995 994/994
f 962/962 963/963 996/996
f 962/962 996/996 995/995
f 963/963 964/964 997/997
f 963/963 997/997 996/996
f 964/964 965/965 998/998
f 964/964 998/998 997/997
f 965/965 966/966 999/999
f 965/965 999/999 998/998
f 966/966 967/967 1000/1000
f 966/966 1000/1000 999/999
f 967/967 968/968 1001/1001
f 967/967 1001/1001 1000/1000
f 968/968 969/969 1002/1002
f 968/968 1002/1002 1001/1001
f 969/969 970/970 1003/1003
f 969/969 1003/1003 1002/1002
f 970/970 971/971 1004/1004
f 970/970 1004/1004 1003/1003
f 971/971 972/972 1005/1005
f 971/971 1005/1005 1004/1004
f 972/972 973/973 1006/1006
f 972/972 1006/1006 1005/1005
f 973/973 974/974 1007/1007
f 973/973 1007/1007 1006/1006
f 974/974 975/975 1008/1008
f 974/974 1008/1008 1007/1007
f 975/975 976/976 1009/1009
f 975/975 1009/1009 1008/1008
f 976/976 977/977 1010/1010
f 976/976 1010/1010 1009/1009
f 977/977 978/978 1011/1011
f 977/977 1011/1011 1010/1010
f 978/978 979/979 1012/1012
f 978/978 1012/1012 1011/1011
f 979/979 980/980 1013/1013
f 979/979 1013/1013 1012/1012
f 980/980 981/981 1014/1014
f 980/980 1014/1014 1013/1013
f 981/981 982/982 1015/1015
f 981/981 1015/1015 1014/1014
f 982/982 983/983 1016/1016
f 982/982 1016/1016 1015/1015
f 983/983 984/984 1017/1017
f 983/983 1017/1017 1016/1016
f 984/984 985/985 1018/1018
f 984/984 1018/1018 1017/1017
f 985/985 986/986 1019/1019
f 985/985 1019/1019 1018/1018
f 986/986 987/987 1020/1020
f 986/986 1020/1020 1019/1019
f 987/987 988/988 1021/1021
f 987/987 1021/1021 1020/1020
f 988/988 989/989 1022/1022
f 988/988 1022/1022 1021/1021
f 989/989 990/990 1023/1023
f 989/989 1023/1023 1022/1022
f 992/992 991/991 1024/1024
f 992/992 1024/1024 1025/1025
f 991/991 993/993 1026/1026
f 991/991 1026/1026 1024/1024
f 993/993 994/994 1027/1027
f 993/993 1027/1027 1026/1026
f 994/994 995/995 1028/1028
f 994/994 1028/1028 1027/1027
f 995/995 996/996 1029/1029
f 995/995 1029/1029 1028/1028
f 996/996 997/997 1030/1030
f 996/996 1030/1030 1029/1029
f 997/997 998/998 1031/1031
f 997/997 1031/1031 1030/1030
f 998/998 999/999 1032/1032
f 998/998 1032/1032 1031/1031
f 999/999 1000/1000 1033/1033
f 999/999 1033/1033 1032/1032
f 1000/1000 1001/1001 1034/1034
f 1000/1000 1034/1034 1033/1033
f 1001/1001 1002/1002 1035/1035
f 1001/1001 1035/1035 1034/1034
f 1002/1002 1003/1003 1036/1036
f 1002/1002 1036/1036 1035/1035
f 1003/1003 1004/1004 1037/1037
f 1003/1003 1037/1037 1036/1036
f 1004/1004 1005/1005 1038/1038
f 1004/1004 1038/1038 1037/1037
f 1005/1005 1006/1006 1039/1039
f 1005/1005 1039/1039 1038/1038
f 1006/1006 1007/1007 1040/1040
f 1006/1006 1040/1040 1039/1039
f 1007/1007 1008/1008 1041/1041
f 1007/1007 1041/1041 1040/1040
f 1008/1008 1009/1009 1042/1042
f 1008/1008 1042/1042 1041/1041
f 1009/1009 1010/1010 1043/1043
f 1009/1009 1043/1043 1042/1042
f 1010/1010 1011/1011 1044/1044
f 1010/1010 1044/1044 1043/1043
f 1011/1011 1012/1012 1045/1045
f 1011/1011 1045/1045 1044/1044
f 1012/1012 1013/1013 1046/1046
f 1012/1012 1046/1046 1045/1045
f 1013/1013 1014/1014 1047/1047
f 1013/1013 1047/1047 1046/1046
f 1014/1014 1015/1015 1048/1048
f 1014/1014 1048/1048 1047/1047
f 1015/1015 1016/1016 1049/1049
f 1015/1015 1049/1049 1048/1048
f 1016/1016 1017/1017 1050/1050
f 1016/1016 1050/1050 1049/1049
f 1017/1017 1018/1018 1051/1051
f 1017/1017 1051/1051 1050/1050
f 1018/1018 1019/1019 1052/1052
f 1018/1018 1052/1052 1051/1051
f 1019/1019 1020/1020 1053/1053
f 1019/1019 1053/1053 1052/1052
f 1020/1020 1021/1021 1054/1054
f 1020/1020 1054/1054 1053/1053
f 1021/1021 1022/1022 1055/1055
f 1021/1021 1055/1055 1054/1054
f 1022/1022 1023/1023 1056/1056
f 1022/1022 1056/1056 1055/1055
f 1025/1025 1024/1024 1057/1057
f 1025/1025 1057/1057 1058/1058
f 1024/1024 1026/1026 1059/1059
f 1024/1024 1059/1059 1057/1057
f 1026/1026 1027/1027 1060/1060
f 1026/1026 1060/1060 1059/1059
f 1027/1027 1028/1028 1061/1061
f 1027/1027 1061/1061 1060/1060
f 1028/1028 1029/1029 1062/1062
f 1028/1028 1062/1062 1061/1061
f 1029/1029 1030/1030 1063/1063
f 1029/1029 1063/1063 1062/1062
f 1030/1030 1031/1031 1064/1064
f 1030/1030 1064/1064 1063/1063
f 1031/1031 1032/1032 1065/1065
f 1031/1031 1065/1065 1064/1064
f 1032/1032 1033/1033 1066/1066
f 1032/1032 1066/1066 1065/1065
f 1033/1033 1034/1034 1067/1067
f 1033/1033 1067/1067 1066/1066
f 1034/1034 1035/1035 1068/1068
f 1034/1034 1068/1068 1067/1067
f 1035/1035 1036/1036 1069/1069
f 1035/1035 1069/1069 1068/1068
f 1036/1036 1037/1037 1070/1070
f 1036/1036 1070/1070 1069/1069
f 1037/1037 1038/1038 1071/1071
f 1037/1037 1071/1071 1070/1070
f 1038/1038 1039/1039 1072/1072
f 1038/1038 1072/1072 1071/1071
f 1039/1039 1040/1040 1073/1073
f 1039/1039 1073/1073 1072/1072
f 1040/1040 1041/1041 1074/1074
f 1040/1040 1074/1074 1073/1073
f 1041/1041 1042/1042 1075/1075
f 1041/1041 1075/1075 1074/1074
f 1042/1042 1043/1043 1076/1076
f 1042/1042 1076/1076 1075/1075
f 1043/1043 1044/1044 1077/1077
f 1043/1043 1077/1077 1076/1076
f 1044/1044 1045/1045 1078/1078
f 1044/1044 1078/1078 1077/1077
f 1045/1045 1046/1046 1079/1079
f 1045/1045 1079/1079 1078/1078
f 1046/1046 1047/1047 1080/1080
f 1046/1046 1080/1080 1079/1079
f 1047/1047 1048/1048 1081/1081
f 1047/1047 1081/1081 1080/1080
f 1048/1048 1049/1049 1082/1082
f 1048/1048 1082/1082 1081/1081
f 1049/1049 1050/1050 1083/1083
f 1049/1049 1083/1083 1082/1082
f 1050/1050 1051/1051 1084/1084
f 1050/1050 1084/1084 1083/1083
f 1051/1051 1052/1052 1085/1085
f 1051/1051 1085/1085 1084/1084
f 1052/1052 1053/1053 1086/1086
f 1052/1052 1086/1086 1085/1085
f 1053/1053 1054/1054 1087/1087
f 1053/1053 1087/1087 1086/1086
f 1054/1054 1055/1055 1088/1088
f 1054/1054 1088/1088 1087/1087
f 1055/1055 1056/1056 1089/1089
f 1055/1055 1089/1089 1088/1088
f 1090/1090 1091/1091 1092/1092
f 1090/1090 1092/1092 1093/1093
f 1091/1091 1094/1094 1095/1095
f 1091/1091 1095/1095 1092/1092
f 1094/1094 1096/1096 1097/1097
f 1094/1094 1097/1097 1095/1095
f 1096/1096 1098/1098 1099/1099
f 1096/1096 1099/1099 1097/1097
f 1098/1098 1100/1100 1101/1101
f 1098/1098 1101/1101 1099/1099
f 1100/1100 1102/1102 1103/1103
f 1100/1100 1103/1103 1101/1101
f 1102/1102 1104/1104 1105/1105
f 1102/1102 1105/1105 1103/1103
f 1104/1104 1106/1106 1107/1107
f 1104/1104 1107/1107 1105/1105
f 1106/1106 1108/1108 1109/1109
f 1106/1106 1109/1109 1107/1107
f 1108/1108 1110/1110 1111/1111
f 1108/1108 1111/1111 1109/1109
f 1110/1110 1112/1112 1113/1113
f 1110/1110 1113/1113 1111/1111
f 1112/1112 1114/1114 1115/1115
f 1112/1112 1115/1115 1113/1113
f 1114/1114 1116/1116 1117/1117
f 1114/1114 1117/1117 1115/1115
f 1116/1116 1058/1058 1118/1118
f 1116/1116 1118/1118 1117/1117
f 1058/1058 1057/1057 1119/1119
f 1058/1058 1119/1119 1118/1118
f 1057/1057 1059/1059 1120/1120
f 1057/1057 1120/1120 1119/1119
f 1059/1059 1060/1060 1121/1121
f 1059/1059 1121/1121 1120/1120
f 1060/1060 1061/1061 1122/1122
f 1060/1060 1122/1122 1121/1121
f 1061/1061 1062/1062 1123/1123
f 1061/1061 1123/1123 1122/1122
f 1062/1062 1063/1063 1124/1124
f 1062/1062 1124/1124 1123/1123
f 1063/1063 1064/1064 1125/1125
f 1063/1063 1125/1125 1124/1124
f 1064/1064 1065/1065 1126/1126
f 1064/1064 1126/1126 1125/1125
f 1065/1065 1066/1066 1127/1127
f 1065/1065 1127/1127 1126/1126
f 1066/1066 1067/1067 1128/1128
f 1066/1066 1128/1128 1127/1127
f 1067/1067 1068/1068 1129/1129
f 1067/1067 1129/1129 1128/1128
f 1068/1068 1069/1069 1130/1130
f 1068/1068 1130/1130 1129/1129
f 1069/1069 1070/1070 1131/1131
f 1069/1069 1131/1131 1130/1130
f 1070/1070 1071/1071 1132/1132
f 1070/1070 1132/1132 1131/1131
f 1071/1071 1072/1072 1133/1133
f 1071/1071 1133/1133 1132/1132
f 1072/1072 1073/1073 1134/1134
f 1072/1072 1134/1134 1133/1133
f 1073/1073 1074/1074 1135/1135
f 1073/1073 1135/1135 1134/1134
f 1074/1074 1075/1075 1136/1136
f 1074/1074 1136/1136 1135/1135
f 1075/1075 1076/1076 1137/1137
f 1075/1075 1137/1137 1136/1136
f 1076/1076 1077/1077 1138/1138
f 1076/1076 1138/1138 1137/1137
f 1077/1077 1078/1078 1139/1139
f 1077/1077 1139/1139 1138/1138
f 1078/1078 1079/1079 1140/1140
f 1078/1078 1140/1140 1139/1139
f 1079/1079 1080/1080 1141/1141
f 1079/1079 1141/1141 1140/1140
f 1080/1080 1081/1081 1142/1142
f 1080/1080 1142/1142 1141/1141
f 1081/1081 1082/1082 1143/1143
f 1081/1081 1143/1143 1142/1142
f 1082/1082 1083/1083 1144/1144
f 1082/1082 1144/1144 1143/1143
f 1083/1083 1084/1084 1145/1145
f 1083/1083 1145/1145 1144/1144
f 1084/1084 1085/1085 1146/1146
f 1084/1084 1146/1146 1145/1145
f 1085/1085 1086/1086 1147/1147
f 1085/1085 1147/1147 1146/1146
f 1086/1086 1087/1087 1148/1148
f 1086/1086 1148/1148 1147/1147
f 1087/1087 1088/1088 1149/1149
f 1087/1087 1149/1149 1148/1148
f 1088/1088 1089/1089 1150/1150
f 1088/1088 1150/1150 1149/1149
f 1089/1089 1151/1151 1152/1152
f 1089/1089 1152/1152 1150/1150
f 1151/1151 1153/1153 1154/1154
f 1151/1151 1154/1154 1152/1152
f 1153/1153 1155/1155 1156/1156
f 1153/1153 1156/1156 1154/1154
f 1155/1155 1157/1157 1158/1158
f 1155/1155 1158/1158 1156/1156
f 1157/1157 1159/1159 1160/1160
f 1157/1157 1160/1160 1158/1158
f 1159/1159 1161/1161 1162/1162
f 1159/1159 1162/1162 1160/1160
f 1161/1161 1163/1163 1164/1164
f 1161/1161 1164/1164 1162/1162
f 1163/1163 1165/1165 1166/1166
f 1163/1163 1166/1166 1164/1164
f 1165/1165 1167/1167 1168/1168
f 1165/1165 1168/1168 1166/1166
f 1167/1167 1169/1169 1170/1170
f 1167/1167 1170/1170 1168/1168
f 1169/1169 1171/1171 1172/1172
f 1169/1169 1172/1172 1170/1170
f 1171/1171 1173/1173 1174/1174
f 1171/1171 1174/1174 1172/1172
f 1173/1173 1175/1175 1176/1176
f 1173/1173 1176/1176 1174/1174
f 1175/1175 1177/1177 1178/1178
f 1175/1175 1178/1178 1176/1176
f 1093/1093 1092/1092 1179/1179
f 1093/1093 1179/1179 1180/1180
f 1092/1092 1095/1095 1181/1181
f 1092/1092 1181/1181 1179/1179
f 1095/1095 1097/1097 1182/1182
f 1095/1095 1182/1182 1181/1181
f 1097/1097 1099/1099 1183/1183
f 1097/1097 1183/1183 1182/1182
f 1099/1099 1101/1101 1184/1184
f 1099/1099 1184/1184 1183/1183
f 1101/1101 1103/1103 1185/1185
f 1101/1101 1185/1185 1184/1184
f 1103/1103 1105/1105 1186/1186
f 1103/1103 1186/1186 1185/1185
f 1105/1105 1107/1107 1187/1187
f 1105/1105 1187/1187 1186/1186
f 1107/1107 1109/1109 1188/1188
f 1107/1107 1188/1188 1187/1187
f 1109/1109 1111/1111 1189/1189
f 1109/1109 1189/1189 1188/1188
f 1111/1111 1113/1113 1190/1190
f 1111/1111 1190/1190 1189/1189
f 1113/1113 1115/1115 1191/1191
f 1113/1113 1191/1191 1190/1190
f 1115/1115 1117/1117 1192/1192
f 1115/1115 1192/1192 1191/1191
f 1117/1117 1118/1118 1193/1193
f 1117/1117 1193/1193 1192/1192
f 1118/1118 1119/1119 1194/1194
f 1118/1118 1194/1194 1193/1193
f 1119/1119 1120/1120 1195/1195
f 1119/1119 1195/1195 1194/1194
f 1120/1120 1121/1121 1196/1196
f 1120/1120 1196/1196 1195/1195
f 1121/1121 1122/1122 1197/1197
f 1121/1121 1197/1197 1196/1196
f 1122/1122 1123/1123 1198/1198
f 1122/1122 1198/1198 1197/1197
f 1123/1123 1124/1124 1199/1199
f 1123/1123 1199/1199 1198/1198
f 1124/1124 1125/1125 1200/1200
f 1124/1124 1200/1200 1199/1199
f 1125/1125 1126/1126 1201/1201
f 1125/1125 1201/1201 1200/1200
f 1126/1126 1127/1127 1202/1202
f 1126/1126 1202/1202 1201/1201
f 1127/1127 1128/1128 1203/1203
f 1127/1127 1203/1203 1202/1202
f 1128/1128 1129/1129 1204/1204
f 1128/1128 1204/1204 1203/1203
f 1129/1129 1130/1130 1205/1205
f 1129/1129 1205/1205 1204/1204
f 1130/1130 1131/1131 1206/1206
f 1130/1130 1206/1206 1205/1205
f 1131/1131 1132/1132 1207/1207
f 1131/1131 1207/1207 1206/1206
f 1132/1132 1133/1133 1208/1208
f 1132/1132 1208/1208 1207/1207
f 1133/1133 1134/1134 1209/1209
f 1133/1133 1209/1209 1208/1208
f 1134/1134 1135/1135 1210/1210
f 1134/1134 1210/1210 1209/1209
f 1135/1135 1136/1136 1211/1211
f 1135/1135 1211/1211 1210/1210
f 1136/1136 1137/1137 1212/1212
f 1136/1136 1212/1212 1211/1211
f 1137/1137 1138/1138 1213/1213
f 1137/1137 1213/1213 1212/1212
f 1138/1138 1139/1139 1214/1214
f 1138/1138 1214/1214 1213/1213
f 1139/1139 1140/1140 1215/1215
f 1139/1139 1215/1215 1214/1214
f 1140/1140 1141/1141 1216/1216
f 1140/1140 1216/1216 1215/1215
f 1141/1141 1142/1142 1217/1217
f 1141/1141 1217/1217 1216/1216
f 1142/1142 1143/1143 1218/1218
f 1142/1142 1218/1218 1217/1217
f 1143/1143 1144/1144 1219/1219
f 1143/1143 1219/1219 1218/1218
f 1144/1144 1145/1145 1220/1220
f 1144/1144 1220/1220 1219/1219
f 1145/1145 1146/1146 1221/1221
f 1145/1145 1221/1221 1220/1220
f 1146/1146 1147/1147 1222/1222
f 1146/1146 1222/1222 1221/1221
f 1147/1147 1148/1148 1223/1223
f 1147/1147 1223/1223 1222/1222
f 1148/1148 1149/1149 1224/1224
f 1148/1148 1224/1224 1223/1223
f 1149/1149 1150/1150 1225/1225
f 1149/1149 1225/1225 1224/1224
f 1150/1150 1152/1152 1226/1226
f 1150/1150 1226/1226 1225/1225
f 1152/1152 1154/1154 1227/1227
f 1152/1152 1227/1227 1226/1226
f 1154/1154 1156/1156 1228/1228
f 1154/1154 1228/1228 1227/1227
f 1156/1156 1158/1158 1229/1229
f 1156/1156 1229/1229 1228/1228
f 1158/1158 1160/1160 1230/1230
f 1158/1158 1230/1230 1229/1229
f 1160/1160 1162/1162 1231/1231
f 1160/1160 1231/1231 1230/1230
f 1162/1162 1164/1164 1232/1232
f 1162/1162 1232/1232 1231/1231
f 1164/1164 1166/1166 1233/1233
f 1164/1164 1233/1233 1232/1232
f 1166/1166 1168/1168 1234/1234
f 1166/1166 1234/1234 1233/1233
f 1168/1168 1170/1170 1235/1235
f 1168/1168 1235/1235 1234/1234
f 1170/1170 1172/1172 1236/1236
f 1170/1170 1236/1236 1235/1235
f 1172/1172 1174/1174 1237/1237
f 1172/1172 1237/1237 1236/1236
f 1174/1174 1176/1176 1238/1238
f 1174/1174 1238/1238 1237/1237
f 1176/1176 1178/1178 1239/1239
f 1176/1176 1239/1239 1238/1238
f 1180/1180 1179/1179 1240/1240
f 1180/1180 1240/1240 1241/1241
f 1179/1179 1181/1181 1242/1242
f 1179/1179 1242/1242 1240/1240
f 1181/1181 1182/1182 1243/1243
f 1181/1181 1243/1243 1242/1242
f 1182/1182 1183/1183 1244/1244
f 1182/1182 1244/1244 1243/1243
f 1183/1183 1184/1184 1245/1245
f 1183/1183 1245/1245 1244/1244
f 1184/1184 1185/1185 1246/1246
f 1184/1184 1246/1246 1245/1245
f 1185/1185 1186/1186 1247/1247
f 1185/1185 1247/1247 1246/1246
f 1186/1186 1187/1187 1248/1248
f 1186/1186 1248/1248 1247/1247
f 1187/1187 1188/1188 1249/1249
f 1187/1187 1249/1249 1248/1248
f 1188/1188 1189/1189 1250/1250
f 1188/1188 1250/1250 1249/1249
f 1189/1189 1190/1190 1251/1251
f 1189/1189 1251/1251 1250/1250
f 1190/1190 1191/1191 1252/1252
f 1190/1190 1252/1252 1251/1251
f 1191/1191 1192/1192 1253/1253
f 1191/1191 1253/1253 1252/1252
f 1192/1192 1193/1193 1254/1254
f 1192/1192 1254/1254 1253/1253
f 1193/1193 1194/1194 1255/1255
f 1193/1193 1255/1255 1254/1254
f 1194/1194 1195/1195 1256/1256
f 1194/1194 1256/1256 1255/1255
f 1195/1195 1196/1196 1257/1257
f 1195/1195 1257/1257 1256/1256
f 1196/1196 1197/1197 1258/1258
f 1196/1196 1258/1258 1257/1257
f 1197/1197 1198/1198 1259/1259
f 1197/1197 1259/1259 1258/1258
f 1198/1198 1199/1199 1260/1260
f 1198/1198 1260/1260 1259/1259
f 1199/1199 1200/1200 1261/1261
f 1199/1199 1261/1261 1260/1260
f 1200/1200 1201/1201 1262/1262
f 1200/1200 1262/1262 1261/1261
f 1201/1201 1202/1202 1263/1263
f 1201/1201 1263/1263 1262/1262
f 1202/1202 1203/1203 1264/1264
f 1202/1202 1264/1264 1263/1263
f 1203/1203 1204/1204 1265/1265
f 1203/1203 1265/1265 1264/1264
f 1204/1204 1205/1205 1266/1266
f 1204/1204 1266/1266 1265/1265
f 1205/1205 1206/1206 1267/1267
f 1205/1205 1267/1267 1266/1266
f 1206/1206 1207/1207 1268/1268
f 1206/1206 1268/1268 1267/1267
f 1207/1207 1208/1208 1269/1269
f 1207/1207 1269/1269 1268/1268
f 1208/1208 1209/1209 1270/1270
f 1208/1208 1270/1270 1269/1269
f 1209/1209 1210/1210 1271/1271
f 1209/1209 1271/1271 1270/1270
f 1210/1210 1211/1211 1272/1272
f 1210/1210 1272/1272 1271/1271
f 1211/1211 1212/1212 1273/1273
f 1211/1211 1273/1273 1272/1272
f 1212/1212 1213/1213 1274/1274
f 1212/1212 1274/1274 1273/1273
f 1213/1213 1214/1214 1275/1275
f 1213/1213 1275/1275 1274/1274
f 1214/1214 1215/1215 1276/1276
f 1214/1214 1276/1276 1275/1275
f 1215/1215 1216/1216 1277/1277
f 1215/1215 1277/1277 1276/1276
f 1216/1216 1217/1217 1278/1278
f 1216/1216 1278/1278 1277/1277
f 1217/1217 1218/1218 1279/1279
f 1217/1217 1279/1279 1278/1278
f 1218/1218 1219/1219 1280/1280
f 1218/1218 1280/1280 1279/1279
f 1219/1219 1220/1220 1281/1281
f 1219/1219 1281/1281 1280/1280
f 1220/1220 1221/1221 1282/1282
f 1220/1220 1282/1282 1281/1281
f 1221/1221 1222/1222 1283/1283
f 1221/1221 1283/1283 1282/1282
f 1222/1222 1223/1223 1284/1284
f 1222/1222 1284/1284 1283/1283
f 1223/1223 1224/1224 1285/1285
f 1223/1223 1285/1285 1284/1284
f 1224/1224 1225/1225 1286/1286
f 1224/1224 1286/1286 1285/1285
f 1225/1225 1226/1226 1287/1287
f 1225/1225 1287/1287 1286/1286
f 1226/1226 1227/1227 1288/1288
f 1226/1226 1288/1288 1287/1287
f 1227/1227 1228/1228 1289/1289
f 1227/1227 1289/1289 1288/1288
f 1228/1228 1229/1229 1290/1290
f 1228/1228 1290/1290 1289/1289
f 1229/1229 1230/1230 1291/1291
f 1229/1229 1291/1291 1290/1290
f 1230/1230 1231/1231 1292/1292
f 1230/1230 1292/1292 1291/1291
f 1231/1231 1232/1232 1293/1293
f 1231/1231 1293/1293 1292/1292
f 1232/1232 1233/1233 1294/1294
f 1232/1232 1294/1294 1293/1293
f 1233/1233 1234/1234 1295/1295
f 1233/1233 1295/1295 1294/1294
f 1234/1234 1235/1235 1296/1296
f 1234/1234 1296/1296 1295/1295
f 1235/1235 1236/1236 1297/1297
f 1235/1235 1297/1297 1296/1296
f 1236/1236 1237/1237 1298/1298
f 1236/1236 1298/1298 1297/1297
f 1237/1237 1238/1238 1299/1299
f 1237/1237 1299/1299 1298/1298
f 1238/1238 1239/1239 1300/1300
f 1238/1238 1300/1300 1299/1299
f 1241/1241 1240/1240 1301/1301
f 1241/1241 1301/1301 1302/1302
f 1240/1240 1242/1242 1303/1303
f 1240/1240 1303/1303 1301/1301
f 1242/1242 1243/1243 1304/1304
f 1242/1242 1304/1304 1303/1303
f 1243/1243 1244/1244 1305/1305
f 1243/1243 1305/1305 1304/1304
f 1244/1244 1245/1245 1306/1306
f 1244/1244 1306/1306 1305/1305
f 1245/1245 1246/1246 1307/1307
f 1245/1245 1307/1307 1306/1306
f 1246/1246 1247/1247 1308/1308
f 1246/1246 1308/1308 1307/1307
f 1247/1247 1248/1248 1309/1309
f 1247/1247 1309/1309 1308/1308
f 1248/1248 1249/1249 1310/1310
f 1248/1248 1310/1310 1309/1309
f 1249/1249 1250/1250 1311/1311
f 1249/1249 1311/1311 1310/1310
f 1250/1250 1251/1251 1312/1312
f 1250/1250 1312/1312 1311/1311
f 1251/1251 1252/1252 1313/1313
f 1251/1251 1313/1313 1312/1312
f 1252/1252 1253/1253 1314/1314
f 1252/1252 1314/1314 1313/1313
f 1253/1253 1254/1254 1315/1315
f 1253/1253 1315/1315 1314/1314
f 1254/1254 1255/1255 1316/1316
f 1254/1254 1316/1316 1315/1315
f 1255/1255 1256/1256 1317/1317
f 1255/1255 1317/1317 1316/1316
f 1256/1256 1257/1257 1318/1318
f 1256/1256 1318/1318 1317/1317
f 1257/1257 1258/1258 1319/1319
f 1257/1257 1319/1319 1318/1318
f 1258/1258 1259/1259 1320/1320
f 1258/1258 1320/1320 1319/1319
f 1259/1259 1260/1260 1321/1321
f 1259/1259 1321/1321 1320/1320
f 1260/1260 1261/1261 1322/1322
f 1260/1260 1322/1322 1321/1321
f 1261/1261 1262/1262 1323/1323
f 1261/1261 1323/1323 1322/1322
f 1262/1262 1263/1263 1324/1324
f 1262/1262 1324/1324 1323/1323
f 1263/1263 1264/1264 1325/1325
f 1263/1263 1325/1325 1324/1324
f 1264/1264 1265/1265 1326/1326
f 1264/1264 1326/1326 1325/1325
f 1265/1265 1266/1266 1327/1327
f 1265/1265 1327/1327 1326/1326
f 1266/1266 1267/1267 1328/1328
f 1266/1266 1328/1328 1327/1327
f 1267/1267 1268/1268 1329/1329
f 1267/1267 1329/1329 1328/1328
f 1268/1268 1269/1269 1330/1330
f 1268/1268 1330/1330 1329/1329
f 1269/1269 1270/1270 1331/1331
f 1269/1269 1331/1331 1330/1330
f 1270/1270 1271/1271 1332/1332
f 1270/1270 1332/1332 1331/1331
f 1271/1271 1272/1272 1333/1333
f 1271/1271 1333/1333 1332/1332
f 1272/1272 1273/1273 1334/1334
f 1272/1272 1334/1334 1333/1333
f 1273/1273 1274/1274 1335/1335
f 1273/1273 1335/1335 1334/1334
f 1274/1274 1275/1275 1336/1336
f 1274/1274 1336/1336 1335/1335
f 1275/1275 1276/1276 1337/1337
f 1275/1275 1337/1337 1336/1336
f 1276/1276 1277/1277 1338/1338
f 1276/1276 1338/1338 1337/1337
f 1277/1277 1278/1278 1339/1339
f 1277/1277 1339/1339 1338/1338
f 1278/1278 1279/1279 1340/1340
f 1278/1278 1340/1340 1339/1339
f 1279/1279 1280/1280 1341/1341
f 1279/1279 1341/1341 1340/1340
f 1280/1280 1281/1281 1342/1342
f 1280/1280 1342/1342 1341/1341
f 1281/1281 1282/1282 1343/1343
f 1281/1281 1343/1343 1342/1342
f 1282/1282 1283/1283 1344/1344
f 1282/1282 1344/1344 1343/1343
f 1283/1283 1284/1284 1345/1345
f 1283/1283 1345/1345 1344/1344
f 1284/1284 1285/1285 1346/1346
f 1284/1284 1346/1346 1345/1345
f 1285/1285 1286/1286 1347/1347
f 1285/1285 1347/1347 1346/1346
f 1286/1286 1287/1287 1348/1348
f 1286/1286 1348/1348 1347/1347
f 1287/1287 1288/1288 1349/1349
f 1287/1287 1349/1349 1348/1348
f 1288/1288 1289/1289 1350/1350
f 1288/1288 1350/1350 1349/1349
f 1289/1289 1290/1290 1351/1351
f 1289/1289 1351/1351 1350/1350
f 1290/1290 1291/1291 1352/1352
f 1290/1290 1352/1352 1351/1351
f 1291/1291 1292/1292 1353/1353
f 1291/1291 1353/1353 1352/1352
f 1292/1292 1293/1293 1354/1354
f 1292/1292 1354/1354 1353/1353
f 1293/1293 1294/1294 1355/1355
f 1293/1293 1355/1355 1354/1354
f 1294/1294 1295/1295 1356/1356
f 1294/1294 1356/1356 1355/1355
f 1295/1295 1296/1296 1357/1357
f 1295/1295 1357/1357 1356/1356
f 1296/1296 1297/1297 1358/1358
f 1296/1296 1358/1358 1357/1357
f 1297/1297 1298/1298 1359/1359
f 1297/1297 1359/1359 1358/1358
f 1298/1298 1299/1299 1360/1360
f 1298/1298 1360/1360 1359/1359
f 1299/1299 1300/1300 1361/1361
f 1299/1299 1361/1361 1360/1360
f 1302/1302 1301/1301 1362/1362
f 1302/1302 1362/1362 1363/1363
f 1301/1301 1303/1303 1364/1364
f 1301/1301 1364/1364 1362/1362
f 1303/1303 1304/1304 1365/1365
f 1303/1303 1365/1365 1364/1364
f 1304/1304 1305/1305 1366/1366
f 1304/1304 1366/1366 1365/1365
f 1305/1305 1306/1306 1367/1367
f 1305/1305 1367/1367 1366/1366
f 1306/1306 1307/1307 1368/1368
f 1306/1306 1368/1368 1367/1367
f 1307/1307 1308/1308 1369/1369
f 1307/1307 1369/1369 1368/1368
f 1308/1308 1309/1309 1370/1370
f 1308/1308 1370/1370 1369/1369
f 1309/1309 1310/1310 1371/1371
f 1309/1309 1371/1371 1370/1370
f 1310/1310 1311/1311 1372/1372
f 1310/1310 1372/1372 1371/1371
f 1311/1311 1312/1312 1373/1373
f 1311/1311 1373/1373 1372/1372
f 1312/1312 1313/1313 1374/1374
f 1312/1312 1374/1374 1373/1373
f 1313/1313 1314/1314 1375/1375
f 1313/1313 1375/1375 1374/1374
f 1314/1314 1315/1315 1376/1376
f 1314/1314 1376/1376 1375/1375
f 1315/1315 1316/1316 1377/1377
f 1315/1315 1377/1377 1376/1376
f 1316/1316 1317/1317 1378/1378
f 1316/1316 1378/1378 1377/1377
f 1317/1317 1318/1318 1379/1379
f 1317/1317 1379/1379 1378/1378
f 1318/1318 1319/1319 1380/1380
f 1318/1318 1380/1380 1379/1379
f 1319/1319 1320/1320 1381/1381
f 1319/1319 1381/1381 1380/1380
f 1320/1320 1321/1321 1382/1382
f 1320/1320 1382/1382 1381/1381
f 1321/1321 1322/1322 1383/1383
f 1321/1321 1383/1383 1382/1382
f 1322/1322 1323/1323 1384/1384
f 1322/1322 1384/1384 1383/1383
f 1323/1323 1324/1324 1385/1385
f 1323/1323 1385/1385 1384/1384
f 1324/1324 1325/1325 1386/1386
f 1324/1324 1386/1386 1385/1385
f 1325/1325 1326/1326 1387/1387
f 1325/1325 1387/1387 1386/1386
f 1326/1326 1327/1327 1388/1388
f 1326/1326 1388/1388 1387/1387
f 1327/1327 1328/1328 1389/1389
f 1327/1327 1389/1389 1388/1388
f 1328/1328 1329/1329 1390/1390
f 1328/1328 1390/1390 1389/1389
f 1329/1329 1330/1330 1391/1391
f 1329/1329 1391/1391 1390/1390
f 1330/1330 1331/1331 1392/1392
f 1330/1330 1392/1392 1391/1391
f 1331/1331 1332/1332 1393/1393
f 1331/1331 1393/1393 1392/1392
f 1332/1332 1333/1333 1394/1394
f 1332/1332 1394/1394 1393/1393
f 1333/1333 1334/1334 1395/1395
f 1333/1333 1395/1395 1394/1394
f 1334/1334 1335/1335 1396/1396
f 1334/1334 1396/1396 1395/1395
f 1335/1335 1336/1336 1397/1397
f 1335/1335 1397/1397 1396/1396
f 1336/1336 1337/1337 1398/1398
f 1336/1336 1398/1398 1397/1397
f 1337/1337 1338/1338 1399/1399
f 1337/1337 1399/1399 1398/1398
f 1338/1338 1339/1339 1400/1400
f 1338/1338 1400/1400 1399/1399
f 1339/1339 1340/1340 1401/1401
f 1339/1339 1401/1401 1400/1400
f 1340/1340 1341/1341 1402/1402
f 1340/1340 1402/1402 1401/1401
f 1341/1341 1342/1342 1403/1403
f 1341/1341 1403/1403 1402/1402
f 1342/1342 1343/1343 1404/1404
f 1342/1342 1404/1404 1403/1403
f 1343/1343 1344/1344 1405/1405
f 1343/1343 1405/1405 1404/1404
f 1344/1344 1345/1345 1406/1406
f 1344/1344 1406/1406 1405/1405
f 1345/1345 1346/1346 1407/1407
f 1345/1345 1407/1407 1406/1406
f 1346/1346 1347/1347 1408/1408
f 1346/1346 1408/1408 1407/1407
f 1347/1347 1348/1348 1409/1409
f 1347/1347 1409/1409 1408/1408
f 1348/1348 1349/1349 1410/1410
f 1348/1348 1410/1410 1409/1409
f 1349/1349 1350/1350 1411/1411
f 1349/1349 1411/1411 1410/1410
f 1350/1350 1351/1351 1412/1412
f 1350/1350 1412/1412 1411/1411
f 1351/1351 1352/1352 1413/1413
f 1351/1351 1413/1413 1412/1412
f 1352/1352 1353/1353 1414/1414
f 1352/1352 1414/1414 1413/1413
f 1353/1353 1354/1354 1415/1415
f 1353/1353 1415/1415 1414/1414
f 1354/1354 1355/1355 1416/1416
f 1354/1354 1416/1416 1415/1415
f 1355/1355 1356/1356 1417/1417
f 1355/1355 1417/1417 1416/1416
f 1356/1356 1357/1357 1418/1418
f 1356/1356 1418/1418 1417/1417
f 1357/1357 1358/1358 1419/1419
f 1357/1357 1419/1419 1418/1418
f 1358/1358 1359/1359 1420/1420
f 1358/1358 1420/1420 1419/1419
f 1359/1359 1360/1360 1421/1421
f 1359/1359 1421/1421 1420/1420
f 1360/1360 1361/1361 1422/1422
f 1360/1360 1422/1422 1421/1421
f 1363/1363 1362/1362 1423/1423
f 1363/1363 1423/1423 1424/1424
f 1362/1362 1364/1364 1425/1425
f 1362/1362 1425/1425 1423/1423
f 1364/1364 1365/1365 1426/1426
f 1364/1364 1426/1426 1425/1425
f 1365/1365 1366/1366 1427/1427
f 1365/1365 1427/1427 1426/1426
f 1366/1366 1367/1367 1428/1428
f 1366/1366 1428/1428 1427/1427
f 1367/1367 1368/1368 1429/1429
f 1367/1367 1429/1429 1428/1428
f 1368/1368 1369/1369 1430/1430
f 1368/1368 1430/1430 1429/1429
f 1369/1369 1370/1370 1431/1431
f 1369/1369 1431/1431 1430/1430
f 1370/1370 1371/1371 1432/1432
f 1370/1370 1432/1432 1431/1431
f 1371/1371 1372/1372 1433/1433
f 1371/1371 1433/1433 1432/1432
f 1372/1372 1373/1373 1434/1434
f 1372/1372 1434/1434 1433/1433
f 1373/1373 1374/1374 1435/1435
f 1373/1373 1435/1435 1434/1434
f 1374/1374 1375/1375 1436/1436
f 1374/1374 1436/1436 1435/1435
f 1375/1375 1376/1376 1437/1437
f 1375/1375 1437/1437 1436/1436
f 1376/1376 1377/1377 1438/1438
f 1376/1376 1438/1438 1437/1437
f 1377/1377 1378/1378 1439/1439
f 1377/1377 1439/1439 1438/1438
f 1378/1378 1379/1379 1440/1440
f 1378/1378 1440/1440 1439/1439
f 1379/1379 1380/1380 1441/1441
f 1379/1379 1441/1441 1440/1440
f 1380/1380 1381/1381 1442/1442
f 1380/1380 1442/1442 1441/1441
f 1381/1381 1382/1382 1443/1443
f 1381/1381 1443/1443 1442/1442
f 1382/1382 1383/1383 1444/1444
f 1382/1382 1444/1444 1443/1443
f 1383/1383 1384/1384 1445/1445
f 1383/1383 1445/1445 1444/1444
f 1384/1384 1385/1385 1446/1446
f 1384/1384 1446/1446 1445/1445
f 1385/1385 1386/1386 1447/1447
f 1385/1385 1447/1447 1446/1446
f 1386/1386 1387/1387 1448/1448
f 1386/1386 1448/1448 1447/1447
f 1387/1387 1388/1388 1449/1449
f 1387/1387 1449/1449 1448/1448
f 1388/1388 1389/1389 1450/1450
f 1388/1388 1450/1450 1449/1449
f 1389/1389 1390/1390 1451/1451
f 1389/1389 1451/1451 1450/1450
f 1390/1390 1391/1391 1452/1452
f 1390/1390 1452/1452 1451/1451
f 1391/1391 1392/1392 1453/1453
f 1391/1391 1453/1453 1452/1452
f 1392/1392 1393/1393 1454/1454
f 1392/1392 1454/1454 1453/1453
f 1393/1393 1394/1394 1455/1455
f 1393/1393 1455/1455 1454/1454
f 1394/1394 1395/1395 1456/1456
f 1394/1394 1456/1456 1455/1455
f 1395/1395 1396/1396 1457/1457
f 1395/1395 1457/1457 1456/1456
f 1396/1396 1397/1397 1458/1458
f 1396/1396 1458/1458 1457/1457
f 1397/1397 1398/1398 1459/1459
f 1397/1397 1459/1459 1458/1458
f 1398/1398 1399/1399 1460/1460
f 1398/1398 1460/1460 1459/1459
f 1399/1399 1400/1400 1461/1461
f 1399/1399 1461/1461 1460/1460
f 1400/1400 1401/1401 1462/1462
f 1400/1400 1462/1462 1461/1461
f 1401/1401 1402/1402 1463/1463
f 1401/1401 1463/1463 1462/1462
f 1402/1402 1403/1403 1464/1464
f 1402/1402 1464/1464 1463/1463
f 1403/1403 1404/1404 1465/1465
f 1403/1403 1465/1465 1464/1464
f 1404/1404 1405/1405 1466/1466
f 1404/1404 1466/1466 1465/1465
f 1405/1405 1406/1406 1467/1467
f 1405/1405 1467/1467 1466/1466
f 1406/1406 1407/1407 1468/1468
f 1406/1406 1468/1468 1467/1467
f 1407/1407 1408/1408 1469/1469
f 1407/1407 1469/1469 1468/1468
f 1408/1408 1409/1409 1470/1470
f 1408/1408 1470/1470 1469/1469
f 1409/1409 1410/1410 1471/1471
f 1409/1409 1471/1471 1470/1470
f 1410/1410 1411/1411 1472/1472
f 1410/1410 1472/1472 1471/1471
f 1411/1411 1412/1412 1473/1473
f 1411/1411 1473/1473 1472/1472
f 1412/1412 1413/1413 1474/1474
f 1412/1412 1474/1474 1473/1473
f 1413/1413 1414/1414 1475/1475
f 1413/1413 1475/1475 1474/1474
f 1414/1414 1415/1415 1476/1476
f 1414/1414 1476/1476 1475/1475
f 1415/1415 1416/1416 1477/1477
f 1415/1415 1477/1477 1476/1476
f 1416/1416 1417/1417 1478/1478
f 1416/1416 1478/1478 1477/1477
f 1417/1417 1418/1418 1479/1479
f 1417/1417 1479/1479 1478/1478
f 1418/1418 1419/1419 1480/1480
f 1418/1418 1480/1480 1479/1479
f 1419/1419 1420/1420 1481/1481
f 1419/1419 1481/1481 1480/1480
f 1420/1420 1421/1421 1482/1482
f 1420/1420 1482/1482 1481/1481
f 1421/1421 1422/1422 1483/1483
f 1421/1421 1483/1483 1482/1482
f 1424/1424 1423/1423 1484/1484
f 1424/1424 1484/1484 1485/1485
f 1423/1423 1425/1425 1486/1486
f 1423/1423 1486/1486 1484/1484
f 1425/1425 1426/1426 1487/1487
f 1425/1425 1487/1487 1486/1486
f 1426/1426 1427/1427 1488/1488
f 1426/1426 1488/1488 1487/1487
f 1427/1427 1428/1428 1489/1489
f 1427/1427 1489/1489 1488/1488
f 1428/1428 1429/1429 1490/1490
f 1428/1428 1490/1490 1489/1489
f 1429/1429 1430/1430 1491/1491
f 1429/1429 1491/1491 1490/1490
f 1430/1430 1431/1431 1492/1492
f 1430/1430 1492/1492 1491/1491
f 1431/1431 1432/1432 1493/1493
f 1431/1431 1493/1493 1492/1492
f 1432/1432 1433/1433 1494/1494
f 1432/1432 1494/1494 1493/1493
f 1433/1433 1434/1434 1495/1495
f 1433/1433 1495/1495 1494/1494
f 1434/1434 1435/1435 1496/1496
f 1434/1434 1496/1496 1495/1495
f 1435/1435 1436/1436 1497/1497
f 1435/1435 1497/1497 1496/1496
f 1436/1436 1437/1437 1498/1498
f 1436/1436 1498/1498 1497/1497
f 1437/1437 1438/1438 1499/1499
f 1437/1437 1499/1499 1498/1498
f 1438/1438 1439/1439 1500/1500
f 1438/1438 1500/1500 1499/1499
f 1439/1439 1440/1440 1501/1501
f 1439/1439 1501/1501 1500/1500
f 1440/1440 1441/1441 1502/1502
f 1440/1440 1502/1502 1501/1501
f 1441/1441 1442/1442 1503/1503
f 1441/1441 1503/1503 1502/1502
f 1442/1442 1443/1443 1504/1504
f 1442/1442 1504/1504 1503/1503
f 1443/1443 1444/1444 1505/1505
f 1443/1443 1505/1505 1504/1504
f 1444/1444 1445/1445 1506/1506
f 1444/1444 1506/1506 1505/1505
f 1445/1445 1446/1446 1507/1507
f 1445/1445 1507/1507 1506/1506
f 1446/1446 1447/1447 1508/1508
f 1446/1446 1508/1508 1507/1507
f 1447/1447 1448/1448 1509/1509
f 1447/1447 1509/1509 1508/1508
f 1448/1448 1449/1449 1510/1510
f 1448/1448 1510/1510 1509/1509
f 1449/1449 1450/1450 1511/1511
f 1449/1449 1511/1511 1510/1510
f 1456/1456 1457/1457 1512/1512
f 1456/1456 1512/1512 1513/1513
f 1457/1457 1458/1458 1514/1514
f 1457/1457 1514/1514 1512/1512
f 1458/1458 1459/1459 1515/1515
f 1458/1458 1515/1515 1514/1514
f 1459/1459 1460/1460 1516/1516
f 1459/1459 1516/1516 1515/1515
f 1460/1460 1461/1461 1517/1517
f 1460/1460 1517/1517 1516/1516
f 1461/1461 1462/1462 1518/1518
f 1461/1461 1518/1518 1517/1517
f 1462/1462 1463/1463 1519/1519
f 1462/1462 1519/1519 1518/1518
f 1463/1463 1464/1464 1520/1520
f 1463/1463 1520/1520 1519/1519
f 1464/1464 1465/1465 1521/1521
f 1464/1464 1521/1521 1520/1520
f 1465/1465 1466/1466 1522/1522
f 1465/1465 1522/1522 1521/1521
f 1466/1466 1467/1467 1523/1523
f 1466/1466 1523/1523 1522/1522
f 1467/1467 1468/1468 1524/1524
f 1467/1467 1524/1524 1523/1523
f 1468/1468 1469/1469 1525/1525
f 1468/1468 1525/1525 1524/1524
f 1469/1469 1470/1470 1526/1526
f 1469/1469 1526/1526 1525/1525
f 1470/1470 1471/1471 1527/1527
f 1470/1470 1527/1527 1526/1526
f 1471/1471 1472/1472 1528/1528
f 1471/1471 1528/1528 1527/1527
f 1472/1472 1473/1473 1529/1529
f 1472/1472 1529/1529 1528/1528
f 1473/1473 1474/1474 1530/1530
f 1473/1473 1530/1530 1529/1529
f 1474/1474 1475/1475 1531/1531
f 1474/1474 1531/1531 1530/1530
f 1475/1475 1476/1476 1532/1532
f 1475/1475 1532/1532 1531/1531
f 1476/1476 1477/1477 1533/1533
f 1476/1476 1533/1533 1532/1532
f 1477/1477 1478/1478 1534/1534
f 1477/1477 1534/1534 1533/1533
f 1478/1478 1479/1479 1535/1535
f 1478/1478 1535/1535 1534/1534
f 1479/1479 1480/1480 1536/1536
f 1479/1479 1536/1536 1535/1535
f 1480/1480 1481/1481 1537/1537
f 1480/1480 1537/1537 1536/1536
f 1481/1481 1482/1482 1538/1538
f 1481/1481 1538/1538 1537/1537
f 1482/1482 1483/1483 1539/1539
f 1482/1482 1539/1539 1538/1538
f 1485/1485 1484/1484 1540/1540
f 1485/1485 1540/1540 1541/1541
f 1484/1484 1486/1486 1542/1542
f 1484/1484 1542/1542 1540/1540
f 1486/1486 1487/1487 1543/1543
f 1486/1486 1543/1543 1542/1542
f 1487/1487 1488/1488 1544/1544
f 1487/1487 1544/1544 1543/1543
f 1488/1488 1489/1489 1545/1545
f 1488/1488 1545/1545 1544/1544
f 1489/1489 1490/1490 1546/1546
f 1489/1489 1546/1546 1545/1545
f 1490/1490 1491/1491 1547/1547
f 1490/1490 1547/1547 1546/1546
f 1491/1491 1492/1492 1548/1548
f 1491/1491 1548/1548 1547/1547
f 1492/1492 1493/1493 1549/1549
f 1492/1492 1549/1549 1548/1548
f 1493/1493 1494/1494 1550/1550
f 1493/1493 1550/1550 1549/1549
f 1494/1494 1495/1495 1551/1551
f 1494/1494 1551/1551 1550/1550
f 1495/1495 1496/1496 1552/1552
f 1495/1495 1552/1552 1551/1551
f 1496/1496 1497/1497 1553/1553
f 1496/1496 1553/1553 1552/1552
f 1497/1497 1498/1498 1554/1554
f 1497/1497 1554/1554 1553/1553
f 1498/1498 1499/1499 1555/1555
f 1498/1498 1555/1555 1554/1554
f 1499/1499 1500/1500 1556/1556
f 1499/1499 1556/1556 1555/1555
f 1500/1500 1501/1501 1557/1557
f 1500/1500 1557/1557 1556/1556
f 1501/1501 1502/1502 1558/1558
f 1501/1501 1558/1558 1557/1557
f 1502/1502 1503/1503 1559/1559
f 1502/1502 1559/1559 1558/1558
f 1503/1503 1504/1504 1560/1560
f 1503/1503 1560/1560 1559/1559
f 1504/1504 1505/1505 1561/1561
f 1504/1504 1561/1561 1560/1560
f 1505/1505 1506/1506 1562/1562
f 1505/1505 1562/1562 1561/1561
f 1506/1506 1507/1507 1563/1563
f 1506/1506 1563/1563 1562/1562
f 1507/1507 1508/1508 1564/1564
f 1507/1507 1564/1564 1563/1563
f 1508/1508 1509/1509 1565/1565
f 1508/1508 1565/1565 1564/1564
f 1509/1509 1510/1510 1566/1566
f 1509/1509 1566/1566 1565/1565
f 1512/1512 1514/1514 1567/1567
f 1512/1512 1567/1567 1568/1568
f 1514/1514 1515/1515 1569/1569
f 1514/1514 1569/1569 1567/1567
f 1515/1515 1516/1516 1570/1570
f 1515/1515 1570/1570 1569/1569
f 1516/1516 1517/1517 1571/1571
f 1516/1516 1571/1571 1570/1570
f 1517/1517 1518/1518 1572/1572
f 1517/1517 1572/1572 1571/1571
f 1518/1518 1519/1519 1573/1573
f 1518/1518 1573/1573 1572/1572
f 1519/1519 1520/1520 1574/1574
f 1519/1519 1574/1574 1573/1573
f 1520/1520 1521/1521 1575/1575
f 1520/1520 1575/1575 1574/1574
f 1521/1521 1522/1522 1576/1576
f 1521/1521 1576/1576 1575/1575
f 1522/1522 1523/1523 1577/1577
f 1522/1522 1577/1577 1576/1576
f 1523/1523 1524/1524 1578/1578
f 1523/1523 1578/1578 1577/1577
f 1524/1524 1525/1525 1579/1579
f 1524/1524 1579/1579 1578/1578
f 1525/1525 1526/1526 1580/1580
f 1525/1525 1580/1580 1579/1579
f 1526/1526 1527/1527 1581/1581
f 1526/1526 1581/1581 1580/1580
f 1527/1527 1528/1528 1582/1582
f 1527/1527 1582/1582 1581/1581
f 1528/1528 1529/1529 1583/1583
f 1528/1528 1583/1583 1582/1582
f 1529/1529 1530/1530 1584/1584
f 1529/1529 1584/1584 1583/1583
f 1530/1530 1531/1531 1585/1585
f 1530/1530 1585/1585 1584/1584
f 1531/1531 1532/1532 1586/1586
f 1531/1531 1586/1586 1585/1585
f 1532/1532 1533/1533 1587/1587
f 1532/1532 1587/1587 1586/1586
f 1533/1533 1534/1534 1588/1588
f 1533/1533 1588/1588 1587/1587
f 1534/1534 1535/1535 1589/1589
f 1534/1534 1589/1589 1588/1588
f 1535/1535 1536/1536 1590/1590
f 1535/1535 1590/1590 1589/1589
f 1536/1536 1537/1537 1591/1591
f 1536/1536 1591/1591 1590/1590
f 1537/1537 1538/1538 1592/1592
f 1537/1537 1592/1592 1591/1591
f 1538/1538 1539/1539 1593/1593
f 1538/1538 1593/1593 1592/1592
f 1541/1541 1540/1540 1594/1594
f 1541/1541 1594/1594 1595/1595
f 1540/1540 1542/1542 1596/1596
f 1540/1540 1596/1596 1594/1594
f 1542/1542 1543/1543 1597/1597
f 1542/1542 1597/1597 1596/1596
f 1543/1543 1544/1544 1598/1598
f 1543/1543 1598/1598 1597/1597
f 1544/1544 1545/1545 1599/1599
f 1544/1544 1599/1599 1598/1598
f 1545/1545 1546/1546 1600/1600
f 1545/1545 1600/1600 1599/1599
f 1546/1546 1547/1547 1601/1601
f 1546/1546 1601/1601 1600/1600
f 1547/1547 1548/1548 1602/1602
f 1547/1547 1602/1602 1601/1601
f 1548/1548 1549/1549 1603/1603
f 1548/1548 1603/1603 1602/1602
f 1549/1549 1550/1550 1604/1604
f 1549/1549 1604/1604 1603/1603
f 1550/1550 1551/1551 1605/1605
f 1550/1550 1605/1605 1604/1604
f 1551/1551 1552/1552 1606/1606
f 1551/1551 1606/1606 1605/1605
f 1552/1552 1553/1553 1607/1607
f 1552/1552 1607/1607 1606/1606
f 1553/1553 1554/1554 1608/1608
f 1553/1553 1608/1608 1607/1607
f 1554/1554 1555/1555 1609/1609
f 1554/1554 1609/1609 1608/1608
f 1555/1555 1556/1556 1610/1610
f 1555/1555 1610/1610 1609/1609
f 1556/1556 1557/1557 1611/1611
f 1556/1556 1611/1611 1610/1610
f 1557/1557 1558/1558 1612/1612
f 1557/1557 1612/1612 1611/1611
f 1558/1558 1559/1559 1613/1613
f 1558/1558 1613/1613 1612/1612
f 1559/1559 1560/1560 1614/1614
f 1559/1559 1614/1614 1613/1613
f 1560/1560 1561/1561 1615/1615
f 1560/1560 1615/1615 1614/1614
f 1561/1561 1562/1562 1616/1616
f 1561/1561 1616/1616 1615/1615
f 1562/1562 1563/1563 1617/1617
f 1562/1562 1617/1617 1616/1616
f 1563/1563 1564/1564 1618/1618
f 1563/1563 1618/1618 1617/1617
f 1564/1564 1565/1565 1619/1619
f 1564/1564 1619/1619 1618/1618
f 1567/1567 1569/1569 1620/1620
f 1567/1567 1620/1620 1621/1621
f 1569/1569 1570/1570 1622/1622
f 1569/1569 1622/1622 1620/1620
f 1570/1570 1571/1571 1623/1623
f 1570/1570 1623/1623 1622/1622
f 1571/1571 1572/1572 1624/1624
f 1571/1571 1624/1624 1623/1623
f 1572/1572 1573/1573 1625/1625
f 1572/1572 1625/1625 1624/1624
f 1573/1573 1574/1574 1626/1626
f 1573/1573 1626/1626 1625/1625
f 1574/1574 1575/1575 1627/1627
f 1574/1574 1627/1627 1626/1626
f 1575/1575 1576/1576 1628/1628
f 1575/1575 1628/1628 1627/1627
f 1576/1576 1577/1577 1629/1629
f 1576/1576 1629/1629 1628/1628
f 1577/1577 1578/1578 1630/1630
f 1577/1577 1630/1630 1629/1629
f 1578/1578 1579/1579 1631/1631
f 1578/1578 1631/1631 1630/1630
f 1579/1579 1580/1580 1632/1632
f 1579/1579 1632/1632 1631/1631
f 1580/1580 1581/1581 1633/1633
f 1580/1580 1633/1633 1632/1632
f 1581/1581 1582/1582 1634/1634
f 1581/1581 1634/1634 1633/1633
f 1582/1582 1583/1583 1635/1635
f 1582/1582 1635/1635 1634/1634
f 1583/1583 1584/1584 1636/1636
f 1583/1583 1636/1636 1635/1635
f 1584/1584 1585/1585 1637/1637
f 1584/1584 1637/1637 1636/1636
f 1585/1585 1586/1586 1638/1638
f 1585/1585 1638/1638 1637/1637
f 1586/1586 1587/1587 1639/1639
f 1586/1586 1639/1639 1638/1638
f 1587/1587 1588/1588 1640/1640
f 1587/1587 1640/1640 1639/1639
f 1588/1588 1589/1589 1641/1641
f 1588/1588 1641/1641 1640/1640
f 1589/1589 1590/1590 1642/1642
f 1589/1589 1642/1642 1641/1641
f 1590/1590 1591/1591 1643/1643
f 1590/1590 1643/1643 1642/1642
f 1591/1591 1592/1592 1644/1644
f 1591/1591 1644/1644 1643/1643
f 1592/1592 1593/1593 1645/1645
f 1592/1592 1645/1645 1644/1644
f 1595/1595 1594/1594 1646/1646
f 1595/1595 1646/1646 1647/1647
f 1594/1594 1596/1596 1648/1648
f 1594/1594 1648/1648 1646/1646
f 1596/1596 1597/1597 1649/1649
f 1596/1596 1649/1649 1648/1648
f 1597/1597 1598/1598 1650/1650
f 1597/1597 1650/1650 1649/1649
f 1598/1598 1599/1599 1651/1651
f 1598/1598 1651/1651 1650/1650
f 1599/1599 1600/1600 1652/1652
f 1599/1599 1652/1652 1651/1651
f 1600/1600 1601/1601 1653/1653
f 1600/1600 1653/1653 1652/1652
f 1601/1601 1602/1602 1654/1654
f 1601/1601 1654/1654 1653/1653
f 1602/1602 1603/1603 1655/1655
f 1602/1602 1655/1655 1654/1654
f 1603/1603 1604/1604 1656/1656
f 1603/1603 1656/1656 1655/1655
f 1604/1604 1605/1605 1657/1657
f 1604/1604 1657/1657 1656/1656
f 1605/1605 1606/1606 1658/1658
f 1605/1605 1658/1658 1657/1657
f 1606/1606 1607/1607 1659/1659
f 1606/1606 1659/1659 1658/1658
f 1607/1607 1608/1608 1660/1660
f 1607/1607 1660/1660 1659/1659
f 1608/1608 1609/1609 1661/1661
f 1608/1608 1661/1661 1660/1660
f 1609/1609 1610/1610 1662/1662
f 1609/1609 1662/1662 1661/1661
f 1610/1610 1611/1611 1663/1663
f 1610/1610 1663/1663 1662/1662
f 1611/1611 1612/1612 1664/1664
f 1611/1611 1664/1664 1663/1663
f 1612/1612 1613/1613 1665/1665
f 1612/1612 1665/1665 1664/1664
f 1613/1613 1614/1614 1666/1666
f 1613/1613 1666/1666 1665/1665
f 1614/1614 1615/1615 1667/1667
f 1614/1614 1667/1667 1666/1666
f 1615/1615 1616/1616 1668/1668
f 1615/1615 1668/1668 1667/1667
f 1616/1616 1617/1617 1669/1669
f 1616/1616 1669/1669 1668/1668
f 1617/1617 1618/1618 1670/1670
f 1617/1617 1670/1670 1669/1669
f 1620/1620 1622/1622 1671/1671
f 1620/1620 1671/1671 1672/1672
f 1622/1622 1623/1623 1673/1673
f 1622/1622 1673/1673 1671/1671
f 1623/1623 1624/1624 1674/1674
f 1623/1623 1674/1674 1673/1673
f 1624/1624 1625/1625 1675/1675
f 1624/1624 1675/1675 1674/1674
f 1625/1625 1626/1626 1676/1676
f 1625/1625 1676/1676 1675/1675
f 1626/1626 1627/1627 1677/1677
f 1626/1626 1677/1677 1676/1676
f 1627/1627 1628/1628 1678/1678
f 1627/1627 1678/1678 1677/1677
f 1628/1628 1629/1629 1679/1679
f 1628/1628 1679/1679 1678/1678
f 1629/1629 1630/1630 1680/1680
f 1629/1629 1680/1680 1679/1679
f 1630/1630 1631/1631 1681/1681
f 1630/1630 1681/1681 1680/1680
f 1631/1631 1632/1632 1682/1682
f 1631/1631 1682/1682 1681/1681
f 1632/1632 1633/1633 1683/1683
f 1632/1632 1683/1683 1682/1682
f 1633/1633 1634/1634 1684/1684
f 1633/1633 1684/1684 1683/1683
f 1634/1634 1635/1635 1685/1685
f 1634/1634 1685/1685 1684/1684
f 1635/1635 1636/1636 1686/1686
f 1635/1635 1686/1686 1685/1685
f 1636/1636 1637/1637 1687/1687
f 1636/1636 1687/1687 1686/1686
f 1637/1637 1638/1638 1688/1688
f 1637/1637 1688/1688 1687/1687
f 1638/1638 1639/1639 1689/1689
f 1638/1638 1689/1689 1688/1688
f 1639/1639 1640/1640 1690/1690
f 1639/1639 1690/1690 1689/1689
f 1640/1640 1641/1641 1691/1691
f 1640/1640 1691/1691 1690/1690
f 1641/1641 1642/1642 1692/1692
f 1641/1641 1692/1692 1691/1691
f 1642/1642 1643/1643 1693/1693
f 1642/1642 1693/1693 1692/1692
f 1643/1643 1644/1644 1694/1694
f 1643/1643 1694/1694 1693/1693
f 1644/1644 1645/1645 1695/1695
f 1644/1644 1695/1695 1694/1694
f 1647/1647 1646/1646 1696/1696
f 1647/1647 1696/1696 1697/1697
f 1646/1646 1648/1648 1698/1698
f 1646/1646 1698/1698 1696/1696
f 1648/1648 1649/1649 1699/1699
f 1648/1648 1699/1699 1698/1698
f 1649/1649 1650/1650 1700/1700
f 1649/1649 1700/1700 1699/1699
f 1650/1650 1651/1651 1701/1701
f 1650/1650 1701/1701 1700/1700
f 1651/1651 1652/1652 1702/1702
f 1651/1651 1702/1702 1701/1701
f 1652/1652 1653/1653 1703/1703
f 1652/1652 1703/1703 1702/1702
f 1653/1653 1654/1654 1704/1704
f 1653/1653 1704/1704 1703/1703
f 1654/1654 1655/1655 1705/1705
f 1654/1654 1705/1705 1704/1704
f 1655/1655 1656/1656 1706/1706
f 1655/1655 1706/1706 1705/1705
f 1656/1656 1657/1657 1707/1707
f 1656/1656 1707/1707 1706/1706
f 1657/1657 1658/1658 1708/1708
f 1657/1657 1708/1708 1707/1707
f 1658/1658 1659/1659 1709/1709
f 1658/1658 1709/1709 1708/1708
f 1659/1659 1660/1660 1710/1710
f 1659/1659 1710/1710 1709/1709
f 1660/1660 1661/1661 1711/1711
f 1660/1660 1711/1711 1710/1710
f 1661/1661 1662/1662 1712/1712
f 1661/1661 1712/1712 1711/1711
f 1662/1662 1663/1663 1713/1713
f 1662/1662 1713/1713 1712/1712
f 1663/1663 1664/1664 1714/1714
f 1663/1663 1714/1714 1713/1713
f 1664/1664 1665/1665 1715/1715
f 1664/1664 1715/1715 1714/1714
f 1665/1665 1666/1666 1716/1716
f 1665/1665 1716/1716 1715/1715
f 1666/1666 1667/1667 1717/1717
f 1666/1666 1717/1717 1716/1716
f 1667/1667 1668/1668 1718/1718
f 1667/1667 1718/1718 1717/1717
f 1668/1668 1669/1669 1719/1719
f 1668/1668 1719/1719 1718/1718
f 1669/1669 1670/1670 1720/1720
f 1669/1669 1720/1720 1719/1719
f 1672/1672 1671/1671 1721/1721
f 1672/1672 1721/1721 1722/1722
f 1671/1671 1673/1673 1723/1723
f 1671/1671 1723/1723 1721/1721
f 1673/1673 1674/1674 1724/1724
f 1673/1673 1724/1724 1723/1723
f 1674/1674 1675/1675 1725/1725
f 1674/1674 1725/1725 1724/1724
f 1675/1675 1676/1676 1726/1726
f 1675/1675 1726/1726 1725/1725
f 1676/1676 1677/1677 1727/1727
f 1676/1676 1727/1727 1726/1726
f 1677/1677 1678/1678 1728/1728
f 1677/1677 1728/1728 1727/1727
f 1678/1678 1679/1679 1729/1729
f 1678/1678 1729/1729 1728/1728
f 1679/1679 1680/1680 1730/1730
f 1679/1679 1730/1730 1729/1729
f 1680/1680 1681/1681 1731/1731
f 1680/1680 1731/1731 1730/1730
f 1681/1681 1682/1682 1732/1732
f 1681/1681 1732/1732 1731/1731
f 1682/1682 1683/1683 1733/1733
f 1682/1682 1733/1733 1732/1732
f 1683/1683 1684/1684 1734/1734
f 1683/1683 1734/1734 1733/1733
f 1684/1684 1685/1685 1735/1735
f 1684/1684 1735/1735 1734/1734
f 1685/1685 1686/1686 1736/1736
f 1685/1685 1736/1736 1735/1735
f 1686/1686 1687/1687 1737/1737
f 1686/1686 1737/1737 1736/1736
f 1687/1687 1688/1688 1738/1738
f 1687/1687 1738/1738 1737/1737
f 1688/1688 1689/1689 1739/1739
f 1688/1688 1739/1739 1738/1738
f 1689/1689 1690/1690 1740/1740
f 1689/1689 1740/1740 1739/1739
f 1690/1690 1691/1691 1741/1741
f 1690/1690 1741/1741 1740/1740
f 1691/1691 1692/1692 1742/1742
f 1691/1691 1742/1742 1741/1741
f 1692/1692 1693/1693 1743/1743
f 1692/1692 1743/1743 1742/1742
f 1693/1693 1694/1694 1744/1744
f 1693/1693 1744/1744 1743/1743
f 1694/1694 1695/1695 1745/1745
f 1694/1694 1745/1745 1744/1744
f 1697/1697 1696/1696 1746/1746
f 1697/1697 1746/1746 1747/1747
f 1696/1696 1698/1698 1748/1748
f 1696/1696 1748/1748 1746/1746
f 1698/1698 1699/1699 1749/1749
f 1698/1698 1749/1749 1748/1748
f 1699/1699 1700/1700 1750/1750
f 1699/1699 1750/1750 1749/1749
f 1700/1700 1701/1701 1751/1751
f 1700/1700 1751/1751 1750/1750
f 1701/1701 1702/1702 1752/1752
f 1701/1701 1752/1752 1751/1751
f 1702/1702 1703/1703 1753/1753
f 1702/1702 1753/1753 1752/1752
f 1703/1703 1704/1704 1754/1754
f 1703/1703 1754/1754 1753/1753
f 1704/1704 1705/1705 1755/1755
f 1704/1704 1755/1755 1754/1754
f 1705/1705 1706/1706 1756/1756
f 1705/1705 1756/1756 1755/1755
f 1706/1706 1707/1707 1757/1757
f 1706/1706 1757/1757 1756/1756
f 1707/1707 1708/1708 1758/1758
f 1707/1707 1758/1758 1757/1757
f 1708/1708 1709/1709 1759/1759
f 1708/1708 1759/1759 1758/1758
f 1709/1709 1710/1710 1760/1760
f 1709/1709 1760/1760 1759/1759
f 1710/1710 1711/1711 1761/1761
f 1710/1710 1761/1761 1760/1760
f 1711/1711 1712/1712 1762/1762
f 1711/1711 1762/1762 1761/1761
f 1712/1712 1713/1713 1763/1763
f 1712/1712 1763/1763 1762/1762
f 1713/1713 1714/1714 1764/1764
f 1713/1713 1764/1764 1763/1763
f 1714/1714 1715/1715 1765/1765
f 1714/1714 1765/1765 1764/1764
f 1715/1715 1716/1716 1766/1766
f 1715/1715 1766/1766 1765/1765
f 1716/1716 1717/1717 1767/1767
f 1716/1716 1767/1767 1766/1766
f 1717/1717 1718/1718 1768/1768
f 1717/1717 1768/1768 1767/1767
f 1718/1718 1719/1719 1769/1769
f 1718/1718 1769/1769 1768/1768
f 1719/1719 1720/1720 1770/1770
f 1719/1719 1770/1770 1769/1769
f 1722/1722 1721/1721 1771/1771
f 1722/1722 1771/1771 1772/1772
f 1721/1721 1723/1723 1773/1773
f 1721/1721 1773/1773 1771/1771
f 1723/1723 1724/1724 1774/1774
f 1723/1723 1774/1774 1773/1773
f 1724/1724 1725/1725 1775/1775
f 1724/1724 1775/1775 1774/1774
f 1725/1725 1726/1726 1776/1776
f 1725/1725 1776/1776 1775/1775
f 1726/1726 1727/1727 1777/1777
f 1726/1726 1777/1777 1776/1776
f 1727/1727 1728/1728 1778/1778
f 1727/1727 1778/1778 1777/1777
f 1728/1728 1729/1729 1779/1779
f 1728/1728 1779/1779 1778/1778
f 1729/1729 1730/1730 1780/1780
f 1729/1729 1780/1780 1779/1779
f 1730/1730 1731/1731 1781/1781
f 1730/1730 1781/1781 1780/1780
f 1731/1731 1732/1732 1782/1782
f 1731/1731 1782/1782 1781/1781
f 1732/1732 1733/1733 1783/1783
f 1732/1732 1783/1783 1782/1782
f 1733/1733 1734/1734 1784/1784
f 1733/1733 1784/1784 1783/1783
f 1734/1734 1735/1735 1785/1785
f 1734/1734 1785/1785 1784/1784
f 1735/1735 1736/1736 1786/1786
f 1735/1735 1786/1786 1785/1785
f 1736/1736 1737/1737 1787/1787
f 1736/1736 1787/1787 1786/1786
f 1737/1737 1738/1738 1788/1788
f 1737/1737 1788/1788 1787/1787
f 1738/1738 1739/1739 1789/1789
f 1738/1738 1789/1789 1788/1788
f 1739/1739 1740/1740 1790/1790
f 1739/1739 1790/1790 1789/1789
f 1740/1740 1741/1741 1791/1791
f 1740/1740 1791/1791 1790/1790
f 1741/1741 1742/1742 1792/1792
f 1741/1741 1792/1792 1791/1791
f 1742/1742 1743/1743 1793/1793
f 1742/1742 1793/1793 1792/1792
f 1743/1743 1744/1744 1794/1794
f 1743/1743 1794/1794 1793/1793
f 1744/1744 1745/1745 1795/1795
f 1744/1744 1795/1795 1794/1794
f 1796/1796 1798/1798 1797/1797
f 1796/1796 1799/1799 1798/1798
f 1797/1797 1801/1801 1800/1800
f 1797/1797 1798/1798 1801/1801
f 1800/1800 1803/1803 1802/1802
f 1800/1800 1801/1801 1803/1803
f 1802/1802 1805/1805 1804/1804
f 1802/1802 1803/1803 1805/1805
f 1804/1804 1807/1807 1806/1806
f 1804/1804 1805/1805 1807/1807
f 1806/1806 1809/1809 1808/1808
f 1806/1806 1807/1807 1809/1809
f 1808/1808 1811/1811 1810/1810
f 1808/1808 1809/1809 1811/1811
f 1810/1810 1813/1813 1812/1812
f 1810/1810 1811/1811 1813/1813
f 1812/1812 1815/1815 1814/1814
f 1812/1812 1813/1813 1815/1815
f 1814/1814 1817/1817 1816/1816
f 1814/1814 1815/1815 1817/1817
f 1816/1816 1819/1819 1818/1818
f 1816/1816 1817/1817 1819/1819
f 1818/1818 1821/1821 1820/1820
f 1818/1818 1819/1819 1821/1821
f 1820/1820 1823/1823 1822/1822
f 1820/1820 1821/1821 1823/1823
f 1822/1822 1825/1825 1824/1824
f 1822/1822 1823/1823 1825/1825
f 1824/1824 1827/1827 1826/1826
f 1824/1824 1825/1825 1827/1827
f 1826/1826 1829/1829 1828/1828
f 1826/1826 1827/1827 1829/1829
f 1828/1828 1831/1831 1830/1830
f 1828/1828 1829/1829 1831/1831
f 1830/1830 1833/1833 1832/1832
f 1830/1830 1831/1831 1833/1833
f 1832/1832 1835/1835 1834/1834
f 1832/1832 1833/1833 1835/1835
f 1834/1834 1837/1837 1836/1836
f 1834/1834 1835/1835 1837/1837
f 1836/1836 1839/1839 1838/1838
f 1836/1836 1837/1837 1839/1839
f 1838/1838 1841/1841 1840/1840
f 1838/1838 1839/1839 1841/1841
f 1840/1840 1843/1843 1842/1842
f 1840/1840 1841/1841 1843/1843
f 1842/1842 1845/1845 1844/1844
f 1842/1842 1843/1843 1845/1845
f 1844/1844 1847/1847 1846/1846
f 1844/1844 1845/1845 1847/1847
f 1846/1846 1849/1849 1848/1848
f 1846/1846 1847/1847 1849/1849
f 1848/1848 1851/1851 1850/1850
f 1848/1848 1849/1849 1851/1851
f 1850/1850 1853/1853 1852/1852
f 1850/1850 1851/1851 1853/1853
f 1852/1852 1855/1855 1854/1854
f 1852/1852 1853/1853 1855/1855
f 1854/1854 1857/1857 1856/1856
f 1854/1854 1855/1855 1857/1857
f 1856/1856 1859/1859 1858/1858
f 1856/1856 1857/1857 1859/1859
f 1858/1858 1861/1861 1860/1860
f 1858/1858 1859/1859 1861/1861
f 1799/1799 1862/1862 1798/1798
f 1799/1799 1863/1863 1862/1862
f 1798/1798 1864/1864 1801/1801
f 1798/1798 1862/1862 1864/1864
f 1801/1801 1865/1865 1803/1803
f 1801/1801 1864/1864 1865/1865
f 1803/1803 1866/1866 1805/1805
f 1803/1803 1865/1865 1866/1866
f 1805/1805 1867/1867 1807/1807
f 1805/1805 1866/1866 1867/1867
f 1807/1807 1868/1868 1809/1809
f 1807/1807 1867/1867 1868/1868
f 1809/1809 1869/1869 1811/1811
f 1809/1809 1868/1868 1869/1869
f 1811/1811 1870/1870 1813/1813
f 1811/1811 1869/1869 1870/1870
f 1813/1813 1871/1871 1815/1815
f 1813/1813 1870/1870 1871/1871
f 1815/1815 1872/1872 1817/1817
f 1815/1815 1871/1871 1872/1872
f 1817/1817 1873/1873 1819/1819
f 1817/1817 1872/1872 1873/1873
f 1819/1819 1874/1874 1821/1821
f 1819/1819 1873/1873 1874/1874
f 1821/1821 1875/1875 1823/1823
f 1821/1821 1874/1874 1875/1875
f 1823/1823 1876/1876 1825/1825
f 1823/1823 1875/1875 1876/1876
f 1825/1825 1877/1877 1827/1827
f 1825/1825 1876/1876 1877/1877
f 1827/1827 1878/1878 1829/1829
f 1827/1827 1877/1877 1878/1878
f 1829/1829 1879/1879 1831/1831
f 1829/1829 1878/1878 1879/1879
f 1831/1831 1880/1880 1833/1833
f 1831/1831 1879/1879 1880/1880
f 1833/1833 1881/1881 1835/1835
f 1833/1833 1880/1880 1881/1881
f 1835/1835 1882/1882 1837/1837
f 1835/1835 1881/1881 1882/1882
f 1837/1837 1883/1883 1839/1839
f 1837/1837 1882/1882 1883/1883
f 1839/1839 1884/1884 1841/1841
f 1839/1839 1883/1883 1884/1884
f 1841/1841 1885/1885 1843/1843
f 1841/1841 1884/1884 1885/1885
f 1843/1843 1886/1886 1845/1845
f 1843/1843 1885/1885 1886/1886
f 1845/1845 1887/1887 1847/1847
f 1845/1845 1886/1886 1887/1887
f 1847/1847 1888/1888 1849/1849
f 1847/1847 1887/1887 1888/1888
f 1849/1849 1889/1889 1851/1851
f 1849/1849 1888/1888 1889/1889
f 1851/1851 1890/1890 1853/1853
f 1851/1851 1889/1889 1890/1890
f 1853/1853 1891/1891 1855/1855
f 1853/1853 1890/1890 1891/1891
f 1855/1855 1892/1892 1857/1857
f 1855/1855 1891/1891 1892/1892
f 1857/1857 1893/1893 1859/1859
f 1857/1857 1892/1892 1893/1893
f 1859/1859 1894/1894 1861/1861
f 1859/1859 1893/1893 1894/1894
f 1863/1863 1895/1895 1862/1862
f 1863/1863 1896/1896 1895/1895
f 1862/1862 1897/1897 1864/1864
f 1862/1862 1895/1895 1897/1897
f 1864/1864 1898/1898 1865/1865
f 1864/1864 1897/1897 1898/1898
f 1865/1865 1899/1899 1866/1866
f 1865/1865 1898/1898 1899/1899
f 1866/1866 1900/1900 1867/1867
f 1866/1866 1899/1899 1900/1900
f 1867/1867 1901/1901 1868/1868
f 1867/1867 1900/1900 1901/1901
f 1868/1868 1902/1902 1869/1869
f 1868/1868 1901/1901 1902/1902
f 1869/1869 1903/1903 1870/1870
f 1869/1869 1902/1902 1903/1903
f 1870/1870 1904/1904 1871/1871
f 1870/1870 1903/1903 1904/1904
f 1871/1871 1905/1905 1872/1872
f 1871/1871 1904/1904 1905/1905
f 1872/1872 1906/1906 1873/1873
f 1872/1872 1905/1905 1906/1906
f 1873/1873 1907/1907 1874/1874
f 1873/1873 1906/1906 1907/1907
f 1874/1874 1908/1908 1875/1875
f 1874/1874 1907/1907 1908/1908
f 1875/1875 1909/1909 1876/1876
f 1875/1875 1908/1908 1909/1909
f 1876/1876 1910/1910 1877/1877
f 1876/1876 1909/1909 1910/1910
f 1877/1877 1911/1911 1878/1878
f 1877/1877 1910/1910 1911/1911
f 1878/1878 1912/1912 1879/1879
f 1878/1878 1911/1911 1912/1912
f 1879/1879 1913/1913 1880/1880
f 1879/1879 1912/1912 1913/1913
f 1880/1880 1914/1914 1881/1881
f 1880/1880 1913/1913 1914/1914
f 1881/1881 1915/1915 1882/1882
f 1881/1881 1914/1914 1915/1915
f 1882/1882 1916/1916 1883/1883
f 1882/1882 1915/1915 1916/1916
f 1883/1883 1917/1917 1884/1884
f 1883/1883 1916/1916 1917/1917
f 1884/1884 1918/1918 1885/1885
f 1884/1884 1917/1917 1918/1918
f 1885/1885 1919/1919 1886/1886
f 1885/1885 1918/1918 1919/1919
f 1886/1886 1920/1920 1887/1887
f 1886/1886 1919/1919 1920/1920
f 1887/1887 1921/1921 1888/1888
f 1887/1887 1920/1920 1921/1921
f 1888/1888 1922/1922 1889/1889
f 1888/1888 1921/1921 1922/1922
f 1889/1889 1923/1923 1890/1890
f 1889/1889 1922/1922 1923/1923
f 1890/1890 1924/1924 1891/1891
f 1890/1890 1923/1923 1924/1924
f 1891/1891 1925/1925 1892/1892
f 1891/1891 1924/1924 1925/1925
f 1892/1892 1926/1926 1893/1893
f 1892/1892 1925/1925 1926/1926
f 1893/1893 1927/1927 1894/1894
f 1893/1893 1926/1926 1927/1927
f 1896/1896 1928/1928 1895/1895
f 1896/1896 1929/1929 1928/1928
f 1895/1895 1930/1930 1897/1897
f 1895/1895 1928/1928 1930/1930
f 1897/1897 1931/1931 1898/1898
f 1897/1897 1930/1930 1931/1931
f 1898/1898 1932/1932 1899/1899
f 1898/1898 1931/1931 1932/1932
f 1899/1899 1933/1933 1900/1900
f 1899/1899 1932/1932 1933/1933
f 1900/1900 1934/1934 1901/1901
f 1900/1900 1933/1933 1934/1934
f 1901/1901 1935/1935 1902/1902
f 1901/1901 1934/1934 1935/1935
f 1902/1902 1936/1936 1903/1903
f 1902/1902 1935/1935 1936/1936
f 1903/1903 1937/1937 1904/1904
f 1903/1903 1936/1936 1937/1937
f 1904/1904 1938/1938 1905/1905
f 1904/1904 1937/1937 1938/1938
f 1905/1905 1939/1939 1906/1906
f 1905/1905 1938/1938 1939/1939
f 1906/1906 1940/1940 1907/1907
f 1906/1906 1939/1939 1940/1940
f 1907/1907 1941/1941 1908/1908
f 1907/1907 1940/1940 1941/1941
f 1908/1908 1942/1942 1909/1909
f 1908/1908 1941/1941 1942/1942
f 1909/1909 1943/1943 1910/1910
f 1909/1909 1942/1942 1943/1943
f 1910/1910 1944/1944 1911/1911
f 1910/1910 1943/1943 1944/1944
f 1911/1911 1945/1945 1912/1912
f 1911/1911 1944/1944 1945/1945
f 1912/1912 1946/1946 1913/1913
f 1912/1912 1945/1945 1946/1946
f 1913/1913 1947/1947 1914/1914
f 1913/1913 1946/1946 1947/1947
f 1914/1914 1948/1948 1915/1915
f 1914/1914 1947/1947 1948/1948
f 1915/1915 1949/1949 1916/1916
f 1915/1915 1948/1948 1949/1949
f 1916/1916 1950/1950 1917/1917
f 1916/1916 1949/1949 1950/1950
f 1917/1917 1951/1951 1918/1918
f 1917/1917 1950/1950 1951/1951
f 1918/1918 1952/1952 1919/1919
f 1918/1918 1951/1951 1952/1952
f 1919/1919 1953/1953 1920/1920
f 1919/1919 1952/1952 1953/1953
f 1920/1920 1954/1954 1921/1921
f 1920/1920 1953/1953 1954/1954
f 1921/1921 1955/1955 1922/1922
f 1921/1921 1954/1954 1955/1955
f 1922/1922 1956/1956 1923/1923
f 1922/1922 1955/1955 1956/1956
f 1923/1923 1957/1957 1924/1924
f 1923/1923 1956/1956 1957/1957
f 1924/1924 1958/1958 1925/1925
f 1924/1924 1957/1957 1958/1958
f 1925/1925 1959/1959 1926/1926
f 1925/1925 1958/1958 1959/1959
f 1926/1926 1960/1960 1927/1927
f 1926/1926 1959/1959 1960/1960
f 1929/1929 1961/1961 1928/1928
f 1929/1929 1962/1962 1961/1961
f 1928/1928 1963/1963 1930/1930
f 1928/1928 1961/1961 1963/1963
f 1930/1930 1964/1964 1931/1931
f 1930/1930 1963/1963 1964/1964
f 1931/1931 1965/1965 1932/1932
f 1931/1931 1964/1964 1965/1965
f 1932/1932 1966/1966 1933/1933
f 1932/1932 1965/1965 1966/1966
f 1933/1933 1967/1967 1934/1934
f 1933/1933 1966/1966 1967/1967
f 1934/1934 1968/1968 1935/1935
f 1934/1934 1967/1967 1968/1968
f 1935/1935 1969/1969 1936/1936
f 1935/1935 1968/1968 1969/1969
f 1936/1936 1970/1970 1937/1937
f 1936/1936 1969/1969 1970/1970
f 1937/1937 1971/1971 1938/1938
f 1937/1937 1970/1970 1971/1971
f 1938/1938 1972/1972 1939/1939
f 1938/1938 1971/1971 1972/1972
f 1939/1939 1973/1973 1940/1940
f 1939/1939 1972/1972 1973/1973
f 1940/1940 1974/1974 1941/1941
f 1940/1940 1973/1973 1974/1974
f 1941/1941 1975/1975 1942/1942
f 1941/1941 1974/1974 1975/1975
f 1942/1942 1976/1976 1943/1943
f 1942/1942 1975/1975 1976/1976
f 1943/1943 1977/1977 1944/1944
f 1943/1943 1976/1976 1977/1977
f 1944/1944 1978/1978 1945/1945
f 1944/1944 1977/1977 1978/1978
f 1945/1945 1979/1979 1946/1946
f 1945/1945 1978/1978 1979/1979
f 1946/1946 1980/1980 1947/1947
f 1946/1946 1979/1979 1980/1980
f 1947/1947 1981/1981 1948/1948
f 1947/1947 1980/1980 1981/1981
f 1948/1948 1982/1982 1949/1949
f 1948/1948 1981/1981 1982/1982
f 1949/1949 1983/1983 1950/1950
f 1949/1949 1982/1982 1983/1983
f 1950/1950 1984/1984 1951/1951
f 1950/1950 1983/1983 1984/1984
f 1951/1951 1985/1985 1952/1952
f 1951/1951 1984/1984 1985/1985
f 1952/1952 1986/1986 1953/1953
f 1952/1952 1985/1985 1986/1986
f 1953/1953 1987/1987 1954/1954
f 1953/1953 1986/1986 1987/1987
f 1954/1954 1988/1988 1955/1955
f 1954/1954 1987/1987 1988/1988
f 1955/1955 1989/1989 1956/1956
f 1955/1955 1988/1988 1989/1989
f 1956/1956 1990/1990 1957/1957
f 1956/1956 1989/1989 1990/1990
f 1957/1957 1991/1991 1958/1958
f 1957/1957 1990/1990 1991/1991
f 1958/1958 1992/1992 1959/1959
f 1958/1958 1991/1991 1992/1992
f 1959/1959 1993/1993 1960/1960
f 1959/1959 1992/1992 1993/1993
f 1962/1962 1994/1994 1961/1961
f 1962/1962 1995/1995 1994/1994
f 1961/1961 1996/1996 1963/1963
f 1961/1961 1994/1994 1996/1996
f 1963/1963 1997/1997 1964/1964
f 1963/1963 1996/1996 1997/1997
f 1964/1964 1998/1998 1965/1965
f 1964/1964 1997/1997 1998/1998
f 1965/1965 1999/1999 1966/1966
f 1965/1965 1998/1998 1999/1999
f 1966/1966 2000/2000 1967/1967
f 1966/1966 1999/1999 2000/2000
f 1967/1967 2001/2001 1968/1968
f 1967/1967 2000/2000 2001/2001
f 1968/1968 2002/2002 1969/1969
f 1968/1968 2001/2001 2002/2002
f 1969/1969 2003/2003 1970/1970
f 1969/1969 2002/2002 2003/2003
f 1970/1970 2004/2004 1971/1971
f 1970/1970 2003/2003 2004/2004
f 1971/1971 2005/2005 1972/1972
f 1971/1971 2004/2004 2005/2005
f 1972/1972 2006/2006 1973/1973
f 1972/1972 2005/2005 2006/2006
f 1973/1973 2007/2007 1974/1974
f 1973/1973 2006/2006 2007/2007
f 1974/1974 2008/2008 1975/1975
f 1974/1974 2007/2007 2008/2008
f 1975/1975 2009/2009 1976/1976
f 1975/1975 2008/2008 2009/2009
f 1976/1976 2010/2010 1977/1977
f 1976/1976 2009/2009 2010/2010
f 1977/1977 2011/2011 1978/1978
f 1977/1977 2010/2010 2011/2011
f 1978/1978 2012/2012 1979/1979
f 1978/1978 2011/2011 2012/2012
f 1979/1979 2013/2013 1980/1980
f 1979/1979 2012/2012 2013/2013
f 1980/1980 2014/2014 1981/1981
f 1980/1980 2013/2013 2014/2014
f 1981/1981 2015/2015 1982/1982
f 1981/1981 2014/2014 2015/2015
f 1982/1982 2016/2016 1983/1983
f 1982/1982 2015/2015 2016/2016
f 1983/1983 2017/2017 1984/1984
f 1983/1983 2016/2016 2017/2017
f 1984/1984 2018/2018 1985/1985
f 1984/1984 2017/2017 2018/2018
f 1985/1985 2019/2019 1986/1986
f 1985/1985 2018/2018 2019/2019
f 1986/1986 2020/2020 1987/1987
f 1986/1986 2019/2019 2020/2020
f 1987/1987 2021/2021 1988/1988
f 1987/1987 2020/2020 2021/2021
f 1988/1988 2022/2022 1989/1989
f 1988/1988 2021/2021 2022/2022
f 1989/1989 2023/2023 1990/1990
f 1989/1989 2022/2022 2023/2023
f 1990/1990 2024/2024 1991/1991
f 1990/1990 2023/2023 2024/2024
f 1991/1991 2025/2025 1992/1992
f 1991/1991 2024/2024 2025/2025
f 1992/1992 2026/2026 1993/1993
f 1992/1992 2025/2025 2026/2026
f 1995/1995 2027/2027 1994/1994
f 1995/1995 2028/2028 2027/2027
f 1994/1994 2029/2029 1996/1996
f 1994/1994 2027/2027 2029/2029
f 1996/1996 2030/2030 1997/1997
f 1996/1996 2029/2029 2030/2030
f 1997/1997 2031/2031 1998/1998
f 1997/1997 2030/2030 2031/2031
f 1998/1998 2032/2032 1999/1999
f 1998/1998 2031/2031 2032/2032
f 1999/1999 2033/2033 2000/2000
f 1999/1999 2032/2032 2033/2033
f 2000/2000 2034/2034 2001/2001
f 2000/2000 2033/2033 2034/2034
f 2001/2001 2035/2035 2002/2002
f 2001/2001 2034/2034 2035/2035
f 2002/2002 2036/2036 2003/2003
f 2002/2002 2035/2035 2036/2036
f 2003/2003 2037/2037 2004/2004
f 2003/2003 2036/2036 2037/2037
f 2004/2004 2038/2038 2005/2005
f 2004/2004 2037/2037 2038/2038
f 2005/2005 2039/2039 2006/2006
f 2005/2005 2038/2038 2039/2039
f 2006/2006 2040/2040 2007/2007
f 2006/2006 2039/2039 2040/2040
f 2007/2007 2041/2041 2008/2008
f 2007/2007 2040/2040 2041/2041
f 2008/2008 2042/2042 2009/2009
f 2008/2008 2041/2041 2042/2042
f 2009/2009 2043/2043 2010/2010
f 2009/2009 2042/2042 2043/2043
f 2010/2010 2044/2044 2011/2011
f 2010/2010 2043/2043 2044/2044
f 2011/2011 2045/2045 2012/2012
f 2011/2011 2044/2044 2045/2045
f 2012/2012 2046/2046 2013/2013
f 2012/2012 2045/2045 2046/2046
f 2013/2013 2047/2047 2014/2014
f 2013/2013 2046/2046 2047/2047
f 2014/2014 2048/2048 2015/2015
f 2014/2014 2047/2047 2048/2048
f 2015/2015 2049/2049 2016/2016
f 2015/2015 2048/2048 2049/2049
f 2016/2016 2050/2050 2017/2017
f 2016/2016 2049/2049 2050/2050
f 2017/2017 2051/2051 2018/2018
f 2017/2017 2050/2050 2051/2051
f 2018/2018 2052/2052 2019/2019
f 2018/2018 2051/2051 2052/2052
f 2019/2019 2053/2053 2020/2020
f 2019/2019 2052/2052 2053/2053
f 2020/2020 2054/2054 2021/2021
f 2020/2020 2053/2053 2054/2054
f 2021/2021 2055/2055 2022/2022
f 2021/2021 2054/2054 2055/2055
f 2022/2022 2056/2056 2023/2023
f 2022/2022 2055/2055 2056/2056
f 2023/2023 2057/2057 2024/2024
f 2023/2023 2056/2056 2057/2057
f 2024/2024 2058/2058 2025/2025
f 2024/2024 2057/2057 2058/2058
f 2025/2025 2059/2059 2026/2026
f 2025/2025 2058/2058 2059/2059
f 2028/2028 2060/2060 2027/2027
f 2028/2028 2061/2061 2060/2060
f 2027/2027 2062/2062 2029/2029
f 2027/2027 2060/2060 2062/2062
f 2029/2029 2063/2063 2030/2030
f 2029/2029 2062/2062 2063/2063
f 2030/2030 2064/2064 2031/2031
f 2030/2030 2063/2063 2064/2064
f 2031/2031 2065/2065 2032/2032
f 2031/2031 2064/2064 2065/2065
f 2032/2032 2066/2066 2033/2033
f 2032/2032 2065/2065 2066/2066
f 2033/2033 2067/2067 2034/2034
f 2033/2033 2066/2066 2067/2067
f 2034/2034 2068/2068 2035/2035
f 2034/2034 2067/2067 2068/2068
f 2035/2035 2069/2069 2036/2036
f 2035/2035 2068/2068 2069/2069
f 2036/2036 2070/2070 2037/2037
f 2036/2036 2069/2069 2070/2070
f 2037/2037 2071/2071 2038/2038
f 2037/2037 2070/2070 2071/2071
f 2038/2038 2072/2072 2039/2039
f 2038/2038 2071/2071 2072/2072
f 2039/2039 2073/2073 2040/2040
f 2039/2039 2072/2072 2073/2073
f 2040/2040 2074/2074 2041/2041
f 2040/2040 2073/2073 2074/2074
f 2041/2041 2075/2075 2042/2042
f 2041/2041 2074/2074 2075/2075
f 2042/2042 2076/2076 2043/2043
f 2042/2042 2075/2075 2076/2076
f 2043/2043 2077/2077 2044/2044
f 2043/2043 2076/2076 2077/2077
f 2044/2044 2078/2078 2045/2045
f 2044/2044 2077/2077 2078/2078
f 2045/2045 2079/2079 2046/2046
f 2045/2045 2078/2078 2079/2079
f 2046/2046 2080/2080 2047/2047
f 2046/2046 2079/2079 2080/2080
f 2047/2047 2081/2081 2048/2048
f 2047/2047 2080/2080 2081/2081
f 2048/2048 2082/2082 2049/2049
f 2048/2048 2081/2081 2082/2082
f 2049/2049 2083/2083 2050/2050
f 2049/2049 2082/2082 2083/2083
f 2050/2050 2084/2084 2051/2051
f 2050/2050 2083/2083 2084/2084
f 2051/2051 2085/2085 2052/2052
f 2051/2051 2084/2084 2085/2085
f 2052/2052 2086/2086 2053/2053
f 2052/2052 2085/2085 2086/2086
f 2053/2053 2087/2087 2054/2054
f 2053/2053 2086/2086 2087/2087
f 2054/2054 2088/2088 2055/2055
f 2054/2054 2087/2087 2088/2088
f 2055/2055 2089/2089 2056/2056
f 2055/2055 2088/2088 2089/2089
f 2056/2056 2090/2090 2057/2057
f 2056/2056 2089/2089 2090/2090
f 2057/2057 2091/2091 2058/2058
f 2057/2057 2090/2090 2091/2091
f 2058/2058 2092/2092 2059/2059
f 2058/2058 2091/2091 2092/2092
f 2061/2061 2093/2093 2060/2060
f 2061/2061 2094/2094 2093/2093
f 2060/2060 2095/2095 2062/2062
f 2060/2060 2093/2093 2095/2095
f 2062/2062 2096/2096 2063/2063
f 2062/2062 2095/2095 2096/2096
f 2063/2063 2097/2097 2064/2064
f 2063/2063 2096/2096 2097/2097
f 2064/2064 2098/2098 2065/2065
f 2064/2064 2097/2097 2098/2098
f 2065/2065 2099/2099 2066/2066
f 2065/2065 2098/2098 2099/2099
f 2066/2066 2100/2100 2067/2067
f 2066/2066 2099/2099 2100/2100
f 2067/2067 2101/2101 2068/2068
f 2067/2067 2100/2100 2101/2101
f 2068/2068 2102/2102 2069/2069
f 2068/2068 2101/2101 2102/2102
f 2069/2069 2103/2103 2070/2070
f 2069/2069 2102/2102 2103/2103
f 2070/2070 2104/2104 2071/2071
f 2070/2070 2103/2103 2104/2104
f 2071/2071 2105/2105 2072/2072
f 2071/2071 2104/2104 2105/2105
f 2072/2072 2106/2106 2073/2073
f 2072/2072 2105/2105 2106/2106
f 2073/2073 2107/2107 2074/2074
f 2073/2073 2106/2106 2107/2107
f 2074/2074 2108/2108 2075/2075
f 2074/2074 2107/2107 2108/2108
f 2075/2075 2109/2109 2076/2076
f 2075/2075 2108/2108 2109/2109
f 2076/2076 2110/2110 2077/2077
f 2076/2076 2109/2109 2110/2110
f 2077/2077 2111/2111 2078/2078
f 2077/2077 2110/2110 2111/2111
f 2078/2078 2112/2112 2079/2079
f 2078/2078 2111/2111 2112/2112
f 2079/2079 2113/2113 2080/2080
f 2079/2079 2112/2112 2113/2113
f 2080/2080 2114/2114 2081/2081
f 2080/2080 2113/2113 2114/2114
f 2081/2081 2115/2115 2082/2082
f 2081/2081 2114/2114 2115/2115
f 2082/2082 2116/2116 2083/2083
f 2082/2082 2115/2115 2116/2116
f 2083/2083 2117/2117 2084/2084
f 2083/2083 2116/2116 2117/2117
f 2084/2084 2118/2118 2085/2085
f 2084/2084 2117/2117 2118/2118
f 2085/2085 2119/2119 2086/2086
f 2085/2085 2118/2118 2119/2119
f 2086/2086 2120/2120 2087/2087
f 2086/2086 2119/2119 2120/2120
f 2087/2087 2121/2121 2088/2088
f 2087/2087 2120/2120 2121/2121
f 2088/2088 2122/2122 2089/2089
f 2088/2088 2121/2121 2122/2122
f 2089/2089 2123/2123 2090/2090
f 2089/2089 2122/2122 2123/2123
f 2090/2090 2124/2124 2091/2091
f 2090/2090 2123/2123 2124/2124
f 2091/2091 2125/2125 2092/2092
f 2091/2091 2124/2124 2125/2125
f 2094/2094 2126/2126 2093/2093
f 2094/2094 2127/2127 2126/2126
f 2093/2093 2128/2128 2095/2095
f 2093/2093 2126/2126 2128/2128
f 2095/2095 2129/2129 2096/2096
f 2095/2095 2128/2128 2129/2129
f 2096/2096 2130/2130 2097/2097
f 2096/2096 2129/2129 2130/2130
f 2097/2097 2131/2131 2098/2098
f 2097/2097 2130/2130 2131/2131
f 2098/2098 2132/2132 2099/2099
f 2098/2098 2131/2131 2132/2132
f 2099/2099 2133/2133 2100/2100
f 2099/2099 2132/2132 2133/2133
f 2100/2100 2134/2134 2101/2101
f 2100/2100 2133/2133 2134/2134
f 2101/2101 2135/2135 2102/2102
f 2101/2101 2134/2134 2135/2135
f 2102/2102 2136/2136 2103/2103
f 2102/2102 2135/2135 2136/2136
f 2103/2103 2137/2137 2104/2104
f 2103/2103 2136/2136 2137/2137
f 2104/2104 2138/2138 2105/2105
f 2104/2104 2137/2137 2138/2138
f 2105/2105 2139/2139 2106/2106
f 2105/2105 2138/2138 2139/2139
f 2106/2106 2140/2140 2107/2107
f 2106/2106 2139/2139 2140/2140
f 2107/2107 2141/2141 2108/2108
f 2107/2107 2140/2140 2141/2141
f 2108/2108 2142/2142 2109/2109
f 2108/2108 2141/2141 2142/2142
f 2109/2109 2143/2143 2110/2110
f 2109/2109 2142/2142 2143/2143
f 2110/2110 2144/2144 2111/2111
f 2110/2110 2143/2143 2144/2144
f 2111/2111 2145/2145 2112/2112
f 2111/2111 2144/2144 2145/2145
f 2112/2112 2146/2146 2113/2113
f 2112/2112 2145/2145 2146/2146
f 2113/2113 2147/2147 2114/2114
f 2113/2113 2146/2146 2147/2147
f 2114/2114 2148/2148 2115/2115
f 2114/2114 2147/2147 2148/2148
f 2115/2115 2149/2149 2116/2116
f 2115/2115 2148/2148 2149/2149
f 2116/2116 2150/2150 2117/2117
f 2116/2116 2149/2149 2150/2150
f 2117/2117 2151/2151 2118/2118
f 2117/2117 2150/2150 2151/2151
f 2118/2118 2152/2152 2119/2119
f 2118/2118 2151/2151 2152/2152
f 2119/2119 2153/2153 2120/2120
f 2119/2119 2152/2152 2153/2153
f 2120/2120 2154/2154 2121/2121
f 2120/2120 2153/2153 2154/2154
f 2121/2121 2155/2155 2122/2122
f 2121/2121 2154/2154 2155/2155
f 2122/2122 2156/2156 2123/2123
f 2122/2122 2155/2155 2156/2156
f 2123/2123 2157/2157 2124/2124
f 2123/2123 2156/2156 2157/2157
f 2124/2124 2158/2158 2125/2125
f 2124/2124 2157/2157 2158/2158
f 2127/2127 2159/2159 2126/2126
f 2127/2127 2160/2160 2159/2159
f 2126/2126 2161/2161 2128/2128
f 2126/2126 2159/2159 2161/2161
f 2128/2128 2162/2162 2129/2129
f 2128/2128 2161/2161 2162/2162
f 2129/2129 2163/2163 2130/2130
f 2129/2129 2162/2162 2163/2163
f 2130/2130 2164/2164 2131/2131
f 2130/2130 2163/2163 2164/2164
f 2131/2131 2165/2165 2132/2132
f 2131/2131 2164/2164 2165/2165
f 2132/2132 2166/2166 2133/2133
f 2132/2132 2165/2165 2166/2166
f 2133/2133 2167/2167 2134/2134
f 2133/2133 2166/2166 2167/2167
f 2134/2134 2168/2168 2135/2135
f 2134/2134 2167/2167 2168/2168
f 2135/2135 2169/2169 2136/2136
f 2135/2135 2168/2168 2169/2169
f 2136/2136 2170/2170 2137/2137
f 2136/2136 2169/2169 2170/2170
f 2137/2137 2171/2171 2138/2138
f 2137/2137 2170/2170 2171/2171
f 2138/2138 2172/2172 2139/2139
f 2138/2138 2171/2171 2172/2172
f 2139/2139 2173/2173 2140/2140
f 2139/2139 2172/2172 2173/2173
f 2140/2140 2174/2174 2141/2141
f 2140/2140 2173/2173 2174/2174
f 2141/2141 2175/2175 2142/2142
f 2141/2141 2174/2174 2175/2175
f 2142/2142 2176/2176 2143/2143
f 2142/2142 2175/2175 2176/2176
f 2143/2143 2177/2177 2144/2144
f 2143/2143 2176/2176 2177/2177
f 2144/2144 2178/2178 2145/2145
f 2144/2144 2177/2177 2178/2178
f 2145/2145 2179/2179 2146/2146
f 2145/2145 2178/2178 2179/2179
f 2146/2146 2180/2180 2147/2147
f 2146/2146 2179/2179 2180/2180
f 2147/2147 2181/2181 2148/2148
f 2147/2147 2180/2180 2181/2181
f 2148/2148 2182/2182 2149/2149
f 2148/2148 2181/2181 2182/2182
f 2149/2149 2183/2183 2150/2150
f 2149/2149 2182/2182 2183/2183
f 2150/2150 2184/2184 2151/2151
f 2150/2150 2183/2183 2184/2184
f 2151/2151 2185/2185 2152/2152
f 2151/2151 2184/2184 2185/2185
f 2152/2152 2186/2186 2153/2153
f 2152/2152 2185/2185 2186/2186
f 2153/2153 2187/2187 2154/2154
f 2153/2153 2186/2186 2187/2187
f 2154/2154 2188/2188 2155/2155
f 2154/2154 2187/2187 2188/2188
f 2155/2155 2189/2189 2156/2156
f 2155/2155 2188/2188 2189/2189
f 2156/2156 2190/2190 2157/2157
f 2156/2156 2189/2189 2190/2190
f 2157/2157 2191/2191 2158/2158
f 2157/2157 2190/2190 2191/2191
f 2160/2160 2192/2192 2159/2159
f 2160/2160 2193/2193 2192/2192
f 2159/2159 2194/2194 2161/2161
f 2159/2159 2192/2192 2194/2194
f 2161/2161 2195/2195 2162/2162
f 2161/2161 2194/2194 2195/2195
f 2162/2162 2196/2196 2163/2163
f 2162/2162 2195/2195 2196/2196
f 2163/2163 2197/2197 2164/2164
f 2163/2163 2196/2196 2197/2197
f 2164/2164 2198/2198 2165/2165
f 2164/2164 2197/2197 2198/2198
f 2165/2165 2199/2199 2166/2166
f 2165/2165 2198/2198 2199/2199
f 2166/2166 2200/2200 2167/2167
f 2166/2166 2199/2199 2200/2200
f 2167/2167 2201/2201 2168/2168
f 2167/2167 2200/2200 2201/2201
f 2168/2168 2202/2202 2169/2169
f 2168/2168 2201/2201 2202/2202
f 2169/2169 2203/2203 2170/2170
f 2169/2169 2202/2202 2203/2203
f 2170/2170 2204/2204 2171/2171
f 2170/2170 2203/2203 2204/2204
f 2171/2171 2205/2205 2172/2172
f 2171/2171 2204/2204 2205/2205
f 2172/2172 2206/2206 2173/2173
f 2172/2172 2205/2205 2206/2206
f 2173/2173 2207/2207 2174/2174
f 2173/2173 2206/2206 2207/2207
f 2174/2174 2208/2208 2175/2175
f 2174/2174 2207/2207 2208/2208
f 2175/2175 2209/2209 2176/2176
f 2175/2175 2208/2208 2209/2209
f 2176/2176 2210/2210 2177/2177
f 2176/2176 2209/2209 2210/2210
f 2177/2177 2211/2211 2178/2178
f 2177/2177 2210/2210 2211/2211
f 2178/2178 2212/2212 2179/2179
f 2178/2178 2211/2211 2212/2212
f 2179/2179 2213/2213 2180/2180
f 2179/2179 2212/2212 2213/2213
f 2180/2180 2214/2214 2181/2181
f 2180/2180 2213/2213 2214/2214
f 2181/2181 2215/2215 2182/2182
f 2181/2181 2214/2214 2215/2215
f 2182/2182 2216/2216 2183/2183
f 2182/2182 2215/2215 2216/2216
f 2183/2183 2217/2217 2184/2184
f 2183/2183 2216/2216 2217/2217
f 2184/2184 2218/2218 2185/2185
f 2184/2184 2217/2217 2218/2218
f 2185/2185 2219/2219 2186/2186
f 2185/2185 2218/2218 2219/2219
f 2186/2186 2220/2220 2187/2187
f 2186/2186 2219/2219 2220/2220
f 2187/2187 2221/2221 2188/2188
f 2187/2187 2220/2220 2221/2221
f 2188/2188 2222/2222 2189/2189
f 2188/2188 2221/2221 2222/2222
f 2189/2189 2223/2223 2190/2190
f 2189/2189 2222/2222 2223/2223
f 2190/2190 2224/2224 2191/2191
f 2190/2190 2223/2223 2224/2224
f 2193/2193 2225/2225 2192/2192
f 2193/2193 2226/2226 2225/2225
f 2192/2192 2227/2227 2194/2194
f 2192/2192 2225/2225 2227/2227
f 2194/2194 2228/2228 2195/2195
f 2194/2194 2227/2227 2228/2228
f 2195/2195 2229/2229 2196/2196
f 2195/2195 2228/2228 2229/2229
f 2196/2196 2230/2230 2197/2197
f 2196/2196 2229/2229 2230/2230
f 2197/2197 2231/2231 2198/2198
f 2197/2197 2230/2230 2231/2231
f 2198/2198 2232/2232 2199/2199
f 2198/2198 2231/2231 2232/2232
f 2199/2199 2233/2233 2200/2200
f 2199/2199 2232/2232 2233/2233
f 2200/2200 2234/2234 2201/2201
f 2200/2200 2233/2233 2234/2234
f 2201/2201 2235/2235 2202/2202
f 2201/2201 2234/2234 2235/2235
f 2202/2202 2236/2236 2203/2203
f 2202/2202 2235/2235 2236/2236
f 2203/2203 2237/2237 2204/2204
f 2203/2203 2236/2236 2237/2237
f 2204/2204 2238/2238 2205/2205
f 2204/2204 2237/2237 2238/2238
f 2205/2205 2239/2239 2206/2206
f 2205/2205 2238/2238 2239/2239
f 2206/2206 2240/2240 2207/2207
f 2206/2206 2239/2239 2240/2240
f 2207/2207 2241/2241 2208/2208
f 2207/2207 2240/2240 2241/2241
f 2208/2208 2242/2242 2209/2209
f 2208/2208 2241/2241 2242/2242
f 2209/2209 2243/2243 2210/2210
f 2209/2209 2242/2242 2243/2243
f 2210/2210 2244/2244 2211/2211
f 2210/2210 2243/2243 2244/2244
f 2211/2211 2245/2245 2212/2212
f 2211/2211 2244/2244 2245/2245
f 2212/2212 2246/2246 2213/2213
f 2212/2212 2245/2245 2246/2246
f 2213/2213 2247/2247 2214/2214
f 2213/2213 2246/2246 2247/2247
f 2214/2214 2248/2248 2215/2215
f 2214/2214 2247/2247 2248/2248
f 2215/2215 2249/2249 2216/2216
f 2215/2215 2248/2248 2249/2249
f 2216/2216 2250/2250 2217/2217
f 2216/2216 2249/2249 2250/2250
f 2217/2217 2251/2251 2218/2218
f 2217/2217 2250/2250 2251/2251
f 2218/2218 2252/2252 2219/2219
f 2218/2218 2251/2251 2252/2252
f 2219/2219 2253/2253 2220/2220
f 2219/2219 2252/2252 2253/2253
f 2220/2220 2254/2254 2221/2221
f 2220/2220 2253/2253 2254/2254
f 2221/2221 2255/2255 2222/2222
f 2221/2221 2254/2254 2255/2255
f 2222/2222 2256/2256 2223/2223
f 2222/2222 2255/2255 2256/2256
f 2223/2223 2257/2257 2224/2224
f 2223/2223 2256/2256 2257/2257
f 2226/2226 2258/2258 2225/2225
f 2226/2226 2259/2259 2258/2258
f 2225/2225 2260/2260 2227/2227
f 2225/2225 2258/2258 2260/2260
f 2227/2227 2261/2261 2228/2228
f 2227/2227 2260/2260 2261/2261
f 2228/2228 2262/2262 2229/2229
f 2228/2228 2261/2261 2262/2262
f 2229/2229 2263/2263 2230/2230
f 2229/2229 2262/2262 2263/2263
f 2230/2230 2264/2264 2231/2231
f 2230/2230 2263/2263 2264/2264
f 2231/2231 2265/2265 2232/2232
f 2231/2231 2264/2264 2265/2265
f 2232/2232 2266/2266 2233/2233
f 2232/2232 2265/2265 2266/2266
f 2233/2233 2267/2267 2234/2234
f 2233/2233 2266/2266 2267/2267
f 2234/2234 2268/2268 2235/2235
f 2234/2234 2267/2267 2268/2268
f 2235/2235 2269/2269 2236/2236
f 2235/2235 2268/2268 2269/2269
f 2236/2236 2270/2270 2237/2237
f 2236/2236 2269/2269 2270/2270
f 2237/2237 2271/2271 2238/2238
f 2237/2237 2270/2270 2271/2271
f 2238/2238 2272/2272 2239/2239
f 2238/2238 2271/2271 2272/2272
f 2239/2239 2273/2273 2240/2240
f 2239/2239 2272/2272 2273/2273
f 2240/2240 2274/2274 2241/2241
f 2240/2240 2273/2273 2274/2274
f 2241/2241 2275/2275 2242/2242
f 2241/2241 2274/2274 2275/2275
f 2242/2242 2276/2276 2243/2243
f 2242/2242 2275/2275 2276/2276
f 2243/2243 2277/2277 2244/2244
f 2243/2243 2276/2276 2277/2277
f 2244/2244 2278/2278 2245/2245
f 2244/2244 2277/2277 2278/2278
f 2245/2245 2279/2279 2246/2246
f 2245/2245 2278/2278 2279/2279
f 2246/2246 2280/2280 2247/2247
f 2246/2246 2279/2279 2280/2280
f 2247/2247 2281/2281 2248/2248
f 2247/2247 2280/2280 2281/2281
f 2248/2248 2282/2282 2249/2249
f 2248/2248 2281/2281 2282/2282
f 2249/2249 2283/2283 2250/2250
f 2249/2249 2282/2282 2283/2283
f 2250/2250 2284/2284 2251/2251
f 2250/2250 2283/2283 2284/2284
f 2251/2251 2285/2285 2252/2252
f 2251/2251 2284/2284 2285/2285
f 2252/2252 2286/2286 2253/2253
f 2252/2252 2285/2285 2286/2286
f 2253/2253 2287/2287 2254/2254
f 2253/2253 2286/2286 2287/2287
f 2254/2254 2288/2288 2255/2255
f 2254/2254 2287/2287 2288/2288
f 2255/2255 2289/2289 2256/2256
f 2255/2255 2288/2288 2289/2289
f 2256/2256 2290/2290 2257/2257
f 2256/2256 2289/2289 2290/2290
f 2259/2259 2291/2291 2258/2258
f 2259/2259 2292/2292 2291/2291
f 2258/2258 2293/2293 2260/2260
f 2258/2258 2291/2291 2293/2293
f 2260/2260 2294/2294 2261/2261
f 2260/2260 2293/2293 2294/2294
f 2261/2261 2295/2295 2262/2262
f 2261/2261 2294/2294 2295/2295
f 2262/2262 2296/2296 2263/2263
f 2262/2262 2295/2295 2296/2296
f 2263/2263 2297/2297 2264/2264
f 2263/2263 2296/2296 2297/2297
f 2264/2264 2298/2298 2265/2265
f 2264/2264 2297/2297 2298/2298
f 2265/2265 2299/2299 2266/2266
f 2265/2265 2298/2298 2299/2299
f 2266/2266 2300/2300 2267/2267
f 2266/2266 2299/2299 2300/2300
f 2267/2267 2301/2301 2268/2268
f 2267/2267 2300/2300 2301/2301
f 2268/2268 2302/2302 2269/2269
f 2268/2268 2301/2301 2302/2302
f 2269/2269 2303/2303 2270/2270
f 2269/2269 2302/2302 2303/2303
f 2270/2270 2304/2304 2271/2271
f 2270/2270 2303/2303 2304/2304
f 2271/2271 2305/2305 2272/2272
f 2271/2271 2304/2304 2305/2305
f 2272/2272 2306/2306 2273/2273
f 2272/2272 2305/2305 2306/2306
f 2273/2273 2307/2307 2274/2274
f 2273/2273 2306/2306 2307/2307
f 2274/2274 2308/2308 2275/2275
f 2274/2274 2307/2307 2308/2308
f 2275/2275 2309/2309 2276/2276
f 2275/2275 2308/2308 2309/2309
f 2276/2276 2310/2310 2277/2277
f 2276/2276 2309/2309 2310/2310
f 2277/2277 2311/2311 2278/2278
f 2277/2277 2310/2310 2311/2311
f 2278/2278 2312/2312 2279/2279
f 2278/2278 2311/2311 2312/2312
f 2279/2279 2313/2313 2280/2280
f 2279/2279 2312/2312 2313/2313
f 2280/2280 2314/2314 2281/2281
f 2280/2280 2313/2313 2314/2314
f 2281/2281 2315/2315 2282/2282
f 2281/2281 2314/2314 2315/2315
f 2282/2282 2316/2316 2283/2283
f 2282/2282 2315/2315 2316/2316
f 2283/2283 2317/2317 2284/2284
f 2283/2283 2316/2316 2317/2317
f 2284/2284 2318/2318 2285/2285
f 2284/2284 2317/2317 2318/2318
f 2285/2285 2319/2319 2286/2286
f 2285/2285 2318/2318 2319/2319
f 2286/2286 2320/2320 2287/2287
f 2286/2286 2319/2319 2320/2320
f 2287/2287 2321/2321 2288/2288
f 2287/2287 2320/2320 2321/2321
f 2288/2288 2322/2322 2289/2289
f 2288/2288 2321/2321 2322/2322
f 2289/2289 2323/2323 2290/2290
f 2289/2289 2322/2322 2323/2323
f 2292/2292 2324/2324 2291/2291
f 2292/2292 2325/2325 2324/2324
f 2291/2291 2326/2326 2293/2293
f 2291/2291 2324/2324 2326/2326
f 2293/2293 2327/2327 2294/2294
f 2293/2293 2326/2326 2327/2327
f 2294/2294 2328/2328 2295/2295
f 2294/2294 2327/2327 2328/2328
f 2295/2295 2329/2329 2296/2296
f 2295/2295 2328/2328 2329/2329
f 2296/2296 2330/2330 2297/2297
f 2296/2296 2329/2329 2330/2330
f 2297/2297 2331/2331 2298/2298
f 2297/2297 2330/2330 2331/2331
f 2298/2298 2332/2332 2299/2299
f 2298/2298 2331/2331 2332/2332
f 2299/2299 2333/2333 2300/2300
f 2299/2299 2332/2332 2333/2333
f 2300/2300 2334/2334 2301/2301
f 2300/2300 2333/2333 2334/2334
f 2301/2301 2335/2335 2302/2302
f 2301/2301 2334/2334 2335/2335
f 2302/2302 2336/2336 2303/2303
f 2302/2302 2335/2335 2336/2336
f 2303/2303 2337/2337 2304/2304
f 2303/2303 2336/2336 2337/2337
f 2304/2304 2338/2338 2305/2305
f 2304/2304 2337/2337 2338/2338
f 2305/2305 2339/2339 2306/2306
f 2305/2305 2338/2338 2339/2339
f 2306/2306 2340/2340 2307/2307
f 2306/2306 2339/2339 2340/2340
f 2307/2307 2341/2341 2308/2308
f 2307/2307 2340/2340 2341/2341
f 2308/2308 2342/2342 2309/2309
f 2308/2308 2341/2341 2342/2342
f 2309/2309 2343/2343 2310/2310
f 2309/2309 2342/2342 2343/2343
f 2310/2310 2344/2344 2311/2311
f 2310/2310 2343/2343 2344/2344
f 2311/2311 2345/2345 2312/2312
f 2311/2311 2344/2344 2345/2345
f 2312/2312 2346/2346 2313/2313
f 2312/2312 2345/2345 2346/2346
f 2313/2313 2347/2347 2314/2314
f 2313/2313 2346/2346 2347/2347
f 2314/2314 2348/2348 2315/2315
f 2314/2314 2347/2347 2348/2348
f 2315/2315 2349/2349 2316/2316
f 2315/2315 2348/2348 2349/2349
f 2316/2316 2350/2350 2317/2317
f 2316/2316 2349/2349 2350/2350
f 2317/2317 2351/2351 2318/2318
f 2317/2317 2350/2350 2351/2351
f 2318/2318 2352/2352 2319/2319
f 2318/2318 2351/2351 2352/2352
f 2319/2319 2353/2353 2320/2320
f 2319/2319 2352/2352 2353/2353
f 2320/2320 2354/2354 2321/2321
f 2320/2320 2353/2353 2354/2354
f 2321/2321 2355/2355 2322/2322
f 2321/2321 2354/2354 2355/2355
f 2322/2322 2356/2356 2323/2323
f 2322/2322 2355/2355 2356/2356
f 2325/2325 2357/2357 2324/2324
f 2325/2325 2358/2358 2357/2357
f 2324/2324 2359/2359 2326/2326
f 2324/2324 2357/2357 2359/2359
f 2326/2326 2360/2360 2327/2327
f 2326/2326 2359/2359 2360/2360
f 2327/2327 2361/2361 2328/2328
f 2327/2327 2360/2360 2361/2361
f 2328/2328 2362/2362 2329/2329
f 2328/2328 2361/2361 2362/2362
f 2329/2329 2363/2363 2330/2330
f 2329/2329 2362/2362 2363/2363
f 2330/2330 2364/2364 2331/2331
f 2330/2330 2363/2363 2364/2364
f 2331/2331 2365/2365 2332/2332
f 2331/2331 2364/2364 2365/2365
f 2332/2332 2366/2366 2333/2333
f 2332/2332 2365/2365 2366/2366
f 2333/2333 2367/2367 2334/2334
f 2333/2333 2366/2366 2367/2367
f 2334/2334 2368/2368 2335/2335
f 2334/2334 2367/2367 2368/2368
f 2335/2335 2369/2369 2336/2336
f 2335/2335 2368/2368 2369/2369
f 2336/2336 2370/2370 2337/2337
f 2336/2336 2369/2369 2370/2370
f 2337/2337 2371/2371 2338/2338
f 2337/2337 2370/2370 2371/2371
f 2338/2338 2372/2372 2339/2339
f 2338/2338 2371/2371 2372/2372
f 2339/2339 2373/2373 2340/2340
f 2339/2339 2372/2372 2373/2373
f 2340/2340 2374/2374 2341/2341
f 2340/2340 2373/2373 2374/2374
f 2341/2341 2375/2375 2342/2342
f 2341/2341 2374/2374 2375/2375
f 2342/2342 2376/2376 2343/2343
f 2342/2342 2375/2375 2376/2376
f 2343/2343 2377/2377 2344/2344
f 2343/2343 2376/2376 2377/2377
f 2344/2344 2378/2378 2345/2345
f 2344/2344 2377/2377 2378/2378
f 2345/2345 2379/2379 2346/2346
f 2345/2345 2378/2378 2379/2379
f 2346/2346 2380/2380 2347/2347
f 2346/2346 2379/2379 2380/2380
f 2347/2347 2381/2381 2348/2348
f 2347/2347 2380/2380 2381/2381
f 2348/2348 2382/2382 2349/2349
f 2348/2348 2381/2381 2382/2382
f 2349/2349 2383/2383 2350/2350
f 2349/2349 2382/2382 2383/2383
f 2350/2350 2384/2384 2351/2351
f 2350/2350 2383/2383 2384/2384
f 2351/2351 2385/2385 2352/2352
f 2351/2351 2384/2384 2385/2385
f 2352/2352 2386/2386 2353/2353
f 2352/2352 2385/2385 2386/2386
f 2353/2353 2387/2387 2354/2354
f 2353/2353 2386/2386 2387/2387
f 2354/2354 2388/2388 2355/2355
f 2354/2354 2387/2387 2388/2388
f 2355/2355 2389/2389 2356/2356
f 2355/2355 2388/2388 2389/2389
f 2358/2358 2390/2390 2357/2357
f 2358/2358 2391/2391 2390/2390
f 2357/2357 2392/2392 2359/2359
f 2357/2357 2390/2390 2392/2392
f 2359/2359 2393/2393 2360/2360
f 2359/2359 2392/2392 2393/2393
f 2360/2360 2394/2394 2361/2361
f 2360/2360 2393/2393 2394/2394
f 2361/2361 2395/2395 2362/2362
f 2361/2361 2394/2394 2395/2395
f 2362/2362 2396/2396 2363/2363
f 2362/2362 2395/2395 2396/2396
f 2363/2363 2397/2397 2364/2364
f 2363/2363 2396/2396 2397/2397
f 2364/2364 2398/2398 2365/2365
f 2364/2364 2397/2397 2398/2398
f 2365/2365 2399/2399 2366/2366
f 2365/2365 2398/2398 2399/2399
f 2366/2366 2400/2400 2367/2367
f 2366/2366 2399/2399 2400/2400
f 2367/2367 2401/2401 2368/2368
f 2367/2367 2400/2400 2401/2401
f 2368/2368 2402/2402 2369/2369
f 2368/2368 2401/2401 2402/2402
f 2369/2369 2403/2403 2370/2370
f 2369/2369 2402/2402 2403/2403
f 2370/2370 2404/2404 2371/2371
f 2370/2370 2403/2403 2404/2404
f 2371/2371 2405/2405 2372/2372
f 2371/2371 2404/2404 2405/2405
f 2372/2372 2406/2406 2373/2373
f 2372/2372 2405/2405 2406/2406
f 2373/2373 2407/2407 2374/2374
f 2373/2373 2406/2406 2407/2407
f 2374/2374 2408/2408 2375/2375
f 2374/2374 2407/2407 2408/2408
f 2375/2375 2409/2409 2376/2376
f 2375/2375 2408/2408 2409/2409
f 2376/2376 2410/2410 2377/2377
f 2376/2376 2409/2409 2410/2410
f 2377/2377 2411/2411 2378/2378
f 2377/2377 2410/2410 2411/2411
f 2378/2378 2412/2412 2379/2379
f 2378/2378 2411/2411 2412/2412
f 2379/2379 2413/2413 2380/2380
f 2379/2379 2412/2412 2413/2413
f 2380/2380 2414/2414 2381/2381
f 2380/2380 2413/2413 2414/2414
f 2381/2381 2415/2415 2382/2382
f 2381/2381 2414/2414 2415/2415
f 2382/2382 2416/2416 2383/2383
f 2382/2382 2415/2415 2416/2416
f 2383/2383 2417/2417 2384/2384
f 2383/2383 2416/2416 2417/2417
f 2384/2384 2418/2418 2385/2385
f 2384/2384 2417/2417 2418/2418
f 2385/2385 2419/2419 2386/2386
f 2385/2385 2418/2418 2419/2419
f 2386/2386 2420/2420 2387/2387
f 2386/2386 2419/2419 2420/2420
f 2387/2387 2421/2421 2388/2388
f 2387/2387 2420/2420 2421/2421
f 2388/2388 2422/2422 2389/2389
f 2388/2388 2421/2421 2422/2422
f 2391/2391 2423/2423 2390/2390
f 2391/2391 2424/2424 2423/2423
f 2390/2390 2425/2425 2392/2392
f 2390/2390 2423/2423 2425/2425
f 2392/2392 2426/2426 2393/2393
f 2392/2392 2425/2425 2426/2426
f 2393/2393 2427/2427 2394/2394
f 2393/2393 2426/2426 2427/2427
f 2394/2394 2428/2428 2395/2395
f 2394/2394 2427/2427 2428/2428
f 2395/2395 2429/2429 2396/2396
f 2395/2395 2428/2428 2429/2429
f 2396/2396 2430/2430 2397/2397
f 2396/2396 2429/2429 2430/2430
f 2397/2397 2431/2431 2398/2398
f 2397/2397 2430/2430 2431/2431
f 2398/2398 2432/2432 2399/2399
f 2398/2398 2431/2431 2432/2432
f 2399/2399 2433/2433 2400/2400
f 2399/2399 2432/2432 2433/2433
f 2400/2400 2434/2434 2401/2401
f 2400/2400 2433/2433 2434/2434
f 2401/2401 2435/2435 2402/2402
f 2401/2401 2434/2434 2435/2435
f 2402/2402 2436/2436 2403/2403
f 2402/2402 2435/2435 2436/2436
f 2403/2403 2437/2437 2404/2404
f 2403/2403 2436/2436 2437/2437
f 2404/2404 2438/2438 2405/2405
f 2404/2404 2437/2437 2438/2438
f 2405/2405 2439/2439 2406/2406
f 2405/2405 2438/2438 2439/2439
f 2406/2406 2440/2440 2407/2407
f 2406/2406 2439/2439 2440/2440
f 2407/2407 2441/2441 2408/2408
f 2407/2407 2440/2440 2441/2441
f 2408/2408 2442/2442 2409/2409
f 2408/2408 2441/2441 2442/2442
f 2409/2409 2443/2443 2410/2410
f 2409/2409 2442/2442 2443/2443
f 2410/2410 2444/2444 2411/2411
f 2410/2410 2443/2443 2444/2444
f 2411/2411 2445/2445 2412/2412
f 2411/2411 2444/2444 2445/2445
f 2412/2412 2446/2446 2413/2413
f 2412/2412 2445/2445 2446/2446
f 2413/2413 2447/2447 2414/2414
f 2413/2413 2446/2446 2447/2447
f 2414/2414 2448/2448 2415/2415
f 2414/2414 2447/2447 2448/2448
f 2415/2415 2449/2449 2416/2416
f 2415/2415 2448/2448 2449/2449
f 2416/2416 2450/2450 2417/2417
f 2416/2416 2449/2449 2450/2450
f 2417/2417 2451/2451 2418/2418
f 2417/2417 2450/2450 2451/2451
f 2418/2418 2452/2452 2419/2419
f 2418/2418 2451/2451 2452/2452
f 2419/2419 2453/2453 2420/2420
f 2419/2419 2452/2452 2453/2453
f 2420/2420 2454/2454 2421/2421
f 2420/2420 2453/2453 2454/2454
f 2421/2421 2455/2455 2422/2422
f 2421/2421 2454/2454 2455/2455
f 2424/2424 2456/2456 2423/2423
f 2424/2424 2457/2457 2456/2456
f 2423/2423 2458/2458 2425/2425
f 2423/2423 2456/2456 2458/2458
f 2425/2425 2459/2459 2426/2426
f 2425/2425 2458/2458 2459/2459
f 2426/2426 2460/2460 2427/2427
f 2426/2426 2459/2459 2460/2460
f 2427/2427 2461/2461 2428/2428
f 2427/2427 2460/2460 2461/2461
f 2428/2428 2462/2462 2429/2429
f 2428/2428 2461/2461 2462/2462
f 2429/2429 2463/2463 2430/2430
f 2429/2429 2462/2462 2463/2463
f 2430/2430 2464/2464 2431/2431
f 2430/2430 2463/2463 2464/2464
f 2431/2431 2465/2465 2432/2432
f 2431/2431 2464/2464 2465/2465
f 2432/2432 2466/2466 2433/2433
f 2432/2432 2465/2465 2466/2466
f 2433/2433 2467/2467 2434/2434
f 2433/2433 2466/2466 2467/2467
f 2434/2434 2468/2468 2435/2435
f 2434/2434 2467/2467 2468/2468
f 2435/2435 2469/2469 2436/2436
f 2435/2435 2468/2468 2469/2469
f 2436/2436 2470/2470 2437/2437
f 2436/2436 2469/2469 2470/2470
f 2437/2437 2471/2471 2438/2438
f 2437/2437 2470/2470 2471/2471
f 2438/2438 2472/2472 2439/2439
f 2438/2438 2471/2471 2472/2472
f 2439/2439 2473/2473 2440/2440
f 2439/2439 2472/2472 2473/2473
f 2440/2440 2474/2474 2441/2441
f 2440/2440 2473/2473 2474/2474
f 2441/2441 2475/2475 2442/2442
f 2441/2441 2474/2474 2475/2475
f 2442/2442 2476/2476 2443/2443
f 2442/2442 2475/2475 2476/2476
f 2443/2443 2477/2477 2444/2444
f 2443/2443 2476/2476 2477/2477
f 2444/2444 2478/2478 2445/2445
f 2444/2444 2477/2477 2478/2478
f 2445/2445 2479/2479 2446/2446
f 2445/2445 2478/2478 2479/2479
f 2446/2446 2480/2480 2447/2447
f 2446/2446 2479/2479 2480/2480
f 2447/2447 2481/2481 2448/2448
f 2447/2447 2480/2480 2481/2481
f 2448/2448 2482/2482 2449/2449
f 2448/2448 2481/2481 2482/2482
f 2449/2449 2483/2483 2450/2450
f 2449/2449 2482/2482 2483/2483
f 2450/2450 2484/2484 2451/2451
f 2450/2450 2483/2483 2484/2484
f 2451/2451 2485/2485 2452/2452
f 2451/2451 2484/2484 2485/2485
f 2452/2452 2486/2486 2453/2453
f 2452/2452 2485/2485 2486/2486
f 2453/2453 2487/2487 2454/2454
f 2453/2453 2486/2486 2487/2487
f 2454/2454 2488/2488 2455/2455
f 2454/2454 2487/2487 2488/2488
f 2457/2457 2489/2489 2456/2456
f 2457/2457 2490/2490 2489/2489
f 2456/2456 2491/2491 2458/2458
f 2456/2456 2489/2489 2491/2491
f 2458/2458 2492/2492 2459/2459
f 2458/2458 2491/2491 2492/2492
f 2459/2459 2493/2493 2460/2460
f 2459/2459 2492/2492 2493/2493
f 2460/2460 2494/2494 2461/2461
f 2460/2460 2493/2493 2494/2494
f 2461/2461 2495/2495 2462/2462
f 2461/2461 2494/2494 2495/2495
f 2462/2462 2496/2496 2463/2463
f 2462/2462 2495/2495 2496/2496
f 2463/2463 2497/2497 2464/2464
f 2463/2463 2496/2496 2497/2497
f 2464/2464 2498/2498 2465/2465
f 2464/2464 2497/2497 2498/2498
f 2465/2465 2499/2499 2466/2466
f 2465/2465 2498/2498 2499/2499
f 2466/2466 2500/2500 2467/2467
f 2466/2466 2499/2499 2500/2500
f 2467/2467 2501/2501 2468/2468
f 2467/2467 2500/2500 2501/2501
f 2468/2468 2502/2502 2469/2469
f 2468/2468 2501/2501 2502/2502
f 2469/2469 2503/2503 2470/2470
f 2469/2469 2502/2502 2503/2503
f 2470/2470 2504/2504 2471/2471
f 2470/2470 2503/2503 2504/2504
f 2471/2471 2505/2505 2472/2472
f 2471/2471 2504/2504 2505/2505
f 2472/2472 2506/2506 2473/2473
f 2472/2472 2505/2505 2506/2506
f 2473/2473 2507/2507 2474/2474
f 2473/2473 2506/2506 2507/2507
f 2474/2474 2508/2508 2475/2475
f 2474/2474 2507/2507 2508/2508
f 2475/2475 2509/2509 2476/2476
f 2475/2475 2508/2508 2509/2509
f 2476/2476 2510/2510 2477/2477
f 2476/2476 2509/2509 2510/2510
f 2477/2477 2511/2511 2478/2478
f 2477/2477 2510/2510 2511/2511
f 2478/2478 2512/2512 2479/2479
f 2478/2478 2511/2511 2512/2512
f 2479/2479 2513/2513 2480/2480
f 2479/2479 2512/2512 2513/2513
f 2480/2480 2514/2514 2481/2481
f 2480/2480 2513/2513 2514/2514
f 2481/2481 2515/2515 2482/2482
f 2481/2481 2514/2514 2515/2515
f 2482/2482 2516/2516 2483/2483
f 2482/2482 2515/2515 2516/2516
f 2483/2483 2517/2517 2484/2484
f 2483/2483 2516/2516 2517/2517
f 2484/2484 2518/2518 2485/2485
f 2484/2484 2517/2517 2518/2518
f 2485/2485 2519/2519 2486/2486
f 2485/2485 2518/2518 2519/2519
f 2486/2486 2520/2520 2487/2487
f 2486/2486 2519/2519 2520/2520
f 2487/2487 2521/2521 2488/2488
f 2487/2487 2520/2520 2521/2521
f 2490/2490 2522/2522 2489/2489
f 2490/2490 2523/2523 2522/2522
f 2489/2489 2524/2524 2491/2491
f 2489/2489 2522/2522 2524/2524
f 2491/2491 2525/2525 2492/2492
f 2491/2491 2524/2524 2525/2525
f 2492/2492 2526/2526 2493/2493
f 2492/2492 2525/2525 2526/2526
f 2493/2493 2527/2527 2494/2494
f 2493/2493 2526/2526 2527/2527
f 2494/2494 2528/2528 2495/2495
f 2494/2494 2527/2527 2528/2528
f 2495/2495 2529/2529 2496/2496
f 2495/2495 2528/2528 2529/2529
f 2496/2496 2530/2530 2497/2497
f 2496/2496 2529/2529 2530/2530
f 2497/2497 2531/2531 2498/2498
f 2497/2497 2530/2530 2531/2531
f 2498/2498 2532/2532 2499/2499
f 2498/2498 2531/2531 2532/2532
f 2499/2499 2533/2533 2500/2500
f 2499/2499 2532/2532 2533/2533
f 2500/2500 2534/2534 2501/2501
f 2500/2500 2533/2533 2534/2534
f 2501/2501 2535/2535 2502/2502
f 2501/2501 2534/2534 2535/2535
f 2502/2502 2536/2536 2503/2503
f 2502/2502 2535/2535 2536/2536
f 2503/2503 2537/2537 2504/2504
f 2503/2503 2536/2536 2537/2537
f 2504/2504 2538/2538 2505/2505
f 2504/2504 2537/2537 2538/2538
f 2505/2505 2539/2539 2506/2506
f 2505/2505 2538/2538 2539/2539
f 2506/2506 2540/2540 2507/2507
f 2506/2506 2539/2539 2540/2540
f 2507/2507 2541/2541 2508/2508
f 2507/2507 2540/2540 2541/2541
f 2508/2508 2542/2542 2509/2509
f 2508/2508 2541/2541 2542/2542
f 2509/2509 2543/2543 2510/2510
f 2509/2509 2542/2542 2543/2543
f 2510/2510 2544/2544 2511/2511
f 2510/2510 2543/2543 2544/2544
f 2511/2511 2545/2545 2512/2512
f 2511/2511 2544/2544 2545/2545
f 2512/2512 2546/2546 2513/2513
f 2512/2512 2545/2545 2546/2546
f 2513/2513 2547/2547 2514/2514
f 2513/2513 2546/2546 2547/2547
f 2514/2514 2548/2548 2515/2515
f 2514/2514 2547/2547 2548/2548
f 2515/2515 2549/2549 2516/2516
f 2515/2515 2548/2548 2549/2549
f 2516/2516 2550/2550 2517/2517
f 2516/2516 2549/2549 2550/2550
f 2517/2517 2551/2551 2518/2518
f 2517/2517 2550/2550 2551/2551
f 2518/2518 2552/2552 2519/2519
f 2518/2518 2551/2551 2552/2552
f 2519/2519 2553/2553 2520/2520
f 2519/2519 2552/2552 2553/2553
f 2520/2520 2554/2554 2521/2521
f 2520/2520 2553/2553 2554/2554
f 2523/2523 2555/2555 2522/2522
f 2523/2523 2556/2556 2555/2555
f 2522/2522 2557/2557 2524/2524
f 2522/2522 2555/2555 2557/2557
f 2524/2524 2558/2558 2525/2525
f 2524/2524 2557/2557 2558/2558
f 2525/2525 2559/2559 2526/2526
f 2525/2525 2558/2558 2559/2559
f 2526/2526 2560/2560 2527/2527
f 2526/2526 2559/2559 2560/2560
f 2527/2527 2561/2561 2528/2528
f 2527/2527 2560/2560 2561/2561
f 2528/2528 2562/2562 2529/2529
f 2528/2528 2561/2561 2562/2562
f 2529/2529 2563/2563 2530/2530
f 2529/2529 2562/2562 2563/2563
f 2530/2530 2564/2564 2531/2531
f 2530/2530 2563/2563 2564/2564
f 2531/2531 2565/2565 2532/2532
f 2531/2531 2564/2564 2565/2565
f 2532/2532 2566/2566 2533/2533
f 2532/2532 2565/2565 2566/2566
f 2533/2533 2567/2567 2534/2534
f 2533/2533 2566/2566 2567/2567
f 2534/2534 2568/2568 2535/2535
f 2534/2534 2567/2567 2568/2568
f 2535/2535 2569/2569 2536/2536
f 2535/2535 2568/2568 2569/2569
f 2536/2536 2570/2570 2537/2537
f 2536/2536 2569/2569 2570/2570
f 2537/2537 2571/2571 2538/2538
f 2537/2537 2570/2570 2571/2571
f 2538/2538 2572/2572 2539/2539
f 2538/2538 2571/2571 2572/2572
f 2539/2539 2573/2573 2540/2540
f 2539/2539 2572/2572 2573/2573
f 2540/2540 2574/2574 2541/2541
f 2540/2540 2573/2573 2574/2574
f 2541/2541 2575/2575 2542/2542
f 2541/2541 2574/2574 2575/2575
f 2542/2542 2576/2576 2543/2543
f 2542/2542 2575/2575 2576/2576
f 2543/2543 2577/2577 2544/2544
f 2543/2543 2576/2576 2577/2577
f 2544/2544 2578/2578 2545/2545
f 2544/2544 2577/2577 2578/2578
f 2545/2545 2579/2579 2546/2546
f 2545/2545 2578/2578 2579/2579
f 2546/2546 2580/2580 2547/2547
f 2546/2546 2579/2579 2580/2580
f 2547/2547 2581/2581 2548/2548
f 2547/2547 2580/2580 2581/2581
f 2548/2548 2582/2582 2549/2549
f 2548/2548 2581/2581 2582/2582
f 2549/2549 2583/2583 2550/2550
f 2549/2549 2582/2582 2583/2583
f 2550/2550 2584/2584 2551/2551
f 2550/2550 2583/2583 2584/2584
f 2551/2551 2585/2585 2552/2552
f 2551/2551 2584/2584 2585/2585
f 2552/2552 2586/2586 2553/2553
f 2552/2552 2585/2585 2586/2586
f 2553/2553 2587/2587 2554/2554
f 2553/2553 2586/2586 2587/2587
f 2556/2556 2588/2588 2555/2555
f 2556/2556 2589/2589 2588/2588
f 2555/2555 2590/2590 2557/2557
f 2555/2555 2588/2588 2590/2590
f 2557/2557 2591/2591 2558/2558
f 2557/2557 2590/2590 2591/2591
f 2558/2558 2592/2592 2559/2559
f 2558/2558 2591/2591 2592/2592
f 2559/2559 2593/2593 2560/2560
f 2559/2559 2592/2592 2593/2593
f 2560/2560 2594/2594 2561/2561
f 2560/2560 2593/2593 2594/2594
f 2561/2561 2595/2595 2562/2562
f 2561/2561 2594/2594 2595/2595
f 2562/2562 2596/2596 2563/2563
f 2562/2562 2595/2595 2596/2596
f 2563/2563 2597/2597 2564/2564
f 2563/2563 2596/2596 2597/2597
f 2564/2564 2598/2598 2565/2565
f 2564/2564 2597/2597 2598/2598
f 2565/2565 2599/2599 2566/2566
f 2565/2565 2598/2598 2599/2599
f 2566/2566 2600/2600 2567/2567
f 2566/2566 2599/2599 2600/2600
f 2567/2567 2601/2601 2568/2568
f 2567/2567 2600/2600 2601/2601
f 2568/2568 2602/2602 2569/2569
f 2568/2568 2601/2601 2602/2602
f 2569/2569 2603/2603 2570/2570
f 2569/2569 2602/2602 2603/2603
f 2570/2570 2604/2604 2571/2571
f 2570/2570 2603/2603 2604/2604
f 2571/2571 2605/2605 2572/2572
f 2571/2571 2604/2604 2605/2605
f 2572/2572 2606/2606 2573/2573
f 2572/2572 2605/2605 2606/2606
f 2573/2573 2607/2607 2574/2574
f 2573/2573 2606/2606 2607/2607
f 2574/2574 2608/2608 2575/2575
f 2574/2574 2607/2607 2608/2608
f 2575/2575 2609/2609 2576/2576
f 2575/2575 2608/2608 2609/2609
f 2576/2576 2610/2610 2577/2577
f 2576/2576 2609/2609 2610/2610
f 2577/2577 2611/2611 2578/2578
f 2577/2577 2610/2610 2611/2611
f 2578/2578 2612/2612 2579/2579
f 2578/2578 2611/2611 2612/2612
f 2579/2579 2613/2613 2580/2580
f 2579/2579 2612/2612 2613/2613
f 2580/2580 2614/2614 2581/2581
f 2580/2580 2613/2613 2614/2614
f 2581/2581 2615/2615 2582/2582
f 2581/2581 2614/2614 2615/2615
f 2582/2582 2616/2616 2583/2583
f 2582/2582 2615/2615 2616/2616
f 2583/2583 2617/2617 2584/2584
f 2583/2583 2616/2616 2617/2617
f 2584/2584 2618/2618 2585/2585
f 2584/2584 2617/2617 2618/2618
f 2585/2585 2619/2619 2586/2586
f 2585/2585 2618/2618 2619/2619
f 2586/2586 2620/2620 2587/2587
f 2586/2586 2619/2619 2620/2620
f 2589/2589 2621/2621 2588/2588
f 2589/2589 2622/2622 2621/2621
f 2588/2588 2623/2623 2590/2590
f 2588/2588 2621/2621 2623/2623
f 2590/2590 2624/2624 2591/2591
f 2590/2590 2623/2623 2624/2624
f 2591/2591 2625/2625 2592/2592
f 2591/2591 2624/2624 2625/2625
f 2592/2592 2626/2626 2593/2593
f 2592/2592 2625/2625 2626/2626
f 2593/2593 2627/2627 2594/2594
f 2593/2593 2626/2626 2627/2627
f 2594/2594 2628/2628 2595/2595
f 2594/2594 2627/2627 2628/2628
f 2595/2595 2629/2629 2596/2596
f 2595/2595 2628/2628 2629/2629
f 2596/2596 2630/2630 2597/2597
f 2596/2596 2629/2629 2630/2630
f 2597/2597 2631/2631 2598/2598
f 2597/2597 2630/2630 2631/2631
f 2598/2598 2632/2632 2599/2599
f 2598/2598 2631/2631 2632/2632
f 2599/2599 2633/2633 2600/2600
f 2599/2599 2632/2632 2633/2633
f 2600/2600 2634/2634 2601/2601
f 2600/2600 2633/2633 2634/2634
f 2601/2601 2635/2635 2602/2602
f 2601/2601 2634/2634 2635/2635
f 2602/2602 2636/2636 2603/2603
f 2602/2602 2635/2635 2636/2636
f 2603/2603 2637/2637 2604/2604
f 2603/2603 2636/2636 2637/2637
f 2604/2604 2638/2638 2605/2605
f 2604/2604 2637/2637 2638/2638
f 2605/2605 2639/2639 2606/2606
f 2605/2605 2638/2638 2639/2639
f 2606/2606 2640/2640 2607/2607
f 2606/2606 2639/2639 2640/2640
f 2607/2607 2641/2641 2608/2608
f 2607/2607 2640/2640 2641/2641
f 2608/2608 2642/2642 2609/2609
f 2608/2608 2641/2641 2642/2642
f 2609/2609 2643/2643 2610/2610
f 2609/2609 2642/2642 2643/2643
f 2610/2610 2644/2644 2611/2611
f 2610/2610 2643/2643 2644/2644
f 2611/2611 2645/2645 2612/2612
f 2611/2611 2644/2644 2645/2645
f 2612/2612 2646/2646 2613/2613
f 2612/2612 2645/2645 2646/2646
f 2613/2613 2647/2647 2614/2614
f 2613/2613 2646/2646 2647/2647
f 2614/2614 2648/2648 2615/2615
f 2614/2614 2647/2647 2648/2648
f 2615/2615 2649/2649 2616/2616
f 2615/2615 2648/2648 2649/2649
f 2616/2616 2650/2650 2617/2617
f 2616/2616 2649/2649 2650/2650
f 2617/2617 2651/2651 2618/2618
f 2617/2617 2650/2650 2651/2651
f 2618/2618 2652/2652 2619/2619
f 2618/2618 2651/2651 2652/2652
f 2619/2619 2653/2653 2620/2620
f 2619/2619 2652/2652 2653/2653
f 2622/2622 2654/2654 2621/2621
f 2622/2622 2655/2655 2654/2654
f 2621/2621 2656/2656 2623/2623
f 2621/2621 2654/2654 2656/2656
f 2623/2623 2657/2657 2624/2624
f 2623/2623 2656/2656 2657/2657
f 2624/2624 2658/2658 2625/2625
f 2624/2624 2657/2657 2658/2658
f 2625/2625 2659/2659 2626/2626
f 2625/2625 2658/2658 2659/2659
f 2626/2626 2660/2660 2627/2627
f 2626/2626 2659/2659 2660/2660
f 2627/2627 2661/2661 2628/2628
f 2627/2627 2660/2660 2661/2661
f 2628/2628 2662/2662 2629/2629
f 2628/2628 2661/2661 2662/2662
f 2629/2629 2663/2663 2630/2630
f 2629/2629 2662/2662 2663/2663
f 2630/2630 2664/2664 2631/2631
f 2630/2630 2663/2663 2664/2664
f 2631/2631 2665/2665 2632/2632
f 2631/2631 2664/2664 2665/2665
f 2632/2632 2666/2666 2633/2633
f 2632/2632 2665/2665 2666/2666
f 2633/2633 2667/2667 2634/2634
f 2633/2633 2666/2666 2667/2667
f 2634/2634 2668/2668 2635/2635
f 2634/2634 2667/2667 2668/2668
f 2635/2635 2669/2669 2636/2636
f 2635/2635 2668/2668 2669/2669
f 2636/2636 2670/2670 2637/2637
f 2636/2636 2669/2669 2670/2670
f 2637/2637 2671/2671 2638/2638
f 2637/2637 2670/2670 2671/2671
f 2638/2638 2672/2672 2639/2639
f 2638/2638 2671/2671 2672/2672
f 2639/2639 2673/2673 2640/2640
f 2639/2639 2672/2672 2673/2673
f 2640/2640 2674/2674 2641/2641
f 2640/2640 2673/2673 2674/2674
f 2641/2641 2675/2675 2642/2642
f 2641/2641 2674/2674 2675/2675
f 2642/2642 2676/2676 2643/2643
f 2642/2642 2675/2675 2676/2676
f 2643/2643 2677/2677 2644/2644
f 2643/2643 2676/2676 2677/2677
f 2644/2644 2678/2678 2645/2645
f 2644/2644 2677/2677 2678/2678
f 2645/2645 2679/2679 2646/2646
f 2645/2645 2678/2678 2679/2679
f 2646/2646 2680/2680 2647/2647
f 2646/2646 2679/2679 2680/2680
f 2647/2647 2681/2681 2648/2648
f 2647/2647 2680/2680 2681/2681
f 2648/2648 2682/2682 2649/2649
f 2648/2648 2681/2681 2682/2682
f 2649/2649 2683/2683 2650/2650
f 2649/2649 2682/2682 2683/2683
f 2650/2650 2684/2684 2651/2651
f 2650/2650 2683/2683 2684/2684
f 2651/2651 2685/2685 2652/2652
f 2651/2651 2684/2684 2685/2685
f 2652/2652 2686/2686 2653/2653
f 2652/2652 2685/2685 2686/2686
f 2655/2655 2687/2687 2654/2654
f 2655/2655 2688/2688 2687/2687
f 2654/2654 2689/2689 2656/2656
f 2654/2654 2687/2687 2689/2689
f 2656/2656 2690/2690 2657/2657
f 2656/2656 2689/2689 2690/2690
f 2657/2657 2691/2691 2658/2658
f 2657/2657 2690/2690 2691/2691
f 2658/2658 2692/2692 2659/2659
f 2658/2658 2691/2691 2692/2692
f 2659/2659 2693/2693 2660/2660
f 2659/2659 2692/2692 2693/2693
f 2660/2660 2694/2694 2661/2661
f 2660/2660 2693/2693 2694/2694
f 2661/2661 2695/2695 2662/2662
f 2661/2661 2694/2694 2695/2695
f 2662/2662 2696/2696 2663/2663
f 2662/2662 2695/2695 2696/2696
f 2663/2663 2697/2697 2664/2664
f 2663/2663 2696/2696 2697/2697
f 2664/2664 2698/2698 2665/2665
f 2664/2664 2697/2697 2698/2698
f 2665/2665 2699/2699 2666/2666
f 2665/2665 2698/2698 2699/2699
f 2666/2666 2700/2700 2667/2667
f 2666/2666 2699/2699 2700/2700
f 2667/2667 2701/2701 2668/2668
f 2667/2667 2700/2700 2701/2701
f 2668/2668 2702/2702 2669/2669
f 2668/2668 2701/2701 2702/2702
f 2669/2669 2703/2703 2670/2670
f 2669/2669 2702/2702 2703/2703
f 2670/2670 2704/2704 2671/2671
f 2670/2670 2703/2703 2704/2704
f 2671/2671 2705/2705 2672/2672
f 2671/2671 2704/2704 2705/2705
f 2672/2672 2706/2706 2673/2673
f 2672/2672 2705/2705 2706/2706
f 2673/2673 2707/2707 2674/2674
f 2673/2673 2706/2706 2707/2707
f 2674/2674 2708/2708 2675/2675
f 2674/2674 2707/2707 2708/2708
f 2675/2675 2709/2709 2676/2676
f 2675/2675 2708/2708 2709/2709
f 2676/2676 2710/2710 2677/2677
f 2676/2676 2709/2709 2710/2710
f 2677/2677 2711/2711 2678/2678
f 2677/2677 2710/2710 2711/2711
f 2678/2678 2712/2712 2679/2679
f 2678/2678 2711/2711 2712/2712
f 2679/2679 2713/2713 2680/2680
f 2679/2679 2712/2712 2713/2713
f 2680/2680 2714/2714 2681/2681
f 2680/2680 2713/2713 2714/2714
f 2681/2681 2715/2715 2682/2682
f 2681/2681 2714/2714 2715/2715
f 2682/2682 2716/2716 2683/2683
f 2682/2682 2715/2715 2716/2716
f 2683/2683 2717/2717 2684/2684
f 2683/2683 2716/2716 2717/2717
f 2684/2684 2718/2718 2685/2685
f 2684/2684 2717/2717 2718/2718
f 2685/2685 2719/2719 2686/2686
f 2685/2685 2718/2718 2719/2719
f 2688/2688 2720/2720 2687/2687
f 2688/2688 2721/2721 2720/2720
f 2687/2687 2722/2722 2689/2689
f 2687/2687 2720/2720 2722/2722
f 2689/2689 2723/2723 2690/2690
f 2689/2689 2722/2722 2723/2723
f 2690/2690 2724/2724 2691/2691
f 2690/2690 2723/2723 2724/2724
f 2691/2691 2725/2725 2692/2692
f 2691/2691 2724/2724 2725/2725
f 2692/2692 2726/2726 2693/2693
f 2692/2692 2725/2725 2726/2726
f 2693/2693 2727/2727 2694/2694
f 2693/2693 2726/2726 2727/2727
f 2694/2694 2728/2728 2695/2695
f 2694/2694 2727/2727 2728/2728
f 2695/2695 2729/2729 2696/2696
f 2695/2695 2728/2728 2729/2729
f 2696/2696 2730/2730 2697/2697
f 2696/2696 2729/2729 2730/2730
f 2697/2697 2731/2731 2698/2698
f 2697/2697 2730/2730 2731/2731
f 2698/2698 2732/2732 2699/2699
f 2698/2698 2731/2731 2732/2732
f 2699/2699 2733/2733 2700/2700
f 2699/2699 2732/2732 2733/2733
f 2700/2700 2734/2734 2701/2701
f 2700/2700 2733/2733 2734/2734
f 2701/2701 2735/2735 2702/2702
f 2701/2701 2734/2734 2735/2735
f 2702/2702 2736/2736 2703/2703
f 2702/2702 2735/2735 2736/2736
f 2703/2703 2737/2737 2704/2704
f 2703/2703 2736/2736 2737/2737
f 2704/2704 2738/2738 2705/2705
f 2704/2704 2737/2737 2738/2738
f 2705/2705 2739/2739 2706/2706
f 2705/2705 2738/2738 2739/2739
f 2706/2706 2740/2740 2707/2707
f 2706/2706 2739/2739 2740/2740
f 2707/2707 2741/2741 2708/2708
f 2707/2707 2740/2740 2741/2741
f 2708/2708 2742/2742 2709/2709
f 2708/2708 2741/2741 2742/2742
f 2709/2709 2743/2743 2710/2710
f 2709/2709 2742/2742 2743/2743
f 2710/2710 2744/2744 2711/2711
f 2710/2710 2743/2743 2744/2744
f 2711/2711 2745/2745 2712/2712
f 2711/2711 2744/2744 2745/2745
f 2712/2712 2746/2746 2713/2713
f 2712/2712 2745/2745 2746/2746
f 2713/2713 2747/2747 2714/2714
f 2713/2713 2746/2746 2747/2747
f 2714/2714 2748/2748 2715/2715
f 2714/2714 2747/2747 2748/2748
f 2715/2715 2749/2749 2716/2716
f 2715/2715 2748/2748 2749/2749
f 2716/2716 2750/2750 2717/2717
f 2716/2716 2749/2749 2750/2750
f 2717/2717 2751/2751 2718/2718
f 2717/2717 2750/2750 2751/2751
f 2718/2718 2752/2752 2719/2719
f 2718/2718 2751/2751 2752/2752
f 2721/2721 2753/2753 2720/2720
f 2721/2721 2754/2754 2753/2753
f 2720/2720 2755/2755 2722/2722
f 2720/2720 2753/2753 2755/2755
f 2722/2722 2756/2756 2723/2723
f 2722/2722 2755/2755 2756/2756
f 2723/2723 2757/2757 2724/2724
f 2723/2723 2756/2756 2757/2757
f 2724/2724 2758/2758 2725/2725
f 2724/2724 2757/2757 2758/2758
f 2725/2725 2759/2759 2726/2726
f 2725/2725 2758/2758 2759/2759
f 2726/2726 2760/2760 2727/2727
f 2726/2726 2759/2759 2760/2760
f 2727/2727 2761/2761 2728/2728
f 2727/2727 2760/2760 2761/2761
f 2728/2728 2762/2762 2729/2729
f 2728/2728 2761/2761 2762/2762
f 2729/2729 2763/2763 2730/2730
f 2729/2729 2762/2762 2763/2763
f 2730/2730 2764/2764 2731/2731
f 2730/2730 2763/2763 2764/2764
f 2731/2731 2765/2765 2732/2732
f 2731/2731 2764/2764 2765/2765
f 2732/2732 2766/2766 2733/2733
f 2732/2732 2765/2765 2766/2766
f 2733/2733 2767/2767 2734/2734
f 2733/2733 2766/2766 2767/2767
f 2734/2734 2768/2768 2735/2735
f 2734/2734 2767/2767 2768/2768
f 2735/2735 2769/2769 2736/2736
f 2735/2735 2768/2768 2769/2769
f 2736/2736 2770/2770 2737/2737
f 2736/2736 2769/2769 2770/2770
f 2737/2737 2771/2771 2738/2738
f 2737/2737 2770/2770 2771/2771
f 2738/2738 2772/2772 2739/2739
f 2738/2738 2771/2771 2772/2772
f 2739/2739 2773/2773 2740/2740
f 2739/2739 2772/2772 2773/2773
f 2740/2740 2774/2774 2741/2741
f 2740/2740 2773/2773 2774/2774
f 2741/2741 2775/2775 2742/2742
f 2741/2741 2774/2774 2775/2775
f 2742/2742 2776/2776 2743/2743
f 2742/2742 2775/2775 2776/2776
f 2743/2743 2777/2777 2744/2744
f 2743/2743 2776/2776 2777/2777
f 2744/2744 2778/2778 2745/2745
f 2744/2744 2777/2777 2778/2778
f 2745/2745 2779/2779 2746/2746
f 2745/2745 2778/2778 2779/2779
f 2746/2746 2780/2780 2747/2747
f 2746/2746 2779/2779 2780/2780
f 2747/2747 2781/2781 2748/2748
f 2747/2747 2780/2780 2781/2781
f 2748/2748 2782/2782 2749/2749
f 2748/2748 2781/2781 2782/2782
f 2749/2749 2783/2783 2750/2750
f 2749/2749 2782/2782 2783/2783
f 2750/2750 2784/2784 2751/2751
f 2750/2750 2783/2783 2784/2784
f 2751/2751 2785/2785 2752/2752
f 2751/2751 2784/2784 2785/2785
f 2754/2754 2786/2786 2753/2753
f 2754/2754 2787/2787 2786/2786
f 2753/2753 2788/2788 2755/2755
f 2753/2753 2786/2786 2788/2788
f 2755/2755 2789/2789 2756/2756
f 2755/2755 2788/2788 2789/2789
f 2756/2756 2790/2790 2757/2757
f 2756/2756 2789/2789 2790/2790
f 2757/2757 2791/2791 2758/2758
f 2757/2757 2790/2790 2791/2791
f 2758/2758 2792/2792 2759/2759
f 2758/2758 2791/2791 2792/2792
f 2759/2759 2793/2793 2760/2760
f 2759/2759 2792/2792 2793/2793
f 2760/2760 2794/2794 2761/2761
f 2760/2760 2793/2793 2794/2794
f 2761/2761 2795/2795 2762/2762
f 2761/2761 2794/2794 2795/2795
f 2762/2762 2796/2796 2763/2763
f 2762/2762 2795/2795 2796/2796
f 2763/2763 2797/2797 2764/2764
f 2763/2763 2796/2796 2797/2797
f 2764/2764 2798/2798 2765/2765
f 2764/2764 2797/2797 2798/2798
f 2765/2765 2799/2799 2766/2766
f 2765/2765 2798/2798 2799/2799
f 2766/2766 2800/2800 2767/2767
f 2766/2766 2799/2799 2800/2800
f 2767/2767 2801/2801 2768/2768
f 2767/2767 2800/2800 2801/2801
f 2768/2768 2802/2802 2769/2769
f 2768/2768 2801/2801 2802/2802
f 2769/2769 2803/2803 2770/2770
f 2769/2769 2802/2802 2803/2803
f 2770/2770 2804/2804 2771/2771
f 2770/2770 2803/2803 2804/2804
f 2771/2771 2805/2805 2772/2772
f 2771/2771 2804/2804 2805/2805
f 2772/2772 2806/2806 2773/2773
f 2772/2772 2805/2805 2806/2806
f 2773/2773 2807/2807 2774/2774
f 2773/2773 2806/2806 2807/2807
f 2774/2774 2808/2808 2775/2775
f 2774/2774 2807/2807 2808/2808
f 2775/2775 2809/2809 2776/2776
f 2775/2775 2808/2808 2809/2809
f 2776/2776 2810/2810 2777/2777
f 2776/2776 2809/2809 2810/2810
f 2777/2777 2811/2811 2778/2778
f 2777/2777 2810/2810 2811/2811
f 2778/2778 2812/2812 2779/2779
f 2778/2778 2811/2811 2812/2812
f 2779/2779 2813/2813 2780/2780
f 2779/2779 2812/2812 2813/2813
f 2780/2780 2814/2814 2781/2781
f 2780/2780 2813/2813 2814/2814
f 2781/2781 2815/2815 2782/2782
f 2781/2781 2814/2814 2815/2815
f 2782/2782 2816/2816 2783/2783
f 2782/2782 2815/2815 2816/2816
f 2783/2783 2817/2817 2784/2784
f 2783/2783 2816/2816 2817/2817
f 2784/2784 2818/2818 2785/2785
f 2784/2784 2817/2817 2818/2818
f 2787/2787 2819/2819 2786/2786
f 2787/2787 2820/2820 2819/2819
f 2786/2786 2821/2821 2788/2788
f 2786/2786 2819/2819 2821/2821
f 2788/2788 2822/2822 2789/2789
f 2788/2788 2821/2821 2822/2822
f 2789/2789 2823/2823 2790/2790
f 2789/2789 2822/2822 2823/2823
f 2790/2790 2824/2824 2791/2791
f 2790/2790 2823/2823 2824/2824
f 2791/2791 2825/2825 2792/2792
f 2791/2791 2824/2824 2825/2825
f 2792/2792 2826/2826 2793/2793
f 2792/2792 2825/2825 2826/2826
f 2793/2793 2827/2827 2794/2794
f 2793/2793 2826/2826 2827/2827
f 2794/2794 2828/2828 2795/2795
f 2794/2794 2827/2827 2828/2828
f 2795/2795 2829/2829 2796/2796
f 2795/2795 2828/2828 2829/2829
f 2796/2796 2830/2830 2797/2797
f 2796/2796 2829/2829 2830/2830
f 2797/2797 2831/2831 2798/2798
f 2797/2797 2830/2830 2831/2831
f 2798/2798 2832/2832 2799/2799
f 2798/2798 2831/2831 2832/2832
f 2799/2799 2833/2833 2800/2800
f 2799/2799 2832/2832 2833/2833
f 2800/2800 2834/2834 2801/2801
f 2800/2800 2833/2833 2834/2834
f 2801/2801 2835/2835 2802/2802
f 2801/2801 2834/2834 2835/2835
f 2802/2802 2836/2836 2803/2803
f 2802/2802 2835/2835 2836/2836
f 2803/2803 2837/2837 2804/2804
f 2803/2803 2836/2836 2837/2837
f 2804/2804 2838/2838 2805/2805
f 2804/2804 2837/2837 2838/2838
f 2805/2805 2839/2839 2806/2806
f 2805/2805 2838/2838 2839/2839
f 2806/2806 2840/2840 2807/2807
f 2806/2806 2839/2839 2840/2840
f 2807/2807 2841/2841 2808/2808
f 2807/2807 2840/2840 2841/2841
f 2808/2808 2842/2842 2809/2809
f 2808/2808 2841/2841 2842/2842
f 2809/2809 2843/2843 2810/2810
f 2809/2809 2842/2842 2843/2843
f 2810/2810 2844/2844 2811/2811
f 2810/2810 2843/2843 2844/2844
f 2811/2811 2845/2845 2812/2812
f 2811/2811 2844/2844 2845/2845
f 2812/2812 2846/2846 2813/2813
f 2812/2812 2845/2845 2846/2846
f 2813/2813 2847/2847 2814/2814
f 2813/2813 2846/2846 2847/2847
f 2814/2814 2848/2848 2815/2815
f 2814/2814 2847/2847 2848/2848
f 2815/2815 2849/2849 2816/2816
f 2815/2815 2848/2848 2849/2849
f 2816/2816 2850/2850 2817/2817
f 2816/2816 2849/2849 2850/2850
f 2817/2817 2851/2851 2818/2818
f 2817/2817 2850/2850 2851/2851
f 2820/2820 2852/2852 2819/2819
f 2820/2820 2853/2853 2852/2852
f 2819/2819 2854/2854 2821/2821
f 2819/2819 2852/2852 2854/2854
f 2821/2821 2855/2855 2822/2822
f 2821/2821 2854/2854 2855/2855
f 2822/2822 2856/2856 2823/2823
f 2822/2822 2855/2855 2856/2856
f 2823/2823 2857/2857 2824/2824
f 2823/2823 2856/2856 2857/2857
f 2824/2824 2858/2858 2825/2825
f 2824/2824 2857/2857 2858/2858
f 2825/2825 2859/2859 2826/2826
f 2825/2825 2858/2858 2859/2859
f 2826/2826 2860/2860 2827/2827
f 2826/2826 2859/2859 2860/2860
f 2827/2827 2861/2861 2828/2828
f 2827/2827 2860/2860 2861/2861
f 2828/2828 2862/2862 2829/2829
f 2828/2828 2861/2861 2862/2862
f 2829/2829 2863/2863 2830/2830
f 2829/2829 2862/2862 2863/2863
f 2830/2830 2864/2864 2831/2831
f 2830/2830 2863/2863 2864/2864
f 2831/2831 2865/2865 2832/2832
f 2831/2831 2864/2864 2865/2865
f 2832/2832 2866/2866 2833/2833
f 2832/2832 2865/2865 2866/2866
f 2833/2833 2867/2867 2834/2834
f 2833/2833 2866/2866 2867/2867
f 2834/2834 2868/2868 2835/2835
f 2834/2834 2867/2867 2868/2868
f 2835/2835 2869/2869 2836/2836
f 2835/2835 2868/2868 2869/2869
f 2836/2836 2870/2870 2837/2837
f 2836/2836 2869/2869 2870/2870
f 2837/2837 2871/2871 2838/2838
f 2837/2837 2870/2870 2871/2871
f 2838/2838 2872/2872 2839/2839
f 2838/2838 2871/2871 2872/2872
f 2839/2839 2873/2873 2840/2840
f 2839/2839 2872/2872 2873/2873
f 2840/2840 2874/2874 2841/2841
f 2840/2840 2873/2873 2874/2874
f 2841/2841 2875/2875 2842/2842
f 2841/2841 2874/2874 2875/2875
f 2842/2842 2876/2876 2843/2843
f 2842/2842 2875/2875 2876/2876
f 2843/2843 2877/2877 2844/2844
f 2843/2843 2876/2876 2877/2877
f 2844/2844 2878/2878 2845/2845
f 2844/2844 2877/2877 2878/2878
f 2845/2845 2879/2879 2846/2846
f 2845/2845 2878/2878 2879/2879
f 2846/2846 2880/2880 2847/2847
f 2846/2846 2879/2879 2880/2880
f 2847/2847 2881/2881 2848/2848
f 2847/2847 2880/2880 2881/2881
f 2848/2848 2882/2882 2849/2849
f 2848/2848 2881/2881 2882/2882
f 2849/2849 2883/2883 2850/2850
f 2849/2849 2882/2882 2883/2883
f 2850/2850 2884/2884 2851/2851
f 2850/2850 2883/2883 2884/2884
f 2885/2885 2887/2887 2886/2886
f 2885/2885 2888/2888 2887/2887
f 2886/2886 2890/2890 2889/2889
f 2886/2886 2887/2887 2890/2890
f 2889/2889 2892/2892 2891/2891
f 2889/2889 2890/2890 2892/2892
f 2891/2891 2894/2894 2893/2893
f 2891/2891 2892/2892 2894/2894
f 2893/2893 2896/2896 2895/2895
f 2893/2893 2894/2894 2896/2896
f 2895/2895 2898/2898 2897/2897
f 2895/2895 2896/2896 2898/2898
f 2897/2897 2900/2900 2899/2899
f 2897/2897 2898/2898 2900/2900
f 2899/2899 2902/2902 2901/2901
f 2899/2899 2900/2900 2902/2902
f 2901/2901 2904/2904 2903/2903
f 2901/2901 2902/2902 2904/2904
f 2903/2903 2906/2906 2905/2905
f 2903/2903 2904/2904 2906/2906
f 2905/2905 2908/2908 2907/2907
f 2905/2905 2906/2906 2908/2908
f 2907/2907 2910/2910 2909/2909
f 2907/2907 2908/2908 2910/2910
f 2909/2909 2912/2912 2911/2911
f 2909/2909 2910/2910 2912/2912
f 2911/2911 2913/2913 2853/2853
f 2911/2911 2912/2912 2913/2913
f 2853/2853 2914/2914 2852/2852
f 2853/2853 2913/2913 2914/2914
f 2852/2852 2915/2915 2854/2854
f 2852/2852 2914/2914 2915/2915
f 2854/2854 2916/2916 2855/2855
f 2854/2854 2915/2915 2916/2916
f 2855/2855 2917/2917 2856/2856
f 2855/2855 2916/2916 2917/2917
f 2856/2856 2918/2918 2857/2857
f 2856/2856 2917/2917 2918/2918
f 2857/2857 2919/2919 2858/2858
f 2857/2857 2918/2918 2919/2919
f 2858/2858 2920/2920 2859/2859
f 2858/2858 2919/2919 2920/2920
f 2859/2859 2921/2921 2860/2860
f 2859/2859 2920/2920 2921/2921
f 2860/2860 2922/2922 2861/2861
f 2860/2860 2921/2921 2922/2922
f 2861/2861 2923/2923 2862/2862
f 2861/2861 2922/2922 2923/2923
f 2862/2862 2924/2924 2863/2863
f 2862/2862 2923/2923 2924/2924
f 2863/2863 2925/2925 2864/2864
f 2863/2863 2924/2924 2925/2925
f 2864/2864 2926/2926 2865/2865
f 2864/2864 2925/2925 2926/2926
f 2865/2865 2927/2927 2866/2866
f 2865/2865 2926/2926 2927/2927
f 2866/2866 2928/2928 2867/2867
f 2866/2866 2927/2927 2928/2928
f 2867/2867 2929/2929 2868/2868
f 2867/2867 2928/2928 2929/2929
f 2868/2868 2930/2930 2869/2869
f 2868/2868 2929/2929 2930/2930
f 2869/2869 2931/2931 2870/2870
f 2869/2869 2930/2930 2931/2931
f 2870/2870 2932/2932 2871/2871
f 2870/2870 2931/2931 2932/2932
f 2871/2871 2933/2933 2872/2872
f 2871/2871 2932/2932 2933/2933
f 2872/2872 2934/2934 2873/2873
f 2872/2872 2933/2933 2934/2934
f 2873/2873 2935/2935 2874/2874
f 2873/2873 2934/2934 2935/2935
f 2874/2874 2936/2936 2875/2875
f 2874/2874 2935/2935 2936/2936
f 2875/2875 2937/2937 2876/2876
f 2875/2875 2936/2936 2937/2937
f 2876/2876 2938/2938 2877/2877
f 2876/2876 2937/2937 2938/2938
f 2877/2877 2939/2939 2878/2878
f 2877/2877 2938/2938 2939/2939
f 2878/2878 2940/2940 2879/2879
f 2878/2878 2939/2939 2940/2940
f 2879/2879 2941/2941 2880/2880
f 2879/2879 2940/2940 2941/2941
f 2880/2880 2942/2942 2881/2881
f 2880/2880 2941/2941 2942/2942
f 2881/2881 2943/2943 2882/2882
f 2881/2881 2942/2942 2943/2943
f 2882/2882 2944/2944 2883/2883
f 2882/2882 2943/2943 2944/2944
f 2883/2883 2945/2945 2884/2884
f 2883/2883 2944/2944 2945/2945
f 2884/2884 2947/2947 2946/2946
f 2884/2884 2945/2945 2947/2947
f 2946/2946 2949/2949 2948/2948
f 2946/2946 2947/2947 2949/2949
f 2948/2948 2951/2951 2950/2950
f 2948/2948 2949/2949 2951/2951
f 2950/2950 2953/2953 2952/2952
f 2950/2950 2951/2951 2953/2953
f 2952/2952 2955/2955 2954/2954
f 2952/2952 2953/2953 2955/2955
f 2954/2954 2957/2957 2956/2956
f 2954/2954 2955/2955 2957/2957
f 2956/2956 2959/2959 2958/2958
f 2956/2956 2957/2957 2959/2959
f 2958/2958 2961/2961 2960/2960
f 2958/2958 2959/2959 2961/2961
f 2960/2960 2963/2963 2962/2962
f 2960/2960 2961/2961 2963/2963
f 2962/2962 2965/2965 2964/2964
f 2962/2962 2963/2963 2965/2965
f 2964/2964 2967/2967 2966/2966
f 2964/2964 2965/2965 2967/2967
f 2966/2966 2969/2969 2968/2968
f 2966/2966 2967/2967 2969/2969
f 2968/2968 2971/2971 2970/2970
f 2968/2968 2969/2969 2971/2971
f 2970/2970 2973/2973 2972/2972
f 2970/2970 2971/2971 2973/2973
f 2888/2888 2974/2974 2887/2887
f 2888/2888 2975/2975 2974/2974
f 2887/2887 2976/2976 2890/2890
f 2887/2887 2974/2974 2976/2976
f 2890/2890 2977/2977 2892/2892
f 2890/2890 2976/2976 2977/2977
f 2892/2892 2978/2978 2894/2894
f 2892/2892 2977/2977 2978/2978
f 2894/2894 2979/2979 2896/2896
f 2894/2894 2978/2978 2979/2979
f 2896/2896 2980/2980 2898/2898
f 2896/2896 2979/2979 2980/2980
f 2898/2898 2981/2981 2900/2900
f 2898/2898 2980/2980 2981/2981
f 2900/2900 2982/2982 2902/2902
f 2900/2900 2981/2981 2982/2982
f 2902/2902 2983/2983 2904/2904
f 2902/2902 2982/2982 2983/2983
f 2904/2904 2984/2984 2906/2906
f 2904/2904 2983/2983 2984/2984
f 2906/2906 2985/2985 2908/2908
f 2906/2906 2984/2984 2985/2985
f 2908/2908 2986/2986 2910/2910
f 2908/2908 2985/2985 2986/2986
f 2910/2910 2987/2987 2912/2912
f 2910/2910 2986/2986 2987/2987
f 2912/2912 2988/2988 2913/2913
f 2912/2912 2987/2987 2988/2988
f 2913/2913 2989/2989 2914/2914
f 2913/2913 2988/2988 2989/2989
f 2914/2914 2990/2990 2915/2915
f 2914/2914 2989/2989 2990/2990
f 2915/2915 2991/2991 2916/2916
f 2915/2915 2990/2990 2991/2991
f 2916/2916 2992/2992 2917/2917
f 2916/2916 2991/2991 2992/2992
f 2917/2917 2993/2993 2918/2918
f 2917/2917 2992/2992 2993/2993
f 2918/2918 2994/2994 2919/2919
f 2918/2918 2993/2993 2994/2994
f 2919/2919 2995/2995 2920/2920
f 2919/2919 2994/2994 2995/2995
f 2920/2920 2996/2996 2921/2921
f 2920/2920 2995/2995 2996/2996
f 2921/2921 2997/2997 2922/2922
f 2921/2921 2996/2996 2997/2997
f 2922/2922 2998/2998 2923/2923
f 2922/2922 2997/2997 2998/2998
f 2923/2923 2999/2999 2924/2924
f 2923/2923 2998/2998 2999/2999
f 2924/2924 3000/3000 2925/2925
f 2924/2924 2999/2999 3000/3000
f 2925/2925 3001/3001 2926/2926
f 2925/2925 3000/3000 3001/3001
f 2926/2926 3002/3002 2927/2927
f 2926/2926 3001/3001 3002/3002
f 2927/2927 3003/3003 2928/2928
f 2927/2927 3002/3002 3003/3003
f 2928/2928 3004/3004 2929/2929
f 2928/2928 3003/3003 3004/3004
f 2929/2929 3005/3005 2930/2930
f 2929/2929 3004/3004 3005/3005
f 2930/2930 3006/3006 2931/2931
f 2930/2930 3005/3005 3006/3006
f 2931/2931 3007/3007 2932/2932
f 2931/2931 3006/3006 3007/3007
f 2932/2932 3008/3008 2933/2933
f 2932/2932 3007/3007 3008/3008
f 2933/2933 3009/3009 2934/2934
f 2933/2933 3008/3008 3009/3009
f 2934/2934 3010/3010 2935/2935
f 2934/2934 3009/3009 3010/3010
f 2935/2935 3011/3011 2936/2936
f 2935/2935 3010/3010 3011/3011
f 2936/2936 3012/3012 2937/2937
f 2936/2936 3011/3011 3012/3012
f 2937/2937 3013/3013 2938/2938
f 2937/2937 3012/3012 3013/3013
f 2938/2938 3014/3014 2939/2939
f 2938/2938 3013/3013 3014/3014
f 2939/2939 3015/3015 2940/2940
f 2939/2939 3014/3014 3015/3015
f 2940/2940 3016/3016 2941/2941
f 2940/2940 3015/3015 3016/3016
f 2941/2941 3017/3017 2942/2942
f 2941/2941 3016/3016 3017/3017
f 2942/2942 3018/3018 2943/2943
f 2942/2942 3017/3017 3018/3018
f 2943/2943 3019/3019 2944/2944
f 2943/2943 3018/3018 3019/3019
f 2944/2944 3020/3020 2945/2945
f 2944/2944 3019/3019 3020/3020
f 2945/2945 3021/3021 2947/2947
f 2945/2945 3020/3020 3021/3021
f 2947/2947 3022/3022 2949/2949
f 2947/2947 3021/3021 3022/3022
f 2949/2949 3023/3023 2951/2951
f 2949/2949 3022/3022 3023/3023
f 2951/2951 3024/3024 2953/2953
f 2951/2951 3023/3023 3024/3024
f 2953/2953 3025/3025 2955/2955
f 2953/2953 3024/3024 3025/3025
f 2955/2955 3026/3026 2957/2957
f 2955/2955 3025/3025 3026/3026
f 2957/2957 3027/3027 2959/2959
f 2957/2957 3026/3026 3027/3027
f 2959/2959 3028/3028 2961/2961
f 2959/2959 3027/3027 3028/3028
f 2961/2961 3029/3029 2963/2963
f 2961/2961 3028/3028 3029/3029
f 2963/2963 3030/3030 2965/2965
f 2963/2963 3029/3029 3030/3030
f 2965/2965 3031/3031 2967/2967
f 2965/2965 3030/3030 3031/3031
f 2967/2967 3032/3032 2969/2969
f 2967/2967 3031/3031 3032/3032
f 2969/2969 3033/3033 2971/2971
f 2969/2969 3032/3032 3033/3033
f 2971/2971 3034/3034 2973/2973
f 2971/2971 3033/3033 3034/3034
f 2975/2975 3035/3035 2974/2974
f 2975/2975 3036/3036 3035/3035
f 2974/2974 3037/3037 2976/2976
f 2974/2974 3035/3035 3037/3037
f 2976/2976 3038/3038 2977/2977
f 2976/2976 3037/3037 3038/3038
f 2977/2977 3039/3039 2978/2978
f 2977/2977 3038/3038 3039/3039
f 2978/2978 3040/3040 2979/2979
f 2978/2978 3039/3039 3040/3040
f 2979/2979 3041/3041 2980/2980
f 2979/2979 3040/3040 3041/3041
f 2980/2980 3042/3042 2981/2981
f 2980/2980 3041/3041 3042/3042
f 2981/2981 3043/3043 2982/2982
f 2981/2981 3042/3042 3043/3043
f 2982/2982 3044/3044 2983/2983
f 2982/2982 3043/3043 3044/3044
f 2983/2983 3045/3045 2984/2984
f 2983/2983 3044/3044 3045/3045
f 2984/2984 3046/3046 2985/2985
f 2984/2984 3045/3045 3046/3046
f 2985/2985 3047/3047 2986/2986
f 2985/2985 3046/3046 3047/3047
f 2986/2986 3048/3048 2987/2987
f 2986/2986 3047/3047 3048/3048
f 2987/2987 3049/3049 2988/2988
f 2987/2987 3048/3048 3049/3049
f 2988/2988 3050/3050 2989/2989
f 2988/2988 3049/3049 3050/3050
f 2989/2989 3051/3051 2990/2990
f 2989/2989 3050/3050 3051/3051
f 2990/2990 3052/3052 2991/2991
f 2990/2990 3051/3051 3052/3052
f 2991/2991 3053/3053 2992/2992
f 2991/2991 3052/3052 3053/3053
f 2992/2992 3054/3054 2993/2993
f 2992/2992 3053/3053 3054/3054
f 2993/2993 3055/3055 2994/2994
f 2993/2993 3054/3054 3055/3055
f 2994/2994 3056/3056 2995/2995
f 2994/2994 3055/3055 3056/3056
f 2995/2995 3057/3057 2996/2996
f 2995/2995 3056/3056 3057/3057
f 2996/2996 3058/3058 2997/2997
f 2996/2996 3057/3057 3058/3058
f 2997/2997 3059/3059 2998/2998
f 2997/2997 3058/3058 3059/3059
f 2998/2998 3060/3060 2999/2999
f 2998/2998 3059/3059 3060/3060
f 2999/2999 3061/3061 3000/3000
f 2999/2999 3060/3060 3061/3061
f 3000/3000 3062/3062 3001/3001
f 3000/3000 3061/3061 3062/3062
f 3001/3001 3063/3063 3002/3002
f 3001/3001 3062/3062 3063/3063
f 3002/3002 3064/3064 3003/3003
f 3002/3002 3063/3063 3064/3064
f 3003/3003 3065/3065 3004/3004
f 3003/3003 3064/3064 3065/3065
f 3004/3004 3066/3066 3005/3005
f 3004/3004 3065/3065 3066/3066
f 3005/3005 3067/3067 3006/3006
f 3005/3005 3066/3066 3067/3067
f 3006/3006 3068/3068 3007/3007
f 3006/3006 3067/3067 3068/3068
f 3007/3007 3069/3069 3008/3008
f 3007/3007 3068/3068 3069/3069
f 3008/3008 3070/3070 3009/3009
f 3008/3008 3069/3069 3070/3070
f 3009/3009 3071/3071 3010/3010
f 3009/3009 3070/3070 3071/3071
f 3010/3010 3072/3072 3011/3011
f 3010/3010 3071/3071 3072/3072
f 3011/3011 3073/3073 3012/3012
f 3011/3011 3072/3072 3073/3073
f 3012/3012 3074/3074 3013/3013
f 3012/3012 3073/3073 3074/3074
f 3013/3013 3075/3075 3014/3014
f 3013/3013 3074/3074 3075/3075
f 3014/3014 3076/3076 3015/3015
f 3014/3014 3075/3075 3076/3076
f 3015/3015 3077/3077 3016/3016
f 3015/3015 3076/3076 3077/3077
f 3016/3016 3078/3078 3017/3017
f 3016/3016 3077/3077 3078/3078
f 3017/3017 3079/3079 3018/3018
f 3017/3017 3078/3078 3079/3079
f 3018/3018 3080/3080 3019/3019
f 3018/3018 3079/3079 3080/3080
f 3019/3019 3081/3081 3020/3020
f 3019/3019 3080/3080 3081/3081
f 3020/3020 3082/3082 3021/3021
f 3020/3020 3081/3081 3082/3082
f 3021/3021 3083/3083 3022/3022
f 3021/3021 3082/3082 3083/3083
f 3022/3022 3084/3084 3023/3023
f 3022/3022 3083/3083 3084/3084
f 3023/3023 3085/3085 3024/3024
f 3023/3023 3084/3084 3085/3085
f 3024/3024 3086/3086 3025/3025
f 3024/3024 3085/3085 3086/3086
f 3025/3025 3087/3087 3026/3026
f 3025/3025 3086/3086 3087/3087
f 3026/3026 3088/3088 3027/3027
f 3026/3026 3087/3087 3088/3088
f 3027/3027 3089/3089 3028/3028
f 3027/3027 3088/3088 3089/3089
f 3028/3028 3090/3090 3029/3029
f 3028/3028 3089/3089 3090/3090
f 3029/3029 3091/3091 3030/3030
f 3029/3029 3090/3090 3091/3091
f 3030/3030 3092/3092 3031/3031
f 3030/3030 3091/3091 3092/3092
f 3031/3031 3093/3093 3032/3032
f 3031/3031 3092/3092 3093/3093
f 3032/3032 3094/3094 3033/3033
f 3032/3032 3093/3093 3094/3094
f 3033/3033 3095/3095 3034/3034
f 3033/3033 3094/3094 3095/3095
f 3036/3036 3096/3096 3035/3035
f 3036/3036 3097/3097 3096/3096
f 3035/3035 3098/3098 3037/3037
f 3035/3035 3096/3096 3098/3098
f 3037/3037 3099/3099 3038/3038
f 3037/3037 3098/3098 3099/3099
f 3038/3038 3100/3100 3039/3039
f 3038/3038 3099/3099 3100/3100
f 3039/3039 3101/3101 3040/3040
f 3039/3039 3100/3100 3101/3101
f 3040/3040 3102/3102 3041/3041
f 3040/3040 3101/3101 3102/3102
f 3041/3041 3103/3103 3042/3042
f 3041/3041 3102/3102 3103/3103
f 3042/3042 3104/3104 3043/3043
f 3042/3042 3103/3103 3104/3104
f 3043/3043 3105/3105 3044/3044
f 3043/3043 3104/3104 3105/3105
f 3044/3044 3106/3106 3045/3045
f 3044/3044 3105/3105 3106/3106
f 3045/3045 3107/3107 3046/3046
f 3045/3045 3106/3106 3107/3107
f 3046/3046 3108/3108 3047/3047
f 3046/3046 3107/3107 3108/3108
f 3047/3047 3109/3109 3048/3048
f 3047/3047 3108/3108 3109/3109
f 3048/3048 3110/3110 3049/3049
f 3048/3048 3109/3109 3110/3110
f 3049/3049 3111/3111 3050/3050
f 3049/3049 3110/3110 3111/3111
f 3050/3050 3112/3112 3051/3051
f 3050/3050 3111/3111 3112/3112
f 3051/3051 3113/3113 3052/3052
f 3051/3051 3112/3112 3113/3113
f 3052/3052 3114/3114 3053/3053
f 3052/3052 3113/3113 3114/3114
f 3053/3053 3115/3115 3054/3054
f 3053/3053 3114/3114 3115/3115
f 3054/3054 3116/3116 3055/3055
f 3054/3054 3115/3115 3116/3116
f 3055/3055 3117/3117 3056/3056
f 3055/3055 3116/3116 3117/3117
f 3056/3056 3118/3118 3057/3057
f 3056/3056 3117/3117 3118/3118
f 3057/3057 3119/3119 3058/3058
f 3057/3057 3118/3118 3119/3119
f 3058/3058 3120/3120 3059/3059
f 3058/3058 3119/3119 3120/3120
f 3059/3059 3121/3121 3060/3060
f 3059/3059 3120/3120 3121/3121
f 3060/3060 3122/3122 3061/3061
f 3060/3060 3121/3121 3122/3122
f 3061/3061 3123/3123 3062/3062
f 3061/3061 3122/3122 3123/3123
f 3062/3062 3124/3124 3063/3063
f 3062/3062 3123/3123 3124/3124
f 3063/3063 3125/3125 3064/3064
f 3063/3063 3124/3124 3125/3125
f 3064/3064 3126/3126 3065/3065
f 3064/3064 3125/3125 3126/3126
f 3065/3065 3127/3127 3066/3066
f 3065/3065 3126/3126 3127/3127
f 3066/3066 3128/3128 3067/3067
f 3066/3066 3127/3127 3128/3128
f 3067/3067 3129/3129 3068/3068
f 3067/3067 3128/3128 3129/3129
f 3068/3068 3130/3130 3069/3069
f 3068/3068 3129/3129 3130/3130
f 3069/3069 3131/3131 3070/3070
f 3069/3069 3130/3130 3131/3131
f 3070/3070 3132/3132 3071/3071
f 3070/3070 3131/3131 3132/3132
f 3071/3071 3133/3133 3072/3072
f 3071/3071 3132/3132 3133/3133
f 3072/3072 3134/3134 3073/3073
f 3072/3072 3133/3133 3134/3134
f 3073/3073 3135/3135 3074/3074
f 3073/3073 3134/3134 3135/3135
f 3074/3074 3136/3136 3075/3075
f 3074/3074 3135/3135 3136/3136
f 3075/3075 3137/3137 3076/3076
f 3075/3075 3136/3136 3137/3137
f 3076/3076 3138/3138 3077/3077
f 3076/3076 3137/3137 3138/3138
f 3077/3077 3139/3139 3078/3078
f 3077/3077 3138/3138 3139/3139
f 3078/3078 3140/3140 3079/3079
f 3078/3078 3139/3139 3140/3140
f 3079/3079 3141/3141 3080/3080
f 3079/3079 3140/3140 3141/3141
f 3080/3080 3142/3142 3081/3081
f 3080/3080 3141/3141 3142/3142
f 3081/3081 3143/3143 3082/3082
f 3081/3081 3142/3142 3143/3143
f 3082/3082 3144/3144 3083/3083
f 3082/3082 3143/3143 3144/3144
f 3083/3083 3145/3145 3084/3084
f 3083/3083 3144/3144 3145/3145
f 3084/3084 3146/3146 3085/3085
f 3084/3084 3145/3145 3146/3146
f 3085/3085 3147/3147 3086/3086
f 3085/3085 3146/3146 3147/3147
f 3086/3086 3148/3148 3087/3087
f 3086/3086 3147/3147 3148/3148
f 3087/3087 3149/3149 3088/3088
f 3087/3087 3148/3148 3149/3149
f 3088/3088 3150/3150 3089/3089
f 3088/3088 3149/3149 3150/3150
f 3089/3089 3151/3151 3090/3090
f 3089/3089 3150/3150 3151/3151
f 3090/3090 3152/3152 3091/3091
f 3090/3090 3151/3151 3152/3152
f 3091/3091 3153/3153 3092/3092
f 3091/3091 3152/3152 3153/3153
f 3092/3092 3154/3154 3093/3093
f 3092/3092 3153/3153 3154/3154
f 3093/3093 3155/3155 3094/3094
f 3093/3093 3154/3154 3155/3155
f 3094/3094 3156/3156 3095/3095
f 3094/3094 3155/3155 3156/3156
f 3097/3097 3157/3157 3096/3096
f 3097/3097 3158/3158 3157/3157
f 3096/3096 3159/3159 3098/3098
f 3096/3096 3157/3157 3159/3159
f 3098/3098 3160/3160 3099/3099
f 3098/3098 3159/3159 3160/3160
f 3099/3099 3161/3161 3100/3100
f 3099/3099 3160/3160 3161/3161
f 3100/3100 3162/3162 3101/3101
f 3100/3100 3161/3161 3162/3162
f 3101/3101 3163/3163 3102/3102
f 3101/3101 3162/3162 3163/3163
f 3102/3102 3164/3164 3103/3103
f 3102/3102 3163/3163 3164/3164
f 3103/3103 3165/3165 3104/3104
f 3103/3103 3164/3164 3165/3165
f 3104/3104 3166/3166 3105/3105
f 3104/3104 3165/3165 3166/3166
f 3105/3105 3167/3167 3106/3106
f 3105/3105 3166/3166 3167/3167
f 3106/3106 3168/3168 3107/3107
f 3106/3106 3167/3167 3168/3168
f 3107/3107 3169/3169 3108/3108
f 3107/3107 3168/3168 3169/3169
f 3108/3108 3170/3170 3109/3109
f 3108/3108 3169/3169 3170/3170
f 3109/3109 3171/3171 3110/3110
f 3109/3109 3170/3170 3171/3171
f 3110/3110 3172/3172 3111/3111
f 3110/3110 3171/3171 3172/3172
f 3111/3111 3173/3173 3112/3112
f 3111/3111 3172/3172 3173/3173
f 3112/3112 3174/3174 3113/3113
f 3112/3112 3173/3173 3174/3174
f 3113/3113 3175/3175 3114/3114
f 3113/3113 3174/3174 3175/3175
f 3114/3114 3176/3176 3115/3115
f 3114/3114 3175/3175 3176/3176
f 3115/3115 3177/3177 3116/3116
f 3115/3115 3176/3176 3177/3177
f 3116/3116 3178/3178 3117/3117
f 3116/3116 3177/3177 3178/3178
f 3117/3117 3179/3179 3118/3118
f 3117/3117 3178/3178 3179/3179
f 3118/3118 3180/3180 3119/3119
f 3118/3118 3179/3179 3180/3180
f 3119/3119 3181/3181 3120/3120
f 3119/3119 3180/3180 3181/3181
f 3120/3120 3182/3182 3121/3121
f 3120/3120 3181/3181 3182/3182
f 3121/3121 3183/3183 3122/3122
f 3121/3121 3182/3182 3183/3183
f 3122/3122 3184/3184 3123/3123
f 3122/3122 3183/3183 3184/3184
f 3123/3123 3185/3185 3124/3124
f 3123/3123 3184/3184 3185/3185
f 3124/3124 3186/3186 3125/3125
f 3124/3124 3185/3185 3186/3186
f 3125/3125 3187/3187 3126/3126
f 3125/3125 3186/3186 3187/3187
f 3126/3126 3188/3188 3127/3127
f 3126/3126 3187/3187 3188/3188
f 3127/3127 3189/3189 3128/3128
f 3127/3127 3188/3188 3189/3189
f 3128/3128 3190/3190 3129/3129
f 3128/3128 3189/3189 3190/3190
f 3129/3129 3191/3191 3130/3130
f 3129/3129 3190/3190 3191/3191
f 3130/3130 3192/3192 3131/3131
f 3130/3130 3191/3191 3192/3192
f 3131/3131 3193/3193 3132/3132
f 3131/3131 3192/3192 3193/3193
f 3132/3132 3194/3194 3133/3133
f 3132/3132 3193/3193 3194/3194
f 3133/3133 3195/3195 3134/3134
f 3133/3133 3194/3194 3195/3195
f 3134/3134 3196/3196 3135/3135
f 3134/3134 3195/3195 3196/3196
f 3135/3135 3197/3197 3136/3136
f 3135/3135 3196/3196 3197/3197
f 3136/3136 3198/3198 3137/3137
f 3136/3136 3197/3197 3198/3198
f 3137/3137 3199/3199 3138/3138
f 3137/3137 3198/3198 3199/3199
f 3138/3138 3200/3200 3139/3139
f 3138/3138 3199/3199 3200/3200
f 3139/3139 3201/3201 3140/3140
f 3139/3139 3200/3200 3201/3201
f 3140/3140 3202/3202 3141/3141
f 3140/3140 3201/3201 3202/3202
f 3141/3141 3203/3203 3142/3142
f 3141/3141 3202/3202 3203/3203
f 3142/3142 3204/3204 3143/3143
f 3142/3142 3203/3203 3204/3204
f 3143/3143 3205/3205 3144/3144
f 3143/3143 3204/3204 3205/3205
f 3144/3144 3206/3206 3145/3145
f 3144/3144 3205/3205 3206/3206
f 3145/3145 3207/3207 3146/3146
f 3145/3145 3206/3206 3207/3207
f 3146/3146 3208/3208 3147/3147
f 3146/3146 3207/3207 3208/3208
f 3147/3147 3209/3209 3148/3148
f 3147/3147 3208/3208 3209/3209
f 3148/3148 3210/3210 3149/3149
f 3148/3148 3209/3209 3210/3210
f 3149/3149 3211/3211 3150/3150
f 3149/3149 3210/3210 3211/3211
f 3150/3150 3212/3212 3151/3151
f 3150/3150 3211/3211 3212/3212
f 3151/3151 3213/3213 3152/3152
f 3151/3151 3212/3212 3213/3213
f 3152/3152 3214/3214 3153/3153
f 3152/3152 3213/3213 3214/3214
f 3153/3153 3215/3215 3154/3154
f 3153/3153 3214/3214 3215/3215
f 3154/3154 3216/3216 3155/3155
f 3154/3154 3215/3215 3216/3216
f 3155/3155 3217/3217 3156/3156
f 3155/3155 3216/3216 3217/3217
f 3158/3158 3218/3218 3157/3157
f 3158/3158 3219/3219 3218/3218
f 3157/3157 3220/3220 3159/3159
f 3157/3157 3218/3218 3220/3220
f 3159/3159 3221/3221 3160/3160
f 3159/3159 3220/3220 3221/3221
f 3160/3160 3222/3222 3161/3161
f 3160/3160 3221/3221 3222/3222
f 3161/3161 3223/3223 3162/3162
f 3161/3161 3222/3222 3223/3223
f 3162/3162 3224/3224 3163/3163
f 3162/3162 3223/3223 3224/3224
f 3163/3163 3225/3225 3164/3164
f 3163/3163 3224/3224 3225/3225
f 3164/3164 3226/3226 3165/3165
f 3164/3164 3225/3225 3226/3226
f 3165/3165 3227/3227 3166/3166
f 3165/3165 3226/3226 3227/3227
f 3166/3166 3228/3228 3167/3167
f 3166/3166 3227/3227 3228/3228
f 3167/3167 3229/3229 3168/3168
f 3167/3167 3228/3228 3229/3229
f 3168/3168 3230/3230 3169/3169
f 3168/3168 3229/3229 3230/3230
f 3169/3169 3231/3231 3170/3170
f 3169/3169 3230/3230 3231/3231
f 3170/3170 3232/3232 3171/3171
f 3170/3170 3231/3231 3232/3232
f 3171/3171 3233/3233 3172/3172
f 3171/3171 3232/3232 3233/3233
f 3172/3172 3234/3234 3173/3173
f 3172/3172 3233/3233 3234/3234
f 3173/3173 3235/3235 3174/3174
f 3173/3173 3234/3234 3235/3235
f 3174/3174 3236/3236 3175/3175
f 3174/3174 3235/3235 3236/3236
f 3175/3175 3237/3237 3176/3176
f 3175/3175 3236/3236 3237/3237
f 3176/3176 3238/3238 3177/3177
f 3176/3176 3237/3237 3238/3238
f 3177/3177 3239/3239 3178/3178
f 3177/3177 3238/3238 3239/3239
f 3178/3178 3240/3240 3179/3179
f 3178/3178 3239/3239 3240/3240
f 3179/3179 3241/3241 3180/3180
f 3179/3179 3240/3240 3241/3241
f 3180/3180 3242/3242 3181/3181
f 3180/3180 3241/3241 3242/3242
f 3181/3181 3243/3243 3182/3182
f 3181/3181 3242/3242 3243/3243
f 3182/3182 3244/3244 3183/3183
f 3182/3182 3243/3243 3244/3244
f 3183/3183 3245/3245 3184/3184
f 3183/3183 3244/3244 3245/3245
f 3184/3184 3246/3246 3185/3185
f 3184/3184 3245/3245 3246/3246
f 3185/3185 3247/3247 3186/3186
f 3185/3185 3246/3246 3247/3247
f 3186/3186 3248/3248 3187/3187
f 3186/3186 3247/3247 3248/3248
f 3187/3187 3249/3249 3188/3188
f 3187/3187 3248/3248 3249/3249
f 3188/3188 3250/3250 3189/3189
f 3188/3188 3249/3249 3250/3250
f 3189/3189 3251/3251 3190/3190
f 3189/3189 3250/3250 3251/3251
f 3190/3190 3252/3252 3191/3191
f 3190/3190 3251/3251 3252/3252
f 3191/3191 3253/3253 3192/3192
f 3191/3191 3252/3252 3253/3253
f 3192/3192 3254/3254 3193/3193
f 3192/3192 3253/3253 3254/3254
f 3193/3193 3255/3255 3194/3194
f 3193/3193 3254/3254 3255/3255
f 3194/3194 3256/3256 3195/3195
f 3194/3194 3255/3255 3256/3256
f 3195/3195 3257/3257 3196/3196
f 3195/3195 3256/3256 3257/3257
f 3196/3196 3258/3258 3197/3197
f 3196/3196 3257/3257 3258/3258
f 3197/3197 3259/3259 3198/3198
f 3197/3197 3258/3258 3259/3259
f 3198/3198 3260/3260 3199/3199
f 3198/3198 3259/3259 3260/3260
f 3199/3199 3261/3261 3200/3200
f 3199/3199 3260/3260 3261/3261
f 3200/3200 3262/3262 3201/3201
f 3200/3200 3261/3261 3262/3262
f 3201/3201 3263/3263 3202/3202
f 3201/3201 3262/3262 3263/3263
f 3202/3202 3264/3264 3203/3203
f 3202/3202 3263/3263 3264/3264
f 3203/3203 3265/3265 3204/3204
f 3203/3203 3264/3264 3265/3265
f 3204/3204 3266/3266 3205/3205
f 3204/3204 3265/3265 3266/3266
f 3205/3205 3267/3267 3206/3206
f 3205/3205 3266/3266 3267/3267
f 3206/3206 3268/3268 3207/3207
f 3206/3206 3267/3267 3268/3268
f 3207/3207 3269/3269 3208/3208
f 3207/3207 3268/3268 3269/3269
f 3208/3208 3270/3270 3209/3209
f 3208/3208 3269/3269 3270/3270
f 3209/3209 3271/3271 3210/3210
f 3209/3209 3270/3270 3271/3271
f 3210/3210 3272/3272 3211/3211
f 3210/3210 3271/3271 3272/3272
f 3211/3211 3273/3273 3212/3212
f 3211/3211 3272/3272 3273/3273
f 3212/3212 3274/3274 3213/3213
f 3212/3212 3273/3273 3274/3274
f 3213/3213 3275/3275 3214/3214
f 3213/3213 3274/3274 3275/3275
f 3214/3214 3276/3276 3215/3215
f 3214/3214 3275/3275 3276/3276
f 3215/3215 3277/3277 3216/3216
f 3215/3215 3276/3276 3277/3277
f 3216/3216 3278/3278 3217/3217
f 3216/3216 3277/3277 3278/3278
f 3219/3219 3279/3279 3218/3218
f 3219/3219 3280/3280 3279/3279
f 3218/3218 3281/3281 3220/3220
f 3218/3218 3279/3279 3281/3281
f 3220/3220 3282/3282 3221/3221
f 3220/3220 3281/3281 3282/3282
f 3221/3221 3283/3283 3222/3222
f 3221/3221 3282/3282 3283/3283
f 3222/3222 3284/3284 3223/3223
f 3222/3222 3283/3283 3284/3284
f 3223/3223 3285/3285 3224/3224
f 3223/3223 3284/3284 3285/3285
f 3224/3224 3286/3286 3225/3225
f 3224/3224 3285/3285 3286/3286
f 3225/3225 3287/3287 3226/3226
f 3225/3225 3286/3286 3287/3287
f 3226/3226 3288/3288 3227/3227
f 3226/3226 3287/3287 3288/3288
f 3227/3227 3289/3289 3228/3228
f 3227/3227 3288/3288 3289/3289
f 3228/3228 3290/3290 3229/3229
f 3228/3228 3289/3289 3290/3290
f 3229/3229 3291/3291 3230/3230
f 3229/3229 3290/3290 3291/3291
f 3230/3230 3292/3292 3231/3231
f 3230/3230 3291/3291 3292/3292
f 3231/3231 3293/3293 3232/3232
f 3231/3231 3292/3292 3293/3293
f 3232/3232 3294/3294 3233/3233
f 3232/3232 3293/3293 3294/3294
f 3233/3233 3295/3295 3234/3234
f 3233/3233 3294/3294 3295/3295
f 3234/3234 3296/3296 3235/3235
f 3234/3234 3295/3295 3296/3296
f 3235/3235 3297/3297 3236/3236
f 3235/3235 3296/3296 3297/3297
f 3236/3236 3298/3298 3237/3237
f 3236/3236 3297/3297 3298/3298
f 3237/3237 3299/3299 3238/3238
f 3237/3237 3298/3298 3299/3299
f 3238/3238 3300/3300 3239/3239
f 3238/3238 3299/3299 3300/3300
f 3239/3239 3301/3301 3240/3240
f 3239/3239 3300/3300 3301/3301
f 3240/3240 3302/3302 3241/3241
f 3240/3240 3301/3301 3302/3302
f 3241/3241 3303/3303 3242/3242
f 3241/3241 3302/3302 3303/3303
f 3242/3242 3304/3304 3243/3243
f 3242/3242 3303/3303 3304/3304
f 3243/3243 3305/3305 3244/3244
f 3243/3243 3304/3304 3305/3305
f 3244/3244 3306/3306 3245/3245
f 3244/3244 3305/3305 3306/3306
f 3251/3251 3307/3307 3252/3252
f 3251/3251 3308/3308 3307/3307
f 3252/3252 3309/3309 3253/3253
f 3252/3252 3307/3307 3309/3309
f 3253/3253 3310/3310 3254/3254
f 3253/3253 3309/3309 3310/3310
f 3254/3254 3311/3311 3255/3255
f 3254/3254 3310/3310 3311/3311
f 3255/3255 3312/3312 3256/3256
f 3255/3255 3311/3311 3312/3312
f 3256/3256 3313/3313 3257/3257
f 3256/3256 3312/3312 3313/3313
f 3257/3257 3314/3314 3258/3258
f 3257/3257 3313/3313 3314/3314
f 3258/3258 3315/3315 3259/3259
f 3258/3258 3314/3314 3315/3315
f 3259/3259 3316/3316 3260/3260
f 3259/3259 3315/3315 3316/3316
f 3260/3260 3317/3317 3261/3261
f 3260/3260 3316/3316 3317/3317
f 3261/3261 3318/3318 3262/3262
f 3261/3261 3317/3317 3318/3318
f 3262/3262 3319/3319 3263/3263
f 3262/3262 3318/3318 3319/3319
f 3263/3263 3320/3320 3264/3264
f 3263/3263 3319/3319 3320/3320
f 3264/3264 3321/3321 3265/3265
f 3264/3264 3320/3320 3321/3321
f 3265/3265 3322/3322 3266/3266
f 3265/3265 3321/3321 3322/3322
f 3266/3266 3323/3323 3267/3267
f 3266/3266 3322/3322 3323/3323
f 3267/3267 3324/3324 3268/3268
f 3267/3267 3323/3323 3324/3324
f 3268/3268 3325/3325 3269/3269
f 3268/3268 3324/3324 3325/3325
f 3269/3269 3326/3326 3270/3270
f 3269/3269 3325/3325 3326/3326
f 3270/3270 3327/3327 3271/3271
f 3270/3270 3326/3326 3327/3327
f 3271/3271 3328/3328 3272/3272
f 3271/3271 3327/3327 3328/3328
f 3272/3272 3329/3329 3273/3273
f 3272/3272 3328/3328 3329/3329
f 3273/3273 3330/3330 3274/3274
f 3273/3273 3329/3329 3330/3330
f 3274/3274 3331/3331 3275/3275
f 3274/3274 3330/3330 3331/3331
f 3275/3275 3332/3332 3276/3276
f 3275/3275 3331/3331 3332/3332
f 3276/3276 3333/3333 3277/3277
f 3276/3276 3332/3332 3333/3333
f 3277/3277 3334/3334 3278/3278
f 3277/3277 3333/3333 3334/3334
f 3280/3280 3335/3335 3279/3279
f 3280/3280 3336/3336 3335/3335
f 3279/3279 3337/3337 3281/3281
f 3279/3279 3335/3335 3337/3337
f 3281/3281 3338/3338 3282/3282
f 3281/3281 3337/3337 3338/3338
f 3282/3282 3339/3339 3283/3283
f 3282/3282 3338/3338 3339/3339
f 3283/3283 3340/3340 3284/3284
f 3283/3283 3339/3339 3340/3340
f 3284/3284 3341/3341 3285/3285
f 3284/3284 3340/3340 3341/3341
f 3285/3285 3342/3342 3286/3286
f 3285/3285 3341/3341 3342/3342
f 3286/3286 3343/3343 3287/3287
f 3286/3286 3342/3342 3343/3343
f 3287/3287 3344/3344 3288/3288
f 3287/3287 3343/3343 3344/3344
f 3288/3288 3345/3345 3289/3289
f 3288/3288 3344/3344 3345/3345
f 3289/3289 3346/3346 3290/3290
f 3289/3289 3345/3345 3346/3346
f 3290/3290 3347/3347 3291/3291
f 3290/3290 3346/3346 3347/3347
f 3291/3291 3348/3348 3292/3292
f 3291/3291 3347/3347 3348/3348
f 3292/3292 3349/3349 3293/3293
f 3292/3292 3348/3348 3349/3349
f 3293/3293 3350/3350 3294/3294
f 3293/3293 3349/3349 3350/3350
f 3294/3294 3351/3351 3295/3295
f 3294/3294 3350/3350 3351/3351
f 3295/3295 3352/3352 3296/3296
f 3295/3295 3351/3351 3352/3352
f 3296/3296 3353/3353 3297/3297
f 3296/3296 3352/3352 3353/3353
f 3297/3297 3354/3354 3298/3298
f 3297/3297 3353/3353 3354/3354
f 3298/3298 3355/3355 3299/3299
f 3298/3298 3354/3354 3355/3355
f 3299/3299 3356/3356 3300/3300
f 3299/3299 3355/3355 3356/3356
f 3300/3300 3357/3357 3301/3301
f 3300/3300 3356/3356 3357/3357
f 3301/3301 3358/3358 3302/3302
f 3301/3301 3357/3357 3358/3358
f 3302/3302 3359/3359 3303/3303
f 3302/3302 3358/3358 3359/3359
f 3303/3303 3360/3360 3304/3304
f 3303/3303 3359/3359 3360/3360
f 3304/3304 3361/3361 3305/3305
f 3304/3304 3360/3360 3361/3361
f 3307/3307 3362/3362 3309/3309
f 3307/3307 3363/3363 3362/3362
f 3309/3309 3364/3364 3310/3310
f 3309/3309 3362/3362 3364/3364
f 3310/3310 3365/3365 3311/3311
f 3310/3310 3364/3364 3365/3365
f 3311/3311 3366/3366 3312/3312
f 3311/3311 3365/3365 3366/3366
f 3312/3312 3367/3367 3313/3313
f 3312/3312 3366/3366 3367/3367
f 3313/3313 3368/3368 3314/3314
f 3313/3313 3367/3367 3368/3368
f 3314/3314 3369/3369 3315/3315
f 3314/3314 3368/3368 3369/3369
f 3315/3315 3370/3370 3316/3316
f 3315/3315 3369/3369 3370/3370
f 3316/3316 3371/3371 3317/3317
f 3316/3316 3370/3370 3371/3371
f 3317/3317 3372/3372 3318/3318
f 3317/3317 3371/3371 3372/3372
f 3318/3318 3373/3373 3319/3319
f 3318/3318 3372/3372 3373/3373
f 3319/3319 3374/3374 3320/3320
f 3319/3319 3373/3373 3374/3374
f 3320/3320 3375/3375 3321/3321
f 3320/3320 3374/3374 3375/3375
f 3321/3321 3376/3376 3322/3322
f 3321/3321 3375/3375 3376/3376
f 3322/3322 3377/3377 3323/3323
f 3322/3322 3376/3376 3377/3377
f 3323/3323 3378/3378 3324/3324
f 3323/3323 3377/3377 3378/3378
f 3324/3324 3379/3379 3325/3325
f 3324/3324 3378/3378 3379/3379
f 3325/3325 3380/3380 3326/3326
f 3325/3325 3379/3379 3380/3380
f 3326/3326 3381/3381 3327/3327
f 3326/3326 3380/3380 3381/3381
f 3327/3327 3382/3382 3328/3328
f 3327/3327 3381/3381 3382/3382
f 3328/3328 3383/3383 3329/3329
f 3328/3328 3382/3382 3383/3383
f 3329/3329 3384/3384 3330/3330
f 3329/3329 3383/3383 3384/3384
f 3330/3330 3385/3385 3331/3331
f 3330/3330 3384/3384 3385/3385
f 3331/3331 3386/3386 3332/3332
f 3331/3331 3385/3385 3386/3386
f 3332/3332 3387/3387 3333/3333
f 3332/3332 3386/3386 3387/3387
f 3333/3333 3388/3388 3334/3334
f 3333/3333 3387/3387 3388/3388
f 3336/3336 3389/3389 3335/3335
f 3336/3336 3390/3390 3389/3389
f 3335/3335 3391/3391 3337/3337
f 3335/3335 3389/3389 3391/3391
f 3337/3337 3392/3392 3338/3338
f 3337/3337 3391/3391 3392/3392
f 3338/3338 3393/3393 3339/3339
f 3338/3338 3392/3392 3393/3393
f 3339/3339 3394/3394 3340/3340
f 3339/3339 3393/3393 3394/3394
f 3340/3340 3395/3395 3341/3341
f 3340/3340 3394/3394 3395/3395
f 3341/3341 3396/3396 3342/3342
f 3341/3341 3395/3395 3396/3396
f 3342/3342 3397/3397 3343/3343
f 3342/3342 3396/3396 3397/3397
f 3343/3343 3398/3398 3344/3344
f 3343/3343 3397/3397 3398/3398
f 3344/3344 3399/3399 3345/3345
f 3344/3344 3398/3398 3399/3399
f 3345/3345 3400/3400 3346/3346
f 3345/3345 3399/3399 3400/3400
f 3346/3346 3401/3401 3347/3347
f 3346/3346 3400/3400 3401/3401
f 3347/3347 3402/3402 3348/3348
f 3347/3347 3401/3401 3402/3402
f 3348/3348 3403/3403 3349/3349
f 3348/3348 3402/3402 3403/3403
f 3349/3349 3404/3404 3350/3350
f 3349/3349 3403/3403 3404/3404
f 3350/3350 3405/3405 3351/3351
f 3350/3350 3404/3404 3405/3405
f 3351/3351 3406/3406 3352/3352
f 3351/3351 3405/3405 3406/3406
f 3352/3352 3407/3407 3353/3353
f 3352/3352 3406/3406 3407/3407
f 3353/3353 3408/3408 3354/3354
f 3353/3353 3407/3407 3408/3408
f 3354/3354 3409/3409 3355/3355
f 3354/3354 3408/3408 3409/3409
f 3355/3355 3410/3410 3356/3356
f 3355/3355 3409/3409 3410/3410
f 3356/3356 3411/3411 3357/3357
f 3356/3356 3410/3410 3411/3411
f 3357/3357 3412/3412 3358/3358
f 3357/3357 3411/3411 3412/3412
f 3358/3358 3413/3413 3359/3359
f 3358/3358 3412/3412 3413/3413
f 3359/3359 3414/3414 3360/3360
f 3359/3359 3413/3413 3414/3414
f 3362/3362 3415/3415 3364/3364
f 3362/3362 3416/3416 3415/3415
f 3364/3364 3417/3417 3365/3365
f 3364/3364 3415/3415 3417/3417
f 3365/3365 3418/3418 3366/3366
f 3365/3365 3417/3417 3418/3418
f 3366/3366 3419/3419 3367/3367
f 3366/3366 3418/3418 3419/3419
f 3367/3367 3420/3420 3368/3368
f 3367/3367 3419/3419 3420/3420
f 3368/3368 3421/3421 3369/3369
f 3368/3368 3420/3420 3421/3421
f 3369/3369 3422/3422 3370/3370
f 3369/3369 3421/3421 3422/3422
f 3370/3370 3423/3423 3371/3371
f 3370/3370 3422/3422 3423/3423
f 3371/3371 3424/3424 3372/3372
f 3371/3371 3423/3423 3424/3424
f 3372/3372 3425/3425 3373/3373
f 3372/3372 3424/3424 3425/3425
f 3373/3373 3426/3426 3374/3374
f 3373/3373 3425/3425 3426/3426
f 3374/3374 3427/3427 3375/3375
f 3374/3374 3426/3426 3427/3427
f 3375/3375 3428/3428 3376/3376
f 3375/3375 3427/3427 3428/3428
f 3376/3376 3429/3429 3377/3377
f 3376/3376 3428/3428 3429/3429
f 3377/3377 3430/3430 3378/3378
f 3377/3377 3429/3429 3430/3430
f 3378/3378 3431/3431 3379/3379
f 3378/3378 3430/3430 3431/3431
f 3379/3379 3432/3432 3380/3380
f 3379/3379 3431/3431 3432/3432
f 3380/3380 3433/3433 3381/3381
f 3380/3380 3432/3432 3433/3433
f 3381/3381 3434/3434 3382/3382
f 3381/3381 3433/3433 3434/3434
f 3382/3382 3435/3435 3383/3383
f 3382/3382 3434/3434 3435/3435
f 3383/3383 3436/3436 3384/3384
f 3383/3383 3435/3435 3436/3436
f 3384/3384 3437/3437 3385/3385
f 3384/3384 3436/3436 3437/3437
f 3385/3385 3438/3438 3386/3386
f 3385/3385 3437/3437 3438/3438
f 3386/3386 3439/3439 3387/3387
f 3386/3386 3438/3438 3439/3439
f 3387/3387 3440/3440 3388/3388
f 3387/3387 3439/3439 3440/3440
f 3390/3390 3441/3441 3389/3389
f 3390/3390 3442/3442 3441/3441
f 3389/3389 3443/3443 3391/3391
f 3389/3389 3441/3441 3443/3443
f 3391/3391 3444/3444 3392/3392
f 3391/3391 3443/3443 3444/3444
f 3392/3392 3445/3445 3393/3393
f 3392/3392 3444/3444 3445/3445
f 3393/3393 3446/3446 3394/3394
f 3393/3393 3445/3445 3446/3446
f 3394/3394 3447/3447 3395/3395
f 3394/3394 3446/3446 3447/3447
f 3395/3395 3448/3448 3396/3396
f 3395/3395 3447/3447 3448/3448
f 3396/3396 3449/3449 3397/3397
f 3396/3396 3448/3448 3449/3449
f 3397/3397 3450/3450 3398/3398
f 3397/3397 3449/3449 3450/3450
f 3398/3398 3451/3451 3399/3399
f 3398/3398 3450/3450 3451/3451
f 3399/3399 3452/3452 3400/3400
f 3399/3399 3451/3451 3452/3452
f 3400/3400 3453/3453 3401/3401
f 3400/3400 3452/3452 3453/3453
f 3401/3401 3454/3454 3402/3402
f 3401/3401 3453/3453 3454/3454
f 3402/3402 3455/3455 3403/3403
f 3402/3402 3454/3454 3455/3455
f 3403/3403 3456/3456 3404/3404
f 3403/3403 3455/3455 3456/3456
f 3404/3404 3457/3457 3405/3405
f 3404/3404 3456/3456 3457/3457
f 3405/3405 3458/3458 3406/3406
f 3405/3405 3457/3457 3458/3458
f 3406/3406 3459/3459 3407/3407
f 3406/3406 3458/3458 3459/3459
f 3407/3407 3460/3460 3408/3408
f 3407/3407 3459/3459 3460/3460
f 3408/3408 3461/3461 3409/3409
f 3408/3408 3460/3460 3461/3461
f 3409/3409 3462/3462 3410/3410
f 3409/3409 3461/3461 3462/3462
f 3410/3410 3463/3463 3411/3411
f 3410/3410 3462/3462 3463/3463
f 3411/3411 3464/3464 3412/3412
f 3411/3411 3463/3463 3464/3464
f 3412/3412 3465/3465 3413/3413
f 3412/3412 3464/3464 3465/3465
f 3415/3415 3466/3466 3417/3417
f 3415/3415 3467/3467 3466/3466
f 3417/3417 3468/3468 3418/3418
f 3417/3417 3466/3466 3468/3468
f 3418/3418 3469/3469 3419/3419
f 3418/3418 3468/3468 3469/3469
f 3419/3419 3470/3470 3420/3420
f 3419/3419 3469/3469 3470/3470
f 3420/3420 3471/3471 3421/3421
f 3420/3420 3470/3470 3471/3471
f 3421/3421 3472/3472 3422/3422
f 3421/3421 3471/3471 3472/3472
f 3422/3422 3473/3473 3423/3423
f 3422/3422 3472/3472 3473/3473
f 3423/3423 3474/3474 3424/3424
f 3423/3423 3473/3473 3474/3474
f 3424/3424 3475/3475 3425/3425
f 3424/3424 3474/3474 3475/3475
f 3425/3425 3476/3476 3426/3426
f 3425/3425 3475/3475 3476/3476
f 3426/3426 3477/3477 3427/3427
f 3426/3426 3476/3476 3477/3477
f 3427/3427 3478/3478 3428/3428
f 3427/3427 3477/3477 3478/3478
f 3428/3428 3479/3479 3429/3429
f 3428/3428 3478/3478 3479/3479
f 3429/3429 3480/3480 3430/3430
f 3429/3429 3479/3479 3480/3480
f 3430/3430 3481/3481 3431/3431
f 3430/3430 3480/3480 3481/3481
f 3431/3431 3482/3482 3432/3432
f 3431/3431 3481/3481 3482/3482
f 3432/3432 3483/3483 3433/3433
f 3432/3432 3482/3482 3483/3483
f 3433/3433 3484/3484 3434/3434
f 3433/3433 3483/3483 3484/3484
f 3434/3434 3485/3485 3435/3435
f 3434/3434 3484/3484 3485/3485
f 3435/3435 3486/3486 3436/3436
f 3435/3435 3485/3485 3486/3486
f 3436/3436 3487/3487 3437/3437
f 3436/3436 3486/3486 3487/3487
f 3437/3437 3488/3488 3438/3438
f 3437/3437 3487/3487 3488/3488
f 3438/3438 3489/3489 3439/3439
f 3438/3438 3488/3488 3489/3489
f 3439/3439 3490/3490 3440/3440
f 3439/3439 3489/3489 3490/3490
f 3442/3442 3491/3491 3441/3441
f 3442/3442 3492/3492 3491/3491
f 3441/3441 3493/3493 3443/3443
f 3441/3441 3491/3491 3493/3493
f 3443/3443 3494/3494 3444/3444
f 3443/3443 3493/3493 3494/3494
f 3444/3444 3495/3495 3445/3445
f 3444/3444 3494/3494 3495/3495
f 3445/3445 3496/3496 3446/3446
f 3445/3445 3495/3495 3496/3496
f 3446/3446 3497/3497 3447/3447
f 3446/3446 3496/3496 3497/3497
f 3447/3447 3498/3498 3448/3448
f 3447/3447 3497/3497 3498/3498
f 3448/3448 3499/3499 3449/3449
f 3448/3448 3498/3498 3499/3499
f 3449/3449 3500/3500 3450/3450
f 3449/3449 3499/3499 3500/3500
f 3450/3450 3501/3501 3451/3451
f 3450/3450 3500/3500 3501/3501
f 3451/3451 3502/3502 3452/3452
f 3451/3451 3501/3501 3502/3502
f 3452/3452 3503/3503 3453/3453
f 3452/3452 3502/3502 3503/3503
f 3453/3453 3504/3504 3454/3454
f 3453/3453 3503/3503 3504/3504
f 3454/3454 3505/3505 3455/3455
f 3454/3454 3504/3504 3505/3505
f 3455/3455 3506/3506 3456/3456
f 3455/3455 3505/3505 3506/3506
f 3456/3456 3507/3507 3457/3457
f 3456/3456 3506/3506 3507/3507
f 3457/3457 3508/3508 3458/3458
f 3457/3457 3507/3507 3508/3508
f 3458/3458 3509/3509 3459/3459
f 3458/3458 3508/3508 3509/3509
f 3459/3459 3510/3510 3460/3460
f 3459/3459 3509/3509 3510/3510
f 3460/3460 3511/3511 3461/3461
f 3460/3460 3510/3510 3511/3511
f 3461/3461 3512/3512 3462/3462
f 3461/3461 3511/3511 3512/3512
f 3462/3462 3513/3513 3463/3463
f 3462/3462 3512/3512 3513/3513
f 3463/3463 3514/3514 3464/3464
f 3463/3463 3513/3513 3514/3514
f 3464/3464 3515/3515 3465/3465
f 3464/3464 3514/3514 3515/3515
f 3467/3467 3516/3516 3466/3466
f 3467/3467 3517/3517 3516/3516
f 3466/3466 3518/3518 3468/3468
f 3466/3466 3516/3516 3518/3518
f 3468/3468 3519/3519 3469/3469
f 3468/3468 3518/3518 3519/3519
f 3469/3469 3520/3520 3470/3470
f 3469/3469 3519/3519 3520/3520
f 3470/3470 3521/3521 3471/3471
f 3470/3470 3520/3520 3521/3521
f 3471/3471 3522/3522 3472/3472
f 3471/3471 3521/3521 3522/3522
f 3472/3472 3523/3523 3473/3473
f 3472/3472 3522/3522 3523/3523
f 3473/3473 3524/3524 3474/3474
f 3473/3473 3523/3523 3524/3524
f 3474/3474 3525/3525 3475/3475
f 3474/3474 3524/3524 3525/3525
f 3475/3475 3526/3526 3476/3476
f 3475/3475 3525/3525 3526/3526
f 3476/3476 3527/3527 3477/3477
f 3476/3476 3526/3526 3527/3527
f 3477/3477 3528/3528 3478/3478
f 3477/3477 3527/3527 3528/3528
f 3478/3478 3529/3529 3479/3479
f 3478/3478 3528/3528 3529/3529
f 3479/3479 3530/3530 3480/3480
f 3479/3479 3529/3529 3530/3530
f 3480/3480 3531/3531 3481/3481
f 3480/3480 3530/3530 3531/3531
f 3481/3481 3532/3532 3482/3482
f 3481/3481 3531/3531 3532/3532
f 3482/3482 3533/3533 3483/3483
f 3482/3482 3532/3532 3533/3533
f 3483/3483 3534/3534 3484/3484
f 3483/3483 3533/3533 3534/3534
f 3484/3484 3535/3535 3485/3485
f 3484/3484 3534/3534 3535/3535
f 3485/3485 3536/3536 3486/3486
f 3485/3485 3535/3535 3536/3536
f 3486/3486 3537/3537 3487/3487
f 3486/3486 3536/3536 3537/3537
f 3487/3487 3538/3538 3488/3488
f 3487/3487 3537/3537 3538/3538
f 3488/3488 3539/3539 3489/3489
f 3488/3488 3538/3538 3539/3539
f 3489/3489 3540/3540 3490/3490
f 3489/3489 3539/3539 3540/3540
f 3492/3492 3541/3541 3491/3491
f 3492/3492 3542/3542 3541/3541
f 3491/3491 3543/3543 3493/3493
f 3491/3491 3541/3541 3543/3543
f 3493/3493 3544/3544 3494/3494
f 3493/3493 3543/3543 3544/3544
f 3494/3494 3545/3545 3495/3495
f 3494/3494 3544/3544 3545/3545
f 3495/3495 3546/3546 3496/3496
f 3495/3495 3545/3545 3546/3546
f 3496/3496 3547/3547 3497/3497
f 3496/3496 3546/3546 3547/3547
f 3497/3497 3548/3548 3498/3498
f 3497/3497 3547/3547 3548/3548
f 3498/3498 3549/3549 3499/3499
f 3498/3498 3548/3548 3549/3549
f 3499/3499 3550/3550 3500/3500
f 3499/3499 3549/3549 3550/3550
f 3500/3500 3551/3551 3501/3501
f 3500/3500 3550/3550 3551/3551
f 3501/3501 3552/3552 3502/3502
f 3501/3501 3551/3551 3552/3552
f 3502/3502 3553/3553 3503/3503
f 3502/3502 3552/3552 3553/3553
f 3503/3503 3554/3554 3504/3504
f 3503/3503 3553/3553 3554/3554
f 3504/3504 3555/3555 3505/3505
f 3504/3504 3554/3554 3555/3555
f 3505/3505 3556/3556 3506/3506
f 3505/3505 3555/3555 3556/3556
f 3506/3506 3557/3557 3507/3507
f 3506/3506 3556/3556 3557/3557
f 3507/3507 3558/3558 3508/3508
f 3507/3507 3557/3557 3558/3558
f 3508/3508 3559/3559 3509/3509
f 3508/3508 3558/3558 3559/3559
f 3509/3509 3560/3560 3510/3510
f 3509/3509 3559/3559 3560/3560
f 3510/3510 3561/3561 3511/3511
f 3510/3510 3560/3560 3561/3561
f 3511/3511 3562/3562 3512/3512
f 3511/3511 3561/3561 3562/3562
f 3512/3512 3563/3563 3513/3513
f 3512/3512 3562/3562 3563/3563
f 3513/3513 3564/3564 3514/3514
f 3513/3513 3563/3563 3564/3564
f 3514/3514 3565/3565 3515/3515
f 3514/3514 3564/3564 3565/3565
f 3517/3517 3566/3566 3516/3516
f 3517/3517 3567/3567 3566/3566
f 3516/3516 3568/3568 3518/3518
f 3516/3516 3566/3566 3568/3568
f 3518/3518 3569/3569 3519/3519
f 3518/3518 3568/3568 3569/3569
f 3519/3519 3570/3570 3520/3520
f 3519/3519 3569/3569 3570/3570
f 3520/3520 3571/3571 3521/3521
f 3520/3520 3570/3570 3571/3571
f 3521/3521 3572/3572 3522/3522
f 3521/3521 3571/3571 3572/3572
f 3522/3522 3573/3573 3523/3523
f 3522/3522 3572/3572 3573/3573
f 3523/3523 3574/3574 3524/3524
f 3523/3523 3573/3573 3574/3574
f 3524/3524 3575/3575 3525/3525
f 3524/3524 3574/3574 3575/3575
f 3525/3525 3576/3576 3526/3526
f 3525/3525 3575/3575 3576/3576
f 3526/3526 3577/3577 3527/3527
f 3526/3526 3576/3576 3577/3577
f 3527/3527 3578/3578 3528/3528
f 3527/3527 3577/3577 3578/3578
f 3528/3528 3579/3579 3529/3529
f 3528/3528 3578/3578 3579/3579
f 3529/3529 3580/3580 3530/3530
f 3529/3529 3579/3579 3580/3580
f 3530/3530 3581/3581 3531/3531
f 3530/3530 3580/3580 3581/3581
f 3531/3531 3582/3582 3532/3532
f 3531/3531 3581/3581 3582/3582
f 3532/3532 3583/3583 3533/3533
f 3532/3532 3582/3582 3583/3583
f 3533/3533 3584/3584 3534/3534
f 3533/3533 3583/3583 3584/3584
f 3534/3534 3585/3585 3535/3535
f 3534/3534 3584/3584 3585/3585
f 3535/3535 3586/3586 3536/3536
f 3535/3535 3585/3585 3586/3586
f 3536/3536 3587/3587 3537/3537
f 3536/3536 3586/3586 3587/3587
f 3537/3537 3588/3588 3538/3538
f 3537/3537 3587/3587 3588/3588
f 3538/3538 3589/3589 3539/3539
f 3538/3538 3588/3588 3589/3589
f 3539/3539 3590/3590 3540/3540
f 3539/3539 3589/3589 3590/3590
f 4/4 1796/1796 1/1
f 4/4 1799/1799 1796/1796
f 65/65 1861/1861 66/66
f 65/65 1860/1860 1861/1861
f 68/68 1799/1799 4/4
f 68/68 1863/1863 1799/1799
f 66/66 1894/1894 99/99
f 66/66 1861/1861 1894/1894
f 101/101 1863/1863 68/68
f 101/101 1896/1896 1863/1863
f 99/99 1927/1927 132/132
f 99/99 1894/1894 1927/1927
f 134/134 1896/1896 101/101
f 134/134 1929/1929 1896/1896
f 132/132 1960/1960 165/165
f 132/132 1927/1927 1960/1960
f 167/167 1929/1929 134/134
f 167/167 1962/1962 1929/1929
f 165/165 1993/1993 198/198
f 165/165 1960/1960 1993/1993
f 200/200 1962/1962 167/167
f 200/200 1995/1995 1962/1962
f 198/198 2026/2026 231/231
f 198/198 1993/1993 2026/2026
f 233/233 1995/1995 200/200
f 233/233 2028/2028 1995/1995
f 231/231 2059/2059 264/264
f 231/231 2026/2026 2059/2059
f 266/266 2028/2028 233/233
f 266/266 2061/2061 2028/2028
f 264/264 2092/2092 297/297
f 264/264 2059/2059 2092/2092
f 299/299 2061/2061 266/266
f 299/299 2094/2094 2061/2061
f 297/297 2125/2125 330/330
f 297/297 2092/2092 2125/2125
f 332/332 2094/2094 299/299
f 332/332 2127/2127 2094/2094
f 330/330 2158/2158 363/363
f 330/330 2125/2125 2158/2158
f 365/365 2127/2127 332/332
f 365/365 2160/2160 2127/2127
f 363/363 2191/2191 396/396
f 363/363 2158/2158 2191/2191
f 398/398 2160/2160 365/365
f 398/398 2193/2193 2160/2160
f 396/396 2224/2224 429/429
f 396/396 2191/2191 2224/2224
f 431/431 2193/2193 398/398
f 431/431 2226/2226 2193/2193
f 429/429 2257/2257 462/462
f 429/429 2224/2224 2257/2257
f 464/464 2226/2226 431/431
f 464/464 2259/2259 2226/2226
f 462/462 2290/2290 495/495
f 462/462 2257/2257 2290/2290
f 497/497 2259/2259 464/464
f 497/497 2292/2292 2259/2259
f 495/495 2323/2323 528/528
f 495/495 2290/2290 2323/2323
f 530/530 2292/2292 497/497
f 530/530 2325/2325 2292/2292
f 528/528 2356/2356 561/561
f 528/528 2323/2323 2356/2356
f 563/563 2325/2325 530/530
f 563/563 2358/2358 2325/2325
f 561/561 2389/2389 594/594
f 561/561 2356/2356 2389/2389
f 596/596 2358/2358 563/563
f 596/596 2391/2391 2358/2358
f 594/594 2422/2422 627/627
f 594/594 2389/2389 2422/2422
f 629/629 2391/2391 596/596
f 629/629 2424/2424 2391/2391
f 627/627 2455/2455 660/660
f 627/627 2422/2422 2455/2455
f 662/662 2424/2424 629/629
f 662/662 2457/2457 2424/2424
f 660/660 2488/2488 693/693
f 660/660 2455/2455 2488/2488
f 695/695 2457/2457 662/662
f 695/695 2490/2490 2457/2457
f 693/693 2521/2521 726/726
f 693/693 2488/2488 2521/2521
f 728/728 2490/2490 695/695
f 728/728 2523/2523 2490/2490
f 726/726 2554/2554 759/759
f 726/726 2521/2521 2554/2554
f 761/761 2523/2523 728/728
f 761/761 2556/2556 2523/2523
f 759/759 2587/2587 792/792
f 759/759 2554/2554 2587/2587
f 794/794 2556/2556 761/761
f 794/794 2589/2589 2556/2556
f 792/792 2620/2620 825/825
f 792/792 2587/2587 2620/2620
f 827/827 2589/2589 794/794
f 827/827 2622/2622 2589/2589
f 825/825 2653/2653 858/858
f 825/825 2620/2620 2653/2653
f 860/860 2622/2622 827/827
f 860/860 2655/2655 2622/2622
f 858/858 2686/2686 891/891
f 858/858 2653/2653 2686/2686
f 893/893 2655/2655 860/860
f 893/893 2688/2688 2655/2655
f 891/891 2719/2719 924/924
f 891/891 2686/2686 2719/2719
f 926/926 2688/2688 893/893
f 926/926 2721/2721 2688/2688
f 924/924 2752/2752 957/957
f 924/924 2719/2719 2752/2752
f 959/959 2721/2721 926/926
f 959/959 2754/2754 2721/2721
f 957/957 2785/2785 990/990
f 957/957 2752/2752 2785/2785
f 992/992 2754/2754 959/959
f 992/992 2787/2787 2754/2754
f 990/990 2818/2818 1023/1023
f 990/990 2785/2785 2818/2818
f 1025/1025 2787/2787 992/992
f 1025/1025 2820/2820 2787/2787
f 1023/1023 2851/2851 1056/1056
f 1023/1023 2818/2818 2851/2851
f 1058/1058 2820/2820 1025/1025
f 1058/1058 2853/2853 2820/2820
f 1056/1056 2884/2884 1089/1089
f 1056/1056 2851/2851 2884/2884
f 1090/1090 2886/2886 1091/1091
f 1090/1090 2885/2885 2886/2886
f 1091/1091 2889/2889 1094/1094
f 1091/1091 2886/2886 2889/2889
f 1094/1094 2891/2891 1096/1096
f 1094/1094 2889/2889 2891/2891
f 1096/1096 2893/2893 1098/1098
f 1096/1096 2891/2891 2893/2893
f 1098/1098 2895/2895 1100/1100
f 1098/1098 2893/2893 2895/2895
f 1100/1100 2897/2897 1102/1102
f 1100/1100 2895/2895 2897/2897
f 1102/1102 2899/2899 1104/1104
f 1102/1102 2897/2897 2899/2899
f 1104/1104 2901/2901 1106/1106
f 1104/1104 2899/2899 2901/2901
f 1106/1106 2903/2903 1108/1108
f 1106/1106 2901/2901 2903/2903
f 1108/1108 2905/2905 1110/1110
f 1108/1108 2903/2903 2905/2905
f 1110/1110 2907/2907 1112/1112
f 1110/1110 2905/2905 2907/2907
f 1112/1112 2909/2909 1114/1114
f 1112/1112 2907/2907 2909/2909
f 1114/1114 2911/2911 1116/1116
f 1114/1114 2909/2909 2911/2911
f 1116/1116 2853/2853 1058/1058
f 1116/1116 2911/2911 2853/2853
f 1089/1089 2946/2946 1151/1151
f 1089/1089 2884/2884 2946/2946
f 1151/1151 2948/2948 1153/1153
f 1151/1151 2946/2946 2948/2948
f 1153/1153 2950/2950 1155/1155
f 1153/1153 2948/2948 2950/2950
f 1155/1155 2952/2952 1157/1157
f 1155/1155 2950/2950 2952/2952
f 1157/1157 2954/2954 1159/1159
f 1157/1157 2952/2952 2954/2954
f 1159/1159 2956/2956 1161/1161
f 1159/1159 2954/2954 2956/2956
f 1161/1161 2958/2958 1163/1163
f 1161/1161 2956/2956 2958/2958
f 1163/1163 2960/2960 1165/1165
f 1163/1163 2958/2958 2960/2960
f 1165/1165 2962/2962 1167/1167
f 1165/1165 2960/2960 2962/2962
f 1167/1167 2964/2964 1169/1169
f 1167/1167 2962/2962 2964/2964
f 1169/1169 2966/2966 1171/1171
f 1169/1169 2964/2964 2966/2966
f 1171/1171 2968/2968 1173/1173
f 1171/1171 2966/2966 2968/2968
f 1173/1173 2970/2970 1175/1175
f 1173/1173 2968/2968 2970/2970
f 1175/1175 2972/2972 1177/1177
f 1175/1175 2970/2970 2972/2972
f 1746/1746 3542/3542 1747/1747
f 1746/1746 3541/3541 3542/3542
f 1748/1748 3541/3541 1746/1746
f 1748/1748 3543/3543 3541/3541
f 1749/1749 3543/3543 1748/1748
f 1749/1749 3544/3544 3543/3543
f 1750/1750 3544/3544 1749/1749
f 1750/1750 3545/3545 3544/3544
f 1751/1751 3545/3545 1750/1750
f 1751/1751 3546/3546 3545/3545
f 1752/1752 3546/3546 1751/1751
f 1752/1752 3547/3547 3546/3546
f 1753/1753 3547/3547 1752/1752
f 1753/1753 3548/3548 3547/3547
f 1754/1754 3548/3548 1753/1753
f 1754/1754 3549/3549 3548/3548
f 1755/1755 3549/3549 1754/1754
f 1755/1755 3550/3550 3549/3549
f 1756/1756 3550/3550 1755/1755
f 1756/1756 3551/3551 3550/3550
f 1757/1757 3551/3551 1756/1756
f 1757/1757 3552/3552 3551/3551
f 1758/1758 3552/3552 1757/1757
f 1758/1758 3553/3553 3552/3552
f 1759/1759 3553/3553 1758/1758
f 1759/1759 3554/3554 3553/3553
f 1760/1760 3554/3554 1759/1759
f 1760/1760 3555/3555 3554/3554
f 1761/1761 3555/3555 1760/1760
f 1761/1761 3556/3556 3555/3555
f 1762/1762 3556/3556 1761/1761
f 1762/1762 3557/3557 3556/3556
f 1763/1763 3557/3557 1762/1762
f 1763/1763 3558/3558 3557/3557
f 1764/1764 3558/3558 1763/1763
f 1764/1764 3559/3559 3558/3558
f 1765/1765 3559/3559 1764/1764
f 1765/1765 3560/3560 3559/3559
f 1766/1766 3560/3560 1765/1765
f 1766/1766 3561/3561 3560/3560
f 1767/1767 3561/3561 1766/1766
f 1767/1767 3562/3562 3561/3561
f 1768/1768 3562/3562 1767/1767
f 1768/1768 3563/3563 3562/3562
f 1769/1769 3563/3563 1768/1768
f 1769/1769 3564/3564 3563/3563
f 1773/1773 3566/3566 1771/1771
f 1773/1773 3568/3568 3566/3566
f 1774/1774 3568/3568 1773/1773
f 1774/1774 3569/3569 3568/3568
f 1775/1775 3569/3569 1774/1774
f 1775/1775 3570/3570 3569/3569
f 1776/1776 3570/3570 1775/1775
f 1776/1776 3571/3571 3570/3570
f 1777/1777 3571/3571 1776/1776
f 1777/1777 3572/3572 3571/3571
f 1778/1778 3572/3572 1777/1777
f 1778/1778 3573/3573 3572/3572
f 1779/1779 3573/3573 1778/1778
f 1779/1779 3574/3574 3573/3573
f 1780/1780 3574/3574 1779/1779
f 1780/1780 3575/3575 3574/3574
f 1781/1781 3575/3575 1780/1780
f 1781/1781 3576/3576 3575/3575
f 1782/1782 3576/3576 1781/1781
f 1782/1782 3577/3577 3576/3576
f 1783/1783 3577/3577 1782/1782
f 1783/1783 3578/3578 3577/3577
f 1784/1784 3578/3578 1783/1783
f 1784/1784 3579/3579 3578/3578
f 1785/1785 3579/3579 1784/1784
f 1785/1785 3580/3580 3579/3579
f 1786/1786 3580/3580 1785/1785
f 1786/1786 3581/3581 3580/3580
f 1787/1787 3581/3581 1786/1786
f 1787/1787 3582/3582 3581/3581
f 1788/1788 3582/3582 1787/1787
f 1788/1788 3583/3583 3582/3582
f 1789/1789 3583/3583 1788/1788
f 1789/1789 3584/3584 3583/3583
f 1790/1790 3584/3584 1789/1789
f 1790/1790 3585/3585 3584/3584
f 1791/1791 3585/3585 1790/1790
f 1791/1791 3586/3586 3585/3585
f 1792/1792 3586/3586 1791/1791
f 1792/1792 3587/3587 3586/3586
f 1793/1793 3587/3587 1792/1792
f 1793/1793 3588/3588 3587/3587
f 1794/1794 3588/3588 1793/1793
f 1794/1794 3589/3589 3588/3588
f 1795/1795 3589/3589 1794/1794
f 1795/1795 3590/3590 3589/3589
