# https://github.com/mikedh/trimesh
v 0.16600000 0.00000000 0.00000000
v 0.16564458 0.01085692 0.00000000
v 0.16457985 0.02166735 0.00000000
v 0.16281036 0.03238499 0.00000000
v 0.16034369 0.04296396 0.00000000
v 0.15719040 0.05335895 0.00000000
v 0.15336400 0.06352545 0.00000000
v 0.14888088 0.07341992 0.00000000
v 0.14376022 0.08300000 0.00000000
v 0.13802396 0.09222466 0.00000000
v 0.13169665 0.10105440 0.00000000
v 0.12480541 0.10945141 0.00000000
v 0.11737973 0.11737973 0.00000000
v 0.10945141 0.12480541 0.00000000
v 0.10105440 0.13169665 0.00000000
v 0.09222466 0.13802396 0.00000000
v 0.08300000 0.14376022 0.00000000
v 0.07341992 0.14888088 0.00000000
v 0.06352545 0.15336400 0.00000000
v 0.05335895 0.15719040 0.00000000
v 0.04296396 0.16034369 0.00000000
v 0.03238499 0.16281036 0.00000000
v 0.02166735 0.16457985 0.00000000
v 0.01085692 0.16564458 0.00000000
v 0.00000000 0.16600000 0.00000000
v -0.01085692 0.16564458 0.00000000
v -0.02166735 0.16457985 0.00000000
v -0.03238499 0.16281036 0.00000000
v -0.04296396 0.16034369 0.00000000
v -0.05335895 0.15719040 0.00000000
v -0.06352545 0.15336400 0.00000000
v -0.07341992 0.14888088 0.00000000
v -0.08300000 0.14376022 0.00000000
v -0.09222466 0.13802396 0.00000000
v -0.10105440 0.13169665 0.00000000
v -0.10945141 0.12480541 0.00000000
v -0.11737973 0.11737973 0.00000000
v -0.12480541 0.10945141 0.00000000
v -0.13169665 0.10105440 0.00000000
v -0.13802396 0.09222466 0.00000000
v -0.14376022 0.08300000 0.00000000
v -0.14888088 0.07341992 0.00000000
v -0.15336400 0.06352545 0.00000000
v -0.15719040 0.05335895 0.00000000
v -0.16034369 0.04296396 0.00000000
v -0.16281036 0.03238499 0.00000000
v -0.16457985 0.02166735 0.00000000
v -0.16564458 0.01085692 0.00000000
v -0.16600000 0.00000000 0.00000000
v -0.16564458 -0.01085692 0.00000000
v -0.16457985 -0.02166735 0.00000000
v -0.16281036 -0.03238499 0.00000000
v -0.16034369 -0.04296396 0.00000000
v -0.15719040 -0.05335895 0.00000000
v -0.15336400 -0.06352545 0.00000000
v -0.14888088 -0.07341992 0.00000000
v -0.14376022 -0.08300000 0.00000000
v -0.13802396 -0.09222466 0.00000000
v -0.13169665 -0.10105440 0.00000000
v -0.12480541 -0.10945141 0.00000000
v -0.11737973 -0.11737973 0.00000000
v -0.10945141 -0.12480541 0.00000000
v -0.10105440 -0.13169665 0.00000000
v -0.09222466 -0.13802396 0.00000000
v -0.08300000 -0.14376022 0.00000000
v -0.07341992 -0.14888088 0.00000000
v -0.06352545 -0.15336400 0.00000000
v -0.05335895 -0.15719040 0.00000000
v -0.04296396 -0.16034369 0.00000000
v -0.03238499 -0.16281036 0.00000000
v -0.02166735 -0.16457985 0.00000000
v -0.01085692 -0.16564458 0.00000000
v -0.00000000 -0.16600000 0.00000000
v 0.01085692 -0.16564458 0.00000000
v 0.02166735 -0.16457985 0.00000000
v 0.03238499 -0.16281036 0.00000000
v 0.04296396 -0.16034369 0.00000000
v 0.05335895 -0.15719040 0.00000000
v 0.06352545 -0.15336400 0.00000000
v 0.07341992 -0.14888088 0.00000000
v 0.08300000 -0.14376022 0.00000000
v 0.09222466 -0.13802396 0.00000000
v 0.10105440 -0.13169665 0.00000000
v 0.10945141 -0.12480541 0.00000000
v 0.11737973 -0.11737973 0.00000000
v 0.12480541 -0.10945141 0.00000000
v 0.13169665 -0.10105440 0.00000000
v 0.13802396 -0.09222466 0.00000000
v 0.14376022 -0.08300000 0.00000000
v 0.14888088 -0.07341992 0.00000000
v 0.15336400 -0.06352545 0.00000000
v 0.15719040 -0.05335895 0.00000000
v 0.16034369 -0.04296396 0.00000000
v 0.16281036 -0.03238499 0.00000000
v 0.16457985 -0.02166735 0.00000000
v 0.16564458 -0.01085692 0.00000000
v 0.16600000 0.00000000 0.31600000
v 0.16564458 0.01085692 0.31600000
v 0.16457985 0.02166735 0.31600000
v 0.16281036 0.03238499 0.31600000
v 0.16034369 0.04296396 0.31600000
v 0.15719040 0.05335895 0.31600000
v 0.15336400 0.06352545 0.31600000
v 0.14888088 0.07341992 0.31600000
v 0.14376022 0.08300000 0.31600000
v 0.13802396 0.09222466 0.31600000
v 0.13169665 0.10105440 0.31600000
v 0.12480541 0.10945141 0.31600000
v 0.11737973 0.11737973 0.31600000
v 0.10945141 0.12480541 0.31600000
v 0.10105440 0.13169665 0.31600000
v 0.09222466 0.13802396 0.31600000
v 0.08300000 0.14376022 0.31600000
v 0.07341992 0.14888088 0.31600000
v 0.06352545 0.15336400 0.31600000
v 0.05335895 0.15719040 0.31600000
v 0.04296396 0.16034369 0.31600000
v 0.03238499 0.16281036 0.31600000
v 0.02166735 0.16457985 0.31600000
v 0.01085692 0.16564458 0.31600000
v 0.00000000 0.16600000 0.31600000
v -0.01085692 0.16564458 0.31600000
v -0.02166735 0.16457985 0.31600000
v -0.03238499 0.16281036 0.31600000
v -0.04296396 0.16034369 0.31600000
v -0.05335895 0.15719040 0.31600000
v -0.06352545 0.15336400 0.31600000
v -0.07341992 0.14888088 0.31600000
v -0.08300000 0.14376022 0.31600000
v -0.09222466 0.13802396 0.31600000
v -0.10105440 0.13169665 0.31600000
v -0.10945141 0.12480541 0.31600000
v -0.11737973 0.11737973 0.31600000
v -0.12480541 0.10945141 0.31600000
v -0.13169665 0.10105440 0.31600000
v -0.13802396 0.09222466 0.31600000
v -0.14376022 0.08300000 0.31600000
v -0.14888088 0.07341992 0.31600000
v -0.15336400 0.06352545 0.31600000
v -0.15719040 0.05335895 0.31600000
v -0.16034369 0.04296396 0.31600000
v -0.16281036 0.03238499 0.31600000
v -0.16457985 0.02166735 0.31600000
v -0.16564458 0.01085692 0.31600000
v -0.16600000 0.00000000 0.31600000
v -0.16564458 -0.01085692 0.31600000
v -0.16457985 -0.02166735 0.31600000
v -0.16281036 -0.03238499 0.31600000
v -0.16034369 -0.04296396 0.31600000
v -0.15719040 -0.05335895 0.31600000
v -0.15336400 -0.06352545 0.31600000
v -0.14888088 -0.07341992 0.31600000
v -0.14376022 -0.08300000 0.31600000
v -0.13802396 -0.09222466 0.31600000
v -0.13169665 -0.10105440 0.31600000
v -0.12480541 -0.10945141 0.31600000
v -0.11737973 -0.11737973 0.31600000
v -0.10945141 -0.12480541 0.31600000
v -0.10105440 -0.13169665 0.31600000
v -0.09222466 -0.13802396 0.31600000
v -0.08300000 -0.14376022 0.31600000
v -0.07341992 -0.14888088 0.31600000
v -0.06352545 -0.15336400 0.31600000
v -0.05335895 -0.15719040 0.31600000
v -0.04296396 -0.16034369 0.31600000
v -0.03238499 -0.16281036 0.31600000
v -0.02166735 -0.16457985 0.31600000
v -0.01085692 -0.16564458 0.31600000
v -0.00000000 -0.16600000 0.31600000
v 0.01085692 -0.16564458 0.31600000
v 0.02166735 -0.16457985 0.31600000
v 0.03238499 -0.16281036 0.31600000
v 0.04296396 -0.16034369 0.31600000
v 0.05335895 -0.15719040 0.31600000
v 0.06352545 -0.15336400 0.31600000
v 0.07341992 -0.14888088 0.31600000
v 0.08300000 -0.14376022 0.31600000
v 0.09222466 -0.13802396 0.31600000
v 0.10105440 -0.13169665 0.31600000
v 0.10945141 -0.12480541 0.31600000
v 0.11737973 -0.11737973 0.31600000
v 0.12480541 -0.10945141 0.31600000
v 0.13169665 -0.10105440 0.31600000
v 0.13802396 -0.09222466 0.31600000
v 0.14376022 -0.08300000 0.31600000
v 0.14888088 -0.07341992 0.31600000
v 0.15336400 -0.06352545 0.31600000
v 0.15719040 -0.05335895 0.31600000
v 0.16034369 -0.04296396 0.31600000
v 0.16281036 -0.03238499 0.31600000
v 0.16457985 -0.02166735 0.31600000
v 0.16564458 -0.01085692 0.31600000
v 0.15000000 0.00000000 0.31600000
v 0.14967884 0.00981047 0.31600000
v 0.14871673 0.01957893 0.31600000
v 0.14711779 0.02926355 0.31600000
v 0.14488887 0.03882286 0.31600000
v 0.14203952 0.04821592 0.31600000
v 0.13858193 0.05740251 0.31600000
v 0.13453091 0.06634330 0.31600000
v 0.12990381 0.07500000 0.31600000
v 0.12472044 0.08333553 0.31600000
v 0.11900300 0.09131421 0.31600000
v 0.11277597 0.09890187 0.31600000
v 0.10606602 0.10606602 0.31600000
v 0.09890187 0.11277597 0.31600000
v 0.09131421 0.11900300 0.31600000
v 0.08333553 0.12472044 0.31600000
v 0.07500000 0.12990381 0.31600000
v 0.06634330 0.13453091 0.31600000
v 0.05740251 0.13858193 0.31600000
v 0.04821592 0.14203952 0.31600000
v 0.03882286 0.14488887 0.31600000
v 0.02926355 0.14711779 0.31600000
v 0.01957893 0.14871673 0.31600000
v 0.00981047 0.14967884 0.31600000
v 0.00000000 0.15000000 0.31600000
v -0.00981047 0.14967884 0.31600000
v -0.01957893 0.14871673 0.31600000
v -0.02926355 0.14711779 0.31600000
v -0.03882286 0.14488887 0.31600000
v -0.04821592 0.14203952 0.31600000
v -0.05740251 0.13858193 0.31600000
v -0.06634330 0.13453091 0.31600000
v -0.07500000 0.12990381 0.31600000
v -0.08333553 0.12472044 0.31600000
v -0.09131421 0.11900300 0.31600000
v -0.09890187 0.11277597 0.31600000
v -0.10606602 0.10606602 0.31600000
v -0.11277597 0.09890187 0.31600000
v -0.11900300 0.09131421 0.31600000
v -0.12472044 0.08333553 0.31600000
v -0.12990381 0.07500000 0.31600000
v -0.13453091 0.06634330 0.31600000
v -0.13858193 0.05740251 0.31600000
v -0.14203952 0.04821592 0.31600000
v -0.14488887 0.03882286 0.31600000
v -0.14711779 0.02926355 0.31600000
v -0.14871673 0.01957893 0.31600000
v -0.14967884 0.00981047 0.31600000
v -0.15000000 0.00000000 0.31600000
v -0.14967884 -0.00981047 0.31600000
v -0.14871673 -0.01957893 0.31600000
v -0.14711779 -0.02926355 0.31600000
v -0.14488887 -0.03882286 0.31600000
v -0.14203952 -0.04821592 0.31600000
v -0.13858193 -0.05740251 0.31600000
v -0.13453091 -0.06634330 0.31600000
v -0.12990381 -0.07500000 0.31600000
v -0.12472044 -0.08333553 0.31600000
v -0.11900300 -0.09131421 0.31600000
v -0.11277597 -0.09890187 0.31600000
v -0.10606602 -0.10606602 0.31600000
v -0.09890187 -0.11277597 0.31600000
v -0.09131421 -0.11900300 0.31600000
v -0.08333553 -0.12472044 0.31600000
v -0.07500000 -0.12990381 0.31600000
v -0.06634330 -0.13453091 0.31600000
v -0.05740251 -0.13858193 0.31600000
v -0.04821592 -0.14203952 0.31600000
v -0.03882286 -0.14488887 0.31600000
v -0.02926355 -0.14711779 0.31600000
v -0.01957893 -0.14871673 0.31600000
v -0.00981047 -0.14967884 0.31600000
v -0.00000000 -0.15000000 0.31600000
v 0.00981047 -0.14967884 0.31600000
v 0.01957893 -0.14871673 0.31600000
v 0.02926355 -0.14711779 0.31600000
v 0.03882286 -0.14488887 0.31600000
v 0.04821592 -0.14203952 0.31600000
v 0.05740251 -0.13858193 0.31600000
v 0.06634330 -0.13453091 0.31600000
v 0.07500000 -0.12990381 0.31600000
v 0.08333553 -0.12472044 0.31600000
v 0.09131421 -0.11900300 0.31600000
v 0.09890187 -0.11277597 0.31600000
v 0.10606602 -0.10606602 0.31600000
v 0.11277597 -0.09890187 0.31600000
v 0.11900300 -0.09131421 0.31600000
v 0.12472044 -0.08333553 0.31600000
v 0.12990381 -0.07500000 0.31600000
v 0.13453091 -0.06634330 0.31600000
v 0.13858193 -0.05740251 0.31600000
v 0.14203952 -0.04821592 0.31600000
v 0.14488887 -0.03882286 0.31600000
v 0.14711779 -0.02926355 0.31600000
v 0.14871673 -0.01957893 0.31600000
v 0.14967884 -0.00981047 0.31600000
v 0.15000000 0.00000000 0.01600000
v 0.14967884 0.00981047 0.01600000
v 0.14871673 0.01957893 0.01600000
v 0.14711779 0.02926355 0.01600000
v 0.14488887 0.03882286 0.01600000
v 0.14203952 0.04821592 0.01600000
v 0.13858193 0.05740251 0.01600000
v 0.13453091 0.06634330 0.01600000
v 0.12990381 0.07500000 0.01600000
v 0.12472044 0.08333553 0.01600000
v 0.11900300 0.09131421 0.01600000
v 0.11277597 0.09890187 0.01600000
v 0.10606602 0.10606602 0.01600000
v 0.09890187 0.11277597 0.01600000
v 0.09131421 0.11900300 0.01600000
v 0.08333553 0.12472044 0.01600000
v 0.07500000 0.12990381 0.01600000
v 0.06634330 0.13453091 0.01600000
v 0.05740251 0.13858193 0.01600000
v 0.04821592 0.14203952 0.01600000
v 0.03882286 0.14488887 0.01600000
v 0.02926355 0.14711779 0.01600000
v 0.01957893 0.14871673 0.01600000
v 0.00981047 0.14967884 0.01600000
v 0.00000000 0.15000000 0.01600000
v -0.00981047 0.14967884 0.01600000
v -0.01957893 0.14871673 0.01600000
v -0.02926355 0.14711779 0.01600000
v -0.03882286 0.14488887 0.01600000
v -0.04821592 0.14203952 0.01600000
v -0.05740251 0.13858193 0.01600000
v -0.06634330 0.13453091 0.01600000
v -0.07500000 0.12990381 0.01600000
v -0.08333553 0.12472044 0.01600000
v -0.09131421 0.11900300 0.01600000
v -0.09890187 0.11277597 0.01600000
v -0.10606602 0.10606602 0.01600000
v -0.11277597 0.09890187 0.01600000
v -0.11900300 0.09131421 0.01600000
v -0.12472044 0.08333553 0.01600000
v -0.12990381 0.07500000 0.01600000
v -0.13453091 0.06634330 0.01600000
v -0.13858193 0.05740251 0.01600000
v -0.14203952 0.04821592 0.01600000
v -0.14488887 0.03882286 0.01600000
v -0.14711779 0.02926355 0.01600000
v -0.14871673 0.01957893 0.01600000
v -0.14967884 0.00981047 0.01600000
v -0.15000000 0.00000000 0.01600000
v -0.14967884 -0.00981047 0.01600000
v -0.14871673 -0.01957893 0.01600000
v -0.14711779 -0.02926355 0.01600000
v -0.14488887 -0.03882286 0.01600000
v -0.14203952 -0.04821592 0.01600000
v -0.13858193 -0.05740251 0.01600000
v -0.13453091 -0.06634330 0.01600000
v -0.12990381 -0.07500000 0.01600000
v -0.12472044 -0.08333553 0.01600000
v -0.11900300 -0.09131421 0.01600000
v -0.11277597 -0.09890187 0.01600000
v -0.10606602 -0.10606602 0.01600000
v -0.09890187 -0.11277597 0.01600000
v -0.09131421 -0.11900300 0.01600000
v -0.08333553 -0.12472044 0.01600000
v -0.07500000 -0.12990381 0.01600000
v -0.06634330 -0.13453091 0.01600000
v -0.05740251 -0.13858193 0.01600000
v -0.04821592 -0.14203952 0.01600000
v -0.03882286 -0.14488887 0.01600000
v -0.02926355 -0.14711779 0.01600000
v -0.01957893 -0.14871673 0.01600000
v -0.00981047 -0.14967884 0.01600000
v -0.00000000 -0.15000000 0.01600000
v 0.00981047 -0.14967884 0.01600000
v 0.01957893 -0.14871673 0.01600000
v 0.02926355 -0.14711779 0.01600000
v 0.03882286 -0.14488887 0.01600000
v 0.04821592 -0.14203952 0.01600000
v 0.05740251 -0.13858193 0.01600000
v 0.06634330 -0.13453091 0.01600000
v 0.07500000 -0.12990381 0.01600000
v 0.08333553 -0.12472044 0.01600000
v 0.09131421 -0.11900300 0.01600000
v 0.09890187 -0.11277597 0.01600000
v 0.10606602 -0.10606602 0.01600000
v 0.11277597 -0.09890187 0.01600000
v 0.11900300 -0.09131421 0.01600000
v 0.12472044 -0.08333553 0.01600000
v 0.12990381 -0.07500000 0.01600000
v 0.13453091 -0.06634330 0.01600000
v 0.13858193 -0.05740251 0.01600000
v 0.14203952 -0.04821592 0.01600000
v 0.14488887 -0.03882286 0.01600000
v 0.14711779 -0.02926355 0.01600000
v 0.14871673 -0.01957893 0.01600000
v 0.14967884 -0.00981047 0.01600000
v 0.00000000 0.00000000 0.00000000
v 0.00000000 0.00000000 0.01600000
v -0.15110990 0.00000000 0.23102391
v -0.15163438 0.00497488 0.23018476
v -0.15312797 0.00919239 0.22779508
v -0.15536327 0.01201043 0.22421867
v -0.15800000 0.01300000 0.22000000
v -0.16063673 0.01201043 0.21578133
v -0.16287203 0.00919239 0.21220492
v -0.16436562 0.00497488 0.20981524
v -0.16489010 0.00000000 0.20897609
v -0.16436562 -0.00497488 0.20981524
v -0.16287203 -0.00919239 0.21220492
v -0.16063673 -0.01201043 0.21578133
v -0.15800000 -0.01300000 0.22000000
v -0.15536327 -0.01201043 0.22421867
v -0.15312797 -0.00919239 0.22779508
v -0.15163438 -0.00497488 0.23018476
v -0.15389358 0.00000000 0.23261816
v -0.15435135 0.00497488 0.23174084
v -0.15565495 0.00919239 0.22924244
v -0.15760593 0.01201043 0.22550332
v -0.15990727 0.01300000 0.22109273
v -0.16220860 0.01201043 0.21668214
v -0.16415958 0.00919239 0.21294302
v -0.16546319 0.00497488 0.21044462
v -0.16592095 0.00000000 0.20956730
v -0.16546319 -0.00497488 0.21044462
v -0.16415958 -0.00919239 0.21294302
v -0.16220860 -0.01201043 0.21668214
v -0.15990727 -0.01300000 0.22109273
v -0.15760593 -0.01201043 0.22550332
v -0.15565495 -0.00919239 0.22924244
v -0.15435135 -0.00497488 0.23174084
v -0.15679301 0.00000000 0.23398455
v -0.15717766 0.00497488 0.23307280
v -0.15827304 0.00919239 0.23047635
v -0.15991240 0.01201043 0.22659050
v -0.16184614 0.01300000 0.22200682
v -0.16377989 0.01201043 0.21742315
v -0.16541925 0.00919239 0.21353729
v -0.16651463 0.00497488 0.21094085
v -0.16689927 0.00000000 0.21002910
v -0.16651463 -0.00497488 0.21094085
v -0.16541925 -0.00919239 0.21353729
v -0.16377989 -0.01201043 0.21742315
v -0.16184614 -0.01300000 0.22200682
v -0.15991240 -0.01201043 0.22659050
v -0.15827304 -0.00919239 0.23047635
v -0.15717766 -0.00497488 0.23307280
v -0.15979730 0.00000000 0.23510450
v -0.16010282 0.00497488 0.23416328
v -0.16097287 0.00919239 0.23148290
v -0.16227500 0.01201043 0.22747145
v -0.16381096 0.01300000 0.22273961
v -0.16534692 0.01201043 0.21800777
v -0.16664905 0.00919239 0.21399631
v -0.16751910 0.00497488 0.21131594
v -0.16782462 0.00000000 0.21037472
v -0.16751910 -0.00497488 0.21131594
v -0.16664905 -0.00919239 0.21399631
v -0.16534692 -0.01201043 0.21800777
v -0.16381096 -0.01300000 0.22273961
v -0.16227500 -0.01201043 0.22747145
v -0.16097287 -0.00919239 0.23148290
v -0.16010282 -0.00497488 0.23416328
v -0.16289051 0.00000000 0.23596010
v -0.16311168 0.00497488 0.23499557
v -0.16374150 0.00919239 0.23224881
v -0.16468410 0.01201043 0.22813799
v -0.16579597 0.01300000 0.22328894
v -0.16690784 0.01201043 0.21843990
v -0.16785044 0.00919239 0.21432908
v -0.16848026 0.00497488 0.21158232
v -0.16870143 0.00000000 0.21061778
v -0.16848026 -0.00497488 0.21158232
v -0.16785044 -0.00919239 0.21432908
v -0.16690784 -0.01201043 0.21843990
v -0.16579597 -0.01300000 0.22328894
v -0.16468410 -0.01201043 0.22813799
v -0.16374150 -0.00919239 0.23224881
v -0.16311168 -0.00497488 0.23499557
v -0.16605159 0.00000000 0.23653574
v -0.16618433 0.00497488 0.23555511
v -0.16656233 0.00919239 0.23276253
v -0.16712805 0.01201043 0.22858315
v -0.16779537 0.01300000 0.22365322
v -0.16846268 0.01201043 0.21872329
v -0.16902840 0.00919239 0.21454390
v -0.16940641 0.00497488 0.21175133
v -0.16953914 0.00000000 0.21077070
v -0.16940641 -0.00497488 0.21175133
v -0.16902840 -0.00919239 0.21454390
v -0.16846268 -0.01201043 0.21872329
v -0.16779537 -0.01300000 0.22365322
v -0.16712805 -0.01201043 0.22858315
v -0.16656233 -0.00919239 0.23276253
v -0.16618433 -0.00497488 0.23555511
v -0.16925492 0.00000000 0.23681980
v -0.16929667 0.00497488 0.23583112
v -0.16941554 0.00919239 0.23301558
v -0.16959345 0.01201043 0.22880183
v -0.16980331 0.01300000 0.22383138
v -0.17001317 0.01201043 0.21886092
v -0.17019108 0.00919239 0.21464717
v -0.17030995 0.00497488 0.21183163
v -0.17035170 0.00000000 0.21084295
v -0.17030995 -0.00497488 0.21183163
v -0.17019108 -0.00919239 0.21464717
v -0.17001317 -0.01201043 0.21886092
v -0.16980331 -0.01300000 0.22383138
v -0.16959345 -0.01201043 0.22880183
v -0.16941554 -0.00919239 0.23301558
v -0.16929667 -0.00497488 0.23583112
v -0.17247179 0.00000000 0.23680623
v -0.17242171 0.00497488 0.23581793
v -0.17227911 0.00919239 0.23300350
v -0.17206568 0.01201043 0.22879140
v -0.17181393 0.01300000 0.22382289
v -0.17156217 0.01201043 0.21885438
v -0.17134875 0.00919239 0.21464228
v -0.17120614 0.00497488 0.21182784
v -0.17115606 0.00000000 0.21083954
v -0.17120614 -0.00497488 0.21182784
v -0.17134875 -0.00919239 0.21464228
v -0.17156217 -0.01201043 0.21885438
v -0.17181393 -0.01300000 0.22382289
v -0.17206568 -0.01201043 0.22879140
v -0.17227911 -0.00919239 0.23300350
v -0.17242171 -0.00497488 0.23581793
v -0.17567244 0.00000000 0.23649532
v -0.17553153 0.00497488 0.23551583
v -0.17513026 0.00919239 0.23272650
v -0.17452972 0.01201043 0.22855197
v -0.17382134 0.01300000 0.22362778
v -0.17311295 0.01201043 0.21870359
v -0.17251241 0.00919239 0.21452906
v -0.17211114 0.00497488 0.21173973
v -0.17197023 0.00000000 0.21076025
v -0.17211114 -0.00497488 0.21173973
v -0.17251241 -0.00919239 0.21452906
v -0.17311295 -0.01201043 0.21870359
v -0.17382134 -0.01300000 0.22362778
v -0.17452972 -0.01201043 0.22855197
v -0.17513026 -0.00919239 0.23272650
v -0.17553153 -0.00497488 0.23551583
v -0.17882835 0.00000000 0.23589368
v -0.17859932 0.00497488 0.23493098
v -0.17794712 0.00919239 0.23218944
v -0.17697104 0.01201043 0.22808645
v -0.17581967 0.01300000 0.22324663
v -0.17466830 0.01201043 0.21840681
v -0.17369221 0.00919239 0.21430381
v -0.17304001 0.00497488 0.21156228
v -0.17281099 0.00000000 0.21059958
v -0.17304001 -0.00497488 0.21156228
v -0.17369221 -0.00919239 0.21430381
v -0.17466830 -0.01201043 0.21840681
v -0.17581967 -0.01300000 0.22324663
v -0.17697104 -0.01201043 0.22808645
v -0.17794712 -0.00919239 0.23218944
v -0.17859932 -0.00497488 0.23493098
v -0.18191427 0.00000000 0.23501335
v -0.18160133 0.00497488 0.23407457
v -0.18071013 0.00919239 0.23140115
v -0.17937637 0.01201043 0.22740010
v -0.17780308 0.01300000 0.22268054
v -0.17622980 0.01201043 0.21796098
v -0.17489603 0.00919239 0.21395993
v -0.17400483 0.00497488 0.21128652
v -0.17369189 0.00000000 0.21034774
v -0.17400483 -0.00497488 0.21128652
v -0.17489603 -0.00919239 0.21395993
v -0.17622980 -0.01201043 0.21796098
v -0.17780308 -0.01300000 0.22268054
v -0.17937637 -0.01201043 0.22740010
v -0.18071013 -0.00919239 0.23140115
v -0.18160133 -0.00497488 0.23407457
v -0.18490960 0.00000000 0.23387023
v -0.18451805 0.00497488 0.23296143
v -0.18340301 0.00919239 0.23037337
v -0.18173423 0.01201043 0.22650006
v -0.17976577 0.01300000 0.22193118
v -0.17779732 0.01201043 0.21736230
v -0.17612854 0.00919239 0.21348899
v -0.17501350 0.00497488 0.21090093
v -0.17462195 0.00000000 0.20999212
v -0.17501350 -0.00497488 0.21090093
v -0.17612854 -0.00919239 0.21348899
v -0.17779732 -0.01201043 0.21736230
v -0.17976577 -0.01300000 0.22193118
v -0.18173423 -0.01201043 0.22650006
v -0.18340301 -0.00919239 0.23037337
v -0.18451805 -0.00497488 0.23296143
v -0.18779889 0.00000000 0.23248237
v -0.18733479 0.00497488 0.23160838
v -0.18601315 0.00919239 0.22911947
v -0.18403518 0.01201043 0.22539456
v -0.18170201 0.01300000 0.22100073
v -0.17936884 0.01201043 0.21660689
v -0.17739087 0.00919239 0.21288198
v -0.17606923 0.00497488 0.21039307
v -0.17560513 0.00000000 0.20951909
v -0.17606923 -0.00497488 0.21039307
v -0.17739087 -0.00919239 0.21288198
v -0.17936884 -0.01201043 0.21660689
v -0.18170201 -0.01300000 0.22100073
v -0.18403518 -0.01201043 0.22539456
v -0.18601315 -0.00919239 0.22911947
v -0.18733479 -0.00497488 0.23160838
v -0.19057166 0.00000000 0.23086831
v -0.19004144 0.00497488 0.23003278
v -0.18853150 0.00919239 0.22765339
v -0.18627172 0.01201043 0.22409239
v -0.18360613 0.01300000 0.21989191
v -0.18094053 0.01201043 0.21569142
v -0.17868075 0.00919239 0.21213042
v -0.17717081 0.00497488 0.20975104
v -0.17664059 0.00000000 0.20891551
v -0.17717081 -0.00497488 0.20975104
v -0.17868075 -0.00919239 0.21213042
v -0.18094053 -0.01201043 0.21569142
v -0.18360613 -0.01300000 0.21989191
v -0.18627172 -0.01201043 0.22409239
v -0.18853150 -0.00919239 0.22765339
v -0.19004144 -0.00497488 0.23003278
v -0.19322171 0.00000000 0.22904591
v -0.19263184 0.00497488 0.22825137
v -0.19095203 0.00919239 0.22598871
v -0.18843803 0.01201043 0.22260240
v -0.18547256 0.01300000 0.21860797
v -0.18250708 0.01201043 0.21461354
v -0.17999308 0.00919239 0.21122723
v -0.17831327 0.00497488 0.20896457
v -0.17772340 0.00000000 0.20817003
v -0.17831327 -0.00497488 0.20896457
v -0.17999308 -0.00919239 0.21122723
v -0.18250708 -0.01201043 0.21461354
v -0.18547256 -0.01300000 0.21860797
v -0.18843803 -0.01201043 0.22260240
v -0.19095203 -0.00919239 0.22598871
v -0.19263184 -0.00497488 0.22825137
v -0.19574608 0.00000000 0.22703159
v -0.19510285 0.00497488 0.22627960
v -0.19327106 0.00919239 0.22413812
v -0.19052961 0.01201043 0.22093316
v -0.18729584 0.01300000 0.21715266
v -0.18406207 0.01201043 0.21337215
v -0.18132062 0.00919239 0.21016719
v -0.17948883 0.00497488 0.20802571
v -0.17884560 0.00000000 0.20727372
v -0.17948883 -0.00497488 0.20802571
v -0.18132062 -0.00919239 0.21016719
v -0.18406207 -0.01201043 0.21337215
v -0.18729584 -0.01300000 0.21715266
v -0.19052961 -0.01201043 0.22093316
v -0.19327106 -0.00919239 0.22413812
v -0.19510285 -0.00497488 0.22627960
v -0.19814413 0.00000000 0.22484001
v -0.19745345 0.00497488 0.22413134
v -0.19548657 0.00919239 0.22211324
v -0.19254292 0.01201043 0.21909293
v -0.18907065 0.01300000 0.21553023
v -0.18559838 0.01201043 0.21196753
v -0.18265473 0.00919239 0.20894723
v -0.18068784 0.00497488 0.20692912
v -0.17999717 0.00000000 0.20622046
v -0.18068784 -0.00497488 0.20692912
v -0.18265473 -0.00919239 0.20894723
v -0.18559838 -0.01201043 0.21196753
v -0.18907065 -0.01300000 0.21553023
v -0.19254292 -0.01201043 0.21909293
v -0.19548657 -0.00919239 0.22211324
v -0.19745345 -0.00497488 0.22413134
v -0.20041662 0.00000000 0.22248401
v -0.19968397 0.00497488 0.22181883
v -0.19759757 0.00919239 0.21992454
v -0.19447505 0.01201043 0.21708954
v -0.19079179 0.01300000 0.21374543
v -0.18710853 0.01201043 0.21040133
v -0.18398601 0.00919239 0.20756633
v -0.18189962 0.00497488 0.20567204
v -0.18116697 0.00000000 0.20500686
v -0.18189962 -0.00497488 0.20567204
v -0.18398601 -0.00919239 0.20756633
v -0.18710853 -0.01201043 0.21040133
v -0.19079179 -0.01300000 0.21374543
v -0.19447505 -0.01201043 0.21708954
v -0.19759757 -0.00919239 0.21992454
v -0.19968397 -0.00497488 0.22181883
v -0.20256503 0.00000000 0.21997489
v -0.20179539 0.00497488 0.21935288
v -0.19960365 0.00919239 0.21758154
v -0.19632347 0.01201043 0.21493055
v -0.19245424 0.01300000 0.21180349
v -0.18858501 0.01201043 0.20867642
v -0.18530483 0.00919239 0.20602543
v -0.18311309 0.00497488 0.20425409
v -0.18234345 0.00000000 0.20363208
v -0.18311309 -0.00497488 0.20425409
v -0.18530483 -0.00919239 0.20602543
v -0.18858501 -0.01201043 0.20867642
v -0.19245424 -0.01300000 0.21180349
v -0.19632347 -0.01201043 0.21493055
v -0.19960365 -0.00919239 0.21758154
v -0.20179539 -0.00497488 0.21935288
v -0.20459111 0.00000000 0.21732261
v -0.20378895 0.00497488 0.21674314
v -0.20150461 0.00919239 0.21509295
v -0.19808584 0.01201043 0.21262326
v -0.19405313 0.01300000 0.20971007
v -0.19002041 0.01201043 0.20679687
v -0.18660164 0.00919239 0.20432718
v -0.18431730 0.00497488 0.20267699
v -0.18351514 0.00000000 0.20209752
v -0.18431730 -0.00497488 0.20267699
v -0.18660164 -0.00919239 0.20432718
v -0.19002041 -0.01201043 0.20679687
v -0.19405313 -0.01300000 0.20971007
v -0.19808584 -0.01201043 0.21262326
v -0.20150461 -0.00919239 0.21509295
v -0.20378895 -0.00497488 0.21674314
v -0.20649653 0.00000000 0.21453613
v -0.20566584 0.00497488 0.21399835
v -0.20330026 0.00919239 0.21246689
v -0.19975991 0.01201043 0.21017489
v -0.19558378 0.01300000 0.20747129
v -0.19140765 0.01201043 0.20476770
v -0.18786730 0.00919239 0.20247570
v -0.18550171 0.00497488 0.20094423
v -0.18467103 0.00000000 0.20040645
v -0.18550171 -0.00497488 0.20094423
v -0.18786730 -0.00919239 0.20247570
v -0.19140765 -0.01201043 0.20476770
v -0.19558378 -0.01300000 0.20747129
v -0.19975991 -0.01201043 0.21017489
v -0.20330026 -0.00919239 0.21246689
v -0.20566584 -0.00497488 0.21399835
v -0.20828269 0.00000000 0.21162370
v -0.20742702 0.00497488 0.21112663
v -0.20499028 0.00919239 0.20971111
v -0.20134345 0.01201043 0.20759263
v -0.19704172 0.01300000 0.20509371
v -0.19273999 0.01201043 0.20259480
v -0.18909316 0.00919239 0.20047632
v -0.18665642 0.00497488 0.19906079
v -0.18580075 0.00000000 0.19856373
v -0.18665642 -0.00497488 0.19906079
v -0.18909316 -0.00919239 0.20047632
v -0.19273999 -0.01201043 0.20259480
v -0.19704172 -0.01300000 0.20509371
v -0.20134345 -0.01201043 0.20759263
v -0.20499028 -0.00919239 0.20971111
v -0.20742702 -0.00497488 0.21112663
v -0.20995066 0.00000000 0.20859310
v -0.20907315 0.00497488 0.20813570
v -0.20657420 0.00919239 0.20683316
v -0.20283425 0.01201043 0.20488375
v -0.19842269 0.01300000 0.20258428
v -0.19401113 0.01201043 0.20028480
v -0.19027119 0.00919239 0.19833540
v -0.18777224 0.00497488 0.19703285
v -0.18689472 0.00000000 0.19657546
v -0.18777224 -0.00497488 0.19703285
v -0.19027119 -0.00919239 0.19833540
v -0.19401113 -0.01201043 0.20028480
v -0.19842269 -0.01300000 0.20258428
v -0.20283425 -0.01201043 0.20488375
v -0.20657420 -0.00919239 0.20683316
v -0.20907315 -0.00497488 0.20813570
v -0.21150115 0.00000000 0.20545186
v -0.21060457 0.00497488 0.20503308
v -0.20805131 0.00919239 0.20384050
v -0.20423009 0.01201043 0.20205567
v -0.19972265 0.01300000 0.19995033
v -0.19521521 0.01201043 0.19784498
v -0.19139399 0.00919239 0.19606016
v -0.18884073 0.00497488 0.19486757
v -0.18794415 0.00000000 0.19444879
v -0.18884073 -0.00497488 0.19486757
v -0.19139399 -0.00919239 0.19606016
v -0.19521521 -0.01201043 0.19784498
v -0.19972265 -0.01300000 0.19995033
v -0.20423009 -0.01201043 0.20205567
v -0.20805131 -0.00919239 0.20384050
v -0.21060457 -0.00497488 0.20503308
v -0.21293453 0.00000000 0.20220740
v -0.21202133 0.00497488 0.20182620
v -0.20942077 0.00919239 0.20074064
v -0.20552875 0.01201043 0.19911598
v -0.20093780 0.01300000 0.19719956
v -0.19634685 0.01201043 0.19528314
v -0.19245483 0.00919239 0.19365848
v -0.18985426 0.00497488 0.19257292
v -0.18894107 0.00000000 0.19219172
v -0.18985426 -0.00497488 0.19257292
v -0.19245483 -0.00919239 0.19365848
v -0.19634685 -0.01201043 0.19528314
v -0.20093780 -0.01300000 0.19719956
v -0.20552875 -0.01201043 0.19911598
v -0.20942077 -0.00919239 0.20074064
v -0.21202133 -0.00497488 0.20182620
v -0.21425085 0.00000000 0.19886716
v -0.21332322 0.00497488 0.19852255
v -0.21068157 0.00919239 0.19754119
v -0.20672806 0.01201043 0.19607248
v -0.20206458 0.01300000 0.19434003
v -0.19740110 0.01201043 0.19260757
v -0.19344759 0.00919239 0.19113886
v -0.19080594 0.00497488 0.19015750
v -0.18987831 0.00000000 0.18981290
v -0.19080594 -0.00497488 0.19015750
v -0.19344759 -0.00919239 0.19113886
v -0.19740110 -0.01201043 0.19260757
v -0.20206458 -0.01300000 0.19434003
v -0.20672806 -0.01201043 0.19607248
v -0.21068157 -0.00919239 0.19754119
v -0.21332322 -0.00497488 0.19852255
v -0.21544993 0.00000000 0.19543863
v -0.21450983 0.00497488 0.19512969
v -0.21183263 0.00919239 0.19424991
v -0.20782593 0.01201043 0.19293322
v -0.20309970 0.01300000 0.19138008
v -0.19837347 0.01201043 0.18982694
v -0.19436677 0.00919239 0.18851025
v -0.19168958 0.00497488 0.18763046
v -0.19074947 0.00000000 0.18732152
v -0.19168958 -0.00497488 0.18763046
v -0.19436677 -0.00919239 0.18851025
v -0.19837347 -0.01201043 0.18982694
v -0.20309970 -0.01300000 0.19138008
v -0.20782593 -0.01201043 0.19293322
v -0.21183263 -0.00919239 0.19424991
v -0.21450983 -0.00497488 0.19512969
v -0.21653141 0.00000000 0.19192950
v -0.21558057 0.00497488 0.19165538
v -0.21287280 0.00919239 0.19087475
v -0.20882034 0.01201043 0.18970647
v -0.20404014 0.01300000 0.18832838
v -0.19925994 0.01201043 0.18695029
v -0.19520747 0.00919239 0.18578200
v -0.19249971 0.00497488 0.18500137
v -0.19154887 0.00000000 0.18472725
v -0.19249971 -0.00497488 0.18500137
v -0.19520747 -0.00919239 0.18578200
v -0.19925994 -0.01201043 0.18695029
v -0.20404014 -0.01300000 0.18832838
v -0.20882034 -0.01201043 0.18970647
v -0.21287280 -0.00919239 0.19087475
v -0.21558057 -0.00497488 0.19165538
v -0.21749480 0.00000000 0.18834758
v -0.21653479 0.00497488 0.18810752
v -0.21380093 0.00919239 0.18742387
v -0.20970941 0.01201043 0.18640073
v -0.20488314 0.01300000 0.18519384
v -0.20005687 0.01201043 0.18398696
v -0.19596535 0.00919239 0.18296381
v -0.19323149 0.00497488 0.18228017
v -0.19227148 0.00000000 0.18204010
v -0.19323149 -0.00497488 0.18228017
v -0.19596535 -0.00919239 0.18296381
v -0.20005687 -0.01201043 0.18398696
v -0.20488314 -0.01300000 0.18519384
v -0.20970941 -0.01201043 0.18640073
v -0.21380093 -0.00919239 0.18742387
v -0.21653479 -0.00497488 0.18810752
v -0.21833951 0.00000000 0.18470090
v -0.21737177 0.00497488 0.18449421
v -0.21461588 0.00919239 0.18390562
v -0.21049140 0.01201043 0.18302473
v -0.20562624 0.01300000 0.18198564
v -0.20076108 0.01201043 0.18094656
v -0.19663660 0.00919239 0.18006566
v -0.19388070 0.00497488 0.17947707
v -0.19291296 0.00000000 0.17927038
v -0.19388070 -0.00497488 0.17947707
v -0.19663660 -0.00919239 0.18006566
v -0.20076108 -0.01201043 0.18094656
v -0.20562624 -0.01300000 0.18198564
v -0.21049140 -0.01201043 0.18302473
v -0.21461588 -0.00919239 0.18390562
v -0.21737177 -0.00497488 0.18449421
v -0.21906496 0.00000000 0.18099765
v -0.21809079 0.00497488 0.18082376
v -0.21531660 0.00919239 0.18032854
v -0.21116473 0.01201043 0.17958739
v -0.20626726 0.01300000 0.17871315
v -0.20136980 0.01201043 0.17783891
v -0.19721793 0.00919239 0.17709777
v -0.19444373 0.00497488 0.17660255
v -0.19346957 0.00000000 0.17642865
v -0.19444373 -0.00497488 0.17660255
v -0.19721793 -0.00919239 0.17709777
v -0.20136980 -0.01201043 0.17783891
v -0.20626726 -0.01300000 0.17871315
v -0.21116473 -0.01201043 0.17958739
v -0.21531660 -0.00919239 0.18032854
v -0.21809079 -0.00497488 0.18082376
v -0.21967055 0.00000000 0.17724622
v -0.21869117 0.00497488 0.17710461
v -0.21590213 0.00919239 0.17670136
v -0.21172803 0.01201043 0.17609784
v -0.20680434 0.01300000 0.17538595
v -0.20188065 0.01201043 0.17467406
v -0.19770656 0.00919239 0.17407054
v -0.19491751 0.00497488 0.17366729
v -0.19393813 0.00000000 0.17352568
v -0.19491751 -0.00497488 0.17366729
v -0.19770656 -0.00919239 0.17407054
v -0.20188065 -0.01201043 0.17467406
v -0.20680434 -0.01300000 0.17538595
v -0.21172803 -0.01201043 0.17609784
v -0.21590213 -0.00919239 0.17670136
v -0.21869117 -0.00497488 0.17710461
v -0.22015575 0.00000000 0.17345512
v -0.21917228 0.00497488 0.17334540
v -0.21637161 0.00919239 0.17303295
v -0.21218011 0.01201043 0.17256534
v -0.20723590 0.01300000 0.17201376
v -0.20229169 0.01201043 0.17146217
v -0.19810019 0.00919239 0.17099456
v -0.19529952 0.00497488 0.17068211
v -0.19431605 0.00000000 0.17057239
v -0.19529952 -0.00497488 0.17068211
v -0.19810019 -0.00919239 0.17099456
v -0.20229169 -0.01201043 0.17146217
v -0.20723590 -0.01300000 0.17201376
v -0.21218011 -0.01201043 0.17256534
v -0.21637161 -0.00919239 0.17303295
v -0.21917228 -0.00497488 0.17334540
v -0.22052008 0.00000000 0.16963303
v -0.21953360 0.00497488 0.16955489
v -0.21672436 0.00919239 0.16933235
v -0.21252003 0.01201043 0.16899930
v -0.20756068 0.01300000 0.16860643
v -0.20260133 0.01201043 0.16821357
v -0.19839700 0.00919239 0.16788052
v -0.19558775 0.00497488 0.16765798
v -0.19460128 0.00000000 0.16757984
v -0.19558775 -0.00497488 0.16765798
v -0.19839700 -0.00919239 0.16788052
v -0.20260133 -0.01201043 0.16821357
v -0.20756068 -0.01300000 0.16860643
v -0.21252003 -0.01201043 0.16899930
v -0.21672436 -0.00919239 0.16933235
v -0.21953360 -0.00497488 0.16955489
v -0.22076318 0.00000000 0.16578873
v -0.21977472 0.00497488 0.16574193
v -0.21695983 0.00919239 0.16560866
v -0.21274704 0.01201043 0.16540921
v -0.20777772 0.01300000 0.16517395
v -0.20280841 0.01201043 0.16493868
v -0.19859562 0.00919239 0.16473923
v -0.19578073 0.00497488 0.16460596
v -0.19479227 0.00000000 0.16455917
v -0.19578073 -0.00497488 0.16460596
v -0.19859562 -0.00919239 0.16473923
v -0.20280841 -0.01201043 0.16493868
v -0.20777772 -0.01300000 0.16517395
v -0.21274704 -0.01201043 0.16540921
v -0.21695983 -0.00919239 0.16560866
v -0.21977472 -0.00497488 0.16574193
v -0.22088480 0.00000000 0.16193106
v -0.21989535 0.00497488 0.16191548
v -0.21707766 0.00919239 0.16187110
v -0.21286067 0.01201043 0.16180468
v -0.20788641 0.01300000 0.16172633
v -0.20291214 0.01201043 0.16164798
v -0.19869516 0.00919239 0.16158157
v -0.19587746 0.00497488 0.16153718
v -0.19488802 0.00000000 0.16152160
v -0.19587746 -0.00497488 0.16153718
v -0.19869516 -0.00919239 0.16158157
v -0.20291214 -0.01201043 0.16164798
v -0.20788641 -0.01300000 0.16172633
v -0.21286067 -0.01201043 0.16180468
v -0.21707766 -0.00919239 0.16187110
v -0.21989535 -0.00497488 0.16191548
v -0.22088480 0.00000000 0.15806894
v -0.21989535 0.00497488 0.15808452
v -0.21707766 0.00919239 0.15812890
v -0.21286067 0.01201043 0.15819532
v -0.20788641 0.01300000 0.15827367
v -0.20291214 0.01201043 0.15835202
v -0.19869516 0.00919239 0.15841843
v -0.19587746 0.00497488 0.15846282
v -0.19488802 0.00000000 0.15847840
v -0.19587746 -0.00497488 0.15846282
v -0.19869516 -0.00919239 0.15841843
v -0.20291214 -0.01201043 0.15835202
v -0.20788641 -0.01300000 0.15827367
v -0.21286067 -0.01201043 0.15819532
v -0.21707766 -0.00919239 0.15812890
v -0.21989535 -0.00497488 0.15808452
v -0.22076318 0.00000000 0.15421127
v -0.21977472 0.00497488 0.15425807
v -0.21695983 0.00919239 0.15439134
v -0.21274704 0.01201043 0.15459079
v -0.20777772 0.01300000 0.15482605
v -0.20280841 0.01201043 0.15506132
v -0.19859562 0.00919239 0.15526077
v -0.19578073 0.00497488 0.15539404
v -0.19479227 0.00000000 0.15544083
v -0.19578073 -0.00497488 0.15539404
v -0.19859562 -0.00919239 0.15526077
v -0.20280841 -0.01201043 0.15506132
v -0.20777772 -0.01300000 0.15482605
v -0.21274704 -0.01201043 0.15459079
v -0.21695983 -0.00919239 0.15439134
v -0.21977472 -0.00497488 0.15425807
v -0.22052008 0.00000000 0.15036697
v -0.21953360 0.00497488 0.15044511
v -0.21672436 0.00919239 0.15066765
v -0.21252003 0.01201043 0.15100070
v -0.20756068 0.01300000 0.15139357
v -0.20260133 0.01201043 0.15178643
v -0.19839700 0.00919239 0.15211948
v -0.19558775 0.00497488 0.15234202
v -0.19460128 0.00000000 0.15242016
v -0.19558775 -0.00497488 0.15234202
v -0.19839700 -0.00919239 0.15211948
v -0.20260133 -0.01201043 0.15178643
v -0.20756068 -0.01300000 0.15139357
v -0.21252003 -0.01201043 0.15100070
v -0.21672436 -0.00919239 0.15066765
v -0.21953360 -0.00497488 0.15044511
v -0.22015575 0.00000000 0.14654488
v -0.21917228 0.00497488 0.14665460
v -0.21637161 0.00919239 0.14696705
v -0.21218011 0.01201043 0.14743466
v -0.20723590 0.01300000 0.14798624
v -0.20229169 0.01201043 0.14853783
v -0.19810019 0.00919239 0.14900544
v -0.19529952 0.00497488 0.14931789
v -0.19431605 0.00000000 0.14942761
v -0.19529952 -0.00497488 0.14931789
v -0.19810019 -0.00919239 0.14900544
v -0.20229169 -0.01201043 0.14853783
v -0.20723590 -0.01300000 0.14798624
v -0.21218011 -0.01201043 0.14743466
v -0.21637161 -0.00919239 0.14696705
v -0.21917228 -0.00497488 0.14665460
v -0.21967055 0.00000000 0.14275378
v -0.21869117 0.00497488 0.14289539
v -0.21590213 0.00919239 0.14329864
v -0.21172803 0.01201043 0.14390216
v -0.20680434 0.01300000 0.14461405
v -0.20188065 0.01201043 0.14532594
v -0.19770656 0.00919239 0.14592946
v -0.19491751 0.00497488 0.14633271
v -0.19393813 0.00000000 0.14647432
v -0.19491751 -0.00497488 0.14633271
v -0.19770656 -0.00919239 0.14592946
v -0.20188065 -0.01201043 0.14532594
v -0.20680434 -0.01300000 0.14461405
v -0.21172803 -0.01201043 0.14390216
v -0.21590213 -0.00919239 0.14329864
v -0.21869117 -0.00497488 0.14289539
v -0.21906496 0.00000000 0.13900235
v -0.21809079 0.00497488 0.13917624
v -0.21531660 0.00919239 0.13967146
v -0.21116473 0.01201043 0.14041261
v -0.20626726 0.01300000 0.14128685
v -0.20136980 0.01201043 0.14216109
v -0.19721793 0.00919239 0.14290223
v -0.19444373 0.00497488 0.14339745
v -0.19346957 0.00000000 0.14357135
v -0.19444373 -0.00497488 0.14339745
v -0.19721793 -0.00919239 0.14290223
v -0.20136980 -0.01201043 0.14216109
v -0.20626726 -0.01300000 0.14128685
v -0.21116473 -0.01201043 0.14041261
v -0.21531660 -0.00919239 0.13967146
v -0.21809079 -0.00497488 0.13917624
v -0.21833951 0.00000000 0.13529910
v -0.21737177 0.00497488 0.13550579
v -0.21461588 0.00919239 0.13609438
v -0.21049140 0.01201043 0.13697527
v -0.20562624 0.01300000 0.13801436
v -0.20076108 0.01201043 0.13905344
v -0.19663660 0.00919239 0.13993434
v -0.19388070 0.00497488 0.14052293
v -0.19291296 0.00000000 0.14072962
v -0.19388070 -0.00497488 0.14052293
v -0.19663660 -0.00919239 0.13993434
v -0.20076108 -0.01201043 0.13905344
v -0.20562624 -0.01300000 0.13801436
v -0.21049140 -0.01201043 0.13697527
v -0.21461588 -0.00919239 0.13609438
v -0.21737177 -0.00497488 0.13550579
v -0.21749480 0.00000000 0.13165242
v -0.21653479 0.00497488 0.13189248
v -0.21380093 0.00919239 0.13257613
v -0.20970941 0.01201043 0.13359927
v -0.20488314 0.01300000 0.13480616
v -0.20005687 0.01201043 0.13601304
v -0.19596535 0.00919239 0.13703619
v -0.19323149 0.00497488 0.13771983
v -0.19227148 0.00000000 0.13795990
v -0.19323149 -0.00497488 0.13771983
v -0.19596535 -0.00919239 0.13703619
v -0.20005687 -0.01201043 0.13601304
v -0.20488314 -0.01300000 0.13480616
v -0.20970941 -0.01201043 0.13359927
v -0.21380093 -0.00919239 0.13257613
v -0.21653479 -0.00497488 0.13189248
v -0.21653141 0.00000000 0.12807050
v -0.21558057 0.00497488 0.12834462
v -0.21287280 0.00919239 0.12912525
v -0.20882034 0.01201043 0.13029353
v -0.20404014 0.01300000 0.13167162
v -0.19925994 0.01201043 0.13304971
v -0.19520747 0.00919239 0.13421800
v -0.19249971 0.00497488 0.13499863
v -0.19154887 0.00000000 0.13527275
v -0.19249971 -0.00497488 0.13499863
v -0.19520747 -0.00919239 0.13421800
v -0.19925994 -0.01201043 0.13304971
v -0.20404014 -0.01300000 0.13167162
v -0.20882034 -0.01201043 0.13029353
v -0.21287280 -0.00919239 0.12912525
v -0.21558057 -0.00497488 0.12834462
v -0.21544993 0.00000000 0.12456137
v -0.21450983 0.00497488 0.12487031
v -0.21183263 0.00919239 0.12575009
v -0.20782593 0.01201043 0.12706678
v -0.20309970 0.01300000 0.12861992
v -0.19837347 0.01201043 0.13017306
v -0.19436677 0.00919239 0.13148975
v -0.19168958 0.00497488 0.13236954
v -0.19074947 0.00000000 0.13267848
v -0.19168958 -0.00497488 0.13236954
v -0.19436677 -0.00919239 0.13148975
v -0.19837347 -0.01201043 0.13017306
v -0.20309970 -0.01300000 0.12861992
v -0.20782593 -0.01201043 0.12706678
v -0.21183263 -0.00919239 0.12575009
v -0.21450983 -0.00497488 0.12487031
v -0.21425085 0.00000000 0.12113284
v -0.21332322 0.00497488 0.12147745
v -0.21068157 0.00919239 0.12245881
v -0.20672806 0.01201043 0.12392752
v -0.20206458 0.01300000 0.12565997
v -0.19740110 0.01201043 0.12739243
v -0.19344759 0.00919239 0.12886114
v -0.19080594 0.00497488 0.12984250
v -0.18987831 0.00000000 0.13018710
v -0.19080594 -0.00497488 0.12984250
v -0.19344759 -0.00919239 0.12886114
v -0.19740110 -0.01201043 0.12739243
v -0.20206458 -0.01300000 0.12565997
v -0.20672806 -0.01201043 0.12392752
v -0.21068157 -0.00919239 0.12245881
v -0.21332322 -0.00497488 0.12147745
v -0.21293453 0.00000000 0.11779260
v -0.21202133 0.00497488 0.11817380
v -0.20942077 0.00919239 0.11925936
v -0.20552875 0.01201043 0.12088402
v -0.20093780 0.01300000 0.12280044
v -0.19634685 0.01201043 0.12471686
v -0.19245483 0.00919239 0.12634152
v -0.18985426 0.00497488 0.12742708
v -0.18894107 0.00000000 0.12780828
v -0.18985426 -0.00497488 0.12742708
v -0.19245483 -0.00919239 0.12634152
v -0.19634685 -0.01201043 0.12471686
v -0.20093780 -0.01300000 0.12280044
v -0.20552875 -0.01201043 0.12088402
v -0.20942077 -0.00919239 0.11925936
v -0.21202133 -0.00497488 0.11817380
v -0.21150115 0.00000000 0.11454814
v -0.21060457 0.00497488 0.11496692
v -0.20805131 0.00919239 0.11615950
v -0.20423009 0.01201043 0.11794433
v -0.19972265 0.01300000 0.12004967
v -0.19521521 0.01201043 0.12215502
v -0.19139399 0.00919239 0.12393984
v -0.18884073 0.00497488 0.12513243
v -0.18794415 0.00000000 0.12555121
v -0.18884073 -0.00497488 0.12513243
v -0.19139399 -0.00919239 0.12393984
v -0.19521521 -0.01201043 0.12215502
v -0.19972265 -0.01300000 0.12004967
v -0.20423009 -0.01201043 0.11794433
v -0.20805131 -0.00919239 0.11615950
v -0.21060457 -0.00497488 0.11496692
v -0.20995066 0.00000000 0.11140690
v -0.20907315 0.00497488 0.11186430
v -0.20657420 0.00919239 0.11316684
v -0.20283425 0.01201043 0.11511625
v -0.19842269 0.01300000 0.11741572
v -0.19401113 0.01201043 0.11971520
v -0.19027119 0.00919239 0.12166460
v -0.18777224 0.00497488 0.12296715
v -0.18689472 0.00000000 0.12342454
v -0.18777224 -0.00497488 0.12296715
v -0.19027119 -0.00919239 0.12166460
v -0.19401113 -0.01201043 0.11971520
v -0.19842269 -0.01300000 0.11741572
v -0.20283425 -0.01201043 0.11511625
v -0.20657420 -0.00919239 0.11316684
v -0.20907315 -0.00497488 0.11186430
v -0.20828269 0.00000000 0.10837630
v -0.20742702 0.00497488 0.10887337
v -0.20499028 0.00919239 0.11028889
v -0.20134345 0.01201043 0.11240737
v -0.19704172 0.01300000 0.11490629
v -0.19273999 0.01201043 0.11740520
v -0.18909316 0.00919239 0.11952368
v -0.18665642 0.00497488 0.12093921
v -0.18580075 0.00000000 0.12143627
v -0.18665642 -0.00497488 0.12093921
v -0.18909316 -0.00919239 0.11952368
v -0.19273999 -0.01201043 0.11740520
v -0.19704172 -0.01300000 0.11490629
v -0.20134345 -0.01201043 0.11240737
v -0.20499028 -0.00919239 0.11028889
v -0.20742702 -0.00497488 0.10887337
v -0.20649653 0.00000000 0.10546387
v -0.20566584 0.00497488 0.10600165
v -0.20330026 0.00919239 0.10753311
v -0.19975991 0.01201043 0.10982511
v -0.19558378 0.01300000 0.11252871
v -0.19140765 0.01201043 0.11523230
v -0.18786730 0.00919239 0.11752430
v -0.18550171 0.00497488 0.11905577
v -0.18467103 0.00000000 0.11959355
v -0.18550171 -0.00497488 0.11905577
v -0.18786730 -0.00919239 0.11752430
v -0.19140765 -0.01201043 0.11523230
v -0.19558378 -0.01300000 0.11252871
v -0.19975991 -0.01201043 0.10982511
v -0.20330026 -0.00919239 0.10753311
v -0.20566584 -0.00497488 0.10600165
v -0.20459111 0.00000000 0.10267739
v -0.20378895 0.00497488 0.10325686
v -0.20150461 0.00919239 0.10490705
v -0.19808584 0.01201043 0.10737674
v -0.19405313 0.01300000 0.11028993
v -0.19002041 0.01201043 0.11320313
v -0.18660164 0.00919239 0.11567282
v -0.18431730 0.00497488 0.11732301
v -0.18351514 0.00000000 0.11790248
v -0.18431730 -0.00497488 0.11732301
v -0.18660164 -0.00919239 0.11567282
v -0.19002041 -0.01201043 0.11320313
v -0.19405313 -0.01300000 0.11028993
v -0.19808584 -0.01201043 0.10737674
v -0.20150461 -0.00919239 0.10490705
v -0.20378895 -0.00497488 0.10325686
v -0.20256503 0.00000000 0.10002511
v -0.20179539 0.00497488 0.10064712
v -0.19960365 0.00919239 0.10241846
v -0.19632347 0.01201043 0.10506945
v -0.19245424 0.01300000 0.10819651
v -0.18858501 0.01201043 0.11132358
v -0.18530483 0.00919239 0.11397457
v -0.18311309 0.00497488 0.11574591
v -0.18234345 0.00000000 0.11636792
v -0.18311309 -0.00497488 0.11574591
v -0.18530483 -0.00919239 0.11397457
v -0.18858501 -0.01201043 0.11132358
v -0.19245424 -0.01300000 0.10819651
v -0.19632347 -0.01201043 0.10506945
v -0.19960365 -0.00919239 0.10241846
v -0.20179539 -0.00497488 0.10064712
v -0.20041662 0.00000000 0.09751599
v -0.19968397 0.00497488 0.09818117
v -0.19759757 0.00919239 0.10007546
v -0.19447505 0.01201043 0.10291046
v -0.19079179 0.01300000 0.10625457
v -0.18710853 0.01201043 0.10959867
v -0.18398601 0.00919239 0.11243367
v -0.18189962 0.00497488 0.11432796
v -0.18116697 0.00000000 0.11499314
v -0.18189962 -0.00497488 0.11432796
v -0.18398601 -0.00919239 0.11243367
v -0.18710853 -0.01201043 0.10959867
v -0.19079179 -0.01300000 0.10625457
v -0.19447505 -0.01201043 0.10291046
v -0.19759757 -0.00919239 0.10007546
v -0.19968397 -0.00497488 0.09818117
v -0.19814413 0.00000000 0.09515999
v -0.19745345 0.00497488 0.09586866
v -0.19548657 0.00919239 0.09788676
v -0.19254292 0.01201043 0.10090707
v -0.18907065 0.01300000 0.10446977
v -0.18559838 0.01201043 0.10803247
v -0.18265473 0.00919239 0.11105277
v -0.18068784 0.00497488 0.11307088
v -0.17999717 0.00000000 0.11377954
v -0.18068784 -0.00497488 0.11307088
v -0.18265473 -0.00919239 0.11105277
v -0.18559838 -0.01201043 0.10803247
v -0.18907065 -0.01300000 0.10446977
v -0.19254292 -0.01201043 0.10090707
v -0.19548657 -0.00919239 0.09788676
v -0.19745345 -0.00497488 0.09586866
v -0.19574608 0.00000000 0.09296841
v -0.19510285 0.00497488 0.09372040
v -0.19327106 0.00919239 0.09586188
v -0.19052961 0.01201043 0.09906684
v -0.18729584 0.01300000 0.10284734
v -0.18406207 0.01201043 0.10662785
v -0.18132062 0.00919239 0.10983281
v -0.17948883 0.00497488 0.11197429
v -0.17884560 0.00000000 0.11272628
v -0.17948883 -0.00497488 0.11197429
v -0.18132062 -0.00919239 0.10983281
v -0.18406207 -0.01201043 0.10662785
v -0.18729584 -0.01300000 0.10284734
v -0.19052961 -0.01201043 0.09906684
v -0.19327106 -0.00919239 0.09586188
v -0.19510285 -0.00497488 0.09372040
v -0.19322171 0.00000000 0.09095409
v -0.19263184 0.00497488 0.09174863
v -0.19095203 0.00919239 0.09401129
v -0.18843803 0.01201043 0.09739760
v -0.18547256 0.01300000 0.10139203
v -0.18250708 0.01201043 0.10538646
v -0.17999308 0.00919239 0.10877277
v -0.17831327 0.00497488 0.11103543
v -0.17772340 0.00000000 0.11182997
v -0.17831327 -0.00497488 0.11103543
v -0.17999308 -0.00919239 0.10877277
v -0.18250708 -0.01201043 0.10538646
v -0.18547256 -0.01300000 0.10139203
v -0.18843803 -0.01201043 0.09739760
v -0.19095203 -0.00919239 0.09401129
v -0.19263184 -0.00497488 0.09174863
v -0.19057166 0.00000000 0.08913169
v -0.19004144 0.00497488 0.08996722
v -0.18853150 0.00919239 0.09234661
v -0.18627172 0.01201043 0.09590761
v -0.18360613 0.01300000 0.10010809
v -0.18094053 0.01201043 0.10430858
v -0.17868075 0.00919239 0.10786958
v -0.17717081 0.00497488 0.11024896
v -0.17664059 0.00000000 0.11108449
v -0.17717081 -0.00497488 0.11024896
v -0.17868075 -0.00919239 0.10786958
v -0.18094053 -0.01201043 0.10430858
v -0.18360613 -0.01300000 0.10010809
v -0.18627172 -0.01201043 0.09590761
v -0.18853150 -0.00919239 0.09234661
v -0.19004144 -0.00497488 0.08996722
v -0.18779889 0.00000000 0.08751763
v -0.18733479 0.00497488 0.08839162
v -0.18601315 0.00919239 0.09088053
v -0.18403518 0.01201043 0.09460544
v -0.18170201 0.01300000 0.09899927
v -0.17936884 0.01201043 0.10339311
v -0.17739087 0.00919239 0.10711802
v -0.17606923 0.00497488 0.10960693
v -0.17560513 0.00000000 0.11048091
v -0.17606923 -0.00497488 0.10960693
v -0.17739087 -0.00919239 0.10711802
v -0.17936884 -0.01201043 0.10339311
v -0.18170201 -0.01300000 0.09899927
v -0.18403518 -0.01201043 0.09460544
v -0.18601315 -0.00919239 0.09088053
v -0.18733479 -0.00497488 0.08839162
v -0.18490960 0.00000000 0.08612977
v -0.18451805 0.00497488 0.08703857
v -0.18340301 0.00919239 0.08962663
v -0.18173423 0.01201043 0.09349994
v -0.17976577 0.01300000 0.09806882
v -0.17779732 0.01201043 0.10263770
v -0.17612854 0.00919239 0.10651101
v -0.17501350 0.00497488 0.10909907
v -0.17462195 0.00000000 0.11000788
v -0.17501350 -0.00497488 0.10909907
v -0.17612854 -0.00919239 0.10651101
v -0.17779732 -0.01201043 0.10263770
v -0.17976577 -0.01300000 0.09806882
v -0.18173423 -0.01201043 0.09349994
v -0.18340301 -0.00919239 0.08962663
v -0.18451805 -0.00497488 0.08703857
v -0.18191427 0.00000000 0.08498665
v -0.18160133 0.00497488 0.08592543
v -0.18071013 0.00919239 0.08859885
v -0.17937637 0.01201043 0.09259990
v -0.17780308 0.01300000 0.09731946
v -0.17622980 0.01201043 0.10203902
v -0.17489603 0.00919239 0.10604007
v -0.17400483 0.00497488 0.10871348
v -0.17369189 0.00000000 0.10965226
v -0.17400483 -0.00497488 0.10871348
v -0.17489603 -0.00919239 0.10604007
v -0.17622980 -0.01201043 0.10203902
v -0.17780308 -0.01300000 0.09731946
v -0.17937637 -0.01201043 0.09259990
v -0.18071013 -0.00919239 0.08859885
v -0.18160133 -0.00497488 0.08592543
v -0.17882835 0.00000000 0.08410632
v -0.17859932 0.00497488 0.08506902
v -0.17794712 0.00919239 0.08781056
v -0.17697104 0.01201043 0.09191355
v -0.17581967 0.01300000 0.09675337
v -0.17466830 0.01201043 0.10159319
v -0.17369221 0.00919239 0.10569619
v -0.17304001 0.00497488 0.10843772
v -0.17281099 0.00000000 0.10940042
v -0.17304001 -0.00497488 0.10843772
v -0.17369221 -0.00919239 0.10569619
v -0.17466830 -0.01201043 0.10159319
v -0.17581967 -0.01300000 0.09675337
v -0.17697104 -0.01201043 0.09191355
v -0.17794712 -0.00919239 0.08781056
v -0.17859932 -0.00497488 0.08506902
v -0.17567244 0.00000000 0.08350468
v -0.17553153 0.00497488 0.08448417
v -0.17513026 0.00919239 0.08727350
v -0.17452972 0.01201043 0.09144803
v -0.17382134 0.01300000 0.09637222
v -0.17311295 0.01201043 0.10129641
v -0.17251241 0.00919239 0.10547094
v -0.17211114 0.00497488 0.10826027
v -0.17197023 0.00000000 0.10923975
v -0.17211114 -0.00497488 0.10826027
v -0.17251241 -0.00919239 0.10547094
v -0.17311295 -0.01201043 0.10129641
v -0.17382134 -0.01300000 0.09637222
v -0.17452972 -0.01201043 0.09144803
v -0.17513026 -0.00919239 0.08727350
v -0.17553153 -0.00497488 0.08448417
v -0.17247179 0.00000000 0.08319377
v -0.17242171 0.00497488 0.08418207
v -0.17227911 0.00919239 0.08699650
v -0.17206568 0.01201043 0.09120860
v -0.17181393 0.01300000 0.09617711
v -0.17156217 0.01201043 0.10114562
v -0.17134875 0.00919239 0.10535772
v -0.17120614 0.00497488 0.10817216
v -0.17115606 0.00000000 0.10916046
v -0.17120614 -0.00497488 0.10817216
v -0.17134875 -0.00919239 0.10535772
v -0.17156217 -0.01201043 0.10114562
v -0.17181393 -0.01300000 0.09617711
v -0.17206568 -0.01201043 0.09120860
v -0.17227911 -0.00919239 0.08699650
v -0.17242171 -0.00497488 0.08418207
v -0.16925492 0.00000000 0.08318020
v -0.16929667 0.00497488 0.08416888
v -0.16941554 0.00919239 0.08698442
v -0.16959345 0.01201043 0.09119817
v -0.16980331 0.01300000 0.09616862
v -0.17001317 0.01201043 0.10113908
v -0.17019108 0.00919239 0.10535283
v -0.17030995 0.00497488 0.10816837
v -0.17035170 0.00000000 0.10915705
v -0.17030995 -0.00497488 0.10816837
v -0.17019108 -0.00919239 0.10535283
v -0.17001317 -0.01201043 0.10113908
v -0.16980331 -0.01300000 0.09616862
v -0.16959345 -0.01201043 0.09119817
v -0.16941554 -0.00919239 0.08698442
v -0.16929667 -0.00497488 0.08416888
v -0.16605159 0.00000000 0.08346426
v -0.16618433 0.00497488 0.08444489
v -0.16656233 0.00919239 0.08723747
v -0.16712805 0.01201043 0.09141685
v -0.16779537 0.01300000 0.09634678
v -0.16846268 0.01201043 0.10127671
v -0.16902840 0.00919239 0.10545610
v -0.16940641 0.00497488 0.10824867
v -0.16953914 0.00000000 0.10922930
v -0.16940641 -0.00497488 0.10824867
v -0.16902840 -0.00919239 0.10545610
v -0.16846268 -0.01201043 0.10127671
v -0.16779537 -0.01300000 0.09634678
v -0.16712805 -0.01201043 0.09141685
v -0.16656233 -0.00919239 0.08723747
v -0.16618433 -0.00497488 0.08444489
v -0.16289051 0.00000000 0.08403990
v -0.16311168 0.00497488 0.08500443
v -0.16374150 0.00919239 0.08775119
v -0.16468410 0.01201043 0.09186201
v -0.16579597 0.01300000 0.09671106
v -0.16690784 0.01201043 0.10156010
v -0.16785044 0.00919239 0.10567092
v -0.16848026 0.00497488 0.10841768
v -0.16870143 0.00000000 0.10938222
v -0.16848026 -0.00497488 0.10841768
v -0.16785044 -0.00919239 0.10567092
v -0.16690784 -0.01201043 0.10156010
v -0.16579597 -0.01300000 0.09671106
v -0.16468410 -0.01201043 0.09186201
v -0.16374150 -0.00919239 0.08775119
v -0.16311168 -0.00497488 0.08500443
v -0.15979730 0.00000000 0.08489550
v -0.16010282 0.00497488 0.08583672
v -0.16097287 0.00919239 0.08851710
v -0.16227500 0.01201043 0.09252855
v -0.16381096 0.01300000 0.09726039
v -0.16534692 0.01201043 0.10199223
v -0.16664905 0.00919239 0.10600369
v -0.16751910 0.00497488 0.10868406
v -0.16782462 0.00000000 0.10962528
v -0.16751910 -0.00497488 0.10868406
v -0.16664905 -0.00919239 0.10600369
v -0.16534692 -0.01201043 0.10199223
v -0.16381096 -0.01300000 0.09726039
v -0.16227500 -0.01201043 0.09252855
v -0.16097287 -0.00919239 0.08851710
v -0.16010282 -0.00497488 0.08583672
v -0.15679301 0.00000000 0.08601545
v -0.15717766 0.00497488 0.08692720
v -0.15827304 0.00919239 0.08952365
v -0.15991240 0.01201043 0.09340950
v -0.16184614 0.01300000 0.09799318
v -0.16377989 0.01201043 0.10257685
v -0.16541925 0.00919239 0.10646271
v -0.16651463 0.00497488 0.10905915
v -0.16689927 0.00000000 0.10997090
v -0.16651463 -0.00497488 0.10905915
v -0.16541925 -0.00919239 0.10646271
v -0.16377989 -0.01201043 0.10257685
v -0.16184614 -0.01300000 0.09799318
v -0.15991240 -0.01201043 0.09340950
v -0.15827304 -0.00919239 0.08952365
v -0.15717766 -0.00497488 0.08692720
v -0.15389358 0.00000000 0.08738184
v -0.15435135 0.00497488 0.08825916
v -0.15565495 0.00919239 0.09075756
v -0.15760593 0.01201043 0.09449668
v -0.15990727 0.01300000 0.09890727
v -0.16220860 0.01201043 0.10331786
v -0.16415958 0.00919239 0.10705698
v -0.16546319 0.00497488 0.10955538
v -0.16592095 0.00000000 0.11043270
v -0.16546319 -0.00497488 0.10955538
v -0.16415958 -0.00919239 0.10705698
v -0.16220860 -0.01201043 0.10331786
v -0.15990727 -0.01300000 0.09890727
v -0.15760593 -0.01201043 0.09449668
v -0.15565495 -0.00919239 0.09075756
v -0.15435135 -0.00497488 0.08825916
v -0.15110990 0.00000000 0.08897609
v -0.15163438 0.00497488 0.08981524
v -0.15312797 0.00919239 0.09220492
v -0.15536327 0.01201043 0.09578133
v -0.15800000 0.01300000 0.10000000
v -0.16063673 0.01201043 0.10421867
v -0.16287203 0.00919239 0.10779508
v -0.16436562 0.00497488 0.11018476
v -0.16489010 0.00000000 0.11102391
v -0.16436562 -0.00497488 0.11018476
v -0.16287203 -0.00919239 0.10779508
v -0.16063673 -0.01201043 0.10421867
v -0.15800000 -0.01300000 0.10000000
v -0.15536327 -0.01201043 0.09578133
v -0.15312797 -0.00919239 0.09220492
v -0.15163438 -0.00497488 0.08981524
v -0.15800000 0.00000000 0.22000000
v -0.15800000 0.00000000 0.10000000
f 1 2 98
f 1 98 97
f 289 193 194
f 289 194 290
f 97 98 194
f 97 194 193
f 385 2 1
f 386 289 290
f 2 3 99
f 2 99 98
f 290 194 195
f 290 195 291
f 98 99 195
f 98 195 194
f 385 3 2
f 386 290 291
f 3 4 100
f 3 100 99
f 291 195 196
f 291 196 292
f 99 100 196
f 99 196 195
f 385 4 3
f 386 291 292
f 4 5 101
f 4 101 100
f 292 196 197
f 292 197 293
f 100 101 197
f 100 197 196
f 385 5 4
f 386 292 293
f 5 6 102
f 5 102 101
f 293 197 198
f 293 198 294
f 101 102 198
f 101 198 197
f 385 6 5
f 386 293 294
f 6 7 103
f 6 103 102
f 294 198 199
f 294 199 295
f 102 103 199
f 102 199 198
f 385 7 6
f 386 294 295
f 7 8 104
f 7 104 103
f 295 199 200
f 295 200 296
f 103 104 200
f 103 200 199
f 385 8 7
f 386 295 296
f 8 9 105
f 8 105 104
f 296 200 201
f 296 201 297
f 104 105 201
f 104 201 200
f 385 9 8
f 386 296 297
f 9 10 106
f 9 106 105
f 297 201 202
f 297 202 298
f 105 106 202
f 105 202 201
f 385 10 9
f 386 297 298
f 10 11 107
f 10 107 106
f 298 202 203
f 298 203 299
f 106 107 203
f 106 203 202
f 385 11 10
f 386 298 299
f 11 12 108
f 11 108 107
f 299 203 204
f 299 204 300
f 107 108 204
f 107 204 203
f 385 12 11
f 386 299 300
f 12 13 109
f 12 109 108
f 300 204 205
f 300 205 301
f 108 109 205
f 108 205 204
f 385 13 12
f 386 300 301
f 13 14 110
f 13 110 109
f 301 205 206
f 301 206 302
f 109 110 206
f 109 206 205
f 385 14 13
f 386 301 302
f 14 15 111
f 14 111 110
f 302 206 207
f 302 207 303
f 110 111 207
f 110 207 206
f 385 15 14
f 386 302 303
f 15 16 112
f 15 112 111
f 303 207 208
f 303 208 304
f 111 112 208
f 111 208 207
f 385 16 15
f 386 303 304
f 16 17 113
f 16 113 112
f 304 208 209
f 304 209 305
f 112 113 209
f 112 209 208
f 385 17 16
f 386 304 305
f 17 18 114
f 17 114 113
f 305 209 210
f 305 210 306
f 113 114 210
f 113 210 209
f 385 18 17
f 386 305 306
f 18 19 115
f 18 115 114
f 306 210 211
f 306 211 307
f 114 115 211
f 114 211 210
f 385 19 18
f 386 306 307
f 19 20 116
f 19 116 115
f 307 211 212
f 307 212 308
f 115 116 212
f 115 212 211
f 385 20 19
f 386 307 308
f 20 21 117
f 20 117 116
f 308 212 213
f 308 213 309
f 116 117 213
f 116 213 212
f 385 21 20
f 386 308 309
f 21 22 118
f 21 118 117
f 309 213 214
f 309 214 310
f 117 118 214
f 117 214 213
f 385 22 21
f 386 309 310
f 22 23 119
f 22 119 118
f 310 214 215
f 310 215 311
f 118 119 215
f 118 215 214
f 385 23 22
f 386 310 311
f 23 24 120
f 23 120 119
f 311 215 216
f 311 216 312
f 119 120 216
f 119 216 215
f 385 24 23
f 386 311 312
f 24 25 121
f 24 121 120
f 312 216 217
f 312 217 313
f 120 121 217
f 120 217 216
f 385 25 24
f 386 312 313
f 25 26 122
f 25 122 121
f 313 217 218
f 313 218 314
f 121 122 218
f 121 218 217
f 385 26 25
f 386 313 314
f 26 27 123
f 26 123 122
f 314 218 219
f 314 219 315
f 122 123 219
f 122 219 218
f 385 27 26
f 386 314 315
f 27 28 124
f 27 124 123
f 315 219 220
f 315 220 316
f 123 124 220
f 123 220 219
f 385 28 27
f 386 315 316
f 28 29 125
f 28 125 124
f 316 220 221
f 316 221 317
f 124 125 221
f 124 221 220
f 385 29 28
f 386 316 317
f 29 30 126
f 29 126 125
f 317 221 222
f 317 222 318
f 125 126 222
f 125 222 221
f 385 30 29
f 386 317 318
f 30 31 127
f 30 127 126
f 318 222 223
f 318 223 319
f 126 127 223
f 126 223 222
f 385 31 30
f 386 318 319
f 31 32 128
f 31 128 127
f 319 223 224
f 319 224 320
f 127 128 224
f 127 224 223
f 385 32 31
f 386 319 320
f 32 33 129
f 32 129 128
f 320 224 225
f 320 225 321
f 128 129 225
f 128 225 224
f 385 33 32
f 386 320 321
f 33 34 130
f 33 130 129
f 321 225 226
f 321 226 322
f 129 130 226
f 129 226 225
f 385 34 33
f 386 321 322
f 34 35 131
f 34 131 130
f 322 226 227
f 322 227 323
f 130 131 227
f 130 227 226
f 385 35 34
f 386 322 323
f 35 36 132
f 35 132 131
f 323 227 228
f 323 228 324
f 131 132 228
f 131 228 227
f 385 36 35
f 386 323 324
f 36 37 133
f 36 133 132
f 324 228 229
f 324 229 325
f 132 133 229
f 132 229 228
f 385 37 36
f 386 324 325
f 37 38 134
f 37 134 133
f 325 229 230
f 325 230 326
f 133 134 230
f 133 230 229
f 385 38 37
f 386 325 326
f 38 39 135
f 38 135 134
f 326 230 231
f 326 231 327
f 134 135 231
f 134 231 230
f 385 39 38
f 386 326 327
f 39 40 136
f 39 136 135
f 327 231 232
f 327 232 328
f 135 136 232
f 135 232 231
f 385 40 39
f 386 327 328
f 40 41 137
f 40 137 136
f 328 232 233
f 328 233 329
f 136 137 233
f 136 233 232
f 385 41 40
f 386 328 329
f 41 42 138
f 41 138 137
f 329 233 234
f 329 234 330
f 137 138 234
f 137 234 233
f 385 42 41
f 386 329 330
f 42 43 139
f 42 139 138
f 330 234 235
f 330 235 331
f 138 139 235
f 138 235 234
f 385 43 42
f 386 330 331
f 43 44 140
f 43 140 139
f 331 235 236
f 331 236 332
f 139 140 236
f 139 236 235
f 385 44 43
f 386 331 332
f 44 45 141
f 44 141 140
f 332 236 237
f 332 237 333
f 140 141 237
f 140 237 236
f 385 45 44
f 386 332 333
f 45 46 142
f 45 142 141
f 333 237 238
f 333 238 334
f 141 142 238
f 141 238 237
f 385 46 45
f 386 333 334
f 46 47 143
f 46 143 142
f 334 238 239
f 334 239 335
f 142 143 239
f 142 239 238
f 385 47 46
f 386 334 335
f 47 48 144
f 47 144 143
f 335 239 240
f 335 240 336
f 143 144 240
f 143 240 239
f 385 48 47
f 386 335 336
f 48 49 145
f 48 145 144
f 336 240 241
f 336 241 337
f 144 145 241
f 144 241 240
f 385 49 48
f 386 336 337
f 49 50 146
f 49 146 145
f 337 241 242
f 337 242 338
f 145 146 242
f 145 242 241
f 385 50 49
f 386 337 338
f 50 51 147
f 50 147 146
f 338 242 243
f 338 243 339
f 146 147 243
f 146 243 242
f 385 51 50
f 386 338 339
f 51 52 148
f 51 148 147
f 339 243 244
f 339 244 340
f 147 148 244
f 147 244 243
f 385 52 51
f 386 339 340
f 52 53 149
f 52 149 148
f 340 244 245
f 340 245 341
f 148 149 245
f 148 245 244
f 385 53 52
f 386 340 341
f 53 54 150
f 53 150 149
f 341 245 246
f 341 246 342
f 149 150 246
f 149 246 245
f 385 54 53
f 386 341 342
f 54 55 151
f 54 151 150
f 342 246 247
f 342 247 343
f 150 151 247
f 150 247 246
f 385 55 54
f 386 342 343
f 55 56 152
f 55 152 151
f 343 247 248
f 343 248 344
f 151 152 248
f 151 248 247
f 385 56 55
f 386 343 344
f 56 57 153
f 56 153 152
f 344 248 249
f 344 249 345
f 152 153 249
f 152 249 248
f 385 57 56
f 386 344 345
f 57 58 154
f 57 154 153
f 345 249 250
f 345 250 346
f 153 154 250
f 153 250 249
f 385 58 57
f 386 345 346
f 58 59 155
f 58 155 154
f 346 250 251
f 346 251 347
f 154 155 251
f 154 251 250
f 385 59 58
f 386 346 347
f 59 60 156
f 59 156 155
f 347 251 252
f 347 252 348
f 155 156 252
f 155 252 251
f 385 60 59
f 386 347 348
f 60 61 157
f 60 157 156
f 348 252 253
f 348 253 349
f 156 157 253
f 156 253 252
f 385 61 60
f 386 348 349
f 61 62 158
f 61 158 157
f 349 253 254
f 349 254 350
f 157 158 254
f 157 254 253
f 385 62 61
f 386 349 350
f 62 63 159
f 62 159 158
f 350 254 255
f 350 255 351
f 158 159 255
f 158 255 254
f 385 63 62
f 386 350 351
f 63 64 160
f 63 160 159
f 351 255 256
f 351 256 352
f 159 160 256
f 159 256 255
f 385 64 63
f 386 351 352
f 64 65 161
f 64 161 160
f 352 256 257
f 352 257 353
f 160 161 257
f 160 257 256
f 385 65 64
f 386 352 353
f 65 66 162
f 65 162 161
f 353 257 258
f 353 258 354
f 161 162 258
f 161 258 257
f 385 66 65
f 386 353 354
f 66 67 163
f 66 163 162
f 354 258 259
f 354 259 355
f 162 163 259
f 162 259 258
f 385 67 66
f 386 354 355
f 67 68 164
f 67 164 163
f 355 259 260
f 355 260 356
f 163 164 260
f 163 260 259
f 385 68 67
f 386 355 356
f 68 69 165
f 68 165 164
f 356 260 261
f 356 261 357
f 164 165 261
f 164 261 260
f 385 69 68
f 386 356 357
f 69 70 166
f 69 166 165
f 357 261 262
f 357 262 358
f 165 166 262
f 165 262 261
f 385 70 69
f 386 357 358
f 70 71 167
f 70 167 166
f 358 262 263
f 358 263 359
f 166 167 263
f 166 263 262
f 385 71 70
f 386 358 359
f 71 72 168
f 71 168 167
f 359 263 264
f 359 264 360
f 167 168 264
f 167 264 263
f 385 72 71
f 386 359 360
f 72 73 169
f 72 169 168
f 360 264 265
f 360 265 361
f 168 169 265
f 168 265 264
f 385 73 72
f 386 360 361
f 73 74 170
f 73 170 169
f 361 265 266
f 361 266 362
f 169 170 266
f 169 266 265
f 385 74 73
f 386 361 362
f 74 75 171
f 74 171 170
f 362 266 267
f 362 267 363
f 170 171 267
f 170 267 266
f 385 75 74
f 386 362 363
f 75 76 172
f 75 172 171
f 363 267 268
f 363 268 364
f 171 172 268
f 171 268 267
f 385 76 75
f 386 363 364
f 76 77 173
f 76 173 172
f 364 268 269
f 364 269 365
f 172 173 269
f 172 269 268
f 385 77 76
f 386 364 365
f 77 78 174
f 77 174 173
f 365 269 270
f 365 270 366
f 173 174 270
f 173 270 269
f 385 78 77
f 386 365 366
f 78 79 175
f 78 175 174
f 366 270 271
f 366 271 367
f 174 175 271
f 174 271 270
f 385 79 78
f 386 366 367
f 79 80 176
f 79 176 175
f 367 271 272
f 367 272 368
f 175 176 272
f 175 272 271
f 385 80 79
f 386 367 368
f 80 81 177
f 80 177 176
f 368 272 273
f 368 273 369
f 176 177 273
f 176 273 272
f 385 81 80
f 386 368 369
f 81 82 178
f 81 178 177
f 369 273 274
f 369 274 370
f 177 178 274
f 177 274 273
f 385 82 81
f 386 369 370
f 82 83 179
f 82 179 178
f 370 274 275
f 370 275 371
f 178 179 275
f 178 275 274
f 385 83 82
f 386 370 371
f 83 84 180
f 83 180 179
f 371 275 276
f 371 276 372
f 179 180 276
f 179 276 275
f 385 84 83
f 386 371 372
f 84 85 181
f 84 181 180
f 372 276 277
f 372 277 373
f 180 181 277
f 180 277 276
f 385 85 84
f 386 372 373
f 85 86 182
f 85 182 181
f 373 277 278
f 373 278 374
f 181 182 278
f 181 278 277
f 385 86 85
f 386 373 374
f 86 87 183
f 86 183 182
f 374 278 279
f 374 279 375
f 182 183 279
f 182 279 278
f 385 87 86
f 386 374 375
f 87 88 184
f 87 184 183
f 375 279 280
f 375 280 376
f 183 184 280
f 183 280 279
f 385 88 87
f 386 375 376
f 88 89 185
f 88 185 184
f 376 280 281
f 376 281 377
f 184 185 281
f 184 281 280
f 385 89 88
f 386 376 377
f 89 90 186
f 89 186 185
f 377 281 282
f 377 282 378
f 185 186 282
f 185 282 281
f 385 90 89
f 386 377 378
f 90 91 187
f 90 187 186
f 378 282 283
f 378 283 379
f 186 187 283
f 186 283 282
f 385 91 90
f 386 378 379
f 91 92 188
f 91 188 187
f 379 283 284
f 379 284 380
f 187 188 284
f 187 284 283
f 385 92 91
f 386 379 380
f 92 93 189
f 92 189 188
f 380 284 285
f 380 285 381
f 188 189 285
f 188 285 284
f 385 93 92
f 386 380 381
f 93 94 190
f 93 190 189
f 381 285 286
f 381 286 382
f 189 190 286
f 189 286 285
f 385 94 93
f 386 381 382
f 94 95 191
f 94 191 190
f 382 286 287
f 382 287 383
f 190 191 287
f 190 287 286
f 385 95 94
f 386 382 383
f 95 96 192
f 95 192 191
f 383 287 288
f 383 288 384
f 191 192 288
f 191 288 287
f 385 96 95
f 386 383 384
f 96 1 97
f 96 97 192
f 384 288 193
f 384 193 289
f 192 97 193
f 192 193 288
f 385 1 96
f 386 384 289
f 387 404 403
f 387 388 404
f 388 405 404
f 388 389 405
f 389 406 405
f 389 390 406
f 390 407 406
f 390 391 407
f 391 408 407
f 391 392 408
f 392 409 408
f 392 393 409
f 393 410 409
f 393 394 410
f 394 411 410
f 394 395 411
f 395 412 411
f 395 396 412
f 396 413 412
f 396 397 413
f 397 414 413
f 397 398 414
f 398 415 414
f 398 399 415
f 399 416 415
f 399 400 416
f 400 417 416
f 400 401 417
f 401 418 417
f 401 402 418
f 402 403 418
f 402 387 403
f 403 420 419
f 403 404 420
f 404 421 420
f 404 405 421
f 405 422 421
f 405 406 422
f 406 423 422
f 406 407 423
f 407 424 423
f 407 408 424
f 408 425 424
f 408 409 425
f 409 426 425
f 409 410 426
f 410 427 426
f 410 411 427
f 411 428 427
f 411 412 428
f 412 429 428
f 412 413 429
f 413 430 429
f 413 414 430
f 414 431 430
f 414 415 431
f 415 432 431
f 415 416 432
f 416 433 432
f 416 417 433
f 417 434 433
f 417 418 434
f 418 419 434
f 418 403 419
f 419 436 435
f 419 420 436
f 420 437 436
f 420 421 437
f 421 438 437
f 421 422 438
f 422 439 438
f 422 423 439
f 423 440 439
f 423 424 440
f 424 441 440
f 424 425 441
f 425 442 441
f 425 426 442
f 426 443 442
f 426 427 443
f 427 444 443
f 427 428 444
f 428 445 444
f 428 429 445
f 429 446 445
f 429 430 446
f 430 447 446
f 430 431 447
f 431 448 447
f 431 432 448
f 432 449 448
f 432 433 449
f 433 450 449
f 433 434 450
f 434 435 450
f 434 419 435
f 435 452 451
f 435 436 452
f 436 453 452
f 436 437 453
f 437 454 453
f 437 438 454
f 438 455 454
f 438 439 455
f 439 456 455
f 439 440 456
f 440 457 456
f 440 441 457
f 441 458 457
f 441 442 458
f 442 459 458
f 442 443 459
f 443 460 459
f 443 444 460
f 444 461 460
f 444 445 461
f 445 462 461
f 445 446 462
f 446 463 462
f 446 447 463
f 447 464 463
f 447 448 464
f 448 465 464
f 448 449 465
f 449 466 465
f 449 450 466
f 450 451 466
f 450 435 451
f 451 468 467
f 451 452 468
f 452 469 468
f 452 453 469
f 453 470 469
f 453 454 470
f 454 471 470
f 454 455 471
f 455 472 471
f 455 456 472
f 456 473 472
f 456 457 473
f 457 474 473
f 457 458 474
f 458 475 474
f 458 459 475
f 459 476 475
f 459 460 476
f 460 477 476
f 460 461 477
f 461 478 477
f 461 462 478
f 462 479 478
f 462 463 479
f 463 480 479
f 463 464 480
f 464 481 480
f 464 465 481
f 465 482 481
f 465 466 482
f 466 467 482
f 466 451 467
f 467 484 483
f 467 468 484
f 468 485 484
f 468 469 485
f 469 486 485
f 469 470 486
f 470 487 486
f 470 471 487
f 471 488 487
f 471 472 488
f 472 489 488
f 472 473 489
f 473 490 489
f 473 474 490
f 474 491 490
f 474 475 491
f 475 492 491
f 475 476 492
f 476 493 492
f 476 477 493
f 477 494 493
f 477 478 494
f 478 495 494
f 478 479 495
f 479 496 495
f 479 480 496
f 480 497 496
f 480 481 497
f 481 498 497
f 481 482 498
f 482 483 498
f 482 467 483
f 483 500 499
f 483 484 500
f 484 501 500
f 484 485 501
f 485 502 501
f 485 486 502
f 486 503 502
f 486 487 503
f 487 504 503
f 487 488 504
f 488 505 504
f 488 489 505
f 489 506 505
f 489 490 506
f 490 507 506
f 490 491 507
f 491 508 507
f 491 492 508
f 492 509 508
f 492 493 509
f 493 510 509
f 493 494 510
f 494 511 510
f 494 495 511
f 495 512 511
f 495 496 512
f 496 513 512
f 496 497 513
f 497 514 513
f 497 498 514
f 498 499 514
f 498 483 499
f 499 516 515
f 499 500 516
f 500 517 516
f 500 501 517
f 501 518 517
f 501 502 518
f 502 519 518
f 502 503 519
f 503 520 519
f 503 504 520
f 504 521 520
f 504 505 521
f 505 522 521
f 505 506 522
f 506 523 522
f 506 507 523
f 507 524 523
f 507 508 524
f 508 525 524
f 508 509 525
f 509 526 525
f 509 510 526
f 510 527 526
f 510 511 527
f 511 528 527
f 511 512 528
f 512 529 528
f 512 513 529
f 513 530 529
f 513 514 530
f 514 515 530
f 514 499 515
f 515 532 531
f 515 516 532
f 516 533 532
f 516 517 533
f 517 534 533
f 517 518 534
f 518 535 534
f 518 519 535
f 519 536 535
f 519 520 536
f 520 537 536
f 520 521 537
f 521 538 537
f 521 522 538
f 522 539 538
f 522 523 539
f 523 540 539
f 523 524 540
f 524 541 540
f 524 525 541
f 525 542 541
f 525 526 542
f 526 543 542
f 526 527 543
f 527 544 543
f 527 528 544
f 528 545 544
f 528 529 545
f 529 546 545
f 529 530 546
f 530 531 546
f 530 515 531
f 531 548 547
f 531 532 548
f 532 549 548
f 532 533 549
f 533 550 549
f 533 534 550
f 534 551 550
f 534 535 551
f 535 552 551
f 535 536 552
f 536 553 552
f 536 537 553
f 537 554 553
f 537 538 554
f 538 555 554
f 538 539 555
f 539 556 555
f 539 540 556
f 540 557 556
f 540 541 557
f 541 558 557
f 541 542 558
f 542 559 558
f 542 543 559
f 543 560 559
f 543 544 560
f 544 561 560
f 544 545 561
f 545 562 561
f 545 546 562
f 546 547 562
f 546 531 547
f 547 564 563
f 547 548 564
f 548 565 564
f 548 549 565
f 549 566 565
f 549 550 566
f 550 567 566
f 550 551 567
f 551 568 567
f 551 552 568
f 552 569 568
f 552 553 569
f 553 570 569
f 553 554 570
f 554 571 570
f 554 555 571
f 555 572 571
f 555 556 572
f 556 573 572
f 556 557 573
f 557 574 573
f 557 558 574
f 558 575 574
f 558 559 575
f 559 576 575
f 559 560 576
f 560 577 576
f 560 561 577
f 561 578 577
f 561 562 578
f 562 563 578
f 562 547 563
f 563 580 579
f 563 564 580
f 564 581 580
f 564 565 581
f 565 582 581
f 565 566 582
f 566 583 582
f 566 567 583
f 567 584 583
f 567 568 584
f 568 585 584
f 568 569 585
f 569 586 585
f 569 570 586
f 570 587 586
f 570 571 587
f 571 588 587
f 571 572 588
f 572 589 588
f 572 573 589
f 573 590 589
f 573 574 590
f 574 591 590
f 574 575 591
f 575 592 591
f 575 576 592
f 576 593 592
f 576 577 593
f 577 594 593
f 577 578 594
f 578 579 594
f 578 563 579
f 579 596 595
f 579 580 596
f 580 597 596
f 580 581 597
f 581 598 597
f 581 582 598
f 582 599 598
f 582 583 599
f 583 600 599
f 583 584 600
f 584 601 600
f 584 585 601
f 585 602 601
f 585 586 602
f 586 603 602
f 586 587 603
f 587 604 603
f 587 588 604
f 588 605 604
f 588 589 605
f 589 606 605
f 589 590 606
f 590 607 606
f 590 591 607
f 591 608 607
f 591 592 608
f 592 609 608
f 592 593 609
f 593 610 609
f 593 594 610
f 594 595 610
f 594 579 595
f 595 612 611
f 595 596 612
f 596 613 612
f 596 597 613
f 597 614 613
f 597 598 614
f 598 615 614
f 598 599 615
f 599 616 615
f 599 600 616
f 600 617 616
f 600 601 617
f 601 618 617
f 601 602 618
f 602 619 618
f 602 603 619
f 603 620 619
f 603 604 620
f 604 621 620
f 604 605 621
f 605 622 621
f 605 606 622
f 606 623 622
f 606 607 623
f 607 624 623
f 607 608 624
f 608 625 624
f 608 609 625
f 609 626 625
f 609 610 626
f 610 611 626
f 610 595 611
f 611 628 627
f 611 612 628
f 612 629 628
f 612 613 629
f 613 630 629
f 613 614 630
f 614 631 630
f 614 615 631
f 615 632 631
f 615 616 632
f 616 633 632
f 616 617 633
f 617 634 633
f 617 618 634
f 618 635 634
f 618 619 635
f 619 636 635
f 619 620 636
f 620 637 636
f 620 621 637
f 621 638 637
f 621 622 638
f 622 639 638
f 622 623 639
f 623 640 639
f 623 624 640
f 624 641 640
f 624 625 641
f 625 642 641
f 625 626 642
f 626 627 642
f 626 611 627
f 627 644 643
f 627 628 644
f 628 645 644
f 628 629 645
f 629 646 645
f 629 630 646
f 630 647 646
f 630 631 647
f 631 648 647
f 631 632 648
f 632 649 648
f 632 633 649
f 633 650 649
f 633 634 650
f 634 651 650
f 634 635 651
f 635 652 651
f 635 636 652
f 636 653 652
f 636 637 653
f 637 654 653
f 637 638 654
f 638 655 654
f 638 639 655
f 639 656 655
f 639 640 656
f 640 657 656
f 640 641 657
f 641 658 657
f 641 642 658
f 642 643 658
f 642 627 643
f 643 660 659
f 643 644 660
f 644 661 660
f 644 645 661
f 645 662 661
f 645 646 662
f 646 663 662
f 646 647 663
f 647 664 663
f 647 648 664
f 648 665 664
f 648 649 665
f 649 666 665
f 649 650 666
f 650 667 666
f 650 651 667
f 651 668 667
f 651 652 668
f 652 669 668
f 652 653 669
f 653 670 669
f 653 654 670
f 654 671 670
f 654 655 671
f 655 672 671
f 655 656 672
f 656 673 672
f 656 657 673
f 657 674 673
f 657 658 674
f 658 659 674
f 658 643 659
f 659 676 675
f 659 660 676
f 660 677 676
f 660 661 677
f 661 678 677
f 661 662 678
f 662 679 678
f 662 663 679
f 663 680 679
f 663 664 680
f 664 681 680
f 664 665 681
f 665 682 681
f 665 666 682
f 666 683 682
f 666 667 683
f 667 684 683
f 667 668 684
f 668 685 684
f 668 669 685
f 669 686 685
f 669 670 686
f 670 687 686
f 670 671 687
f 671 688 687
f 671 672 688
f 672 689 688
f 672 673 689
f 673 690 689
f 673 674 690
f 674 675 690
f 674 659 675
f 675 692 691
f 675 676 692
f 676 693 692
f 676 677 693
f 677 694 693
f 677 678 694
f 678 695 694
f 678 679 695
f 679 696 695
f 679 680 696
f 680 697 696
f 680 681 697
f 681 698 697
f 681 682 698
f 682 699 698
f 682 683 699
f 683 700 699
f 683 684 700
f 684 701 700
f 684 685 701
f 685 702 701
f 685 686 702
f 686 703 702
f 686 687 703
f 687 704 703
f 687 688 704
f 688 705 704
f 688 689 705
f 689 706 705
f 689 690 706
f 690 691 706
f 690 675 691
f 691 708 707
f 691 692 708
f 692 709 708
f 692 693 709
f 693 710 709
f 693 694 710
f 694 711 710
f 694 695 711
f 695 712 711
f 695 696 712
f 696 713 712
f 696 697 713
f 697 714 713
f 697 698 714
f 698 715 714
f 698 699 715
f 699 716 715
f 699 700 716
f 700 717 716
f 700 701 717
f 701 718 717
f 701 702 718
f 702 719 718
f 702 703 719
f 703 720 719
f 703 704 720
f 704 721 720
f 704 705 721
f 705 722 721
f 705 706 722
f 706 707 722
f 706 691 707
f 707 724 723
f 707 708 724
f 708 725 724
f 708 709 725
f 709 726 725
f 709 710 726
f 710 727 726
f 710 711 727
f 711 728 727
f 711 712 728
f 712 729 728
f 712 713 729
f 713 730 729
f 713 714 730
f 714 731 730
f 714 715 731
f 715 732 731
f 715 716 732
f 716 733 732
f 716 717 733
f 717 734 733
f 717 718 734
f 718 735 734
f 718 719 735
f 719 736 735
f 719 720 736
f 720 737 736
f 720 721 737
f 721 738 737
f 721 722 738
f 722 723 738
f 722 707 723
f 723 740 739
f 723 724 740
f 724 741 740
f 724 725 741
f 725 742 741
f 725 726 742
f 726 743 742
f 726 727 743
f 727 744 743
f 727 728 744
f 728 745 744
f 728 729 745
f 729 746 745
f 729 730 746
f 730 747 746
f 730 731 747
f 731 748 747
f 731 732 748
f 732 749 748
f 732 733 749
f 733 750 749
f 733 734 750
f 734 751 750
f 734 735 751
f 735 752 751
f 735 736 752
f 736 753 752
f 736 737 753
f 737 754 753
f 737 738 754
f 738 739 754
f 738 723 739
f 739 756 755
f 739 740 756
f 740 757 756
f 740 741 757
f 741 758 757
f 741 742 758
f 742 759 758
f 742 743 759
f 743 760 759
f 743 744 760
f 744 761 760
f 744 745 761
f 745 762 761
f 745 746 762
f 746 763 762
f 746 747 763
f 747 764 763
f 747 748 764
f 748 765 764
f 748 749 765
f 749 766 765
f 749 750 766
f 750 767 766
f 750 751 767
f 751 768 767
f 751 752 768
f 752 769 768
f 752 753 769
f 753 770 769
f 753 754 770
f 754 755 770
f 754 739 755
f 755 772 771
f 755 756 772
f 756 773 772
f 756 757 773
f 757 774 773
f 757 758 774
f 758 775 774
f 758 759 775
f 759 776 775
f 759 760 776
f 760 777 776
f 760 761 777
f 761 778 777
f 761 762 778
f 762 779 778
f 762 763 779
f 763 780 779
f 763 764 780
f 764 781 780
f 764 765 781
f 765 782 781
f 765 766 782
f 766 783 782
f 766 767 783
f 767 784 783
f 767 768 784
f 768 785 784
f 768 769 785
f 769 786 785
f 769 770 786
f 770 771 786
f 770 755 771
f 771 788 787
f 771 772 788
f 772 789 788
f 772 773 789
f 773 790 789
f 773 774 790
f 774 791 790
f 774 775 791
f 775 792 791
f 775 776 792
f 776 793 792
f 776 777 793
f 777 794 793
f 777 778 794
f 778 795 794
f 778 779 795
f 779 796 795
f 779 780 796
f 780 797 796
f 780 781 797
f 781 798 797
f 781 782 798
f 782 799 798
f 782 783 799
f 783 800 799
f 783 784 800
f 784 801 800
f 784 785 801
f 785 802 801
f 785 786 802
f 786 787 802
f 786 771 787
f 787 804 803
f 787 788 804
f 788 805 804
f 788 789 805
f 789 806 805
f 789 790 806
f 790 807 806
f 790 791 807
f 791 808 807
f 791 792 808
f 792 809 808
f 792 793 809
f 793 810 809
f 793 794 810
f 794 811 810
f 794 795 811
f 795 812 811
f 795 796 812
f 796 813 812
f 796 797 813
f 797 814 813
f 797 798 814
f 798 815 814
f 798 799 815
f 799 816 815
f 799 800 816
f 800 817 816
f 800 801 817
f 801 818 817
f 801 802 818
f 802 803 818
f 802 787 803
f 803 820 819
f 803 804 820
f 804 821 820
f 804 805 821
f 805 822 821
f 805 806 822
f 806 823 822
f 806 807 823
f 807 824 823
f 807 808 824
f 808 825 824
f 808 809 825
f 809 826 825
f 809 810 826
f 810 827 826
f 810 811 827
f 811 828 827
f 811 812 828
f 812 829 828
f 812 813 829
f 813 830 829
f 813 814 830
f 814 831 830
f 814 815 831
f 815 832 831
f 815 816 832
f 816 833 832
f 816 817 833
f 817 834 833
f 817 818 834
f 818 819 834
f 818 803 819
f 819 836 835
f 819 820 836
f 820 837 836
f 820 821 837
f 821 838 837
f 821 822 838
f 822 839 838
f 822 823 839
f 823 840 839
f 823 824 840
f 824 841 840
f 824 825 841
f 825 842 841
f 825 826 842
f 826 843 842
f 826 827 843
f 827 844 843
f 827 828 844
f 828 845 844
f 828 829 845
f 829 846 845
f 829 830 846
f 830 847 846
f 830 831 847
f 831 848 847
f 831 832 848
f 832 849 848
f 832 833 849
f 833 850 849
f 833 834 850
f 834 835 850
f 834 819 835
f 835 852 851
f 835 836 852
f 836 853 852
f 836 837 853
f 837 854 853
f 837 838 854
f 838 855 854
f 838 839 855
f 839 856 855
f 839 840 856
f 840 857 856
f 840 841 857
f 841 858 857
f 841 842 858
f 842 859 858
f 842 843 859
f 843 860 859
f 843 844 860
f 844 861 860
f 844 845 861
f 845 862 861
f 845 846 862
f 846 863 862
f 846 847 863
f 847 864 863
f 847 848 864
f 848 865 864
f 848 849 865
f 849 866 865
f 849 850 866
f 850 851 866
f 850 835 851
f 851 868 867
f 851 852 868
f 852 869 868
f 852 853 869
f 853 870 869
f 853 854 870
f 854 871 870
f 854 855 871
f 855 872 871
f 855 856 872
f 856 873 872
f 856 857 873
f 857 874 873
f 857 858 874
f 858 875 874
f 858 859 875
f 859 876 875
f 859 860 876
f 860 877 876
f 860 861 877
f 861 878 877
f 861 862 878
f 862 879 878
f 862 863 879
f 863 880 879
f 863 864 880
f 864 881 880
f 864 865 881
f 865 882 881
f 865 866 882
f 866 867 882
f 866 851 867
f 867 884 883
f 867 868 884
f 868 885 884
f 868 869 885
f 869 886 885
f 869 870 886
f 870 887 886
f 870 871 887
f 871 888 887
f 871 872 888
f 872 889 888
f 872 873 889
f 873 890 889
f 873 874 890
f 874 891 890
f 874 875 891
f 875 892 891
f 875 876 892
f 876 893 892
f 876 877 893
f 877 894 893
f 877 878 894
f 878 895 894
f 878 879 895
f 879 896 895
f 879 880 896
f 880 897 896
f 880 881 897
f 881 898 897
f 881 882 898
f 882 883 898
f 882 867 883
f 883 900 899
f 883 884 900
f 884 901 900
f 884 885 901
f 885 902 901
f 885 886 902
f 886 903 902
f 886 887 903
f 887 904 903
f 887 888 904
f 888 905 904
f 888 889 905
f 889 906 905
f 889 890 906
f 890 907 906
f 890 891 907
f 891 908 907
f 891 892 908
f 892 909 908
f 892 893 909
f 893 910 909
f 893 894 910
f 894 911 910
f 894 895 911
f 895 912 911
f 895 896 912
f 896 913 912
f 896 897 913
f 897 914 913
f 897 898 914
f 898 899 914
f 898 883 899
f 899 916 915
f 899 900 916
f 900 917 916
f 900 901 917
f 901 918 917
f 901 902 918
f 902 919 918
f 902 903 919
f 903 920 919
f 903 904 920
f 904 921 920
f 904 905 921
f 905 922 921
f 905 906 922
f 906 923 922
f 906 907 923
f 907 924 923
f 907 908 924
f 908 925 924
f 908 909 925
f 909 926 925
f 909 910 926
f 910 927 926
f 910 911 927
f 911 928 927
f 911 912 928
f 912 929 928
f 912 913 929
f 913 930 929
f 913 914 930
f 914 915 930
f 914 899 915
f 915 932 931
f 915 916 932
f 916 933 932
f 916 917 933
f 917 934 933
f 917 918 934
f 918 935 934
f 918 919 935
f 919 936 935
f 919 920 936
f 920 937 936
f 920 921 937
f 921 938 937
f 921 922 938
f 922 939 938
f 922 923 939
f 923 940 939
f 923 924 940
f 924 941 940
f 924 925 941
f 925 942 941
f 925 926 942
f 926 943 942
f 926 927 943
f 927 944 943
f 927 928 944
f 928 945 944
f 928 929 945
f 929 946 945
f 929 930 946
f 930 931 946
f 930 915 931
f 931 948 947
f 931 932 948
f 932 949 948
f 932 933 949
f 933 950 949
f 933 934 950
f 934 951 950
f 934 935 951
f 935 952 951
f 935 936 952
f 936 953 952
f 936 937 953
f 937 954 953
f 937 938 954
f 938 955 954
f 938 939 955
f 939 956 955
f 939 940 956
f 940 957 956
f 940 941 957
f 941 958 957
f 941 942 958
f 942 959 958
f 942 943 959
f 943 960 959
f 943 944 960
f 944 961 960
f 944 945 961
f 945 962 961
f 945 946 962
f 946 947 962
f 946 931 947
f 947 964 963
f 947 948 964
f 948 965 964
f 948 949 965
f 949 966 965
f 949 950 966
f 950 967 966
f 950 951 967
f 951 968 967
f 951 952 968
f 952 969 968
f 952 953 969
f 953 970 969
f 953 954 970
f 954 971 970
f 954 955 971
f 955 972 971
f 955 956 972
f 956 973 972
f 956 957 973
f 957 974 973
f 957 958 974
f 958 975 974
f 958 959 975
f 959 976 975
f 959 960 976
f 960 977 976
f 960 961 977
f 961 978 977
f 961 962 978
f 962 963 978
f 962 947 963
f 963 980 979
f 963 964 980
f 964 981 980
f 964 965 981
f 965 982 981
f 965 966 982
f 966 983 982
f 966 967 983
f 967 984 983
f 967 968 984
f 968 985 984
f 968 969 985
f 969 986 985
f 969 970 986
f 970 987 986
f 970 971 987
f 971 988 987
f 971 972 988
f 972 989 988
f 972 973 989
f 973 990 989
f 973 974 990
f 974 991 990
f 974 975 991
f 975 992 991
f 975 976 992
f 976 993 992
f 976 977 993
f 977 994 993
f 977 978 994
f 978 979 994
f 978 963 979
f 979 996 995
f 979 980 996
f 980 997 996
f 980 981 997
f 981 998 997
f 981 982 998
f 982 999 998
f 982 983 999
f 983 1000 999
f 983 984 1000
f 984 1001 1000
f 984 985 1001
f 985 1002 1001
f 985 986 1002
f 986 1003 1002
f 986 987 1003
f 987 1004 1003
f 987 988 1004
f 988 1005 1004
f 988 989 1005
f 989 1006 1005
f 989 990 1006
f 990 1007 1006
f 990 991 1007
f 991 1008 1007
f 991 992 1008
f 992 1009 1008
f 992 993 1009
f 993 1010 1009
f 993 994 1010
f 994 995 1010
f 994 979 995
f 995 1012 1011
f 995 996 1012
f 996 1013 1012
f 996 997 1013
f 997 1014 1013
f 997 998 1014
f 998 1015 1014
f 998 999 1015
f 999 1016 1015
f 999 1000 1016
f 1000 1017 1016
f 1000 1001 1017
f 1001 1018 1017
f 1001 1002 1018
f 1002 1019 1018
f 1002 1003 1019
f 1003 1020 1019
f 1003 1004 1020
f 1004 1021 1020
f 1004 1005 1021
f 1005 1022 1021
f 1005 1006 1022
f 1006 1023 1022
f 1006 1007 1023
f 1007 1024 1023
f 1007 1008 1024
f 1008 1025 1024
f 1008 1009 1025
f 1009 1026 1025
f 1009 1010 1026
f 1010 1011 1026
f 1010 995 1011
f 1011 1028 1027
f 1011 1012 1028
f 1012 1029 1028
f 1012 1013 1029
f 1013 1030 1029
f 1013 1014 1030
f 1014 1031 1030
f 1014 1015 1031
f 1015 1032 1031
f 1015 1016 1032
f 1016 1033 1032
f 1016 1017 1033
f 1017 1034 1033
f 1017 1018 1034
f 1018 1035 1034
f 1018 1019 1035
f 1019 1036 1035
f 1019 1020 1036
f 1020 1037 1036
f 1020 1021 1037
f 1021 1038 1037
f 1021 1022 1038
f 1022 1039 1038
f 1022 1023 1039
f 1023 1040 1039
f 1023 1024 1040
f 1024 1041 1040
f 1024 1025 1041
f 1025 1042 1041
f 1025 1026 1042
f 1026 1027 1042
f 1026 1011 1027
f 1027 1044 1043
f 1027 1028 1044
f 1028 1045 1044
f 1028 1029 1045
f 1029 1046 1045
f 1029 1030 1046
f 1030 1047 1046
f 1030 1031 1047
f 1031 1048 1047
f 1031 1032 1048
f 1032 1049 1048
f 1032 1033 1049
f 1033 1050 1049
f 1033 1034 1050
f 1034 1051 1050
f 1034 1035 1051
f 1035 1052 1051
f 1035 1036 1052
f 1036 1053 1052
f 1036 1037 1053
f 1037 1054 1053
f 1037 1038 1054
f 1038 1055 1054
f 1038 1039 1055
f 1039 1056 1055
f 1039 1040 1056
f 1040 1057 1056
f 1040 1041 1057
f 1041 1058 1057
f 1041 1042 1058
f 1042 1043 1058
f 1042 1027 1043
f 1043 1060 1059
f 1043 1044 1060
f 1044 1061 1060
f 1044 1045 1061
f 1045 1062 1061
f 1045 1046 1062
f 1046 1063 1062
f 1046 1047 1063
f 1047 1064 1063
f 1047 1048 1064
f 1048 1065 1064
f 1048 1049 1065
f 1049 1066 1065
f 1049 1050 1066
f 1050 1067 1066
f 1050 1051 1067
f 1051 1068 1067
f 1051 1052 1068
f 1052 1069 1068
f 1052 1053 1069
f 1053 1070 1069
f 1053 1054 1070
f 1054 1071 1070
f 1054 1055 1071
f 1055 1072 1071
f 1055 1056 1072
f 1056 1073 1072
f 1056 1057 1073
f 1057 1074 1073
f 1057 1058 1074
f 1058 1059 1074
f 1058 1043 1059
f 1059 1076 1075
f 1059 1060 1076
f 1060 1077 1076
f 1060 1061 1077
f 1061 1078 1077
f 1061 1062 1078
f 1062 1079 1078
f 1062 1063 1079
f 1063 1080 1079
f 1063 1064 1080
f 1064 1081 1080
f 1064 1065 1081
f 1065 1082 1081
f 1065 1066 1082
f 1066 1083 1082
f 1066 1067 1083
f 1067 1084 1083
f 1067 1068 1084
f 1068 1085 1084
f 1068 1069 1085
f 1069 1086 1085
f 1069 1070 1086
f 1070 1087 1086
f 1070 1071 1087
f 1071 1088 1087
f 1071 1072 1088
f 1072 1089 1088
f 1072 1073 1089
f 1073 1090 1089
f 1073 1074 1090
f 1074 1075 1090
f 1074 1059 1075
f 1075 1092 1091
f 1075 1076 1092
f 1076 1093 1092
f 1076 1077 1093
f 1077 1094 1093
f 1077 1078 1094
f 1078 1095 1094
f 1078 1079 1095
f 1079 1096 1095
f 1079 1080 1096
f 1080 1097 1096
f 1080 1081 1097
f 1081 1098 1097
f 1081 1082 1098
f 1082 1099 1098
f 1082 1083 1099
f 1083 1100 1099
f 1083 1084 1100
f 1084 1101 1100
f 1084 1085 1101
f 1085 1102 1101
f 1085 1086 1102
f 1086 1103 1102
f 1086 1087 1103
f 1087 1104 1103
f 1087 1088 1104
f 1088 1105 1104
f 1088 1089 1105
f 1089 1106 1105
f 1089 1090 1106
f 1090 1091 1106
f 1090 1075 1091
f 1091 1108 1107
f 1091 1092 1108
f 1092 1109 1108
f 1092 1093 1109
f 1093 1110 1109
f 1093 1094 1110
f 1094 1111 1110
f 1094 1095 1111
f 1095 1112 1111
f 1095 1096 1112
f 1096 1113 1112
f 1096 1097 1113
f 1097 1114 1113
f 1097 1098 1114
f 1098 1115 1114
f 1098 1099 1115
f 1099 1116 1115
f 1099 1100 1116
f 1100 1117 1116
f 1100 1101 1117
f 1101 1118 1117
f 1101 1102 1118
f 1102 1119 1118
f 1102 1103 1119
f 1103 1120 1119
f 1103 1104 1120
f 1104 1121 1120
f 1104 1105 1121
f 1105 1122 1121
f 1105 1106 1122
f 1106 1107 1122
f 1106 1091 1107
f 1107 1124 1123
f 1107 1108 1124
f 1108 1125 1124
f 1108 1109 1125
f 1109 1126 1125
f 1109 1110 1126
f 1110 1127 1126
f 1110 1111 1127
f 1111 1128 1127
f 1111 1112 1128
f 1112 1129 1128
f 1112 1113 1129
f 1113 1130 1129
f 1113 1114 1130
f 1114 1131 1130
f 1114 1115 1131
f 1115 1132 1131
f 1115 1116 1132
f 1116 1133 1132
f 1116 1117 1133
f 1117 1134 1133
f 1117 1118 1134
f 1118 1135 1134
f 1118 1119 1135
f 1119 1136 1135
f 1119 1120 1136
f 1120 1137 1136
f 1120 1121 1137
f 1121 1138 1137
f 1121 1122 1138
f 1122 1123 1138
f 1122 1107 1123
f 1123 1140 1139
f 1123 1124 1140
f 1124 1141 1140
f 1124 1125 1141
f 1125 1142 1141
f 1125 1126 1142
f 1126 1143 1142
f 1126 1127 1143
f 1127 1144 1143
f 1127 1128 1144
f 1128 1145 1144
f 1128 1129 1145
f 1129 1146 1145
f 1129 1130 1146
f 1130 1147 1146
f 1130 1131 1147
f 1131 1148 1147
f 1131 1132 1148
f 1132 1149 1148
f 1132 1133 1149
f 1133 1150 1149
f 1133 1134 1150
f 1134 1151 1150
f 1134 1135 1151
f 1135 1152 1151
f 1135 1136 1152
f 1136 1153 1152
f 1136 1137 1153
f 1137 1154 1153
f 1137 1138 1154
f 1138 1139 1154
f 1138 1123 1139
f 1139 1156 1155
f 1139 1140 1156
f 1140 1157 1156
f 1140 1141 1157
f 1141 1158 1157
f 1141 1142 1158
f 1142 1159 1158
f 1142 1143 1159
f 1143 1160 1159
f 1143 1144 1160
f 1144 1161 1160
f 1144 1145 1161
f 1145 1162 1161
f 1145 1146 1162
f 1146 1163 1162
f 1146 1147 1163
f 1147 1164 1163
f 1147 1148 1164
f 1148 1165 1164
f 1148 1149 1165
f 1149 1166 1165
f 1149 1150 1166
f 1150 1167 1166
f 1150 1151 1167
f 1151 1168 1167
f 1151 1152 1168
f 1152 1169 1168
f 1152 1153 1169
f 1153 1170 1169
f 1153 1154 1170
f 1154 1155 1170
f 1154 1139 1155
f 1155 1172 1171
f 1155 1156 1172
f 1156 1173 1172
f 1156 1157 1173
f 1157 1174 1173
f 1157 1158 1174
f 1158 1175 1174
f 1158 1159 1175
f 1159 1176 1175
f 1159 1160 1176
f 1160 1177 1176
f 1160 1161 1177
f 1161 1178 1177
f 1161 1162 1178
f 1162 1179 1178
f 1162 1163 1179
f 1163 1180 1179
f 1163 1164 1180
f 1164 1181 1180
f 1164 1165 1181
f 1165 1182 1181
f 1165 1166 1182
f 1166 1183 1182
f 1166 1167 1183
f 1167 1184 1183
f 1167 1168 1184
f 1168 1185 1184
f 1168 1169 1185
f 1169 1186 1185
f 1169 1170 1186
f 1170 1171 1186
f 1170 1155 1171
f 1171 1188 1187
f 1171 1172 1188
f 1172 1189 1188
f 1172 1173 1189
f 1173 1190 1189
f 1173 1174 1190
f 1174 1191 1190
f 1174 1175 1191
f 1175 1192 1191
f 1175 1176 1192
f 1176 1193 1192
f 1176 1177 1193
f 1177 1194 1193
f 1177 1178 1194
f 1178 1195 1194
f 1178 1179 1195
f 1179 1196 1195
f 1179 1180 1196
f 1180 1197 1196
f 1180 1181 1197
f 1181 1198 1197
f 1181 1182 1198
f 1182 1199 1198
f 1182 1183 1199
f 1183 1200 1199
f 1183 1184 1200
f 1184 1201 1200
f 1184 1185 1201
f 1185 1202 1201
f 1185 1186 1202
f 1186 1187 1202
f 1186 1171 1187
f 1187 1204 1203
f 1187 1188 1204
f 1188 1205 1204
f 1188 1189 1205
f 1189 1206 1205
f 1189 1190 1206
f 1190 1207 1206
f 1190 1191 1207
f 1191 1208 1207
f 1191 1192 1208
f 1192 1209 1208
f 1192 1193 1209
f 1193 1210 1209
f 1193 1194 1210
f 1194 1211 1210
f 1194 1195 1211
f 1195 1212 1211
f 1195 1196 1212
f 1196 1213 1212
f 1196 1197 1213
f 1197 1214 1213
f 1197 1198 1214
f 1198 1215 1214
f 1198 1199 1215
f 1199 1216 1215
f 1199 1200 1216
f 1200 1217 1216
f 1200 1201 1217
f 1201 1218 1217
f 1201 1202 1218
f 1202 1203 1218
f 1202 1187 1203
f 1203 1220 1219
f 1203 1204 1220
f 1204 1221 1220
f 1204 1205 1221
f 1205 1222 1221
f 1205 1206 1222
f 1206 1223 1222
f 1206 1207 1223
f 1207 1224 1223
f 1207 1208 1224
f 1208 1225 1224
f 1208 1209 1225
f 1209 1226 1225
f 1209 1210 1226
f 1210 1227 1226
f 1210 1211 1227
f 1211 1228 1227
f 1211 1212 1228
f 1212 1229 1228
f 1212 1213 1229
f 1213 1230 1229
f 1213 1214 1230
f 1214 1231 1230
f 1214 1215 1231
f 1215 1232 1231
f 1215 1216 1232
f 1216 1233 1232
f 1216 1217 1233
f 1217 1234 1233
f 1217 1218 1234
f 1218 1219 1234
f 1218 1203 1219
f 1219 1236 1235
f 1219 1220 1236
f 1220 1237 1236
f 1220 1221 1237
f 1221 1238 1237
f 1221 1222 1238
f 1222 1239 1238
f 1222 1223 1239
f 1223 1240 1239
f 1223 1224 1240
f 1224 1241 1240
f 1224 1225 1241
f 1225 1242 1241
f 1225 1226 1242
f 1226 1243 1242
f 1226 1227 1243
f 1227 1244 1243
f 1227 1228 1244
f 1228 1245 1244
f 1228 1229 1245
f 1229 1246 1245
f 1229 1230 1246
f 1230 1247 1246
f 1230 1231 1247
f 1231 1248 1247
f 1231 1232 1248
f 1232 1249 1248
f 1232 1233 1249
f 1233 1250 1249
f 1233 1234 1250
f 1234 1235 1250
f 1234 1219 1235
f 1235 1252 1251
f 1235 1236 1252
f 1236 1253 1252
f 1236 1237 1253
f 1237 1254 1253
f 1237 1238 1254
f 1238 1255 1254
f 1238 1239 1255
f 1239 1256 1255
f 1239 1240 1256
f 1240 1257 1256
f 1240 1241 1257
f 1241 1258 1257
f 1241 1242 1258
f 1242 1259 1258
f 1242 1243 1259
f 1243 1260 1259
f 1243 1244 1260
f 1244 1261 1260
f 1244 1245 1261
f 1245 1262 1261
f 1245 1246 1262
f 1246 1263 1262
f 1246 1247 1263
f 1247 1264 1263
f 1247 1248 1264
f 1248 1265 1264
f 1248 1249 1265
f 1249 1266 1265
f 1249 1250 1266
f 1250 1251 1266
f 1250 1235 1251
f 1251 1268 1267
f 1251 1252 1268
f 1252 1269 1268
f 1252 1253 1269
f 1253 1270 1269
f 1253 1254 1270
f 1254 1271 1270
f 1254 1255 1271
f 1255 1272 1271
f 1255 1256 1272
f 1256 1273 1272
f 1256 1257 1273
f 1257 1274 1273
f 1257 1258 1274
f 1258 1275 1274
f 1258 1259 1275
f 1259 1276 1275
f 1259 1260 1276
f 1260 1277 1276
f 1260 1261 1277
f 1261 1278 1277
f 1261 1262 1278
f 1262 1279 1278
f 1262 1263 1279
f 1263 1280 1279
f 1263 1264 1280
f 1264 1281 1280
f 1264 1265 1281
f 1265 1282 1281
f 1265 1266 1282
f 1266 1267 1282
f 1266 1251 1267
f 1267 1284 1283
f 1267 1268 1284
f 1268 1285 1284
f 1268 1269 1285
f 1269 1286 1285
f 1269 1270 1286
f 1270 1287 1286
f 1270 1271 1287
f 1271 1288 1287
f 1271 1272 1288
f 1272 1289 1288
f 1272 1273 1289
f 1273 1290 1289
f 1273 1274 1290
f 1274 1291 1290
f 1274 1275 1291
f 1275 1292 1291
f 1275 1276 1292
f 1276 1293 1292
f 1276 1277 1293
f 1277 1294 1293
f 1277 1278 1294
f 1278 1295 1294
f 1278 1279 1295
f 1279 1296 1295
f 1279 1280 1296
f 1280 1297 1296
f 1280 1281 1297
f 1281 1298 1297
f 1281 1282 1298
f 1282 1283 1298
f 1282 1267 1283
f 1283 1300 1299
f 1283 1284 1300
f 1284 1301 1300
f 1284 1285 1301
f 1285 1302 1301
f 1285 1286 1302
f 1286 1303 1302
f 1286 1287 1303
f 1287 1304 1303
f 1287 1288 1304
f 1288 1305 1304
f 1288 1289 1305
f 1289 1306 1305
f 1289 1290 1306
f 1290 1307 1306
f 1290 1291 1307
f 1291 1308 1307
f 1291 1292 1308
f 1292 1309 1308
f 1292 1293 1309
f 1293 1310 1309
f 1293 1294 1310
f 1294 1311 1310
f 1294 1295 1311
f 1295 1312 1311
f 1295 1296 1312
f 1296 1313 1312
f 1296 1297 1313
f 1297 1314 1313
f 1297 1298 1314
f 1298 1299 1314
f 1298 1283 1299
f 1299 1316 1315
f 1299 1300 1316
f 1300 1317 1316
f 1300 1301 1317
f 1301 1318 1317
f 1301 1302 1318
f 1302 1319 1318
f 1302 1303 1319
f 1303 1320 1319
f 1303 1304 1320
f 1304 1321 1320
f 1304 1305 1321
f 1305 1322 1321
f 1305 1306 1322
f 1306 1323 1322
f 1306 1307 1323
f 1307 1324 1323
f 1307 1308 1324
f 1308 1325 1324
f 1308 1309 1325
f 1309 1326 1325
f 1309 1310 1326
f 1310 1327 1326
f 1310 1311 1327
f 1311 1328 1327
f 1311 1312 1328
f 1312 1329 1328
f 1312 1313 1329
f 1313 1330 1329
f 1313 1314 1330
f 1314 1315 1330
f 1314 1299 1315
f 1315 1332 1331
f 1315 1316 1332
f 1316 1333 1332
f 1316 1317 1333
f 1317 1334 1333
f 1317 1318 1334
f 1318 1335 1334
f 1318 1319 1335
f 1319 1336 1335
f 1319 1320 1336
f 1320 1337 1336
f 1320 1321 1337
f 1321 1338 1337
f 1321 1322 1338
f 1322 1339 1338
f 1322 1323 1339
f 1323 1340 1339
f 1323 1324 1340
f 1324 1341 1340
f 1324 1325 1341
f 1325 1342 1341
f 1325 1326 1342
f 1326 1343 1342
f 1326 1327 1343
f 1327 1344 1343
f 1327 1328 1344
f 1328 1345 1344
f 1328 1329 1345
f 1329 1346 1345
f 1329 1330 1346
f 1330 1331 1346
f 1330 1315 1331
f 1331 1348 1347
f 1331 1332 1348
f 1332 1349 1348
f 1332 1333 1349
f 1333 1350 1349
f 1333 1334 1350
f 1334 1351 1350
f 1334 1335 1351
f 1335 1352 1351
f 1335 1336 1352
f 1336 1353 1352
f 1336 1337 1353
f 1337 1354 1353
f 1337 1338 1354
f 1338 1355 1354
f 1338 1339 1355
f 1339 1356 1355
f 1339 1340 1356
f 1340 1357 1356
f 1340 1341 1357
f 1341 1358 1357
f 1341 1342 1358
f 1342 1359 1358
f 1342 1343 1359
f 1343 1360 1359
f 1343 1344 1360
f 1344 1361 1360
f 1344 1345 1361
f 1345 1362 1361
f 1345 1346 1362
f 1346 1347 1362
f 1346 1331 1347
f 1347 1364 1363
f 1347 1348 1364
f 1348 1365 1364
f 1348 1349 1365
f 1349 1366 1365
f 1349 1350 1366
f 1350 1367 1366
f 1350 1351 1367
f 1351 1368 1367
f 1351 1352 1368
f 1352 1369 1368
f 1352 1353 1369
f 1353 1370 1369
f 1353 1354 1370
f 1354 1371 1370
f 1354 1355 1371
f 1355 1372 1371
f 1355 1356 1372
f 1356 1373 1372
f 1356 1357 1373
f 1357 1374 1373
f 1357 1358 1374
f 1358 1375 1374
f 1358 1359 1375
f 1359 1376 1375
f 1359 1360 1376
f 1360 1377 1376
f 1360 1361 1377
f 1361 1378 1377
f 1361 1362 1378
f 1362 1363 1378
f 1362 1347 1363
f 1363 1380 1379
f 1363 1364 1380
f 1364 1381 1380
f 1364 1365 1381
f 1365 1382 1381
f 1365 1366 1382
f 1366 1383 1382
f 1366 1367 1383
f 1367 1384 1383
f 1367 1368 1384
f 1368 1385 1384
f 1368 1369 1385
f 1369 1386 1385
f 1369 1370 1386
f 1370 1387 1386
f 1370 1371 1387
f 1371 1388 1387
f 1371 1372 1388
f 1372 1389 1388
f 1372 1373 1389
f 1373 1390 1389
f 1373 1374 1390
f 1374 1391 1390
f 1374 1375 1391
f 1375 1392 1391
f 1375 1376 1392
f 1376 1393 1392
f 1376 1377 1393
f 1377 1394 1393
f 1377 1378 1394
f 1378 1379 1394
f 1378 1363 1379
f 1379 1396 1395
f 1379 1380 1396
f 1380 1397 1396
f 1380 1381 1397
f 1381 1398 1397
f 1381 1382 1398
f 1382 1399 1398
f 1382 1383 1399
f 1383 1400 1399
f 1383 1384 1400
f 1384 1401 1400
f 1384 1385 1401
f 1385 1402 1401
f 1385 1386 1402
f 1386 1403 1402
f 1386 1387 1403
f 1387 1404 1403
f 1387 1388 1404
f 1388 1405 1404
f 1388 1389 1405
f 1389 1406 1405
f 1389 1390 1406
f 1390 1407 1406
f 1390 1391 1407
f 1391 1408 1407
f 1391 1392 1408
f 1392 1409 1408
f 1392 1393 1409
f 1393 1410 1409
f 1393 1394 1410
f 1394 1395 1410
f 1394 1379 1395
f 1395 1412 1411
f 1395 1396 1412
f 1396 1413 1412
f 1396 1397 1413
f 1397 1414 1413
f 1397 1398 1414
f 1398 1415 1414
f 1398 1399 1415
f 1399 1416 1415
f 1399 1400 1416
f 1400 1417 1416
f 1400 1401 1417
f 1401 1418 1417
f 1401 1402 1418
f 1402 1419 1418
f 1402 1403 1419
f 1403 1420 1419
f 1403 1404 1420
f 1404 1421 1420
f 1404 1405 1421
f 1405 1422 1421
f 1405 1406 1422
f 1406 1423 1422
f 1406 1407 1423
f 1407 1424 1423
f 1407 1408 1424
f 1408 1425 1424
f 1408 1409 1425
f 1409 1426 1425
f 1409 1410 1426
f 1410 1411 1426
f 1410 1395 1411
f 1411 1428 1427
f 1411 1412 1428
f 1412 1429 1428
f 1412 1413 1429
f 1413 1430 1429
f 1413 1414 1430
f 1414 1431 1430
f 1414 1415 1431
f 1415 1432 1431
f 1415 1416 1432
f 1416 1433 1432
f 1416 1417 1433
f 1417 1434 1433
f 1417 1418 1434
f 1418 1435 1434
f 1418 1419 1435
f 1419 1436 1435
f 1419 1420 1436
f 1420 1437 1436
f 1420 1421 1437
f 1421 1438 1437
f 1421 1422 1438
f 1422 1439 1438
f 1422 1423 1439
f 1423 1440 1439
f 1423 1424 1440
f 1424 1441 1440
f 1424 1425 1441
f 1425 1442 1441
f 1425 1426 1442
f 1426 1427 1442
f 1426 1411 1427
f 1427 1444 1443
f 1427 1428 1444
f 1428 1445 1444
f 1428 1429 1445
f 1429 1446 1445
f 1429 1430 1446
f 1430 1447 1446
f 1430 1431 1447
f 1431 1448 1447
f 1431 1432 1448
f 1432 1449 1448
f 1432 1433 1449
f 1433 1450 1449
f 1433 1434 1450
f 1434 1451 1450
f 1434 1435 1451
f 1435 1452 1451
f 1435 1436 1452
f 1436 1453 1452
f 1436 1437 1453
f 1437 1454 1453
f 1437 1438 1454
f 1438 1455 1454
f 1438 1439 1455
f 1439 1456 1455
f 1439 1440 1456
f 1440 1457 1456
f 1440 1441 1457
f 1441 1458 1457
f 1441 1442 1458
f 1442 1443 1458
f 1442 1427 1443
f 1443 1460 1459
f 1443 1444 1460
f 1444 1461 1460
f 1444 1445 1461
f 1445 1462 1461
f 1445 1446 1462
f 1446 1463 1462
f 1446 1447 1463
f 1447 1464 1463
f 1447 1448 1464
f 1448 1465 1464
f 1448 1449 1465
f 1449 1466 1465
f 1449 1450 1466
f 1450 1467 1466
f 1450 1451 1467
f 1451 1468 1467
f 1451 1452 1468
f 1452 1469 1468
f 1452 1453 1469
f 1453 1470 1469
f 1453 1454 1470
f 1454 1471 1470
f 1454 1455 1471
f 1455 1472 1471
f 1455 1456 1472
f 1456 1473 1472
f 1456 1457 1473
f 1457 1474 1473
f 1457 1458 1474
f 1458 1459 1474
f 1458 1443 1459
f 1459 1476 1475
f 1459 1460 1476
f 1460 1477 1476
f 1460 1461 1477
f 1461 1478 1477
f 1461 1462 1478
f 1462 1479 1478
f 1462 1463 1479
f 1463 1480 1479
f 1463 1464 1480
f 1464 1481 1480
f 1464 1465 1481
f 1465 1482 1481
f 1465 1466 1482
f 1466 1483 1482
f 1466 1467 1483
f 1467 1484 1483
f 1467 1468 1484
f 1468 1485 1484
f 1468 1469 1485
f 1469 1486 1485
f 1469 1470 1486
f 1470 1487 1486
f 1470 1471 1487
f 1471 1488 1487
f 1471 1472 1488
f 1472 1489 1488
f 1472 1473 1489
f 1473 1490 1489
f 1473 1474 1490
f 1474 1475 1490
f 1474 1459 1475
f 1475 1492 1491
f 1475 1476 1492
f 1476 1493 1492
f 1476 1477 1493
f 1477 1494 1493
f 1477 1478 1494
f 1478 1495 1494
f 1478 1479 1495
f 1479 1496 1495
f 1479 1480 1496
f 1480 1497 1496
f 1480 1481 1497
f 1481 1498 1497
f 1481 1482 1498
f 1482 1499 1498
f 1482 1483 1499
f 1483 1500 1499
f 1483 1484 1500
f 1484 1501 1500
f 1484 1485 1501
f 1485 1502 1501
f 1485 1486 1502
f 1486 1503 1502
f 1486 1487 1503
f 1487 1504 1503
f 1487 1488 1504
f 1488 1505 1504
f 1488 1489 1505
f 1489 1506 1505
f 1489 1490 1506
f 1490 1491 1506
f 1490 1475 1491
f 1491 1508 1507
f 1491 1492 1508
f 1492 1509 1508
f 1492 1493 1509
f 1493 1510 1509
f 1493 1494 1510
f 1494 1511 1510
f 1494 1495 1511
f 1495 1512 1511
f 1495 1496 1512
f 1496 1513 1512
f 1496 1497 1513
f 1497 1514 1513
f 1497 1498 1514
f 1498 1515 1514
f 1498 1499 1515
f 1499 1516 1515
f 1499 1500 1516
f 1500 1517 1516
f 1500 1501 1517
f 1501 1518 1517
f 1501 1502 1518
f 1502 1519 1518
f 1502 1503 1519
f 1503 1520 1519
f 1503 1504 1520
f 1504 1521 1520
f 1504 1505 1521
f 1505 1522 1521
f 1505 1506 1522
f 1506 1507 1522
f 1506 1491 1507
f 1507 1524 1523
f 1507 1508 1524
f 1508 1525 1524
f 1508 1509 1525
f 1509 1526 1525
f 1509 1510 1526
f 1510 1527 1526
f 1510 1511 1527
f 1511 1528 1527
f 1511 1512 1528
f 1512 1529 1528
f 1512 1513 1529
f 1513 1530 1529
f 1513 1514 1530
f 1514 1531 1530
f 1514 1515 1531
f 1515 1532 1531
f 1515 1516 1532
f 1516 1533 1532
f 1516 1517 1533
f 1517 1534 1533
f 1517 1518 1534
f 1518 1535 1534
f 1518 1519 1535
f 1519 1536 1535
f 1519 1520 1536
f 1520 1537 1536
f 1520 1521 1537
f 1521 1538 1537
f 1521 1522 1538
f 1522 1523 1538
f 1522 1507 1523
f 1539 388 387
f 1540 1523 1524
f 1539 389 388
f 1540 1524 1525
f 1539 390 389
f 1540 1525 1526
f 1539 391 390
f 1540 1526 1527
f 1539 392 391
f 1540 1527 1528
f 1539 393 392
f 1540 1528 1529
f 1539 394 393
f 1540 1529 1530
f 1539 395 394
f 1540 1530 1531
f 1539 396 395
f 1540 1531 1532
f 1539 397 396
f 1540 1532 1533
f 1539 398 397
f 1540 1533 1534
f 1539 399 398
f 1540 1534 1535
f 1539 400 399
f 1540 1535 1536
f 1539 401 400
f 1540 1536 1537
f 1539 402 401
f 1540 1537 1538
f 1539 387 402
f 1540 1538 1523

