# https://github.com/mikedh/trimesh
v 0.19556642 0.24168333 -0.00600000
v 0.19556642 0.24168333 -0.00300000
v 0.08866260 0.30340427 -0.00600000
v 0.08866260 0.30340427 -0.00300000
v 0.08866260 -0.30339086 -0.00600000
v 0.08866260 -0.30339086 -0.00300000
v 0.19556642 -0.24166992 -0.00600000
v 0.19556642 -0.24166992 -0.00300000
v 0.08866260 -0.32447961 -0.00300000
v 0.08866260 -0.32447961 -0.00600000
v 0.21382982 0.25222769 -0.00300000
v 0.21382982 0.25222769 -0.00600000
v 0.21382982 -0.25221428 -0.00300000
v 0.21382982 -0.25221428 -0.00600000
v 0.08866260 0.32449302 -0.00300000
v 0.08866260 0.32449302 -0.00600000
v 0.08896023 -0.32509440 -0.00306262
v 0.08866609 -0.32449979 -0.00600025
v 0.08872545 -0.32488158 -0.00610530
v 0.08984593 -0.32697821 -0.00421285
v 0.08957954 -0.32639378 -0.00365700
v 0.08928549 -0.32577115 -0.00328443
v 0.08873888 -0.32503700 -0.00621575
v 0.08873574 -0.32517639 -0.00637190
v 0.09006067 -0.32748890 -0.00499358
v 0.21421342 0.25279287 -0.00306262
v 0.21384552 0.25224081 -0.00600025
v 0.21414649 0.25248310 -0.00610530
v 0.21463686 0.25341290 -0.00328443
v 0.21502908 0.25397888 -0.00365700
v 0.21533506 0.25440958 -0.00409443
v 0.21427439 0.25257245 -0.00621575
v 0.21540201 0.25450179 -0.00421285
v 0.21439666 0.25263941 -0.00637190
v 0.21573691 0.25494310 -0.00499358
v 0.21438685 -0.25262165 -0.00635707
v 0.21583211 -0.25504449 -0.00530667
v 0.21559675 -0.25475016 -0.00462041
v 0.21533506 -0.25439617 -0.00409443
v 0.21413361 -0.25246003 -0.00609662
v 0.21526556 -0.25429955 -0.00398109
v 0.21481511 -0.25365812 -0.00343144
v 0.17947887 0.27637488 -0.00673660
v 0.09011246 0.32764217 -0.00530667
v 0.08952420 0.32704177 -0.00740916
v 0.08997526 0.32729116 -0.00462041
v 0.08979954 0.32688755 -0.00409443
v 0.08975062 0.32677904 -0.00398109
v 0.08942033 0.32606822 -0.00343144
v 0.15151206 -0.29250813 -0.00673660
v 0.21566613 -0.25405292 -0.00796429
v 0.08873687 0.32517913 -0.00635707
v 0.08872350 0.32487899 -0.00609662
v 0.15001266 0.28992310 -0.00673660
v 0.21496102 0.25331468 -0.00661073
v 0.17555621 -0.27706664 -0.11328715
v 0.15001206 -0.28991005 -0.00673660
v 0.14584398 -0.29231650 -0.00673660
v 0.13101967 -0.30087531 -0.00673660
v 0.12776777 -0.30275279 -0.00673660
v 0.12247887 -0.30580634 -0.00673660
v 0.08984315 -0.32755062 -0.00701747
v 0.21517517 -0.25372186 -0.11424666
v 0.18115420 -0.27539422 -0.10959041
v 0.12423158 -0.30669436 -0.10593174
v 0.11166577 0.31443216 -0.10908335
v 0.13273330 -0.29988595 -0.06427186
v 0.10769347 -0.31645513 -0.07708894
v 0.18365640 -0.27174660 -0.09477063
v 0.16009762 -0.28590583 -0.06364831
v 0.12193589 -0.30615265 -0.00695048
v 0.17722698 -0.27334696 -0.12000000
v 0.17722698 -0.27334696 -0.12300000
v 0.17736791 -0.27359107 -0.11994393
v 0.17794193 -0.27458531 -0.12271557
v 0.17748740 -0.27379802 -0.11978426
v 0.17854805 -0.27563515 -0.12190557
v 0.17953388 -0.27413124 -0.11452471
v 0.12560570 -0.30393630 -0.11954528
v 0.12699153 -0.30633661 -0.12069333
v 0.12552588 -0.30379802 -0.11978426
v 0.12658653 -0.30563515 -0.12190557
v 0.12540638 -0.30359107 -0.11994393
v 0.12598041 -0.30458531 -0.12271557
v 0.12526545 -0.30334696 -0.12000000
v 0.08854989 -0.32524985 -0.11967529
v 0.08963237 -0.32712859 -0.12179783
v 0.08998746 -0.32770094 -0.12069333
v 0.08848888 -0.32518134 -0.11978426
v 0.08837760 -0.32504553 -0.11991283
v 0.08907293 -0.32625127 -0.12257043
v 0.08766260 -0.30339086 -0.00300000
v 0.08766260 -0.32447961 -0.00300000
v 0.08766260 -0.30339086 -0.00600000
v 0.08766260 -0.32447961 -0.00600000
v -0.30805084 -0.08716544 -0.00600000
v -0.30725083 -0.08737980 -0.00600000
v -0.30759560 -0.08738643 -0.00300000
v 0.04112399 -0.28262431 -0.00600000
v 0.04095933 -0.28266209 -0.00300000
v 0.04015933 -0.28244773 -0.00300000
v 0.03935933 -0.28266209 -0.00600000
v 0.03935933 -0.28266209 -0.00300000
v 0.03925768 -0.28578974 -0.00372222
v 0.03807106 -0.28695267 -0.00300000
v 0.03856405 -0.28736427 -0.00600000
v 0.03977038 -0.28738769 -0.00438462
v 0.05827984 -0.29266211 -0.00300000
v 0.05747984 -0.29244775 -0.00300000
v 0.05673505 -0.29556973 -0.00412500
v -0.28733033 -0.09404775 -0.00600000
v -0.28733033 -0.09404775 -0.00300000
v -0.28754467 -0.09324775 -0.00600000
v -0.28754467 -0.09324775 -0.00300000
v -0.28813031 -0.09266210 -0.00600000
v -0.28850379 -0.09245595 -0.00300000
v -0.28893033 -0.09244775 -0.00600000
v -0.29179984 -0.09499732 -0.00376744
v -0.29080591 -0.09715846 -0.00600000
v -0.28895840 -0.09606746 -0.00160345
v -0.28969187 -0.09736193 -0.00600000
v 0.21445872 0.25199434 -0.12150764
v 0.19606641 0.24081731 -0.00300000
v 0.21432981 0.25136167 -0.00300000
v 0.19606641 0.24081731 -0.00600000
v 0.21432981 0.25136167 -0.00600000
v 0.19606641 -0.24080390 -0.00600000
v 0.19606641 -0.24080390 -0.00300000
v 0.20396091 -0.18826670 -0.00385715
v 0.20226641 -0.18860765 -0.00300000
v 0.20506641 -0.18839329 -0.00300000
v 0.20202337 -0.19142043 -0.00409756
v 0.20682091 -0.18952317 -0.00300000
v 0.20666641 -0.18999329 -0.00600000
v 0.20645206 -0.18919329 -0.00600000
v 0.20586641 -0.18860765 -0.00600000
v 0.20412941 0.21034808 -0.00226471
v 0.20155413 0.20918042 -0.00417392
v 0.20645206 0.20920670 -0.00300000
v 0.20666641 0.21000670 -0.00300000
v 0.20685173 0.21033178 -0.00600000
v 0.20259997 0.19166556 -0.00430435
v 0.20168076 0.19080670 -0.00300000
v 0.20146641 0.19000670 -0.00600000
v 0.20146641 0.19000670 -0.00300000
v 0.20168076 0.18920670 -0.00600000
v 0.20168076 0.18920670 -0.00300000
v 0.20226641 0.18862106 -0.00600000
v 0.20599795 0.18841267 -0.00366667
v 0.20662630 0.18965067 -0.00300000
v 0.20669816 0.18993777 -0.00600000
v 0.20614644 0.19133261 -0.00450000
v 0.21465138 -0.25251767 -0.12293880
v 0.21443783 -0.25218874 -0.11994393
v 0.21501185 -0.25318298 -0.12271557
v 0.21448600 -0.25231105 -0.11987408
v 0.21534048 -0.25379315 -0.12233855
v 0.21558505 -0.25425184 -0.12190557
v 0.21452439 -0.25241470 -0.11978426
v 0.21588833 -0.25508908 -0.11915273
v 0.21432981 -0.25134826 -0.00300000
v 0.21432981 -0.25134826 -0.00600000
v 0.08937426 0.32662971 -0.12103793
v 0.08816260 0.32478172 -0.12300000
v -0.30465081 0.08406115 -0.00600000
v -0.30630750 0.08219159 -0.00414000
v -0.30570372 0.08663307 -0.00394737
v -0.30725083 0.08739319 -0.00600000
v -0.30725083 0.08739319 -0.00300000
v -0.30805084 0.08717883 -0.00300000
v -0.30835269 0.08701222 -0.00600000
v -0.30894625 0.08583867 -0.00300000
v -0.28733033 0.09406114 -0.00600000
v -0.28902900 0.09711517 -0.00300000
v -0.28853379 0.09705447 -0.00346154
v -0.28969187 0.09737533 -0.00300000
v -0.29040194 0.09732211 -0.00600000
v -0.29040194 0.09732211 -0.00300000
v -0.29101861 0.09696608 -0.00600000
v -0.29101861 0.09696608 -0.00300000
v -0.29141971 0.09637774 -0.00300000
v -0.29153356 0.09610456 -0.00600000
v 0.05521035 0.29402733 -0.00420000
v 0.05823021 0.29251403 -0.00600000
v 0.05747984 0.29246116 -0.00300000
v 0.05827984 0.29267552 -0.00300000
v 0.05839375 0.29670065 -0.00411628
v 0.05509420 0.29659319 -0.00300000
v 0.03935933 0.28267550 -0.00600000
v 0.04015933 0.28246114 -0.00300000
v 0.04050407 0.28245450 -0.00600000
v 0.04095933 0.28267550 -0.00300000
v 0.04185823 0.28381871 -0.00352941
v 0.03878540 0.28306527 -0.00335294
v 0.04087580 0.28667112 -0.00477778
v 0.03915934 0.28739321 -0.00300000
v 0.03835933 0.28717884 -0.00600000
v 0.03835933 0.28717884 -0.00300000
v 0.03777369 0.28659320 -0.00600000
v 0.03755933 0.28579322 -0.00600000
v 0.08766260 0.32449302 -0.00300000
v 0.08766260 0.30340427 -0.00300000
v 0.08766260 0.32449302 -0.00600000
v 0.08766260 0.30340427 -0.00600000
v -0.30893359 -0.02799330 -0.12300000
v -0.30893359 -0.02799330 -0.12000000
v -0.30893359 0.00000670 -0.12300000
v -0.30893359 0.00000670 -0.12000000
v -0.30893359 0.02800670 -0.12300000
v -0.30893359 0.02800670 -0.12000000
v -0.24827592 0.04923170 -0.12000000
v -0.24848358 0.05000670 -0.12000000
v -0.24848358 0.05000670 -0.12300000
v -0.24848358 -0.04999330 -0.12000000
v -0.24848358 -0.04999330 -0.12300000
v -0.24827592 -0.04921830 -0.12300000
v 0.02072583 -0.07196022 -0.12156432
v -0.11360020 0.08334012 -0.12164479
v -0.04770859 0.16134904 -0.12000000
v -0.04693359 0.16155671 -0.12000000
v -0.04693359 0.16155671 -0.12300000
v -0.04615859 0.16134904 -0.12300000
v -0.04559125 0.16078171 -0.12300000
v 0.02625707 0.26733229 -0.12081818
v -0.04727423 0.23875106 -0.12141176
v -0.04861939 0.23253153 -0.12300000
v -0.04622348 0.22643843 -0.12171429
v -0.03961939 0.22213922 -0.12150000
v -0.04111939 0.22173730 -0.12000000
v -0.04111939 0.22173730 -0.12300000
v -0.04261939 0.22213922 -0.12000000
v -0.04261939 0.22213922 -0.12300000
v -0.00970855 0.23940825 -0.12300000
v -0.00970855 0.23940825 -0.12000000
v -0.32943359 0.06259367 -0.00600000
v -0.32943359 0.06259367 -0.00300000
v -0.32943359 -0.06258027 -0.00600000
v -0.32943359 -0.06258027 -0.00300000
v -0.35057605 -0.03008342 -0.11822257
v -0.34769699 -0.07312465 -0.00300000
v 0.08798873 -0.32499340 -0.11994393
v 0.08741471 -0.32598764 -0.12271557
v 0.08790690 -0.32509628 -0.11987408
v 0.08705062 -0.32657731 -0.12233855
v 0.08677566 -0.32701847 -0.12190557
v 0.08783633 -0.32518134 -0.11978426
v 0.08671162 -0.32712036 -0.12177957
v 0.08774740 -0.32527846 -0.11961100
v 0.08641799 -0.32757968 -0.12100286
v 0.08616261 -0.32792824 -0.00673657
v 0.08766149 -0.32532950 -0.00673082
v 0.08758834 -0.32516572 -0.00635707
v 0.08621274 -0.32762876 -0.00530667
v 0.08634994 -0.32727775 -0.00462041
v 0.08652566 -0.32687414 -0.00409443
v 0.08760170 -0.32486558 -0.00609662
v 0.08657459 -0.32676563 -0.00398109
v 0.08690488 -0.32605481 -0.00343144
v -0.34769699 -0.07312465 -0.00600000
v 0.16560696 0.28013581 -0.08997104
v -0.04512466 0.15987176 -0.12091935
v -0.00970855 0.26827577 -0.12300000
v -0.09700149 0.21787716 -0.12300000
v -0.20589632 0.15500671 -0.12300000
v -0.19693358 0.16018134 -0.12300000
v -0.24649976 0.05009494 -0.12195652
v -0.30115911 0.10000670 -0.12300000
v -0.30971735 0.02975803 -0.12180000
v -0.34819698 0.07284937 -0.12300000
v -0.30115911 -0.09999330 -0.12300000
v -0.34819698 -0.07283597 -0.12300000
v -0.30920154 -0.02899330 -0.12300000
v -0.09700149 -0.21786375 -0.12300000
v -0.15109372 -0.18663359 -0.12300000
v -0.19693358 -0.16016793 -0.12300000
v 0.08809117 -0.32498642 -0.12149135
v 0.21432981 0.00000670 -0.12300000
v 0.21434169 -0.25187142 -0.12140092
v -0.34769699 0.07313804 -0.00300000
v -0.34769699 0.07313804 -0.00600000
v 0.08736497 0.32510781 -0.00306262
v 0.08765911 0.32451320 -0.00600025
v 0.08759975 0.32489499 -0.00610530
v 0.08647928 0.32699162 -0.00421285
v 0.08674567 0.32640719 -0.00365700
v 0.08703971 0.32578456 -0.00328443
v 0.08758598 0.32516525 -0.00632297
v 0.08626454 0.32750231 -0.00499358
v 0.08766260 0.32534358 -0.00673660
v 0.08772356 0.32531404 -0.11954528
v 0.08777532 0.32526326 -0.11967529
v 0.08620840 0.32789743 -0.11993691
v 0.08766260 0.32534358 -0.11926340
v 0.08767299 0.32534522 -0.11933796
v 0.08684257 0.32692501 -0.12202584
v 0.08654398 0.32739806 -0.12138605
v 0.08633775 0.32771435 -0.12069333
v 0.08783633 0.32519475 -0.11978426
v 0.08794760 0.32505894 -0.11991283
v 0.08725227 0.32626468 -0.12257043
v 0.12079758 -0.24399924 -0.12098942
v -0.09700149 -0.21786375 -0.12000000
v -0.15109372 -0.18663359 -0.12000000
v -0.19693358 -0.16016793 -0.12000000
v -0.24649976 -0.05008154 -0.12107463
v -0.30115911 -0.09999330 -0.12000000
v -0.31072559 -0.03008406 -0.12262264
v -0.34819698 -0.07283597 -0.12000000
v -0.34819698 0.07284937 -0.12000000
v -0.30920154 0.02900670 -0.12000000
v -0.04865172 0.15937853 -0.12083333
v -0.34820988 0.07288045 -0.11999927
v -0.19693358 0.16018134 -0.12000000
v -0.09700149 0.21787716 -0.12000000
v 0.08816347 0.32478327 -0.12000066
v 0.21432981 0.00000670 -0.12000000
v -0.34887904 0.07410674 -0.12271557
v -0.34851855 0.07344142 -0.12293880
v -0.34975940 0.07576595 -0.12100286
v -0.34993359 0.07616139 -0.11926330
v -0.12103894 0.20831379 -0.11926340
v -0.07156707 0.23687638 -0.11926340
v -0.04688535 0.25112638 -0.11926340
v -0.03397094 0.25858253 -0.11926340
v -0.34920767 0.07471689 -0.12233855
v -0.34945223 0.07517558 -0.12190557
v -0.34950843 0.07528199 -0.12177957
v -0.02080330 0.26618487 -0.11926340
v 0.00294909 0.27989832 -0.11926340
v 0.01804123 0.28861177 -0.11926340
v 0.02085910 0.29023868 -0.11926340
v 0.03070242 0.29592171 -0.11926340
v 0.08616263 0.32794157 -0.00673609
v -0.02080330 0.26618487 -0.00673660
v -0.03397094 0.25858253 -0.00673660
v -0.04688535 0.25112638 -0.00673660
v -0.07156707 0.23687638 -0.00673660
v -0.12103894 0.20831379 -0.00673660
v -0.34969929 0.07596824 -0.00530667
v -0.16885935 0.18070467 -0.00673660
v -0.19275856 0.16690646 -0.00673660
v -0.19853608 0.16357079 -0.00673660
v -0.22098824 0.15060803 -0.00673660
v -0.25705594 0.12978433 -0.00673660
v -0.29643032 0.10705152 -0.00673660
v -0.34992096 0.07615305 -0.00626088
v -0.34946391 0.07567392 -0.00462041
v -0.34920222 0.07531992 -0.00409443
v -0.34913272 0.07522330 -0.00398109
v -0.34868228 0.07458185 -0.00343144
v 0.04210773 0.30068643 -0.01600000
v 0.02549908 0.28945345 -0.01760000
v 0.02480626 0.28905347 -0.01738564
v -0.28782464 0.11042841 -0.01484425
v -0.28507006 0.11014627 -0.01520000
v -0.28488442 0.11025345 -0.01600000
v -0.34825402 0.07354540 -0.00635707
v -0.34843321 0.07356390 -0.00673201
v -0.34800079 0.07338377 -0.00609662
v 0.08616259 0.32794167 -0.11926317
v 0.08616260 0.32794166 -0.08399921
v 0.08616260 0.32794166 -0.08397067
v 0.08616258 0.32794170 -0.05245854
v -0.34830502 0.07311250 -0.11994393
v -0.34835318 0.07323480 -0.11987408
v -0.34839156 0.07333846 -0.11978426
v -0.34843120 0.07346404 -0.11961100
v -0.34843358 0.07356332 -0.11926340
v -0.19709170 0.16440471 -0.09287393
v -0.22772749 0.14671713 -0.08394291
v -0.22098824 0.15060803 -0.06510620
v -0.21843180 0.15208401 -0.06916919
v -0.22180387 0.15013713 -0.08394291
v -0.22098824 0.15060803 -0.08393726
v -0.22098824 0.15060803 -0.08397067
v -0.14887811 0.19224083 -0.06591719
v -0.13946936 0.19767299 -0.08399842
v -0.15792355 0.18701845 -0.08393726
v -0.16885935 0.18070467 -0.08399921
v -0.16359326 0.18374504 -0.08399842
v -0.15795426 0.18700072 -0.08399842
v -0.13362367 0.20104799 -0.08399842
v -0.16885935 0.18070467 -0.06388304
v -0.15349606 0.18957466 -0.06388304
v -0.14887812 0.19224084 -0.05468330
v -0.12103894 0.20831379 -0.03614165
v -0.14885470 0.19225435 -0.05472830
v -0.17919168 0.17473929 -0.07249446
v -0.17919168 0.17473929 -0.08393160
v -0.18078135 0.17382149 -0.07457978
v -0.17412543 0.17766429 -0.08393160
v -0.17412543 0.17766429 -0.06809160
v -0.19275856 0.16690646 -0.08393726
v -0.19275856 0.16690646 -0.08392936
v -0.18781994 0.16975777 -0.08392936
v -0.16356257 0.18376277 -0.08393726
v -0.16885935 0.18070467 -0.08393726
v -0.18607743 0.17076380 -0.07260921
v -0.22138193 0.15038073 -0.05481830
v -0.20913616 0.15745084 -0.05477330
v -0.21424901 0.15449893 -0.06260791
v -0.22098824 0.15060803 -0.05544400
v -0.21567836 0.15367369 -0.06388304
v -0.21115391 0.15628590 -0.06718232
v -0.19853608 0.16357079 -0.05472830
v -0.20305583 0.16096133 -0.05477330
v 0.04270523 0.30285153 -0.08393726
v 0.04270523 0.30285153 -0.06400000
v 0.03305247 0.29712290 -0.08164891
v 0.03070242 0.29592171 -0.06388304
v 0.04270523 0.30285153 -0.08397067
v 0.03070242 0.29592171 -0.08397067
v 0.03913552 0.30079055 -0.08399720
v 0.03070242 0.29592171 -0.08399921
v 0.03925800 0.30086127 -0.08399992
v 0.03070242 0.29592171 -0.10174866
v 0.02943630 0.29519072 -0.06400000
v 0.02085910 0.29023868 -0.06400000
v 0.02085910 0.29023868 -0.06388304
v 0.01804123 0.28861177 -0.06388304
v 0.01963622 0.28947490 -0.06622222
v 0.02710664 0.29384568 -0.07464328
v 0.02710662 0.29384571 -0.08177778
v 0.02024623 0.28982184 -0.07353216
v 0.02943630 0.29519072 -0.08393726
v 0.02943630 0.29519072 -0.08397067
v 0.02943630 0.29519072 -0.08400000
v 0.02085910 0.29023868 -0.08400000
v 0.02085910 0.29023868 -0.10174866
v 0.01910477 0.28922582 -0.08400000
v 0.01910477 0.28922582 -0.08393726
v 0.01804123 0.28861177 -0.08393726
v 0.01910477 0.28922582 -0.08397067
v 0.01804123 0.28861177 -0.08397067
v 0.01804123 0.28861177 -0.08399921
v 0.01437700 0.28649466 -0.09699381
v 0.02438083 0.29148711 -0.01572133
v 0.00749525 0.28252814 -0.05667165
v 0.01276912 0.28539174 -0.08415254
v 0.01311174 0.28576574 -0.08406670
v 0.01320223 0.28581798 -0.08404455
v 0.01166746 0.28492923 -0.08425993
v 0.00294909 0.27989832 -0.08399921
v 0.01046081 0.28423521 -0.08414306
v 0.00294909 0.27989832 -0.08397067
v -0.00024153 0.27805620 -0.08393726
v -0.00024153 0.27805620 -0.06400000
v -0.00257119 0.27671120 -0.06400000
v -0.00257119 0.27671120 -0.08393726
v -0.00024153 0.27805620 -0.08397067
v -0.00024153 0.27805620 -0.08400000
v -0.00257119 0.27671120 -0.08400000
v -0.02080330 0.26618487 -0.10174866
v -0.01335774 0.27048355 -0.08408255
v -0.00257119 0.27671120 -0.08397067
v -0.01328120 0.27052775 -0.08405918
v -0.01939779 0.26684787 -0.06758024
v -0.02080330 0.26618487 -0.06388304
v -0.01958782 0.26688662 -0.07394152
v -0.02080330 0.26618487 -0.08393726
v -0.01508615 0.26943617 -0.06375547
v -0.01453687 0.26980426 -0.08430143
v -0.01958782 0.26688662 -0.08393726
v -0.01958782 0.26688662 -0.08397067
v -0.02080330 0.26618487 -0.08397067
v -0.01958782 0.26688662 -0.08399921
v -0.02080330 0.26618487 -0.08399921
v -0.01951282 0.26675671 -0.08423392
v -0.02201877 0.26548311 -0.08393726
v -0.02201877 0.26548311 -0.06400000
v -0.02455101 0.26402113 -0.06400000
v -0.03022322 0.26074627 -0.07850292
v -0.03022322 0.26074627 -0.06400000
v -0.03397094 0.25858253 -0.06388304
v -0.02201877 0.26548311 -0.08397067
v -0.03397094 0.25858253 -0.10174866
v -0.02434843 0.26413807 -0.08400000
v -0.02201877 0.26548311 -0.08400000
v -0.03002064 0.26086321 -0.08400000
v -0.03000938 0.26086974 -0.08397067
v -0.02434843 0.26413807 -0.08397067
v -0.02999654 0.26087713 -0.08393726
v -0.02436959 0.26412586 -0.06948624
v -0.03255288 0.25940123 -0.06400000
v -0.03255288 0.25940123 -0.08393726
v -0.03397094 0.25858253 -0.08393726
v -0.03255288 0.25940123 -0.08397067
v -0.03397094 0.25858253 -0.08397067
v -0.03255288 0.25940123 -0.08400000
v -0.03397094 0.25858253 -0.08399921
v -0.04521407 0.25209129 -0.06622222
v -0.03771865 0.25641879 -0.06622222
v -0.03771865 0.25641879 -0.07242105
v -0.04688535 0.25112638 -0.06388304
v -0.04460634 0.25244218 -0.07242105
v -0.04460634 0.25244218 -0.07464328
v -0.03538899 0.25776380 -0.08393726
v -0.03538899 0.25776380 -0.06400000
v -0.04521407 0.25209129 -0.06400000
v -0.03538899 0.25776380 -0.08397067
v -0.03538899 0.25776380 -0.08400000
v -0.04572052 0.25179890 -0.08177778
v -0.04688535 0.25112638 -0.08397067
v -0.04572052 0.25179890 -0.08400000
v -0.04688535 0.25112638 -0.08399921
v -0.05659678 0.24534625 -0.08112966
v -0.07156707 0.23687638 -0.06388304
v -0.04805018 0.25045386 -0.08393726
v -0.04805018 0.25045386 -0.06400000
v -0.05149402 0.24846557 -0.06400000
v -0.05792097 0.24466837 -0.06680296
v -0.03771865 0.25641879 -0.07464328
v -0.03771865 0.25641879 -0.08177778
v -0.04805018 0.25045386 -0.08397067
v -0.04688535 0.25112638 -0.10174866
v -0.05149741 0.24846362 -0.08399992
v -0.07156707 0.23687638 -0.08399921
v -0.05161989 0.24839289 -0.08399720
v -0.07156707 0.23687638 -0.08397067
v -0.09893297 0.22107668 -0.06400000
v -0.10257939 0.21897142 -0.07253801
v -0.08434728 0.22949773 -0.08393726
v -0.08434728 0.22949773 -0.06400000
v -0.10612453 0.21692464 -0.06400000
v -0.10845419 0.21557960 -0.06400000
v -0.12103894 0.20831379 -0.06388304
v -0.10369358 0.21832815 -0.07499415
v -0.08961434 0.22645679 -0.06400000
v -0.09660331 0.22242171 -0.06400000
v -0.10136392 0.21967317 -0.07499415
v -0.08434728 0.22949773 -0.08397067
v -0.07156707 0.23687638 -0.10174866
v -0.11742552 0.21007532 -0.08666215
v -0.10125286 0.21975482 -0.08317289
v -0.08434771 0.22949565 -0.08402622
v -0.25705594 0.12978433 -0.08397067
v -0.19275856 0.16690646 -0.08397067
v -0.16885935 0.18070467 -0.08397067
v -0.16357933 0.18375309 -0.08397067
v -0.19604280 0.16502023 -0.09064818
v -0.20905817 0.15749587 -0.08394291
v -0.21543102 0.15381651 -0.07381448
v -0.20305660 0.16096087 -0.08394291
v -0.19853608 0.16357079 -0.08393726
v -0.12103894 0.20831379 -0.05479580
v -0.07156707 0.23687638 -0.05479580
v -0.04688535 0.25112638 -0.05479580
v -0.03397094 0.25858253 -0.05479580
v -0.19401635 0.16618027 -0.08392936
v -0.19328752 0.16659992 -0.08296442
v -0.18937681 0.16870379 -0.06227096
v -0.12103894 0.20831379 -0.05472830
v -0.07156707 0.23687638 -0.05472830
v -0.04688535 0.25112638 -0.05472830
v -0.03229333 0.25955110 -0.05008163
v -0.21965175 0.15137771 -0.04962768
v -0.22746144 0.14687073 -0.05481830
v -0.13363879 0.20103926 -0.08396939
v -0.14409094 0.19500472 -0.06388304
v -0.14881958 0.19227463 -0.05479580
v -0.28679385 0.11166251 -0.01764652
v -0.30449798 0.10102513 -0.01600000
v -0.34993359 0.07616140 -0.07048556
v -0.35061464 0.07272682 -0.12057851
v -0.35029831 -0.07270152 -0.12087046
v -0.35322098 -0.07346373 -0.05441315
v -0.35047965 -0.00984825 -0.07339255
v -0.35075838 0.03319520 -0.10374269
v -0.34960407 -0.07584006 -0.00499358
v -0.34993357 -0.07614798 -0.00673640
v -0.25417283 -0.13143550 -0.00673660
v -0.19530733 -0.16542150 -0.00673660
v -0.18264614 -0.17273144 -0.00673660
v -0.16755401 -0.18144490 -0.00673660
v -0.15884310 -0.18647413 -0.00673660
v -0.14380161 -0.19515835 -0.00673660
v -0.11771956 -0.21021682 -0.00673660
v -0.09303784 -0.22446683 -0.00673660
v 0.08621340 -0.32794879 -0.00654351
v -0.34926918 -0.07539874 -0.00421285
v -0.34889624 -0.07487582 -0.00365700
v -0.34850404 -0.07430985 -0.00328443
v -0.34808058 -0.07368980 -0.00306262
v -0.34902611 -0.07436583 -0.12257043
v -0.34939313 -0.07505080 -0.12202584
v -0.34965351 -0.07554592 -0.12138605
v -0.34982431 -0.07588267 -0.12069333
v -0.34991819 -0.07608623 -0.11993691
v -0.15884310 -0.18647413 -0.11926340
v -0.16755401 -0.18144490 -0.11926340
v -0.18264614 -0.17273144 -0.11926340
v -0.19530733 -0.16542150 -0.11926340
v -0.25417283 -0.13143550 -0.11926340
v -0.27207094 -0.12110201 -0.11926340
v -0.29635066 -0.10708412 -0.11926340
v -0.30362529 -0.10288412 -0.11926340
v -0.34993360 -0.07614802 -0.11926317
v -0.29912042 -0.10378936 -0.02674692
v -0.30803522 -0.09934829 -0.09933386
v -0.30709742 -0.09741537 -0.09843588
v -0.34832957 -0.07316080 -0.11991283
v -0.27057096 -0.11850394 -0.11926340
v -0.34843847 -0.07348236 -0.11954528
v -0.34843700 -0.07354725 -0.11929616
v -0.34843359 -0.07354994 -0.11926337
v 0.08626639 -0.32767399 -0.11895964
v -0.11359770 -0.20913248 -0.11926340
v -0.34839156 -0.07332507 -0.11978426
v -0.34842038 -0.07341215 -0.11967529
v 0.08766260 -0.32533017 -0.09857500
v 0.08766260 -0.32533018 -0.02635506
v 0.08616260 -0.32792825 -0.08399908
v -0.34826383 -0.07353637 -0.00637190
v -0.27057096 -0.11850394 -0.00673660
v -0.34843357 -0.07354991 -0.00673653
v -0.34771270 -0.07313775 -0.00600025
v -0.34801367 -0.07338005 -0.00610530
v -0.34814155 -0.07346941 -0.00621575
v -0.25618285 -0.12832773 -0.09616398
v 0.03845091 -0.30038190 -0.05477330
v 0.04453126 -0.30389237 -0.05477330
v 0.04964410 -0.30684429 -0.06260791
v 0.03393118 -0.29777241 -0.05472830
v 0.03845170 -0.30038235 -0.08394291
v 0.02941144 -0.29516294 -0.08392936
v 0.05306155 -0.30882398 -0.10079980
v 0.04654900 -0.30505732 -0.06718232
v 0.04617466 -0.30484119 -0.07166873
v 0.05450006 -0.30964734 -0.05843629
v 0.05638333 -0.31073517 -0.07323218
v 0.06312257 -0.31462607 -0.08394291
v 0.05677703 -0.31096247 -0.05481830
v 0.05250098 -0.30848842 -0.04001563
v 0.06285652 -0.31447246 -0.05481830
v 0.05719896 -0.31120607 -0.08394291
v 0.05082610 -0.30752671 -0.07381448
v 0.04445325 -0.30384734 -0.08394291
v 0.00952052 -0.28367892 -0.08393160
v 0.00952052 -0.28367892 -0.06809160
v 0.01458677 -0.28660393 -0.07249446
v 0.01458677 -0.28660393 -0.08393160
v 0.01561787 -0.28719923 -0.07332624
v 0.00425444 -0.28063855 -0.08399921
v 0.02614028 -0.29327434 -0.08399921
v 0.02321503 -0.29158545 -0.08392936
v 0.02066093 -0.29011084 -0.07264573
v 0.02614028 -0.29327434 -0.07958417
v 0.02665839 -0.29355367 -0.06676653
v -0.01110885 -0.27176854 -0.06388304
v -0.00101164 -0.27759817 -0.08399842
v -0.00665066 -0.27434248 -0.08399842
v -0.01572679 -0.26910236 -0.05468330
v -0.03098123 -0.26029521 -0.08399842
v -0.02051398 -0.26633850 -0.06388304
v -0.04356597 -0.25302941 -0.06388304
v -0.19171156 -0.16749753 -0.06622222
v -0.19171156 -0.16749753 -0.07242105
v -0.18421613 -0.17182501 -0.06622222
v -0.18482387 -0.17147414 -0.07242105
v -0.19530733 -0.16542150 -0.06388304
v -0.19404121 -0.16615249 -0.06400000
v -0.18421613 -0.17182501 -0.06400000
v -0.18264614 -0.17273144 -0.06388304
v -0.18482387 -0.17147414 -0.07464328
v -0.19171156 -0.16749753 -0.07464328
v -0.19171156 -0.16749753 -0.08177778
v -0.18370968 -0.17211741 -0.08177778
v -0.18370968 -0.17211741 -0.08400000
v -0.19404121 -0.16615249 -0.08400000
v -0.19530733 -0.16542150 -0.08933485
v -0.15530668 -0.18851589 -0.06908472
v -0.17295906 -0.17821062 -0.08397383
v -0.12688626 -0.20492443 -0.07464328
v -0.12688626 -0.20492443 -0.08177778
v -0.11999857 -0.20890103 -0.07464328
v -0.11888439 -0.20954432 -0.08177778
v -0.11771956 -0.21021682 -0.08399921
v -0.12688626 -0.20492443 -0.06622222
v -0.12688626 -0.20492443 -0.07242105
v -0.11939084 -0.20925191 -0.06622222
v -0.11999857 -0.20890103 -0.07242105
v -0.12921591 -0.20357940 -0.06400000
v -0.11939084 -0.20925191 -0.06400000
v -0.11771956 -0.21021682 -0.06388304
v -0.14380161 -0.19515835 -0.06388304
v -0.14005390 -0.19732209 -0.06400000
v -0.13438168 -0.20059694 -0.07850292
v -0.13438168 -0.20059694 -0.06400000
v -0.13205202 -0.20194197 -0.06400000
v -0.14380161 -0.19515835 -0.08933485
v -0.11888439 -0.20954432 -0.08400000
v -0.11771956 -0.21021682 -0.08933485
v -0.12921591 -0.20357940 -0.08400000
v -0.13458426 -0.20047998 -0.08400000
v -0.14128254 -0.19642379 -0.06741380
v -0.10747325 -0.21606759 -0.08146993
v -0.11311089 -0.21287765 -0.06400000
v -0.09303784 -0.22446683 -0.06388304
v -0.09303784 -0.22446683 -0.08933485
v -0.11655473 -0.21088934 -0.06400000
v -0.11655473 -0.21088934 -0.08400000
v -0.11106311 -0.21387098 -0.08383263
v -0.06867783 -0.23853125 -0.08961270
v -0.06324099 -0.24167004 -0.08400000
v -0.06324099 -0.24167004 -0.07499415
v -0.06567194 -0.24026653 -0.06400000
v -0.06202552 -0.24237180 -0.07253801
v -0.05615072 -0.24576361 -0.06400000
v -0.06091133 -0.24301507 -0.07499415
v -0.04356597 -0.25302941 -0.08399921
v -0.02513555 -0.26367024 -0.08399842
v -0.01572679 -0.26910236 -0.06591719
v -0.06800160 -0.23892151 -0.06400000
v -0.06871063 -0.23851214 -0.06388304
v -0.05848038 -0.24441858 -0.06400000
v -0.06091133 -0.24301507 -0.08400000
v -0.04356597 -0.25302941 -0.08933485
v -0.08025763 -0.23184548 -0.08400000
v -0.08025763 -0.23184548 -0.06400000
v -0.07002163 -0.23754995 -0.08259957
v -0.07482309 -0.23498312 -0.08399438
v -0.15089352 -0.19085763 -0.06448059
v -0.15371582 -0.18943438 -0.08318922
v -0.20731014 -0.15849169 -0.08400000
v -0.25651600 -0.12878036 -0.04077207
v -0.20731014 -0.15849168 -0.06400000
v -0.34993360 -0.07614801 -0.05401076
v -0.30309628 -0.10175809 -0.09299999
v -0.11189921 -0.21357721 -0.09857500
v -0.19530733 -0.16542150 -0.09857500
v 0.03003573 -0.29552338 -0.09857500
v 0.02815364 -0.29443675 -0.08399921
v -0.18264614 -0.17273144 -0.05472830
v -0.13205202 -0.20194197 -0.08400000
v 0.03342433 -0.29571309 -0.01600001
v 0.02815364 -0.29443675 -0.08392936
v 0.02614028 -0.29327434 -0.08392936
v -0.15726046 -0.18738788 -0.03876203
v 0.02815364 -0.29443675 -0.04277438
v 0.05393938 -0.30906434 -0.06916919
v 0.21461169 0.25190100 -0.11994393
v 0.21474171 0.25188157 -0.11987408
v 0.21575975 0.25190100 -0.12271557
v 0.21645246 0.25188053 -0.12233855
v 0.21697199 0.25186300 -0.12190557
v 0.21485066 0.25186300 -0.11978426
v 0.21709225 0.25185847 -0.12177957
v 0.21497923 0.25183454 -0.11961100
v 0.21763684 0.25183383 -0.12100286
v 0.21506642 0.25178695 -0.11926340
v 0.21800379 0.25173733 -0.00605537
v 0.21506642 0.25178695 -0.00673660
v 0.21506616 0.25177988 -0.00671740
v 0.21496111 0.25164041 -0.00635707
v 0.21778198 0.25168064 -0.00530667
v 0.21740940 0.25162396 -0.00462041
v 0.21697199 0.25157431 -0.00409443
v 0.21469451 0.25150192 -0.00609662
v 0.21685356 0.25156245 -0.00398109
v 0.21607283 0.25149307 -0.00343144
v 0.21501034 -0.25181156 -0.11954528
v 0.21494049 -0.25183100 -0.11967529
v 0.21800521 -0.25179109 -0.11993691
v 0.21506642 -0.25177354 -0.11926340
v 0.21506263 -0.25178337 -0.11933796
v 0.21684597 -0.25185409 -0.12202584
v 0.21740496 -0.25183204 -0.12138605
v 0.21778198 -0.25181156 -0.12069333
v 0.21485066 -0.25184959 -0.11978426
v 0.21467741 -0.25187805 -0.11991283
v 0.21606927 -0.25187874 -0.12257043
v 0.21501105 -0.25139791 -0.00306262
v 0.21434902 -0.25135532 -0.00600025
v 0.21470934 -0.25149482 -0.00610530
v 0.21708533 -0.25157279 -0.00421285
v 0.21644600 -0.25151128 -0.00365700
v 0.21575975 -0.25145459 -0.00328443
v 0.21495025 -0.25161801 -0.00632294
v 0.21763498 -0.25164217 -0.00499358
v 0.21506642 -0.25177354 -0.00673660
v 0.21806641 0.18288267 -0.11926340
v 0.21806641 0.18224446 -0.11926340
v 0.21806641 0.17542551 -0.11926340
v 0.21806641 0.17099196 -0.11926340
v 0.21806641 0.15331908 -0.11926340
v 0.21806641 0.08817726 -0.11926340
v 0.21806641 0.05914272 -0.11926340
v 0.21806641 0.03105208 -0.11926340
v 0.21806641 0.00255208 -0.11926340
v 0.21806641 -0.02756488 -0.11926340
v 0.21806641 -0.04493330 -0.11926340
v 0.21806641 -0.05499178 -0.11926340
v 0.21806641 -0.07241868 -0.11926340
v 0.21806641 -0.08703856 -0.11926340
v 0.21806641 -0.18999329 -0.00673660
v 0.21806641 -0.13964576 -0.00673660
v 0.21806641 -0.08703856 -0.00673660
v 0.21806641 -0.07241868 -0.00673660
v 0.21806641 -0.05499178 -0.00673660
v 0.21806641 -0.04493330 -0.00673660
v 0.21806641 -0.02756488 -0.00673660
v 0.21806641 0.00255208 -0.00673660
v 0.21806641 0.03105208 -0.00673660
v 0.21806641 0.05914272 -0.00673660
v 0.21806641 0.08817726 -0.00673660
v 0.21806641 0.15331908 -0.00673660
v 0.21806641 0.17099196 -0.00673660
v 0.21806641 0.17542551 -0.00673660
v 0.21806641 0.18224446 -0.00673660
v 0.21806641 0.18288267 -0.00673660
v 0.21806641 0.19710685 -0.00673660
v 0.21806641 0.25178695 -0.08393624
v 0.21806641 0.25178695 -0.08396478
v 0.21806641 0.25178695 -0.00673660
v 0.21806641 0.25178695 -0.05476137
v 0.21806641 0.25178695 -0.07387572
v 0.21806641 -0.25177354 -0.00673660
v 0.21729222 -0.17950340 -0.01781304
v 0.21506642 -0.17919329 -0.01738564
v 0.21506642 -0.17860766 -0.01680000
v 0.21506642 -0.17839329 -0.01600000
v 0.21606642 -0.17874705 -0.01495568
v 0.21724823 -0.18159989 -0.01521878
v 0.21506642 -0.17999330 -0.01440000
v 0.21654010 0.20000671 -0.01600000
v 0.21632957 0.18117961 -0.01717290
v 0.21506642 0.18051147 -0.01443624
v 0.21506642 0.17920670 -0.01461436
v 0.21506642 0.17840670 -0.01600000
v 0.21791256 0.17833893 -0.01523422
v 0.21694777 -0.19990044 -0.01653496
v 0.21506642 -0.19919330 -0.01461436
v 0.21506642 -0.20074368 -0.01445287
v 0.21804706 0.16989844 -0.06530317
v 0.21806641 0.17542551 -0.08390283
v 0.21806641 0.18224446 -0.08390283
v 0.21806641 -0.04493330 -0.06384861
v 0.21806641 0.05211040 -0.08395521
v 0.21806641 0.05165735 -0.08396557
v 0.21806641 0.05914272 -0.08396478
v 0.21806641 0.10945888 -0.08396399
v 0.21806641 0.13076796 -0.08390283
v 0.21806641 0.12032318 -0.06588276
v 0.21806641 0.18981312 -0.08390848
v 0.21806641 0.19710685 -0.08390283
v 0.21806641 0.19717185 -0.07378005
v 0.21806641 0.19745748 -0.06384861
v 0.21806641 0.19580700 -0.06257349
v 0.21806641 0.19710685 -0.06433120
v 0.21806641 0.21137059 -0.08390848
v 0.21806641 0.18288222 -0.05473887
v 0.21806641 0.18256357 -0.05476137
v 0.21806641 0.18289918 -0.05476137
v 0.21806641 0.19710685 -0.05008526
v 0.21806641 0.18990318 -0.05473887
v 0.21806641 0.18288267 -0.05469387
v 0.21806641 0.20453060 -0.08390848
v 0.21806641 0.19710685 -0.08393624
v 0.21806641 0.21106339 -0.05478387
v 0.21806641 0.20063686 -0.06913476
v 0.21806641 0.18288312 -0.08390848
v 0.21806641 0.18288267 -0.08393624
v 0.21806641 0.17099196 -0.08222415
v 0.21806641 0.17099196 -0.08390283
v 0.21806641 0.16528933 -0.08389493
v 0.21806641 0.15532628 -0.08389717
v 0.21806641 0.15532628 -0.07246003
v 0.21806641 0.16234012 -0.07261130
v 0.21806641 0.15651688 -0.07329181
v 0.21806641 0.14953664 -0.05968887
v 0.21806641 0.12565553 -0.06384861
v 0.21793112 0.16404560 -0.05717193
v 0.21806641 0.15331908 -0.08390283
v 0.21806641 0.15331908 -0.08389717
v 0.21806641 0.14947627 -0.08389717
v 0.21806641 0.17244433 -0.08389493
v 0.21806641 0.17099196 -0.08389493
v 0.21806641 0.14953664 -0.05469387
v 0.21806641 0.12032318 -0.05464887
v 0.21806640 0.12034840 -0.05469237
v 0.21806641 0.13729869 -0.08393624
v 0.21806641 0.13731478 -0.08396399
v 0.21806641 0.15331908 -0.08396478
v 0.21806641 0.13080341 -0.08396399
v 0.21806641 0.08817726 -0.08393624
v 0.21806641 0.08817726 -0.08396478
v 0.21806641 0.10270888 -0.08396399
v 0.21806641 0.13727933 -0.08390283
v 0.21806641 0.14947627 -0.06805717
v 0.21806641 0.12029029 -0.05470363
v 0.21806640 0.10274592 -0.08390234
v 0.21806641 0.06814857 -0.07495973
v 0.21806641 0.11479542 -0.06384861
v 0.21806641 -0.08703856 -0.06384861
v 0.21806641 -0.08557657 -0.06396557
v 0.21806641 -0.07423154 -0.06396557
v 0.21806641 -0.07241868 -0.06384861
v 0.21806641 -0.07423154 -0.06618779
v 0.21806641 -0.07364675 -0.08174335
v 0.21806641 -0.08288652 -0.07460885
v 0.21806641 -0.08288652 -0.08174335
v 0.21806641 -0.07493330 -0.07460885
v 0.21806641 -0.07493330 -0.07238662
v 0.21806641 -0.08288652 -0.07238662
v 0.21806641 -0.08288652 -0.06618779
v 0.21798070 -0.07136844 -0.07963008
v 0.21806641 -0.07364675 -0.08390283
v 0.21806641 -0.07241868 -0.08393624
v 0.21806641 -0.07364675 -0.08393624
v 0.21806641 -0.07241868 -0.08396478
v 0.21806641 -0.07364675 -0.08396557
v 0.21806641 0.00062226 -0.06618779
v 0.21806641 0.00255208 -0.08390283
v 0.21806641 0.00255208 -0.06384861
v 0.21806641 -0.02616137 -0.08390283
v 0.21806641 -0.02616137 -0.06396557
v 0.21806641 -0.02756488 -0.06384861
v 0.21806641 -0.02323739 -0.06396557
v 0.21806641 -0.01668769 -0.07846849
v 0.21806641 -0.01668769 -0.06396557
v 0.21806641 -0.01399763 -0.06396557
v 0.21806641 -0.00007950 -0.07460885
v 0.21806641 -0.00007950 -0.07238662
v 0.21806641 -0.00803271 -0.07238662
v 0.21806641 -0.00803271 -0.06618779
v 0.21806641 -0.02616137 -0.08396557
v 0.21806641 -0.02756488 -0.08393624
v 0.21806641 -0.02616137 -0.08393624
v 0.21806641 -0.02756488 -0.08390283
v 0.21806641 -0.02347131 -0.08396557
v 0.21806641 -0.03624909 -0.10173144
v 0.21806641 -0.01072277 -0.08396557
v 0.21806641 0.00120705 -0.08396557
v 0.21806641 0.00255208 -0.10173144
v 0.21806641 0.00255208 -0.08396478
v 0.21806641 -0.01692160 -0.08396557
v 0.21806641 -0.01693461 -0.08393624
v 0.21806641 -0.02347131 -0.08393624
v 0.21806641 -0.01694943 -0.08390283
v 0.21806641 -0.02335435 -0.06946265
v 0.21806641 -0.02347131 -0.06946265
v 0.21806641 -0.01399763 -0.08396557
v 0.21806641 -0.01399763 -0.08393624
v 0.21806641 -0.01072277 -0.08393624
v 0.21806641 -0.01399763 -0.08390283
v 0.21806641 -0.01072277 -0.08390283
v 0.21806641 -0.01072277 -0.06396557
v 0.21806641 0.00062226 -0.06396557
v 0.21793024 0.01240333 -0.08212938
v 0.21806641 0.03105208 -0.08390283
v 0.21806641 0.03105208 -0.06384861
v 0.21806641 0.00787372 -0.06396557
v 0.21806641 0.00788022 -0.08396545
v 0.21806641 0.00787372 -0.08396557
v 0.21806641 0.00389711 -0.08396557
v 0.21806641 0.00255208 -0.08393624
v 0.21806641 0.00389711 -0.08393624
v 0.21806641 0.00389711 -0.08390283
v 0.21806641 0.00389711 -0.06396557
v 0.21806641 0.05235604 -0.10173144
v 0.21806641 0.03105208 -0.08396478
v 0.21806641 0.00811525 -0.08396074
v 0.21806641 0.03105208 -0.08393624
v 0.21806641 0.00839006 -0.08395305
v 0.21806641 0.05914272 -0.08390283
v 0.21806641 0.06545851 -0.08390283
v 0.21806641 0.06545851 -0.07495973
v 0.21806641 0.05996144 -0.06396557
v 0.21806641 0.05914272 -0.06384861
v 0.21806641 0.06265149 -0.06396557
v 0.21806641 0.06545851 -0.08393624
v 0.21806641 0.05914272 -0.08393624
v 0.21806641 0.06545851 -0.08396557
v 0.21796641 0.06814857 -0.08396557
v 0.21806641 0.06814857 -0.08393624
v 0.21806641 0.07364565 -0.06396557
v 0.21806641 0.07095559 -0.06396557
v 0.21806641 0.06686202 -0.07250358
v 0.21806641 0.04580939 -0.08396557
v 0.21806641 0.04580939 -0.08393624
v 0.21806641 0.04580939 -0.08390283
v 0.21806641 0.04580939 -0.06396557
v 0.21806641 0.05189126 -0.06396557
v 0.21806641 -0.00803271 -0.07460885
v 0.21806641 -0.00803271 -0.08174335
v 0.21806641 0.00120705 -0.08174335
v 0.21806641 0.00120705 -0.08390283
v 0.21806641 0.00120705 -0.08393624
v 0.21797511 -0.03323678 -0.07526845
v 0.21791641 -0.02925929 -0.07033262
v 0.21806641 -0.03879632 -0.07638217
v 0.21806641 -0.03472758 -0.08224958
v 0.21806641 -0.04493330 -0.08396478
v 0.21806641 -0.03597098 -0.08409332
v 0.21806641 -0.04493330 -0.08393624
v 0.21800641 -0.04861751 -0.08396557
v 0.21806641 -0.04861751 -0.08393624
v 0.21806641 -0.04861751 -0.08390283
v 0.21806641 -0.04861751 -0.06396557
v 0.21806641 -0.05130757 -0.06396557
v 0.21806641 -0.05499178 -0.06384861
v 0.21806641 -0.05130757 -0.08390283
v 0.21806641 -0.05499178 -0.08390283
v 0.21806641 -0.05130757 -0.08393624
v 0.21806641 -0.05499178 -0.08393624
v 0.21806641 -0.05130757 -0.08396557
v 0.21806641 -0.05499178 -0.08396478
v 0.21785866 -0.03179126 -0.08190876
v 0.21799385 -0.03473522 -0.08426799
v 0.21806641 -0.02967352 -0.08445133
v 0.21806641 -0.02896839 -0.08390283
v 0.21806641 -0.02896839 -0.07390709
v 0.21802641 -0.06816045 -0.06751836
v 0.21806641 -0.07241868 -0.05476137
v 0.21806641 -0.05499178 -0.05476137
v 0.21806641 -0.07021720 -0.06615708
v 0.21791396 -0.06426459 -0.08168313
v 0.21788642 -0.07001897 -0.07166994
v 0.21806641 -0.06633474 -0.08410156
v 0.21806641 -0.06650221 -0.08407436
v 0.21806641 -0.08557657 -0.08390283
v 0.21806641 -0.08703856 -0.08390283
v 0.21806641 -0.08557657 -0.08393624
v 0.21806641 -0.08703856 -0.08393624
v 0.21806641 -0.08557657 -0.08396557
v 0.21806641 -0.08703856 -0.08396478
v 0.21806641 -0.07537190 -0.10173144
v 0.21806641 -0.06093775 -0.08307921
v 0.21806641 -0.06291068 -0.08396329
v 0.21806641 -0.06299687 -0.08398420
v 0.21791799 -0.06681960 -0.08413108
v 0.21806641 -0.09640526 -0.08395305
v 0.21806641 -0.09668007 -0.08396074
v 0.21806641 -0.09691510 -0.08396545
v 0.21806641 -0.10089721 -0.08398380
v 0.21806641 -0.25177354 -0.11926340
v 0.21806641 -0.13964576 -0.08393624
v 0.21806641 -0.10089821 -0.08393624
v 0.21806641 -0.13964576 -0.08390283
v 0.21806641 -0.10089821 -0.08390283
v 0.21806641 -0.13964576 -0.06384861
v 0.21806641 -0.10089821 -0.06396557
v 0.21806641 -0.18999329 -0.08390283
v 0.21806641 -0.08703856 -0.05476137
v 0.21806641 -0.13964576 -0.05476137
v 0.21806641 -0.25177354 -0.07160391
v 0.21806641 -0.02756488 -0.05476137
v 0.21806641 -0.04493330 -0.05476137
v 0.21806641 -0.18999329 -0.05469387
v 0.21806641 -0.13964576 -0.05469387
v 0.21806641 -0.08703856 -0.05469387
v 0.21806641 -0.07241868 -0.05469387
v 0.21806641 -0.05499178 -0.05469387
v 0.21806641 -0.04493330 -0.05469387
v 0.21806641 -0.02756488 -0.05469387
v 0.21806641 -0.03395437 -0.04540915
v 0.21806641 0.08817726 -0.03612443
v 0.21806641 0.04205449 -0.05416420
v 0.21806641 0.00255208 -0.05476137
v 0.21806641 0.17542551 -0.05469387
v 0.21806641 0.18224446 -0.03612443
v 0.21806641 0.18224446 -0.05469387
v 0.21806641 0.18224446 -0.06384861
v 0.21806641 0.18288267 -0.08390283
v 0.21806641 0.18974690 -0.06384861
v 0.21806641 0.18288267 -0.06384861
v 0.21806641 0.19223309 -0.06714789
v 0.21806641 0.20404339 -0.05478387
v 0.21806641 0.15331908 -0.08393624
v 0.21806641 0.17099196 -0.08393624
v 0.21806641 0.17542551 -0.08393624
v 0.21806641 0.18224446 -0.08393624
v 0.21806641 0.18288267 -0.03612443
v 0.21806641 0.17099196 -0.08396478
v 0.21806641 0.17542551 -0.08396478
v 0.21806641 0.18224446 -0.08396478
v 0.21806641 0.18288267 -0.08396478
v 0.21806641 0.19710685 -0.08396478
v 0.21806641 0.16879052 -0.10173144
v 0.21806641 0.18224446 -0.10173144
v 0.21806641 0.18288267 -0.10173144
v 0.21806641 0.25178695 -0.11926340
v 0.04275451 0.30276560 -0.08401257
v 0.04167998 0.30191319 -0.06516193
v 0.04036273 0.30113024 -0.08294413
v 0.03251054 0.29679246 -0.06892552
v 0.04032827 0.30147919 -0.08187144
v 0.04037557 0.30150649 -0.06622222
v 0.01925477 0.28896600 -0.08400000
v 0.02958630 0.29493091 -0.08400000
v 0.02958630 0.29493091 -0.06400000
v 0.01967122 0.28941428 -0.06400000
v 0.02716664 0.29374177 -0.06932164
v 0.02036896 0.28960928 -0.07464328
v 0.02725665 0.29358587 -0.07464328
v 0.02725665 0.29358587 -0.08177778
v 0.01914227 0.28916086 -0.08177778
v 0.00681519 0.28190158 -0.08212601
v 0.01365156 0.28588012 -0.07083681
v -0.00242119 0.27645138 -0.08400000
v -0.00009153 0.27779642 -0.08400000
v -0.00009153 0.27779642 -0.06400000
v -0.00242119 0.27645138 -0.06400000
v -0.01776123 0.26792591 -0.08385032
v -0.01711896 0.26804659 -0.08332696
v -0.01347730 0.27004833 -0.08280096
v -0.01673998 0.26837437 -0.07537992
v -0.00827337 0.27316189 -0.06977156
v -0.01943783 0.26662681 -0.07394152
v -0.03240288 0.25914145 -0.08400000
v -0.02987065 0.26060343 -0.08400000
v -0.02429972 0.26381978 -0.06949708
v -0.02419843 0.26387829 -0.06949708
v -0.02419843 0.26387829 -0.08400000
v -0.02186877 0.26522329 -0.08400000
v -0.02186877 0.26522329 -0.06400000
v -0.02440101 0.26376131 -0.06400000
v -0.02997193 0.26054496 -0.07850292
v -0.03006561 0.26057746 -0.07850870
v -0.03007323 0.26048645 -0.06400000
v -0.03240288 0.25914145 -0.06400000
v -0.04557052 0.25153908 -0.08400000
v -0.03523899 0.25750402 -0.08400000
v -0.03523899 0.25750402 -0.06400000
v -0.04506407 0.25183150 -0.06400000
v -0.04506407 0.25183150 -0.06622222
v -0.03756865 0.25615898 -0.06622222
v -0.03756865 0.25615898 -0.07242105
v -0.04445634 0.25218236 -0.07242105
v -0.04445634 0.25218236 -0.07464328
v -0.03756865 0.25615898 -0.07464328
v -0.03756865 0.25615898 -0.08177778
v -0.04557052 0.25153908 -0.08177778
v -0.04799383 0.25035584 -0.08401261
v -0.05526004 0.24594484 -0.06477380
v -0.04907544 0.24951554 -0.06516193
v -0.05039270 0.24873257 -0.08294413
v -0.05540057 0.24602939 -0.06734709
v -0.05042714 0.24908153 -0.08187144
v -0.05037984 0.24910884 -0.06622222
v -0.09481138 0.22324923 -0.07990505
v -0.08419728 0.22923793 -0.08400000
v -0.08462221 0.22899259 -0.06357118
v -0.09445983 0.22346130 -0.06623253
v -0.09134665 0.22526719 -0.07246234
v -0.08894898 0.22650345 -0.08284948
v -0.09878297 0.22081687 -0.06400000
v -0.09645331 0.22216190 -0.06400000
v -0.10232811 0.21877009 -0.07253801
v -0.10121392 0.21941337 -0.07499415
v -0.10830419 0.21531980 -0.06400000
v -0.10597453 0.21666482 -0.06400000
v -0.10354358 0.21806833 -0.07499415
v -0.10242875 0.21882745 -0.07254844
v -0.10121392 0.21941337 -0.08400000
v -0.10365072 0.21825391 -0.08400000
v -0.13931935 0.19741318 -0.08399842
v -0.13347368 0.20078819 -0.08399842
v -0.14872812 0.19198103 -0.05468330
v -0.16344327 0.18348524 -0.08399842
v -0.15780425 0.18674092 -0.08399842
v -0.14872812 0.19198103 -0.06591719
v -0.18206344 0.17287344 -0.07249447
v -0.18686398 0.16996328 -0.07161773
v -0.17904168 0.17447948 -0.07249446
v -0.17904168 0.17447948 -0.08393160
v -0.17397544 0.17740448 -0.08393160
v -0.17397544 0.17740448 -0.06809160
v -0.18136463 0.17313834 -0.06809160
v -0.18361333 0.17198851 -0.06766371
v -0.17461886 0.17733288 -0.05620618
v -0.18614501 0.17037837 -0.07367285
v -0.18063135 0.17356169 -0.07457978
v -0.19386636 0.16592045 -0.08392936
v -0.18766995 0.16949795 -0.08392936
v -0.20890817 0.15723605 -0.08394291
v -0.20290661 0.16070107 -0.08394291
v -0.22123194 0.15012093 -0.05481830
v -0.22731143 0.14661093 -0.05481830
v -0.21828179 0.15182419 -0.06916919
v -0.22757748 0.14645733 -0.08394291
v -0.22165386 0.14987732 -0.08394291
v -0.21528101 0.15355669 -0.07381448
v -0.20898616 0.15719102 -0.05477330
v -0.21409900 0.15423912 -0.06260791
v -0.21100391 0.15602608 -0.06718232
v -0.20290582 0.16070151 -0.05477330
v -0.32993358 0.06172764 -0.00600000
v -0.32993358 0.06172764 -0.00300000
v -0.32993358 -0.06171425 -0.00600000
v -0.34819698 0.07227202 -0.00300000
v -0.33319861 -0.06590676 -0.00211266
v -0.34819698 -0.07225862 -0.00600000
v -0.34819698 0.07227202 -0.00600000
v -0.34997936 0.07265815 -0.00585805
v -0.35143298 -0.07254214 -0.00486830
v -0.35031319 0.07243502 -0.00365700
v -0.35127658 -0.07252090 -0.00462041
v -0.35006529 0.07241378 -0.00350061
v -0.35072073 -0.07245938 -0.00398109
v -0.35006529 -0.07240038 -0.00350061
v -0.34887820 0.07232166 -0.00306262
v -0.34994000 -0.07239001 -0.00343144
v -0.34882829 -0.07253736 -0.00635707
v -0.34821618 0.07227908 -0.00600025
v -0.34856167 -0.07239886 -0.00609662
v -0.34857652 0.07241857 -0.00610530
v 0.21776642 0.19223309 -0.06714789
v 0.21776642 0.19580700 -0.06257349
v 0.21776642 0.18288222 -0.05473887
v 0.21776642 0.18990318 -0.05473887
v 0.21776642 0.20404339 -0.05478387
v 0.21776642 0.18288313 -0.08390848
v 0.21776642 0.19717185 -0.07378005
v 0.21776642 0.18981312 -0.08390848
v 0.21776642 0.21106339 -0.05478387
v 0.21776642 0.20063686 -0.06913476
v 0.21776642 0.21137059 -0.08390848
v 0.21776642 0.20453060 -0.08390848
v 0.21776642 0.16528933 -0.08389493
v 0.21776642 0.17244433 -0.08389493
v 0.21776642 0.15716186 -0.07454535
v 0.21776642 0.16352849 -0.07363842
v 0.21776642 0.16615922 -0.07081867
v 0.21801641 0.14953664 -0.05464887
v 0.21776642 0.14968049 -0.05925041
v 0.21804032 0.16007897 -0.05991183
v 0.21776642 0.14947627 -0.08389717
v 0.21776642 0.15532628 -0.08389717
v 0.21776642 0.14947627 -0.06805717
v 0.21776642 0.15535281 -0.07254631
v 0.21776642 0.15800859 -0.06805717
v 0.21790141 0.16155568 -0.06726021
v 0.21776642 0.13080341 -0.08396399
v 0.21776642 0.13731478 -0.08396399
v 0.21776642 0.12032318 -0.06588276
v 0.21776642 0.12032318 -0.05464887
v 0.21776642 0.10945888 -0.08396399
v 0.21776642 0.10270888 -0.08396399
v 0.21788220 0.01473906 -0.07021947
v 0.21806641 0.04849945 -0.07460885
v 0.21788070 -0.09387331 -0.06602751
v 0.21791962 -0.09062317 -0.08055601
v 0.21776642 -0.10080756 -0.06379624
v 0.21776642 -0.10089821 -0.08396557
v 0.21776642 -0.09692160 -0.08396557
v 0.21776642 -0.08557657 -0.08396557
v 0.21776642 -0.07364675 -0.08396557
v 0.21776642 -0.07364675 -0.08174335
v 0.21776642 -0.08288652 -0.08174335
v 0.21776642 -0.08288652 -0.07460885
v 0.21776642 -0.08557657 -0.06396557
v 0.21776642 -0.07423154 -0.06618779
v 0.21776642 -0.07423154 -0.06396557
v 0.21776642 -0.08288652 -0.06618779
v 0.21776642 -0.08288652 -0.07238662
v 0.21776642 -0.07493330 -0.07238662
v 0.21776642 -0.07493330 -0.07460885
v 0.21776642 -0.06889725 -0.06648758
v 0.21793141 -0.06170515 -0.06572523
v 0.21796608 -0.06316328 -0.08402678
v 0.21775565 -0.05980437 -0.08227346
v 0.21790278 -0.05924954 -0.07636354
v 0.21776642 -0.06803271 -0.06887785
v 0.21776642 -0.05130757 -0.06396557
v 0.21776642 -0.05130757 -0.08396557
v 0.21776642 -0.04861751 -0.06396557
v 0.21776642 -0.02896839 -0.08419949
v 0.21776642 -0.02896839 -0.07390709
v 0.21776642 -0.03668104 -0.08103990
v 0.21790530 -0.03450388 -0.06438853
v 0.21789141 -0.04029663 -0.06732624
v 0.21776642 -0.03950077 -0.07553859
v 0.21793979 -0.03947086 -0.08238065
v 0.21776642 -0.02616137 -0.08396557
v 0.21776642 -0.02347131 -0.08396557
v 0.21776642 -0.02616137 -0.06396557
v 0.21776642 -0.02347131 -0.06946265
v 0.21776642 -0.02323739 -0.06396557
v 0.21776642 -0.02335435 -0.06946265
v 0.21776642 -0.01680464 -0.07846849
v 0.21776642 -0.01692160 -0.08396557
v 0.21784142 -0.01673976 -0.07847427
v 0.21776642 -0.01399763 -0.08396557
v 0.21776642 -0.01668769 -0.06396557
v 0.21776642 -0.01399763 -0.06396557
v 0.21776642 -0.01072277 -0.08396557
v 0.21776642 0.00120705 -0.08396557
v 0.21776642 0.00120705 -0.08174335
v 0.21776642 -0.00803271 -0.08174335
v 0.21776642 -0.00803271 -0.07460885
v 0.21776642 -0.01072277 -0.06396557
v 0.21776642 0.00062226 -0.06618779
v 0.21776642 0.00062226 -0.06396557
v 0.21776642 -0.00803271 -0.06618779
v 0.21776642 -0.00803271 -0.07238662
v 0.21776642 -0.00007950 -0.07238662
v 0.21776642 -0.00007950 -0.07460885
v 0.21788642 0.01318803 -0.06520769
v 0.21776642 0.00398777 -0.06379624
v 0.21776642 0.00389711 -0.08396557
v 0.21776642 0.00787372 -0.08396557
v 0.21791641 0.05303769 -0.07478953
v 0.21776642 0.04849945 -0.07460885
v 0.21776642 0.04849945 -0.08174335
v 0.21798070 0.04864455 -0.08190818
v 0.21789499 0.04912202 -0.06814174
v 0.21776642 0.04580939 -0.08396557
v 0.21776642 0.05209561 -0.08395826
v 0.21786392 0.05662102 -0.08014874
v 0.21776642 0.04595677 -0.06369898
v 0.21785213 0.05631994 -0.06525183
v 0.21791641 0.05689379 -0.07204804
v 0.21776642 0.06265149 -0.06396557
v 0.21776642 0.05996144 -0.06396557
v 0.21776642 0.06674507 -0.07250358
v 0.21776642 0.06545851 -0.07495973
v 0.21776642 0.07364565 -0.06396557
v 0.21776642 0.07095559 -0.06396557
v 0.21776642 0.06814857 -0.07495973
v 0.21786642 0.06680354 -0.07251401
v 0.21776642 0.06545851 -0.08396557
v 0.04669900 -0.30479753 -0.06718232
v 0.04979410 -0.30658448 -0.06260791
v 0.03860091 -0.30012208 -0.05477330
v 0.04468125 -0.30363256 -0.05477330
v 0.05692703 -0.31070268 -0.05481830
v 0.03860170 -0.30012253 -0.08394291
v 0.05097611 -0.30726689 -0.07381448
v 0.04460325 -0.30358753 -0.08394291
v 0.06300653 -0.31421268 -0.05481830
v 0.06327257 -0.31436628 -0.08394291
v 0.05734896 -0.31094629 -0.08394291
v 0.02336503 -0.29132563 -0.08392936
v 0.02956144 -0.29490313 -0.08392936
v 0.01632644 -0.28726190 -0.07457978
v 0.02184010 -0.29044521 -0.07367285
v 0.01798566 -0.28843693 -0.05654519
v 0.02046340 -0.28980628 -0.06709504
v 0.02411838 -0.29176058 -0.07085311
v 0.00967052 -0.28341910 -0.08393160
v 0.01473677 -0.28634411 -0.08393160
v 0.00967052 -0.28341910 -0.06809160
v 0.01475975 -0.28635738 -0.07258074
v 0.01705972 -0.28768528 -0.06809160
v -0.00650066 -0.27408269 -0.08399842
v -0.00086164 -0.27733836 -0.08399842
v -0.01557679 -0.26884258 -0.06591719
v -0.01557679 -0.26884258 -0.05468330
v -0.02498555 -0.26341042 -0.08399842
v -0.03083123 -0.26003543 -0.08399842
v -0.20498048 -0.15983671 -0.06622222
v -0.11422507 -0.21223436 -0.06622222
v -0.07792797 -0.23319051 -0.07464328
v -0.20467275 -0.15966797 -0.06485597
v -0.20483048 -0.15957691 -0.08177778
v -0.20487375 -0.15981839 -0.08186346
v -0.20223760 -0.16118938 -0.08305818
v -0.19989363 -0.16256574 -0.06473404
v -0.19780881 -0.16376782 -0.06830405
v -0.19773093 -0.16397028 -0.08157070
v -0.20716015 -0.15823187 -0.08400000
v -0.20716015 -0.15823187 -0.06400000
v -0.18467386 -0.17121433 -0.07464328
v -0.18467386 -0.17121433 -0.07242105
v -0.19156155 -0.16723771 -0.07464328
v -0.19156155 -0.16723771 -0.07242105
v -0.18355969 -0.17185761 -0.08400000
v -0.18355969 -0.17185761 -0.08177778
v -0.19389121 -0.16589269 -0.08400000
v -0.19156155 -0.16723771 -0.08177778
v -0.18406613 -0.17156520 -0.06622222
v -0.18406613 -0.17156520 -0.06400000
v -0.19156155 -0.16723771 -0.06622222
v -0.19389121 -0.16589269 -0.06400000
v -0.17726365 -0.17570209 -0.06818996
v -0.14637698 -0.19352388 -0.07695331
v -0.15539503 -0.18811848 -0.07012595
v -0.15381037 -0.18903337 -0.08250292
v -0.13990389 -0.19706228 -0.06400000
v -0.14000519 -0.19700380 -0.06949708
v -0.13433297 -0.20027865 -0.07850292
v -0.13443427 -0.20022018 -0.08400000
v -0.13431428 -0.20037606 -0.07850870
v -0.13190202 -0.20168217 -0.08400000
v -0.13423169 -0.20033714 -0.06400000
v -0.13190202 -0.20168217 -0.06400000
v -0.12906592 -0.20331959 -0.08400000
v -0.11873439 -0.20928450 -0.08400000
v -0.11873439 -0.20928450 -0.08177778
v -0.12673625 -0.20466462 -0.08177778
v -0.12673625 -0.20466462 -0.07464328
v -0.12906592 -0.20331959 -0.06400000
v -0.11924084 -0.20899211 -0.06622222
v -0.11924084 -0.20899211 -0.06400000
v -0.12673625 -0.20466462 -0.06622222
v -0.12673625 -0.20466462 -0.07242105
v -0.11984857 -0.20864123 -0.07242105
v -0.11984857 -0.20864123 -0.07464328
v -0.10569005 -0.21695313 -0.07035814
v -0.11391734 -0.21206563 -0.06485597
v -0.11407507 -0.21197456 -0.08177778
v -0.11411834 -0.21221605 -0.08186346
v -0.11640473 -0.21062954 -0.08400000
v -0.11640473 -0.21062954 -0.06400000
v -0.07259130 -0.23599739 -0.07465448
v -0.07777797 -0.23293070 -0.07464328
v -0.07777797 -0.23293070 -0.08177778
v -0.07775946 -0.23318883 -0.08194261
v -0.07104599 -0.23699754 -0.07672067
v -0.07776821 -0.23301332 -0.07254710
v -0.07223860 -0.23629868 -0.06838880
v -0.08010763 -0.23158567 -0.08400000
v -0.07062017 -0.23720183 -0.06539028
v -0.07484058 -0.23462661 -0.06400000
v -0.08010763 -0.23158567 -0.06400000
v -0.05600072 -0.24550380 -0.06400000
v -0.05833038 -0.24415877 -0.06400000
v -0.06076133 -0.24275526 -0.07499415
v -0.06197616 -0.24216935 -0.07254844
v -0.06552194 -0.24000673 -0.06400000
v -0.06785160 -0.23866169 -0.06400000
v -0.06197681 -0.24205351 -0.07253801
v -0.06309099 -0.24141024 -0.07499415
v -0.06192616 -0.24208275 -0.08400000
v -0.34890246 0.06948632 0.00493827
v -0.32340886 0.06288195 0.00000000
v -0.34288356 0.06318805 0.00000000
v -0.32454225 0.06365684 0.00000000
v -0.34232488 0.06365684 0.00000000
v -0.32490692 0.06428846 0.00000000
v -0.31832116 0.06728249 0.00701613
v -0.14551217 0.05096040 0.00088157
v -0.26045243 0.06544302 0.00373913
v -0.34997404 0.05772595 0.00272727
v -0.32682106 0.06178869 0.01000000
v -0.11602749 -0.15266117 -0.00129730
v 0.14289327 -0.29742033 -0.00099978
v -0.29553435 0.10379657 0.00000000
v -0.29683572 0.07234489 -0.00130233
v -0.22202978 0.15000671 0.00000000
v -0.16193361 0.18470321 0.00000000
v 0.03792176 0.28793675 0.00000000
v 0.05697984 0.29492717 0.00000000
v 0.08797068 0.32880800 0.00000000
v 0.21656641 0.25496238 0.00000000
v 0.21786425 -0.25400268 0.00000000
v 0.20365443 -0.21005352 -0.00311194
v 0.02942594 -0.29518161 -0.00243247
v 0.03647753 -0.29042486 0.00000000
v -0.29485804 -0.10795134 0.00000000
v -0.30683891 -0.08503875 -0.00316072
v -0.07753422 -0.10846830 0.00000000
v 0.05686147 -0.29511878 0.00000000
v -0.04796238 -0.16940253 -0.00170987
v -0.03110088 -0.10949330 0.00000000
v -0.03154150 -0.10993802 0.00000000
v -0.07753422 -0.10999330 0.00000000
v -0.28897377 0.09210716 -0.00237931
v -0.22202978 -0.14999330 0.00000000
v -0.11028765 -0.10949917 -0.00155524
v -0.16193359 -0.18468985 0.00000000
v 0.04091704 0.07713513 -0.00123654
v 0.20756641 0.19000670 0.00000000
v 0.20475266 -0.19490826 0.00000000
v 0.21806641 -0.14136205 0.00000000
v -0.27360067 0.12030075 -0.00300067
v 0.21806641 -0.20079413 -0.00300000
v -0.16160008 -0.18488247 -0.00300000
v -0.22202978 -0.14999330 -0.00300000
v -0.13203096 -0.05038919 0.00060676
v -0.28861511 -0.06226965 -0.00139024
v -0.27463195 -0.07499553 -0.00300000
v -0.29484522 -0.10794424 -0.00299995
v 0.04843056 -0.28989169 -0.00300000
v 0.21777107 -0.25411534 -0.00300000
v 0.08810351 -0.32884857 -0.00145946
v 0.21800959 0.25344438 -0.00120896
v 0.06089749 0.24703392 -0.00300000
v 0.08773144 0.32873682 -0.00300000
v 0.21656641 0.25496238 -0.00300000
v 0.08966260 0.32823032 -0.00300000
v 0.05273161 0.30228655 -0.00177778
v 0.04831959 0.24703392 -0.00300000
v 0.03746026 0.28649335 -0.00300000
v 0.01927342 0.28931249 -0.00247044
v -0.16193359 0.18470326 -0.00300000
v -0.29475457 0.10801915 -0.00300007
v -0.31216812 0.09241497 -0.00098276
v -0.32657448 0.08652560 -0.00195000
v 0.02340983 -0.07129853 -0.00146250
v -0.04598642 0.12077426 -0.00165138
v -0.03046002 -0.10905252 -0.00180000
v -0.09301953 -0.11123422 -0.00300000
v 0.21236642 0.20000671 -0.00300000
v 0.19663785 0.06500670 -0.00166071
v 0.21806641 -0.18419951 -0.00300000
v 0.11664078 0.20000671 -0.00300000
v 0.11664078 0.18498170 -0.00300000
v 0.19306642 -0.06499330 -0.00123364
v 0.11664078 -0.18496829 -0.00300000
v 0.06104185 -0.28975385 -0.00300000
v 0.03701287 -0.19999330 -0.00300000
v 0.21806641 0.18203489 -0.00300000
v 0.03649543 -0.18810892 -0.00300000
v -0.11005939 0.18134129 -0.00138411
v -0.17132245 0.06671536 -0.00300000
v -0.24175816 -0.13836915 -0.00299929
v -0.35189988 -0.07456820 -0.00142208
v -0.34890247 -0.06051369 0.00493827
v -0.32340887 -0.06711804 0.00000000
v -0.34288356 -0.06681196 0.00000000
v -0.32454225 -0.06634316 0.00000000
v -0.34232488 -0.06634316 0.00000000
v -0.32490692 -0.06571154 0.00000000
v -0.31832114 -0.06271751 0.00701613
v -0.24531134 -0.06459267 0.00447312
v -0.34997406 -0.07227404 0.00272727
v -0.32682107 -0.06821131 0.01000000
v 0.14157272 -0.25889100 -0.06501643
v 0.12592075 -0.26542878 -0.06828462
v 0.12230724 -0.26387435 -0.07029290
v 0.12039568 -0.26497799 -0.06555969
v 0.12232805 -0.26388940 -0.07028800
v 0.12046670 -0.26505244 -0.06554835
v 0.12030162 -0.26494774 -0.06559062
v 0.12212130 -0.26386622 -0.07036610
v 0.12020973 -0.26496986 -0.06563288
v 0.12218898 -0.26384473 -0.07033375
v 0.12431987 -0.26385106 -0.07131663
v 0.12642901 -0.26365014 -0.06947223
v 0.12415100 -0.26633489 -0.06891449
v 0.12550966 -0.26194090 -0.06854874
v 0.12552229 -0.26192024 -0.06853882
v 0.12569286 -0.26182178 -0.06934360
v 0.12548880 -0.26203746 -0.06857967
v 0.12549303 -0.26198718 -0.06856624
v 0.12565839 -0.26189172 -0.06934644
v 0.12273072 -0.26365694 -0.07092210
v 0.12267014 -0.26356909 -0.07109265
v 0.12549146 -0.26206303 -0.06858456
v 0.12548714 -0.26193390 -0.07051218
v 0.12321880 -0.26324977 -0.07141054
v 0.12393118 -0.26282129 -0.07163419
v 0.12465326 -0.26240438 -0.07143014
v 0.12575147 -0.26177034 -0.06934027
v 0.12557475 -0.26187238 -0.06850648
v 0.15367216 -0.24907934 -0.08322271
v 0.15953111 -0.24830333 -0.07885601
v 0.15460332 -0.24534366 -0.08382390
v 0.15313925 -0.24618894 -0.08019871
v 0.15266263 -0.24628825 -0.08043356
v 0.16005240 -0.24531531 -0.08161662
v 0.15866844 -0.24290402 -0.08163184
v 0.15456313 -0.24525139 -0.08384819
v 0.15871197 -0.24284666 -0.08162546
v 0.15865247 -0.24283616 -0.08167495
v 0.15455332 -0.24517253 -0.08391453
v 0.15867561 -0.24276158 -0.08179788
v 0.15457653 -0.24512818 -0.08400516
v 0.15865719 -0.24278487 -0.08173870
v 0.15877960 -0.24277980 -0.08164378
v 0.15719594 -0.24363514 -0.07778971
v 0.15307944 -0.24610800 -0.08017443
v 0.15182586 -0.24678904 -0.08227715
v 0.15366358 -0.24572069 -0.08410255
v 0.15292333 -0.24608266 -0.08398141
v 0.15332425 -0.24585119 -0.08414990
v 0.15723833 -0.24382234 -0.07799143
v 0.15717866 -0.24374153 -0.07796724
v 0.15711525 -0.24369352 -0.07790097
v 0.16008318 -0.24529685 -0.08160395
v 0.15859869 -0.24615462 -0.07798535
v 0.15729402 -0.24379018 -0.07794377
v 0.15861268 -0.24614754 -0.07797576
v 0.15866934 -0.24613905 -0.07792252
v 0.15732960 -0.24376963 -0.07787286
v 0.15870805 -0.24615538 -0.07787006
v 0.15872949 -0.24617665 -0.07783239
v 0.15733756 -0.24376504 -0.07779141
v 0.15875123 -0.24621601 -0.07778131
v 0.15731657 -0.24377717 -0.07771311
v 0.15876657 -0.24628864 -0.07771311
v 0.15719435 -0.24367802 -0.07774435
v 0.15726692 -0.24369132 -0.07777365
v 0.15726677 -0.24371754 -0.07772050
v 0.13013923 -0.25946802 -0.06173490
v 0.13244516 -0.25804830 -0.06153562
v 0.13544266 -0.25631770 -0.06160144
v 0.14132857 -0.25291947 -0.06286649
v 0.14414583 -0.25129291 -0.06405041
v 0.14683349 -0.24974120 -0.06558434
v 0.15569582 -0.25180489 -0.06980852
v 0.15169202 -0.24693611 -0.06962396
v 0.15380415 -0.24571668 -0.07208082
v 0.15608008 -0.24449104 -0.07538474
v 0.15553933 -0.24458990 -0.07485319
v 0.12650064 -0.26133782 -0.06272009
v 0.12366318 -0.26297602 -0.06377326
v 0.12649147 -0.26136068 -0.06264605
v 0.12364708 -0.26300290 -0.06370179
v 0.12649892 -0.26140645 -0.06258328
v 0.15560685 -0.24460097 -0.07481566
v 0.15566991 -0.24463949 -0.07479059
v 0.15367998 -0.24566339 -0.07215273
v 0.15374365 -0.24567670 -0.07210962
v 0.15152310 -0.24689108 -0.06976115
v 0.15157510 -0.24687864 -0.06970432
v 0.15163442 -0.24689445 -0.06965614
v 0.14935906 -0.24828306 -0.06744970
v 0.14930469 -0.24823952 -0.06748489
v 0.14925016 -0.24822094 -0.06753754
v 0.14920382 -0.24823011 -0.06759965
v 0.14669308 -0.24967970 -0.06574523
v 0.14673328 -0.24967407 -0.06567858
v 0.14678259 -0.24969566 -0.06562209
v 0.14402118 -0.25122231 -0.06422032
v 0.14405486 -0.25122046 -0.06414994
v 0.14409862 -0.25124526 -0.06409028
v 0.14122047 -0.25283933 -0.06304333
v 0.14124729 -0.25284141 -0.06297008
v 0.14128524 -0.25286955 -0.06290798
v 0.13841577 -0.25460115 -0.06204685
v 0.13837646 -0.25454894 -0.06208948
v 0.13834450 -0.25451732 -0.06215327
v 0.13832475 -0.25451115 -0.06222850
v 0.13536909 -0.25621760 -0.06178571
v 0.13538161 -0.25622797 -0.06170938
v 0.13540743 -0.25626311 -0.06164467
v 0.13238919 -0.25793806 -0.06172027
v 0.13239442 -0.25795260 -0.06164378
v 0.13241407 -0.25799131 -0.06157894
v 0.12949589 -0.25983945 -0.06183512
v 0.12945953 -0.25977206 -0.06185018
v 0.12943254 -0.25971270 -0.06189307
v 0.12941904 -0.25967044 -0.06195727
v 0.12942109 -0.25965169 -0.06203299
v 0.12652186 -0.26146811 -0.06254133
v 0.12655678 -0.26153633 -0.06252661
v 0.12364867 -0.26305223 -0.06364104
v 0.12366770 -0.26311615 -0.06360066
v 0.12594448 -0.26188985 -0.06272049
v 0.12370120 -0.26318499 -0.06358651
v 0.12358323 -0.26308340 -0.06383058
v 0.12357724 -0.26314110 -0.06384646
v 0.12357928 -0.26316276 -0.06385069
v 0.12357254 -0.26319342 -0.06382369
v 0.12361741 -0.26301509 -0.06380086
v 0.12359809 -0.26304454 -0.06381552
v 0.12355763 -0.26313926 -0.06370583
v 0.12360293 -0.26324174 -0.06369738
v 0.12359003 -0.26324919 -0.06377798
v 0.12495621 -0.26557812 -0.06385779
v 0.12508486 -0.26567453 -0.06361181
v 0.12498081 -0.26562768 -0.06369663
v 0.12494598 -0.26559776 -0.06377819
v 0.12494494 -0.26558392 -0.06382193
v 0.12173621 -0.26750624 -0.06544025
v 0.12333565 -0.26658139 -0.06450474
v 0.12333897 -0.26652610 -0.06457017
v 0.12169946 -0.26760787 -0.06543498
v 0.12169833 -0.26761165 -0.06543542
v 0.12335483 -0.26665369 -0.06446286
v 0.12172122 -0.26754341 -0.06543412
v 0.12181144 -0.26739374 -0.06553638
v 0.12180357 -0.26739931 -0.06552073
v 0.12176795 -0.26744407 -0.06546742
v 0.12042543 -0.26507628 -0.06548405
v 0.12036402 -0.26511174 -0.06544296
v 0.12029348 -0.26515245 -0.06543376
v 0.12022568 -0.26519161 -0.06545801
v 0.12017924 -0.26504871 -0.06551429
v 0.12022854 -0.26507543 -0.06545808
v 0.12027704 -0.26500361 -0.06547660
v 0.12019380 -0.26512164 -0.06547133
v 0.10638814 -0.27318069 -0.09683970
v 0.10617728 -0.27321407 -0.09413285
v 0.10623428 -0.27318117 -0.09067164
v 0.10732985 -0.27254862 -0.08387517
v 0.10835516 -0.27195665 -0.08062208
v 0.10968358 -0.27118972 -0.07751864
v 0.11318199 -0.26916990 -0.07190849
v 0.11530970 -0.26794147 -0.06946962
v 0.11820924 -0.26635578 -0.06688578
v 0.12014771 -0.26500310 -0.06560569
v 0.11765652 -0.26646155 -0.06740351
v 0.10714133 -0.27251491 -0.10092571
v 0.10805341 -0.27198833 -0.10420212
v 0.10708483 -0.27256513 -0.10094509
v 0.10799912 -0.27203724 -0.10422952
v 0.10705214 -0.27263406 -0.10096153
v 0.11764570 -0.26651785 -0.06735057
v 0.11765642 -0.26658657 -0.06731521
v 0.11535428 -0.26777315 -0.06960770
v 0.11531786 -0.26781178 -0.06955051
v 0.11530221 -0.26787087 -0.06950201
v 0.11323906 -0.26899439 -0.07203227
v 0.11319747 -0.26903597 -0.07198100
v 0.11317743 -0.26909760 -0.07193754
v 0.11129903 -0.27025703 -0.07460236
v 0.11129706 -0.27018324 -0.07462769
v 0.11132098 -0.27011937 -0.07466561
v 0.11136716 -0.27007511 -0.07471032
v 0.10976119 -0.27100232 -0.07760949
v 0.10971108 -0.27104884 -0.07757186
v 0.10968383 -0.27111465 -0.07753996
v 0.10844057 -0.27176479 -0.08069473
v 0.10838723 -0.27181315 -0.08066464
v 0.10835724 -0.27188054 -0.08063913
v 0.10742127 -0.27235329 -0.08392873
v 0.10736544 -0.27240309 -0.08390655
v 0.10733334 -0.27247170 -0.08388774
v 0.10662003 -0.27295846 -0.08723858
v 0.10662450 -0.27288094 -0.08724651
v 0.10665806 -0.27281150 -0.08725839
v 0.10671562 -0.27276069 -0.08727240
v 0.10633214 -0.27298209 -0.09068531
v 0.10627364 -0.27303344 -0.09067965
v 0.10623928 -0.27310336 -0.09067485
v 0.10627547 -0.27301481 -0.09412620
v 0.10621684 -0.27306625 -0.09412896
v 0.10618236 -0.27313620 -0.09413129
v 0.10647493 -0.27313060 -0.09758258
v 0.10644970 -0.27305678 -0.09758037
v 0.10645441 -0.27297914 -0.09757406
v 0.10648832 -0.27290949 -0.09756462
v 0.10654629 -0.27285847 -0.09755348
v 0.10704826 -0.27271122 -0.10097250
v 0.10707378 -0.27278486 -0.10097636
v 0.10796828 -0.27210531 -0.10425280
v 0.10796575 -0.27218169 -0.10426828
v 0.10724168 -0.27268791 -0.10168337
v 0.10799167 -0.27225491 -0.10427371
v 0.11109111 -0.27055464 -0.10731923
v 0.11232569 -0.26975265 -0.10217610
v 0.10957661 -0.27445754 -0.10438339
v 0.10943750 -0.27470854 -0.10432017
v 0.10808770 -0.27219945 -0.10438717
v 0.10946466 -0.27458593 -0.10438686
v 0.10815750 -0.27215916 -0.10440207
v 0.10951362 -0.27450761 -0.10440207
v 0.10954503 -0.27447511 -0.10439613
v 0.10812956 -0.27200559 -0.10432506
v 0.10810892 -0.27206236 -0.10437456
v 0.10818035 -0.27205333 -0.10436817
v 0.10808279 -0.27198401 -0.10426130
v 0.10801720 -0.27208748 -0.10435623
v 0.10815934 -0.27210902 -0.10439719
v 0.11226588 -0.26967171 -0.10215181
v 0.11220249 -0.26962379 -0.10208546
v 0.11215249 -0.26962170 -0.10199483
v 0.11376297 -0.26869190 -0.10598254
v 0.11418665 -0.26847378 -0.10557047
v 0.11466389 -0.26817176 -0.10496782
v 0.11480980 -0.26808751 -0.10450488
v 0.11386222 -0.26954555 -0.10218302
v 0.10964069 -0.27110285 -0.10809920
v 0.10966389 -0.27105850 -0.10818983
v 0.10961993 -0.27109656 -0.10822152
v 0.10958769 -0.27116373 -0.10825565
v 0.10955577 -0.27124101 -0.10811884
v 0.10959941 -0.27132666 -0.10812715
v 0.10959145 -0.27133128 -0.10820860
v 0.11098152 -0.27367163 -0.10807748
v 0.11097697 -0.27371809 -0.10813605
v 0.11098400 -0.27374253 -0.10816761
v 0.11100819 -0.27378241 -0.10822051
v 0.11016618 -0.27418479 -0.10628846
v 0.11019974 -0.27411205 -0.10625795
v 0.11016601 -0.27426824 -0.10630800
v 0.11348611 -0.27220039 -0.10474278
v 0.11301942 -0.27161635 -0.10896888
v 0.11535603 -0.26924479 -0.10400530
v 0.14596769 -0.25385457 -0.11740787
v 0.14577747 -0.25429490 -0.06402580
v 0.10995310 -0.27277025 -0.09926985
v 0.13848786 -0.26138507 -0.12648900
v 0.15741728 -0.24755881 -0.08215553
v 0.14698308 -0.25643298 -0.06644347
v 0.13051780 -0.26736929 -0.06278132
v 0.11295837 -0.27529103 -0.10635863
v 0.15455564 -0.25003015 -0.11507484
v 0.16373491 -0.24571340 -0.09159899
v 0.15952142 -0.24568953 -0.07971153
v 0.15944164 -0.24568221 -0.07974205
v 0.15959379 -0.24573112 -0.07969201
v 0.16038734 -0.24535288 -0.08172630
v 0.16012728 -0.24528581 -0.08159794
v 0.16033934 -0.24532035 -0.08167983
v 0.16021958 -0.24528258 -0.08161314
v 0.15893734 -0.24284141 -0.08172630
v 0.15884131 -0.24289685 -0.08161283
v 0.15877151 -0.24293715 -0.08159793
v 0.15888689 -0.24278234 -0.08173172
v 0.15881926 -0.24274628 -0.08174726
v 0.15874511 -0.24273904 -0.08177048
v 0.15872722 -0.24291369 -0.08160280
v 0.16054088 -0.24191561 -0.08916030
v 0.16067520 -0.24174967 -0.09186716
v 0.16061820 -0.24178259 -0.09532836
v 0.15952264 -0.24241512 -0.10212482
v 0.15849732 -0.24300708 -0.10537791
v 0.15716890 -0.24377404 -0.10848136
v 0.15367049 -0.24579385 -0.11409151
v 0.15154278 -0.24702229 -0.11653039
v 0.14871977 -0.24874052 -0.11911422
v 0.14670335 -0.24990471 -0.12054199
v 0.14665867 -0.24984212 -0.12052868
v 0.14651929 -0.24978003 -0.12036712
v 0.15958768 -0.24223499 -0.08507428
v 0.15965942 -0.24221116 -0.08505490
v 0.15973546 -0.24221732 -0.08503848
v 0.14914189 -0.24833351 -0.11864942
v 0.14919606 -0.24837717 -0.11868479
v 0.14653813 -0.24980661 -0.12051717
v 0.14664868 -0.24968077 -0.12035756
v 0.15142637 -0.24696450 -0.11644949
v 0.15148538 -0.24698049 -0.11649798
v 0.15348995 -0.24575552 -0.11396773
v 0.15354677 -0.24574029 -0.11401900
v 0.15361017 -0.24575375 -0.11406247
v 0.15555345 -0.24470672 -0.11139765
v 0.15549053 -0.24466813 -0.11137231
v 0.15542325 -0.24465691 -0.11133440
v 0.15536186 -0.24467477 -0.11128967
v 0.15696783 -0.24374756 -0.10839050
v 0.15703316 -0.24372743 -0.10842814
v 0.15710376 -0.24373673 -0.10846005
v 0.15828845 -0.24298511 -0.10530527
v 0.15835701 -0.24296311 -0.10533536
v 0.15843035 -0.24297082 -0.10536087
v 0.15930775 -0.24239661 -0.10207127
v 0.15937880 -0.24237317 -0.10209345
v 0.15945426 -0.24237967 -0.10211226
v 0.16023245 -0.24200530 -0.09876142
v 0.16016309 -0.24197042 -0.09875348
v 0.16008617 -0.24196477 -0.09874161
v 0.16001339 -0.24198921 -0.09872761
v 0.16039687 -0.24176781 -0.09531470
v 0.16047059 -0.24174282 -0.09532035
v 0.16054830 -0.24174802 -0.09532515
v 0.16045354 -0.24173509 -0.09187379
v 0.16052741 -0.24171002 -0.09187105
v 0.16060524 -0.24171515 -0.09186871
v 0.16045409 -0.24196571 -0.08841742
v 0.16040277 -0.24190697 -0.08841964
v 0.16033319 -0.24187222 -0.08842595
v 0.16025592 -0.24186677 -0.08843538
v 0.16018273 -0.24189144 -0.08844651
v 0.15980422 -0.24225254 -0.08502750
v 0.15985525 -0.24231146 -0.08502364
v 0.15968734 -0.24240839 -0.08431663
v 0.14643335 -0.24994533 -0.12044037
v 0.14645410 -0.24984874 -0.12040946
v 0.14646231 -0.25004387 -0.12045164
v 0.14650358 -0.25002006 -0.12051595
v 0.14656501 -0.24998458 -0.12055704
v 0.14663553 -0.24994387 -0.12056623
v 0.14467281 -0.25419474 -0.12214222
v 0.14329942 -0.25180406 -0.12217633
v 0.14455074 -0.25114751 -0.11571843
v 0.14415471 -0.25529891 -0.11671653
v 0.14389078 -0.25142927 -0.11479548
v 0.14124615 -0.25285542 -0.11745127
v 0.14122196 -0.25285605 -0.11746118
v 0.14105138 -0.25295451 -0.11665639
v 0.14134021 -0.25288564 -0.11742032
v 0.14129455 -0.25286418 -0.11743376
v 0.14112920 -0.25295964 -0.11665356
v 0.14452177 -0.25104877 -0.11570711
v 0.14136103 -0.25290072 -0.11741543
v 0.14423639 -0.25113558 -0.11514329
v 0.14460772 -0.25088367 -0.11563390
v 0.14455526 -0.25093156 -0.11566625
v 0.14182257 -0.25336797 -0.11570417
v 0.14416814 -0.25113747 -0.11494166
v 0.14353259 -0.25150442 -0.11449637
v 0.14279784 -0.25192863 -0.11436581
v 0.14207575 -0.25234550 -0.11456987
v 0.14147626 -0.25269163 -0.11507746
v 0.14109062 -0.25291428 -0.11581133
v 0.14097755 -0.25297955 -0.11665973
v 0.14115427 -0.25287753 -0.11749353
v 0.14781758 -0.25237909 -0.12046362
v 0.14468349 -0.25418789 -0.12217812
v 0.14782631 -0.25237507 -0.12047927
v 0.14788291 -0.25236660 -0.12053257
v 0.14794509 -0.25236937 -0.12055794
v 0.14799228 -0.25237578 -0.12056588
v 0.14805900 -0.25238919 -0.12056503
v 0.14635195 -0.25329292 -0.12149525
v 0.14630242 -0.25326815 -0.12142982
v 0.14640495 -0.25334570 -0.12153714
v 0.14469492 -0.25419569 -0.12222181
v 0.14469197 -0.25435436 -0.12238819
v 0.14470343 -0.25424081 -0.12230337
v 0.14322782 -0.25191131 -0.12241349
v 0.14332609 -0.25185457 -0.12230262
v 0.14333899 -0.25184712 -0.12222201
v 0.14318494 -0.25184786 -0.12239935
v 0.14313909 -0.25179943 -0.12235896
v 0.14309716 -0.25177339 -0.12229821
v 0.14306583 -0.25177389 -0.12222674
v 0.14319880 -0.25175834 -0.12216942
v 0.14325178 -0.25178200 -0.12215354
v 0.14326951 -0.25179461 -0.12214931
v 0.14312255 -0.25175381 -0.12219915
v 0.14315772 -0.25175178 -0.12218448
v 0.14326000 -0.25176411 -0.12229416
v 0.12003594 -0.26507020 -0.12025477
v 0.11752518 -0.26651978 -0.11840035
v 0.11125137 -0.27014199 -0.11110254
v 0.14022838 -0.25341210 -0.12327991
v 0.11310619 -0.26907110 -0.11379641
v 0.13135992 -0.25853229 -0.12421429
v 0.12840426 -0.26023874 -0.12377149
v 0.12550855 -0.26191059 -0.12295666
v 0.12270783 -0.26352757 -0.12177969
v 0.11520592 -0.26785880 -0.11623885
v 0.13730794 -0.25509822 -0.12396701
v 0.13433982 -0.25681186 -0.12427973
v 0.13678978 -0.25562832 -0.12426510
v 0.13440733 -0.25691545 -0.12446439
v 0.13140982 -0.25864604 -0.12439857
v 0.12552391 -0.26204428 -0.12313351
v 0.12270665 -0.26367083 -0.12194958
v 0.12001899 -0.26522255 -0.12041567
v 0.11516046 -0.26802763 -0.11637604
v 0.11304833 -0.26924706 -0.11391918
v 0.11120491 -0.27018639 -0.11114681
v 0.14025277 -0.25341558 -0.12335395
v 0.14028868 -0.25344491 -0.12341672
v 0.11118256 -0.27032426 -0.11120941
v 0.10966764 -0.27127646 -0.10846655
v 0.11118075 -0.27025038 -0.11118434
v 0.11306427 -0.26911288 -0.11384726
v 0.11304395 -0.26917467 -0.11389038
v 0.11516913 -0.26789764 -0.11629568
v 0.11515316 -0.26795691 -0.11634385
v 0.11532241 -0.27527816 -0.11422206
v 0.11749341 -0.26668069 -0.11855030
v 0.11748291 -0.26661184 -0.11851512
v 0.11749406 -0.26655534 -0.11846246
v 0.12001096 -0.26510221 -0.12032141
v 0.12000501 -0.26515570 -0.12037791
v 0.12268938 -0.26355582 -0.12185007
v 0.12268897 -0.26360613 -0.12190972
v 0.12550235 -0.26198182 -0.12309202
v 0.12549695 -0.26193488 -0.12302992
v 0.12843671 -0.26036260 -0.12395314
v 0.12841114 -0.26030242 -0.12391052
v 0.12839973 -0.26025894 -0.12384673
v 0.13136263 -0.25854832 -0.12429062
v 0.13138016 -0.25858825 -0.12435533
v 0.13434982 -0.25682366 -0.12435622
v 0.13437353 -0.25686005 -0.12442107
v 0.13743314 -0.25525686 -0.12416489
v 0.13739295 -0.25519168 -0.12414982
v 0.13735504 -0.25513867 -0.12410693
v 0.13732520 -0.25510582 -0.12404273
v 0.14033063 -0.25349563 -0.12345866
v 0.14037223 -0.25355998 -0.12347340
v 0.14098452 -0.25320646 -0.12327951
v 0.11837914 -0.27371057 -0.06873495
v 0.11343518 -0.27730895 -0.07426090
v 0.10868707 -0.27940337 -0.09475804
v 0.14408027 -0.25656955 -0.06821215
v 0.14383054 -0.25653104 -0.06588828
v 0.14361525 -0.25665930 -0.06659545
v 0.14381400 -0.25653151 -0.06589659
v 0.14358941 -0.25664821 -0.06656286
v 0.14360228 -0.25665376 -0.06657919
v 0.14379199 -0.25652882 -0.06590261
v 0.14371073 -0.25638631 -0.06590387
v 0.14371969 -0.25636816 -0.06589659
v 0.14372866 -0.25634998 -0.06588939
v 0.14350921 -0.25648056 -0.06659490
v 0.14350797 -0.25649041 -0.06657919
v 0.14350600 -0.25650584 -0.06656439
v 0.14492056 -0.25691797 -0.06544116
v 0.13971545 -0.25888244 -0.06421670
v 0.13973746 -0.25888512 -0.06421068
v 0.13975396 -0.25888465 -0.06420237
v 0.13963418 -0.25873992 -0.06421797
v 0.13964315 -0.25872177 -0.06421068
v 0.13965210 -0.25870356 -0.06420349
v 0.13943265 -0.25883419 -0.06490899
v 0.13943143 -0.25884399 -0.06489328
v 0.13942946 -0.25885947 -0.06487848
v 0.13951285 -0.25900179 -0.06487695
v 0.13952574 -0.25900733 -0.06489328
v 0.13953869 -0.25901288 -0.06490953
v 0.13957657 -0.25718323 -0.06499193
v 0.14001445 -0.25728196 -0.06380183
v 0.14616715 -0.25455409 -0.06662954
v 0.14357666 -0.25573208 -0.06591268
v 0.14356620 -0.25482209 -0.06663886
v 0.14340921 -0.25627579 -0.06658505
v 0.14706216 -0.25205604 -0.06771215
v 0.15025222 -0.25917184 -0.12743074
v 0.15041348 -0.25907873 -0.12809045
v 0.15005086 -0.25928807 -0.12803458
v 0.14961500 -0.25953972 -0.12844124
v 0.14935107 -0.25969210 -0.12892634
v 0.14906146 -0.25985932 -0.12854180
v 0.14853853 -0.26016122 -0.12830928
v 0.14805346 -0.26044128 -0.12830765
v 0.14818634 -0.26036456 -0.12780601
v 0.14809926 -0.26041484 -0.12716682
v 0.14785810 -0.26055409 -0.12668000
v 0.14830062 -0.26029858 -0.12656300
v 0.14873648 -0.26004696 -0.12615632
v 0.14892286 -0.25993935 -0.12568921
v 0.14929003 -0.25972736 -0.12605576
v 0.14981295 -0.25942543 -0.12628828
v 0.15016514 -0.25922209 -0.12679155
v 0.16484141 -0.25074875 -0.11194791
v 0.16435148 -0.25103162 -0.11156057
v 0.16465954 -0.25085378 -0.11133589
v 0.16476704 -0.25079170 -0.11070085
v 0.16277223 -0.24889777 -0.10746330
v 0.16513510 -0.25057921 -0.11021297
v 0.16566513 -0.25027320 -0.11000296
v 0.16603845 -0.25005764 -0.10964253
v 0.16621508 -0.24995567 -0.11012708
v 0.16663760 -0.24971172 -0.11055209
v 0.16709417 -0.24944813 -0.11074440
v 0.16681948 -0.24960671 -0.11116412
v 0.16671199 -0.24966878 -0.11179914
v 0.16683006 -0.24960061 -0.11229364
v 0.16634391 -0.24988128 -0.11228703
v 0.16581389 -0.25018731 -0.11249705
v 0.16539293 -0.25043033 -0.11289370
v 0.16526394 -0.25050482 -0.11237292
v 0.16979368 -0.24788956 -0.08546063
v 0.17038433 -0.24754856 -0.08539181
v 0.17027371 -0.24761242 -0.08579446
v 0.17054486 -0.24745587 -0.08636071
v 0.17053449 -0.24746186 -0.08700764
v 0.17030154 -0.24759635 -0.08749459
v 0.16990867 -0.24782316 -0.08781660
v 0.16973472 -0.24792361 -0.08823659
v 0.16943373 -0.24809739 -0.08790988
v 0.16897076 -0.24836467 -0.08775599
v 0.16771748 -0.24793356 -0.08781209
v 0.16861147 -0.24857211 -0.08738538
v 0.16842701 -0.24867861 -0.08687147
v 0.16816188 -0.24852603 -0.08533054
v 0.16845393 -0.24866307 -0.08631604
v 0.16874303 -0.24849616 -0.08576176
v 0.16923343 -0.24821302 -0.08544866
v 0.15974383 -0.25369185 -0.06606720
v 0.15964329 -0.25374991 -0.06561635
v 0.15976499 -0.25367963 -0.06507808
v 0.15967238 -0.25373310 -0.06453215
v 0.15932019 -0.25393644 -0.06402887
v 0.15879726 -0.25423834 -0.06379636
v 0.15824372 -0.25455794 -0.06389691
v 0.15780837 -0.25480927 -0.06374197
v 0.15780786 -0.25480959 -0.06430359
v 0.15760650 -0.25492585 -0.06490742
v 0.15691969 -0.25453508 -0.06518244
v 0.15769358 -0.25487557 -0.06554660
v 0.15798214 -0.25470895 -0.06599207
v 0.15840954 -0.25446221 -0.06624884
v 0.15778119 -0.25374244 -0.06683175
v 0.15889107 -0.25418419 -0.06626607
v 0.15933140 -0.25392997 -0.06604033
v 0.13739203 -0.26659667 -0.05595085
v 0.13728453 -0.26665872 -0.05658589
v 0.13746642 -0.26655373 -0.05719791
v 0.13703010 -0.26680563 -0.05737571
v 0.13788894 -0.26630977 -0.05762291
v 0.13835797 -0.26603898 -0.05774997
v 0.13882831 -0.26576743 -0.05762946
v 0.13771886 -0.26461389 -0.05912549
v 0.13920678 -0.26554891 -0.05728524
v 0.13974932 -0.26523569 -0.05649997
v 0.13776010 -0.26638415 -0.05546298
v 0.13829012 -0.26607814 -0.05525295
v 0.13884008 -0.26576063 -0.05537708
v 0.13921492 -0.26554421 -0.05572655
v 0.13942133 -0.26542506 -0.05622920
v 0.13941842 -0.26542673 -0.05678550
v 0.11634280 -0.27778719 -0.06578055
v 0.11738721 -0.27814645 -0.06603122
v 0.11782514 -0.27789360 -0.06626307
v 0.11830683 -0.27761552 -0.06625256
v 0.11879721 -0.27733240 -0.06593946
v 0.11882475 -0.27652919 -0.06604741
v 0.11908633 -0.27716547 -0.06538518
v 0.11909669 -0.27715948 -0.06473825
v 0.11930724 -0.27703792 -0.06417857
v 0.11882553 -0.27731603 -0.06417200
v 0.11834551 -0.27759317 -0.06383816
v 0.11778525 -0.27791664 -0.06382620
v 0.11735522 -0.27816492 -0.06407699
v 0.11706201 -0.27833420 -0.06451841
v 0.11576347 -0.27802846 -0.06369395
v 0.11696370 -0.27839097 -0.06506300
v 0.11707976 -0.27832395 -0.06560292
v 0.10788170 -0.28291276 -0.08534227
v 0.10718737 -0.28403533 -0.08541305
v 0.10672283 -0.28430355 -0.08556048
v 0.10634907 -0.28365330 -0.08504299
v 0.10635968 -0.28451321 -0.08592605
v 0.10615832 -0.28462946 -0.08652988
v 0.10624541 -0.28457919 -0.08716907
v 0.10659759 -0.28437585 -0.08767235
v 0.10674758 -0.28428924 -0.08825923
v 0.10712052 -0.28407392 -0.08790486
v 0.10767408 -0.28375432 -0.08780430
v 0.10821450 -0.28344231 -0.08784060
v 0.10810993 -0.28350270 -0.08739763
v 0.10829974 -0.28339311 -0.08688633
v 0.10825129 -0.28197771 -0.08774783
v 0.10827862 -0.28340530 -0.08633056
v 0.10805077 -0.28353685 -0.08584040
v 0.10766131 -0.28376171 -0.08551294
v 0.11115731 -0.28174329 -0.11001510
v 0.11067668 -0.28202078 -0.11005333
v 0.11029707 -0.28223994 -0.10986520
v 0.11025800 -0.28226250 -0.11032858
v 0.10998421 -0.28242058 -0.11078631
v 0.10656312 -0.28287911 -0.10994694
v 0.10990953 -0.28246370 -0.11133589
v 0.11009141 -0.28235868 -0.11194791
v 0.11051394 -0.28211474 -0.11237291
v 0.11106389 -0.28179723 -0.11249705
v 0.11142709 -0.28158752 -0.11281457
v 0.11159391 -0.28149122 -0.11228703
v 0.11196198 -0.28127870 -0.11179914
v 0.11206948 -0.28121665 -0.11116412
v 0.11193026 -0.28129703 -0.11063154
v 0.11160471 -0.28148499 -0.11022147
v 0.11212400 -0.28023108 -0.10977866
v 0.12860392 -0.27167049 -0.12699765
v 0.12859356 -0.27167645 -0.12764458
v 0.12830445 -0.27184337 -0.12819886
v 0.12781407 -0.27212650 -0.12851197
v 0.12725380 -0.27244997 -0.12850000
v 0.12679766 -0.27271333 -0.12869096
v 0.12677377 -0.27272710 -0.12816615
v 0.12650262 -0.27288365 -0.12759991
v 0.12651299 -0.27287769 -0.12695298
v 0.12680210 -0.27271077 -0.12639870
v 0.12688837 -0.27266096 -0.12584677
v 0.12729248 -0.27242765 -0.12608559
v 0.12785275 -0.27210417 -0.12609756
v 0.12831048 -0.27183991 -0.12590727
v 0.12833278 -0.27182704 -0.12643141
v 0.15067312 -0.29126042 -0.11139662
v 0.15453503 -0.28903076 -0.11132944
v 0.15335841 -0.28929723 -0.11162016
v 0.15827081 -0.28687391 -0.11019702
v 0.15830014 -0.28676914 -0.11016861
v 0.16166332 -0.28491524 -0.10806517
v 0.16451542 -0.28326857 -0.10505779
v 0.16666135 -0.28202963 -0.10134966
v 0.16613243 -0.28201036 -0.10250882
v 0.16797641 -0.28127038 -0.09715627
v 0.16838416 -0.28103498 -0.09272134
v 0.16836620 -0.28072054 -0.09395608
v 0.16786090 -0.28133708 -0.08830260
v 0.16643706 -0.28215912 -0.08415686
v 0.16690208 -0.28156610 -0.08518443
v 0.16419536 -0.28345338 -0.08052504
v 0.16345819 -0.28353653 -0.07977314
v 0.16126609 -0.28514457 -0.07761823
v 0.15781951 -0.28713447 -0.07560535
v 0.15337148 -0.28960580 -0.07456747
v 0.15019397 -0.29153708 -0.07467056
v 0.14863690 -0.29208641 -0.07482179
v 0.14645821 -0.29369393 -0.07580297
v 0.14306569 -0.29565260 -0.07793482
v 0.14021359 -0.29729924 -0.08094221
v 0.13737035 -0.29882427 -0.08626512
v 0.14053366 -0.29711446 -0.10547496
v 0.14346291 -0.29542324 -0.10838177
v 0.14690951 -0.29343337 -0.11039466
v 0.14611866 -0.29351736 -0.11025185
v 0.13628660 -0.29973384 -0.08903258
v 0.13762246 -0.30016521 -0.08598903
v 0.13521645 -0.29975046 -0.08417268
v 0.13584774 -0.30077221 -0.09570864
v 0.17061490 -0.24751986 -0.09799065
v 0.17074679 -0.24733928 -0.09894062
v 0.18305743 -0.27083279 -0.09773592
v 0.18193729 -0.26974598 -0.09783960
v 0.18185759 -0.26979199 -0.09784648
v 0.18137984 -0.27006781 -0.09801652
v 0.18125796 -0.27013817 -0.09810234
v 0.18169534 -0.27161768 -0.09845268
v 0.18402213 -0.27027434 -0.09960754
v 0.17077212 -0.24732466 -0.09960754
v 0.18379435 -0.27040583 -0.10022110
v 0.17054436 -0.24745616 -0.10022110
v 0.18158662 -0.27168047 -0.09865747
v 0.16833663 -0.24873079 -0.09865747
v 0.16875796 -0.24848753 -0.09810234
v 0.16935758 -0.24814135 -0.09784648
v 0.16999030 -0.24777605 -0.09795184
v 0.18330248 -0.27068982 -0.10069258
v 0.17005248 -0.24774015 -0.10069258
v 0.18267541 -0.27105185 -0.10083605
v 0.16942541 -0.24810219 -0.10083605
v 0.18206501 -0.27140427 -0.10061680
v 0.16881502 -0.24845460 -0.10061680
v 0.18161908 -0.27166173 -0.10008790
v 0.16836908 -0.24871206 -0.10008790
v 0.18144561 -0.27176189 -0.09937744
v 0.16819562 -0.24881221 -0.09937744
v 0.13884002 -0.29462817 -0.05816516
v 0.12634003 -0.27297753 -0.05816516
v 0.12650314 -0.27288339 -0.05781826
v 0.13975313 -0.29583305 -0.05781826
v 0.13949878 -0.29597857 -0.05867348
v 0.13876149 -0.29467350 -0.05854286
v 0.13990684 -0.29574395 -0.05987972
v 0.13886599 -0.29461318 -0.05930989
v 0.13928862 -0.29436919 -0.05991382
v 0.13949454 -0.29425031 -0.06005538
v 0.13991614 -0.29400688 -0.06019283
v 0.14027615 -0.29553106 -0.05733026
v 0.12702616 -0.27258140 -0.05733026
v 0.14094041 -0.29514757 -0.05720960
v 0.12769042 -0.27219790 -0.05720960
v 0.14087155 -0.29518732 -0.06019915
v 0.12762155 -0.27223766 -0.06019915
v 0.12699454 -0.27259967 -0.06005538
v 0.12650283 -0.27288353 -0.05958369
v 0.12626550 -0.27302057 -0.05889829
v 0.14153995 -0.29480141 -0.05746574
v 0.12828995 -0.27185175 -0.05746574
v 0.14196110 -0.29455829 -0.05802106
v 0.12871109 -0.27160859 -0.05802106
v 0.14210185 -0.29447702 -0.05874110
v 0.12885186 -0.27152735 -0.05874110
v 0.14192814 -0.29457730 -0.05945148
v 0.12867814 -0.27162763 -0.05945148
v 0.14148204 -0.29483485 -0.05998017
v 0.12823203 -0.27188519 -0.05998017
v 0.17838511 -0.27352887 -0.11021297
v 0.17801704 -0.27374136 -0.11070085
v 0.17790954 -0.27380344 -0.11133589
v 0.17809142 -0.27369842 -0.11194791
v 0.17851393 -0.27345449 -0.11237292
v 0.17906389 -0.27313697 -0.11249705
v 0.17959391 -0.27283096 -0.11228703
v 0.17996198 -0.27261844 -0.11179914
v 0.18006948 -0.27255639 -0.11116412
v 0.17988761 -0.27266139 -0.11055209
v 0.17946507 -0.27290535 -0.11012708
v 0.17891513 -0.27322286 -0.11000296
v 0.18170393 -0.27161273 -0.08631604
v 0.18167701 -0.27162829 -0.08687147
v 0.18186146 -0.27152178 -0.08738538
v 0.18222076 -0.27131435 -0.08775599
v 0.18268372 -0.27104706 -0.08790988
v 0.18315868 -0.27077284 -0.08781660
v 0.18355154 -0.27054602 -0.08749459
v 0.18378450 -0.27041152 -0.08700764
v 0.18379486 -0.27040553 -0.08636071
v 0.18352370 -0.27056208 -0.08579446
v 0.18304369 -0.27083924 -0.08546063
v 0.18248342 -0.27116269 -0.08544866
v 0.18199304 -0.27144584 -0.08576176
v 0.17094357 -0.27782524 -0.06554660
v 0.17123215 -0.27765864 -0.06599207
v 0.17165953 -0.27741188 -0.06624884
v 0.17214108 -0.27713385 -0.06626607
v 0.17258140 -0.27687964 -0.06604033
v 0.17289329 -0.27669957 -0.06561635
v 0.17301500 -0.27662930 -0.06507808
v 0.17292239 -0.27668276 -0.06453215
v 0.17257020 -0.27688611 -0.06402887
v 0.17204726 -0.27718803 -0.06379636
v 0.17149371 -0.27750760 -0.06389691
v 0.17105787 -0.27775925 -0.06430359
v 0.17085649 -0.27787551 -0.06490742
v 0.15113893 -0.28925943 -0.05762291
v 0.15160798 -0.28898865 -0.05774997
v 0.15207830 -0.28871709 -0.05762946
v 0.15245678 -0.28849858 -0.05728524
v 0.15266843 -0.28837639 -0.05678550
v 0.15267134 -0.28837472 -0.05622920
v 0.15246493 -0.28849390 -0.05572655
v 0.15209007 -0.28871030 -0.05537708
v 0.15154013 -0.28902781 -0.05525295
v 0.15101011 -0.28933382 -0.05546298
v 0.15064202 -0.28954634 -0.05595085
v 0.15053453 -0.28960839 -0.05658589
v 0.15071641 -0.28950340 -0.05719791
v 0.13155682 -0.30056518 -0.06625256
v 0.13204721 -0.30028206 -0.06593946
v 0.13233632 -0.30011514 -0.06538518
v 0.13234669 -0.30010915 -0.06473825
v 0.13207553 -0.30026570 -0.06417200
v 0.13159552 -0.30054286 -0.06383816
v 0.13103525 -0.30086631 -0.06382620
v 0.13060522 -0.30111459 -0.06407699
v 0.13031201 -0.30128390 -0.06451841
v 0.13021371 -0.30134064 -0.06506300
v 0.13032976 -0.30127364 -0.06560292
v 0.13063720 -0.30109614 -0.06603122
v 0.13107514 -0.30084330 -0.06626307
v 0.12135992 -0.30645236 -0.08739763
v 0.12154973 -0.30634278 -0.08688633
v 0.12152863 -0.30635497 -0.08633056
v 0.12130077 -0.30648652 -0.08584040
v 0.12091132 -0.30671138 -0.08551294
v 0.12043737 -0.30698502 -0.08541305
v 0.11997283 -0.30725321 -0.08556048
v 0.11960968 -0.30746287 -0.08592605
v 0.11940832 -0.30757913 -0.08652988
v 0.11949540 -0.30752885 -0.08716907
v 0.11984760 -0.30732551 -0.08767235
v 0.12037052 -0.30702361 -0.08790486
v 0.12092408 -0.30670401 -0.08780430
v 0.12531948 -0.30416632 -0.11116412
v 0.12518026 -0.30424669 -0.11063154
v 0.12485471 -0.30443466 -0.11022147
v 0.12440731 -0.30469295 -0.11001510
v 0.12392668 -0.30497044 -0.11005333
v 0.12350800 -0.30521217 -0.11032858
v 0.12323421 -0.30537024 -0.11078631
v 0.12315954 -0.30541337 -0.11133589
v 0.12334141 -0.30530834 -0.11194791
v 0.12376394 -0.30506441 -0.11237291
v 0.12431389 -0.30474690 -0.11249705
v 0.12484391 -0.30444089 -0.11228703
v 0.12521198 -0.30422840 -0.11179914
v 0.14158277 -0.29477671 -0.12643141
v 0.14110275 -0.29505384 -0.12609756
v 0.14054249 -0.29537731 -0.12608559
v 0.14005211 -0.29566044 -0.12639870
v 0.13976298 -0.29582736 -0.12695298
v 0.13975263 -0.29583335 -0.12759991
v 0.14002378 -0.29567680 -0.12816615
v 0.14050379 -0.29539964 -0.12850000
v 0.14106406 -0.29507619 -0.12851197
v 0.14155445 -0.29479304 -0.12819886
v 0.14184356 -0.29462615 -0.12764458
v 0.14185393 -0.29462016 -0.12699765
v 0.16254002 -0.28267702 -0.12605576
v 0.16198647 -0.28299662 -0.12615632
v 0.16155063 -0.28324825 -0.12656300
v 0.16134927 -0.28336450 -0.12716682
v 0.16143633 -0.28331423 -0.12780601
v 0.16178852 -0.28311092 -0.12830928
v 0.16231146 -0.28280899 -0.12854180
v 0.16286501 -0.28248939 -0.12844124
v 0.16330086 -0.28223777 -0.12803458
v 0.16350222 -0.28212151 -0.12743074
v 0.16341515 -0.28217179 -0.12679155
v 0.16306296 -0.28237513 -0.12628828
v 0.12678899 -0.30331790 -0.09879056
v 0.12966573 -0.30165702 -0.11706535
v 0.16002935 -0.28412658 -0.05916911
v 0.14021302 -0.29544855 -0.05605443
v 0.13083616 -0.30095969 -0.06234383
v 0.12969847 -0.30163810 -0.06714516
v 0.12798219 -0.30262901 -0.12055450
v 0.12563532 -0.30392850 -0.11818046
v 0.17639940 -0.27467520 -0.10975214
v 0.18116696 -0.27192277 -0.07463974
v 0.18031570 -0.27241424 -0.09017518
v 0.18411628 -0.27013291 -0.10401588
v 0.18426396 -0.27013472 -0.10195806
v 0.18001728 -0.27258652 -0.09635609
v 0.18409295 -0.27029121 -0.09908288
v 0.18276963 -0.27087428 -0.10842742
v 0.17894582 -0.27309106 -0.11637150
v 0.16493903 -0.28129196 -0.12053631
v 0.17055361 -0.27798701 -0.12566477
v 0.16294703 -0.28236217 -0.12992032
v 0.13964681 -0.29589329 -0.12577707
v 0.13129629 -0.30071560 -0.11946062
v 0.13867645 -0.29645467 -0.11731686
v 0.13191587 -0.30035788 -0.11964238
v 0.13010876 -0.30140123 -0.12156929
v 0.13000108 -0.30146340 -0.12084168
v 0.13020702 -0.30134451 -0.12014288
v 0.13067666 -0.30107334 -0.11964210
v 0.13045505 -0.30120131 -0.12210385
v 0.13111711 -0.30087312 -0.12259713
v 0.13096790 -0.30090520 -0.12241198
v 0.13237307 -0.30009644 -0.12202538
v 0.13238534 -0.30008683 -0.12014338
v 0.13248457 -0.30002953 -0.12035449
v 0.12316840 -0.30533376 -0.11428983
v 0.11874160 -0.30783986 -0.10425542
v 0.12482470 -0.30445344 -0.09048848
v 0.12380590 -0.30504018 -0.08325288
v 0.13346902 -0.29946119 -0.06760737
v 0.14378886 -0.29350302 -0.06171097
v 0.14962035 -0.29013627 -0.06151016
v 0.15245052 -0.28842926 -0.05387155
v 0.17153324 -0.27733769 -0.06117257
v 0.16991878 -0.27841700 -0.06798608
v 0.15450485 -0.28731614 -0.11925722
v 0.13444604 -0.29889713 -0.05969597
v 0.13280909 -0.29989305 -0.09084124
v 0.14279712 -0.29407423 -0.12473911
v 0.13192764 -0.30029493 -0.06108180
v 0.11856326 -0.27757178 -0.12270978
v 0.11771790 -0.27795553 -0.12241198
v 0.13169841 -0.29875138 -0.12165298
v 0.13173310 -0.29873136 -0.12156984
v 0.13184445 -0.29866707 -0.12100706
v 0.13184103 -0.29866904 -0.12084229
v 0.11720504 -0.27825162 -0.12210385
v 0.11685876 -0.27845156 -0.12156929
v 0.11913534 -0.27713716 -0.12014338
v 0.11934103 -0.27701843 -0.12084229
v 0.11923311 -0.27708071 -0.12156984
v 0.11883773 -0.27730900 -0.12214987
v 0.11675109 -0.27851373 -0.12084168
v 0.11695702 -0.27839482 -0.12014288
v 0.11742666 -0.27812368 -0.11964210
v 0.11804630 -0.27776593 -0.11946062
v 0.11866587 -0.27740821 -0.11964238
v 0.18539359 -0.26919499 -0.09638709
v 0.18535070 -0.26942006 -0.08956188
v 0.13596470 -0.29793626 -0.12791372
v 0.18497414 -0.26964160 -0.08646703
v 0.14714191 -0.29149043 -0.05409336
v 0.16333206 -0.28214765 -0.05620313
v 0.18194373 -0.27142761 -0.07554748
v 0.12277308 -0.30551391 -0.07191653
v 0.18371990 -0.27019328 -0.08039498
v 0.17844655 -0.27343002 -0.06902047
v 0.15684727 -0.28586355 -0.05428445
v 0.13621912 -0.29777672 -0.05810746
v 0.12831232 -0.30239356 -0.06451063
v 0.11750008 -0.30857769 -0.09208887
v 0.11913187 -0.30766400 -0.08164857
v 0.12940349 -0.30156463 -0.12277696
v 0.14426016 -0.29316044 -0.13133149
v 0.15450843 -0.28725674 -0.13215933
v 0.13558817 -0.26618571 -0.05373831
v 0.11770644 -0.27653540 -0.06289792
v 0.10887116 -0.28182505 -0.11266921
v 0.12707531 -0.27127250 -0.12945524
v 0.12830555 -0.26908542 -0.12761118
v 0.15296912 -0.25587175 -0.12902050
v 0.13820728 -0.29845770 -0.08494767
v 0.13823684 -0.29840610 -0.10169879
v 0.13833301 -0.29838499 -0.10129032
v 0.13970610 -0.29759225 -0.10384404
v 0.14142449 -0.29660013 -0.10610197
v 0.14344130 -0.29543573 -0.10800251
v 0.15029235 -0.29147503 -0.11112311
v 0.15142599 -0.29082578 -0.07483230
v 0.14884910 -0.29231355 -0.07525845
v 0.14636812 -0.29374593 -0.07616855
v 0.14405069 -0.29508391 -0.07753777
v 0.14196004 -0.29629093 -0.07932875
v 0.14015320 -0.29733410 -0.08149266
v 0.16087728 -0.28536913 -0.10835276
v 0.15744840 -0.28734882 -0.11025883
v 0.16608143 -0.28236452 -0.10202539
v 0.16658938 -0.28207125 -0.08509213
v 0.16381211 -0.28367473 -0.10555386
v 0.16755336 -0.28151469 -0.09797279
v 0.16177743 -0.28484943 -0.07836467
v 0.15402846 -0.28932324 -0.07490171
v 0.16814262 -0.28117450 -0.09363163
v 0.16453687 -0.28325629 -0.08139080
v 0.16781498 -0.28136367 -0.08925284
v 0.15063722 -0.29117972 -0.11130925
v 0.15060180 -0.29112840 -0.11135665
v 0.15253031 -0.29001498 -0.11145771
v 0.15402039 -0.28929016 -0.11129494
v 0.16050416 -0.28552280 -0.10886177
v 0.16241015 -0.28422957 -0.10733821
v 0.16413768 -0.28341642 -0.10538763
v 0.16616712 -0.28222321 -0.10221478
v 0.16767470 -0.28135281 -0.09812182
v 0.16829016 -0.28099747 -0.09373120
v 0.16797780 -0.28117780 -0.08929816
v 0.16675572 -0.28188338 -0.08508018
v 0.16469499 -0.28307314 -0.08132252
v 0.16197207 -0.28463161 -0.07828793
v 0.15902925 -0.28639824 -0.07623687
v 0.15851437 -0.28671165 -0.07608708
v 0.15775605 -0.28673588 -0.07536326
v 0.15591466 -0.28818783 -0.07511909
v 0.15438064 -0.28911433 -0.07487259
v 0.14798658 -0.29259768 -0.11080226
v 0.13701107 -0.29928218 -0.09604545
v 0.13705618 -0.29921872 -0.08810902
v 0.14618419 -0.29363829 -0.07591223
v 0.13987465 -0.29728109 -0.08131742
v 0.14214950 -0.29574395 -0.07840831
v 0.14383148 -0.29499662 -0.07730230
v 0.13868749 -0.29789688 -0.08312270
v 0.14321281 -0.29535380 -0.10823098
v 0.14550744 -0.29402900 -0.10974500
v 0.15137111 -0.29075599 -0.07462054
v 0.14876419 -0.29226109 -0.07505166
v 0.14625429 -0.29371020 -0.07597237
v 0.14390986 -0.29506376 -0.07735755
v 0.14179485 -0.29628485 -0.07916941
v 0.13996695 -0.29734018 -0.08135854
v 0.13847601 -0.29820099 -0.08386521
v 0.13736275 -0.29884374 -0.08662106
v 0.13838094 -0.29768116 -0.10348400
v 0.14125305 -0.29659766 -0.10625468
v 0.14329337 -0.29541969 -0.10817736
v 0.14557990 -0.29409954 -0.10968606
v 0.14805032 -0.29267326 -0.11073959
v 0.15140864 -0.29080942 -0.07471769
v 0.14881551 -0.29230657 -0.07514653
v 0.14631887 -0.29374799 -0.07606238
v 0.14398684 -0.29509440 -0.07744024
v 0.14188299 -0.29630905 -0.07924252
v 0.14006476 -0.29735881 -0.08142007
v 0.13858172 -0.29821503 -0.08391350
v 0.13747433 -0.29885441 -0.08665477
v 0.13961484 -0.29761857 -0.10391245
v 0.14134407 -0.29662019 -0.10618462
v 0.14337359 -0.29544845 -0.10809714
v 0.14564806 -0.29413530 -0.10959785
v 0.14774446 -0.29294701 -0.11049056
v 0.16504429 -0.28441437 -0.08905018
v 0.14331519 -0.29371732 -0.09946796
v 0.11594273 -0.27631413 -0.06760518
v 0.10461206 -0.28413528 -0.08724633
v 0.12499077 -0.27231153 -0.12721808
v 0.14748089 -0.25903980 -0.12719720
v 0.14989082 -0.25837772 -0.12617848
v 0.17099843 -0.24578620 -0.08751866
v 0.16068233 -0.25175216 -0.06325968
v 0.13912777 -0.26429534 -0.05502617
v 0.11202392 -0.27922506 -0.11223387
v 0.11454562 -0.27507702 -0.10384789
v 0.14630064 -0.25906405 -0.05859600
v 0.15747030 -0.25062910 -0.08201236
v 0.13530214 -0.26294325 -0.07682466
v 0.14550491 -0.25730251 -0.11871101
v 0.13114193 -0.26539895 -0.10794026
v 0.15253406 -0.28596694 -0.07591913
v 0.16311517 -0.27949265 -0.08101886
v 0.13614398 -0.29521296 -0.10188707
v 0.13851065 -0.29367206 -0.08031350
v 0.14957256 -0.28770007 -0.07355007
v 0.14892478 -0.28660360 -0.10983169
v 0.13453194 -0.29607069 -0.09045553
v 0.14096717 -0.29235718 -0.10836294
v 0.14540951 -0.29083529 -0.11039466
v 0.13903366 -0.29451638 -0.10547496
v 0.13536811 -0.29663268 -0.09769740
v 0.13656765 -0.29594013 -0.08465035
v 0.16647641 -0.27867231 -0.09715627
v 0.16301543 -0.28067049 -0.10505779
v 0.15677080 -0.28427583 -0.11019702
v 0.15303503 -0.28643268 -0.11132944
v 0.14816020 -0.26384376 -0.05985426
v 0.15903001 -0.28297150 -0.06033351
v 0.15927017 -0.28283283 -0.05937272
v 0.14759412 -0.26417059 -0.05915717
v 0.15851942 -0.28326629 -0.05906708
v 0.15436205 -0.28566653 -0.05924071
v 0.14682645 -0.26334708 -0.05993860
v 0.14960258 -0.28841442 -0.05903124
v 0.13860258 -0.26936185 -0.05903124
v 0.13961720 -0.29417947 -0.06157818
v 0.12861720 -0.27512690 -0.06157818
v 0.14198884 -0.29281020 -0.06058144
v 0.13098885 -0.27375764 -0.06058144
v 0.12192179 -0.27899250 -0.06604179
v 0.13292180 -0.29804507 -0.06604179
v 0.11998842 -0.28010875 -0.06791505
v 0.13098842 -0.29916131 -0.06791505
v 0.11111275 -0.28523311 -0.08566638
v 0.12211275 -0.30428568 -0.08566638
v 0.11067449 -0.28548613 -0.08853639
v 0.12167449 -0.30453870 -0.08853639
v 0.11375698 -0.28370649 -0.10872246
v 0.12475698 -0.30275902 -0.10872246
v 0.11501890 -0.28297791 -0.11124630
v 0.12601890 -0.30203047 -0.11124630
v 0.13292179 -0.29804507 -0.11995822
v 0.12192179 -0.27899250 -0.11995822
v 0.13098842 -0.29916131 -0.11808495
v 0.11998841 -0.28010875 -0.11808495
v 0.14874017 -0.26350892 -0.12541856
v 0.15974018 -0.28256148 -0.12541856
v 0.15111181 -0.26213965 -0.12442183
v 0.16211180 -0.28119221 -0.12442183
v 0.16471012 -0.25428867 -0.11124630
v 0.17571011 -0.27334121 -0.11124630
v 0.16597204 -0.25356010 -0.10872246
v 0.17697205 -0.27261266 -0.10872246
v 0.18005453 -0.27083299 -0.09746361
v 0.16905452 -0.25178042 -0.09746361
v 0.17961626 -0.27108601 -0.10033362
v 0.16861627 -0.25203344 -0.10033362
v 0.16905452 -0.25178042 -0.08853640
v 0.18005453 -0.27083299 -0.08853640
v 0.16861627 -0.25203344 -0.08566638
v 0.17961627 -0.27108601 -0.08566638
v 0.17097423 -0.27607549 -0.06809754
v 0.16293666 -0.28071599 -0.06157647
v 0.16377994 -0.28022912 -0.06133632
v 0.11268848 -0.28085927 -0.11300585
v 0.12469818 -0.30279297 -0.11333097
v 0.11193167 -0.28129619 -0.11360745
v 0.12443168 -0.30294684 -0.11360745
v 0.11178489 -0.28138095 -0.11398484
v 0.12428489 -0.30303159 -0.11398484
v 0.11178295 -0.28138208 -0.11439852
v 0.12428294 -0.30303273 -0.11439852
v 0.11192618 -0.28129938 -0.11477773
v 0.12442618 -0.30295002 -0.11477773
v 0.12572116 -0.30220237 -0.11264898
v 0.11623737 -0.29394799 -0.07168457
v 0.13266270 -0.29819466 -0.06406050
v 0.11979820 -0.27675447 -0.06356125
v 0.12055748 -0.27631611 -0.06460611
v 0.11997113 -0.27665463 -0.06209432
v 0.13247113 -0.29830527 -0.06209432
v 0.11972421 -0.27679718 -0.06239408
v 0.13222422 -0.29844782 -0.06239408
v 0.11960350 -0.27686688 -0.06278359
v 0.13210350 -0.29851753 -0.06278359
v 0.11962966 -0.27685177 -0.06319619
v 0.13212965 -0.29850242 -0.06319619
v 0.13688193 -0.29575869 -0.05915378
v 0.12438194 -0.27410805 -0.05915378
v 0.13723022 -0.29555759 -0.05905674
v 0.12473021 -0.27390698 -0.05905674
v 0.13758270 -0.29535410 -0.05913079
v 0.12508270 -0.27370346 -0.05913079
v 0.13787907 -0.29518297 -0.05936324
v 0.12537907 -0.27353236 -0.05936324
v 0.13806860 -0.29507357 -0.05971432
v 0.12576077 -0.27331196 -0.06032840
v 0.13847260 -0.29484031 -0.06099603
v 0.14233219 -0.29261198 -0.05861719
v 0.12963758 -0.27107370 -0.05800423
v 0.13004158 -0.27084044 -0.05928593
v 0.13023458 -0.27072901 -0.05669405
v 0.14273459 -0.29237965 -0.05669405
v 0.12991378 -0.27091423 -0.05687822
v 0.14241378 -0.29256487 -0.05687822
v 0.12968497 -0.27104634 -0.05719656
v 0.14218497 -0.29269698 -0.05719656
v 0.12958734 -0.27110270 -0.05759461
v 0.14208734 -0.29275334 -0.05759461
v 0.14775038 -0.28948379 -0.05567281
v 0.13525037 -0.26783314 -0.05567281
v 0.13619814 -0.26728595 -0.05732113
v 0.14869945 -0.28893584 -0.05666820
v 0.13612533 -0.26732799 -0.05626345
v 0.14862533 -0.28897864 -0.05626345
v 0.13591568 -0.26744902 -0.05592797
v 0.14841568 -0.28909966 -0.05592797
v 0.13560639 -0.26762760 -0.05571918
v 0.14810640 -0.28927824 -0.05571918
v 0.14869945 -0.28893584 -0.05803216
v 0.14712502 -0.26097733 -0.05663059
v 0.15962502 -0.28262797 -0.05663059
v 0.14695510 -0.26107544 -0.05661619
v 0.15945511 -0.28272605 -0.05661619
v 0.14679351 -0.26116872 -0.05667860
v 0.15929352 -0.28281936 -0.05667860
v 0.14666529 -0.26124275 -0.05680816
v 0.15916529 -0.28289339 -0.05680816
v 0.14659029 -0.26128605 -0.05698480
v 0.16439648 -0.27987316 -0.05863563
v 0.15189649 -0.25822252 -0.05863563
v 0.15209452 -0.25984019 -0.06128783
v 0.16460899 -0.27975047 -0.05930384
v 0.15214984 -0.25807625 -0.05911285
v 0.16464984 -0.27972686 -0.05911285
v 0.15212372 -0.25809133 -0.05891842
v 0.16462372 -0.27974194 -0.05891842
v 0.15203467 -0.25814274 -0.05875070
v 0.16453467 -0.27979335 -0.05875070
v 0.16187680 -0.25246036 -0.06606871
v 0.17503362 -0.27373182 -0.06598948
v 0.16965894 -0.24796736 -0.08297694
v 0.16841774 -0.24868396 -0.08434092
v 0.18147480 -0.27001297 -0.08422903
v 0.16930713 -0.24817047 -0.08407447
v 0.18180713 -0.26982111 -0.08407447
v 0.16955684 -0.24802630 -0.08377782
v 0.18205684 -0.26967692 -0.08377782
v 0.16968121 -0.24795450 -0.08338984
v 0.18218121 -0.26960513 -0.08338984
v 0.18031152 -0.27068460 -0.08446588
v 0.18167006 -0.26990023 -0.08926794
v 0.16972671 -0.24792822 -0.08915307
v 0.16856344 -0.24859984 -0.08938992
v 0.17074046 -0.24734294 -0.09005946
v 0.18324046 -0.26899359 -0.09005946
v 0.17063910 -0.24740146 -0.08966266
v 0.18313909 -0.26905209 -0.08966266
v 0.17040731 -0.24753527 -0.08934720
v 0.18290731 -0.26918590 -0.08934720
v 0.17008479 -0.24772149 -0.08916706
v 0.18258479 -0.26937214 -0.08916706
v 0.18324046 -0.26899359 -0.09594054
v 0.17074046 -0.24734294 -0.09594054
v 0.18313910 -0.26905209 -0.09633733
v 0.17063910 -0.24740146 -0.09633733
v 0.18290731 -0.26918593 -0.09665281
v 0.17040731 -0.24753529 -0.09665281
v 0.18258479 -0.26937214 -0.09683295
v 0.17008479 -0.24772149 -0.09683295
v 0.18222672 -0.26957884 -0.09684693
v 0.16916999 -0.24824964 -0.09673205
v 0.18106344 -0.27025047 -0.09661008
v 0.18091768 -0.27033463 -0.10165907
v 0.16897480 -0.24836235 -0.10177097
v 0.16781153 -0.24903396 -0.10153412
v 0.16965893 -0.24796736 -0.10302306
v 0.18215893 -0.26961800 -0.10302306
v 0.16968122 -0.24795450 -0.10261016
v 0.18218121 -0.26960513 -0.10261016
v 0.16955686 -0.24802630 -0.10222218
v 0.18205684 -0.26967692 -0.10222218
v 0.16930714 -0.24817047 -0.10192553
v 0.18180713 -0.26982111 -0.10192553
v 0.18041697 -0.27062371 -0.10854947
v 0.16791697 -0.24897309 -0.10854947
v 0.16620690 -0.24996040 -0.10867310
v 0.17919590 -0.27132872 -0.10900084
v 0.16703650 -0.24948141 -0.10912910
v 0.17953651 -0.27113205 -0.10912910
v 0.16739294 -0.24927562 -0.10908721
v 0.17989294 -0.27092627 -0.10908721
v 0.16770418 -0.24909593 -0.10888230
v 0.18020418 -0.27074656 -0.10888230
v 0.17817292 -0.27191931 -0.10831886
v 0.17588534 -0.27323998 -0.12058552
v 0.17717499 -0.27249547 -0.11349165
v 0.15096822 -0.25875843 -0.12567154
v 0.16366041 -0.28029811 -0.12628567
v 0.15134995 -0.25853807 -0.12663676
v 0.16384995 -0.28018871 -0.12663676
v 0.15164632 -0.25836694 -0.12686920
v 0.16414632 -0.28001758 -0.12686920
v 0.16325641 -0.28053138 -0.12500398
v 0.15407970 -0.27414509 -0.13036388
v 0.13023458 -0.27072901 -0.12930596
v 0.12983216 -0.27096135 -0.12738291
v 0.14213759 -0.29272434 -0.12799577
v 0.12958734 -0.27110270 -0.12840539
v 0.14208734 -0.29275334 -0.12840539
v 0.12968497 -0.27104634 -0.12880343
v 0.14218497 -0.29269698 -0.12880343
v 0.12991378 -0.27091423 -0.12912178
v 0.14241378 -0.29256487 -0.12912178
v 0.12438193 -0.27410805 -0.12684622
v 0.13688193 -0.29575869 -0.12684622
v 0.12473022 -0.27390698 -0.12694326
v 0.13723022 -0.29555759 -0.12694326
v 0.12508270 -0.27370346 -0.12686920
v 0.13758270 -0.29535410 -0.12686920
v 0.12537907 -0.27353236 -0.12663676
v 0.13787907 -0.29518297 -0.12663676
v 0.12556860 -0.27342293 -0.12628569
v 0.13247113 -0.29830527 -0.12390569
v 0.11997113 -0.27665463 -0.12390569
v 0.13222422 -0.29844782 -0.12360592
v 0.11972421 -0.27679718 -0.12360592
v 0.13210350 -0.29851753 -0.12321641
v 0.11960350 -0.27686688 -0.12321641
v 0.13212965 -0.29850242 -0.12280381
v 0.11962966 -0.27685177 -0.12280381
v 0.13229820 -0.29840511 -0.12243874
v 0.12016267 -0.27654405 -0.12193954
v 0.13305748 -0.29796675 -0.12139389
v 0.12934359 -0.30011093 -0.11872367
v 0.11648113 -0.27866957 -0.11922481
v 0.11724041 -0.27823120 -0.11817995
v 0.11520000 -0.27940923 -0.11928289
v 0.12770000 -0.30105987 -0.11928289
v 0.11549854 -0.27923688 -0.11951162
v 0.12799853 -0.30088753 -0.11951162
v 0.11585170 -0.27903298 -0.11958125
v 0.12835170 -0.30068362 -0.11958125
v 0.11619905 -0.27883244 -0.11947986
v 0.12869905 -0.30048308 -0.11947986
v 0.14254159 -0.29249108 -0.12671408
v 0.12861721 -0.27512690 -0.12442182
v 0.13961720 -0.29417947 -0.12442182
v 0.13098885 -0.27375764 -0.12541857
v 0.14198884 -0.29281020 -0.12541857
v 0.13322276 -0.29787132 -0.06495843
v 0.13865420 -0.29473546 -0.06133746
v 0.13893731 -0.29457200 -0.06156917
v 0.17974201 -0.27101341 -0.08489480
v 0.17961082 -0.27108914 -0.08526574
v 0.17138216 -0.27583995 -0.06817510
v 0.17171682 -0.27564675 -0.06806917
v 0.18040124 -0.27063280 -0.09678822
v 0.18016808 -0.27076742 -0.09708498
v 0.18040124 -0.27063280 -0.08921178
v 0.13314898 -0.29791391 -0.06573892
v 0.13325498 -0.29785269 -0.06535739
v 0.12423113 -0.30306262 -0.10822473
v 0.12211820 -0.30428252 -0.08526574
v 0.12198700 -0.30435827 -0.08489480
v 0.14876896 -0.28889570 -0.05842472
v 0.14259253 -0.29246166 -0.05968226
v 0.14896636 -0.28878173 -0.05875425
v 0.12453812 -0.30288538 -0.10841151
v 0.12132778 -0.30473888 -0.08921178
v 0.11146167 -0.29801088 -0.09829610
v 0.14229204 -0.29263514 -0.06038656
v 0.14250465 -0.29251242 -0.06006989
v 0.14925995 -0.28861222 -0.05896785
v 0.17559974 -0.27340496 -0.11202102
v 0.17574820 -0.27331924 -0.11238319
v 0.16307481 -0.28063622 -0.12466254
v 0.18016808 -0.27076742 -0.08891502
v 0.13314898 -0.29791391 -0.12026108
v 0.12598082 -0.30205244 -0.11238318
v 0.13069066 -0.29933321 -0.11787918
v 0.17719090 -0.27248630 -0.10841151
v 0.17749789 -0.27230906 -0.10822473
v 0.17784373 -0.27210939 -0.10819209
v 0.17961082 -0.27108914 -0.10073426
v 0.15913647 -0.28291002 -0.12631772
v 0.14259253 -0.29246166 -0.12631772
v 0.15922436 -0.28285927 -0.12593010
v 0.14250465 -0.29251242 -0.12593010
v 0.14229205 -0.29263514 -0.12561344
v 0.13069066 -0.29933321 -0.06812081
v 0.12174023 -0.30450076 -0.08461310
v 0.18071656 -0.27045074 -0.09662097
v 0.18071656 -0.27045074 -0.08937903
v 0.13927646 -0.29437619 -0.12434606
v 0.13322274 -0.29787132 -0.12104157
v 0.13325498 -0.29785269 -0.12064262
v 0.17974201 -0.27101341 -0.10110521
v 0.17998879 -0.27087092 -0.10138690
v 0.12614268 -0.30195898 -0.11162063
v 0.13927646 -0.29437619 -0.06165394
v 0.13034685 -0.29953173 -0.11782490
v 0.13001220 -0.29972494 -0.11793083
v 0.12156094 -0.30460426 -0.08891501
v 0.17998879 -0.27087092 -0.08461311
v 0.13893731 -0.29457200 -0.12443084
v 0.13865420 -0.29473546 -0.12466254
v 0.13826077 -0.29496263 -0.12567163
v 0.16279170 -0.28079966 -0.12443084
v 0.16245256 -0.28099549 -0.12434606
v 0.12612927 -0.30196673 -0.11202102
v 0.15943697 -0.28273654 -0.12561344
v 0.17558633 -0.27341267 -0.11162063
v 0.12597260 -0.27318966 -0.12500398
v 0.12214899 -0.27886134 -0.12026108
v 0.12222621 -0.27881676 -0.12047412
v 0.11949556 -0.28039330 -0.11782837
v 0.11969066 -0.28028065 -0.11787918
v 0.11353812 -0.28383282 -0.10841151
v 0.11336984 -0.28392997 -0.10828670
v 0.11515214 -0.28290096 -0.11185132
v 0.11514269 -0.28290644 -0.11162063
v 0.11056094 -0.28555170 -0.08891501
v 0.11043977 -0.28562167 -0.08909876
v 0.11105876 -0.28526428 -0.08504523
v 0.11111820 -0.28522998 -0.08526574
v 0.11952168 -0.28037865 -0.06817166
v 0.12222621 -0.27881676 -0.06552588
v 0.12214898 -0.27886134 -0.06573892
v 0.13129205 -0.27358261 -0.06038656
v 0.13142771 -0.27350426 -0.06021687
v 0.12807807 -0.27543819 -0.06162464
v 0.12827647 -0.27532363 -0.06165394
v 0.13825995 -0.26955968 -0.05896785
v 0.13808221 -0.26966229 -0.05886197
v 0.13654122 -0.26721260 -0.05877659
v 0.13640189 -0.26716831 -0.05867473
v 0.13626897 -0.26724505 -0.05842472
v 0.13002771 -0.27107939 -0.06021687
v 0.13004564 -0.27096340 -0.06009973
v 0.13007038 -0.27081890 -0.05992996
v 0.12651755 -0.27299979 -0.06158192
v 0.12635317 -0.27296996 -0.06151989
v 0.12615421 -0.27308482 -0.06133746
v 0.12080560 -0.27629814 -0.06539066
v 0.12077516 -0.27618550 -0.06519910
v 0.11945742 -0.27973591 -0.06830705
v 0.11775643 -0.27793661 -0.06816976
v 0.10955699 -0.28279251 -0.08492299
v 0.10938177 -0.28275909 -0.08468213
v 0.10886760 -0.28314446 -0.08919019
v 0.10881332 -0.28311859 -0.08926388
v 0.11063463 -0.28272741 -0.10803138
v 0.11365577 -0.28038002 -0.11200039
v 0.11360186 -0.28033194 -0.11212524
v 0.11348082 -0.28040180 -0.11238318
v 0.11809555 -0.27796844 -0.11782837
v 0.11793011 -0.27795830 -0.11782326
v 0.11775320 -0.27793515 -0.11783799
v 0.11751219 -0.27807429 -0.11793083
v 0.11933298 -0.27709740 -0.11923530
v 0.12080543 -0.27629766 -0.12061001
v 0.12076009 -0.27619913 -0.12075138
v 0.12072275 -0.27622068 -0.12104157
v 0.16023347 -0.25687325 -0.06817164
v 0.16003835 -0.25698590 -0.06812082
v 0.16916808 -0.25171486 -0.08891502
v 0.16928925 -0.25164491 -0.08909876
v 0.16867025 -0.25200227 -0.08504523
v 0.16861083 -0.25203660 -0.08526574
v 0.16916808 -0.25171486 -0.09708498
v 0.16928925 -0.25164491 -0.09690125
v 0.16867027 -0.25200227 -0.10095477
v 0.16861083 -0.25203660 -0.10073426
v 0.16619089 -0.25343373 -0.10841151
v 0.16635919 -0.25333658 -0.10828670
v 0.16457687 -0.25436559 -0.11185132
v 0.16458634 -0.25436014 -0.11162063
v 0.15145256 -0.26194292 -0.12434606
v 0.15165095 -0.26182836 -0.12437536
v 0.14830130 -0.26376230 -0.12578313
v 0.14843696 -0.26368397 -0.12561344
v 0.14690131 -0.26133743 -0.12578313
v 0.14679188 -0.26129493 -0.12590027
v 0.14660844 -0.26128478 -0.12611377
v 0.14859521 -0.26035944 -0.12513718
v 0.15025094 -0.25940350 -0.12437536
v 0.15031949 -0.25925770 -0.12441809
v 0.15037583 -0.25910047 -0.12448011
v 0.15125094 -0.26113555 -0.12437536
v 0.15057480 -0.25898558 -0.12466254
v 0.16317686 -0.25194073 -0.11185132
v 0.16314755 -0.25185198 -0.11198831
v 0.16518547 -0.25038868 -0.11799074
v 0.16582293 -0.25290149 -0.10828486
v 0.16502471 -0.25076765 -0.10823442
v 0.16508977 -0.25060537 -0.10820003
v 0.16534373 -0.25045875 -0.10819209
v 0.16727026 -0.24957740 -0.10095477
v 0.16728052 -0.24946582 -0.10107701
v 0.16729864 -0.24933007 -0.10119231
v 0.16748878 -0.24922030 -0.10138690
v 0.16872655 -0.25128252 -0.09702730
v 0.16793257 -0.24908881 -0.09680808
v 0.16798025 -0.24893655 -0.09672873
v 0.16821656 -0.24880011 -0.09662097
v 0.16788925 -0.24922003 -0.08909876
v 0.16793235 -0.24908949 -0.08919150
v 0.16800664 -0.24891638 -0.08931323
v 0.16727026 -0.24957740 -0.08504523
v 0.16728060 -0.24946520 -0.08492240
v 0.16729864 -0.24933007 -0.08480769
v 0.16748878 -0.24922030 -0.08461311
v 0.15859334 -0.25453292 -0.06772305
v 0.15890740 -0.25430006 -0.06817674
v 0.15107227 -0.25875601 -0.06197196
v 0.14849375 -0.26018709 -0.06086221
v 0.16798258 -0.24893521 -0.09299910
v 0.13673533 -0.26822281 -0.12742344
v 0.13322215 -0.26900414 -0.12668058
v 0.14849521 -0.26018623 -0.12513718
v 0.15317421 -0.25748482 -0.12261762
v 0.11314674 -0.28195672 -0.07556517
v 0.11567625 -0.27913427 -0.11498402
v 0.12355614 -0.27458483 -0.12261852
v 0.12630530 -0.27299266 -0.12448767
v 0.12825346 -0.27194718 -0.12518193
v 0.13004167 -0.27084041 -0.12603030
v 0.13009255 -0.27081102 -0.12631772
v 0.15740323 -0.25504321 -0.11919814
v 0.16619666 -0.24996631 -0.10469624
v 0.16760501 -0.24922753 -0.09894614
v 0.15904192 -0.25411424 -0.06823740
v 0.16105376 -0.25293556 -0.11498265
v 0.16760477 -0.24922766 -0.08705230
v 0.16619612 -0.24996661 -0.08130208
v 0.13764879 -0.26661669 -0.05860925
v 0.13322061 -0.26900503 -0.05931973
v 0.16408230 -0.25126137 -0.11012281
v 0.12825216 -0.27194792 -0.06081861
v 0.12355480 -0.27458560 -0.06338238
v 0.12069142 -0.27634224 -0.06551753
v 0.16401412 -0.25122640 -0.07589923
v 0.12667808 -0.27301332 -0.12437536
v 0.12651834 -0.27299988 -0.12441783
v 0.13112990 -0.27298736 -0.12549870
v 0.13004567 -0.27096280 -0.12590089
v 0.13142771 -0.27350426 -0.12578313
v 0.13129205 -0.27358261 -0.12561344
v 0.12827645 -0.27532366 -0.12434606
v 0.12807807 -0.27543819 -0.12437536
v 0.11926151 -0.27980570 -0.11785235
v 0.12187910 -0.27829444 -0.06561146
v 0.13105734 -0.27299539 -0.06028380
v 0.12202738 -0.27824947 -0.12032898
v 0.15206992 -0.26125059 -0.06201878
v 0.13432062 -0.27091029 -0.05931973
v 0.12897895 -0.27424048 -0.06106229
v 0.11367189 -0.28257393 -0.11012510
v 0.16892919 -0.25113006 -0.08902185
v 0.16833584 -0.25147263 -0.10086386
v 0.16427064 -0.25381967 -0.11175746
v 0.16729666 -0.25187156 -0.10469624
v 0.16908258 -0.25084046 -0.09299910
v 0.15744597 -0.25755885 -0.12005301
v 0.12784637 -0.27484924 -0.12436672
v 0.13848190 -0.26887239 -0.05870919
v 0.14803716 -0.26323831 -0.12571609
v 0.16827026 -0.25130945 -0.08504523
v 0.16303900 -0.25456995 -0.07221884
v 0.14545219 -0.26490263 -0.12617257
v 0.15937520 -0.25690983 -0.11800518
v 0.16764146 -0.25206728 -0.08355730
v 0.15918639 -0.25704236 -0.06745801
v 0.11011554 -0.28508430 -0.08908771
v 0.14608408 -0.28986847 -0.07746987
v 0.13670170 -0.29528539 -0.08976535
v 0.15180448 -0.28598845 -0.07733801
v 0.14824487 -0.28804359 -0.07744134
v 0.14482971 -0.29001534 -0.07860496
v 0.14179175 -0.29176930 -0.08074958
v 0.13933800 -0.29318598 -0.08372904
v 0.13763569 -0.29416880 -0.08734031
v 0.13680083 -0.29465082 -0.09133727
v 0.13707224 -0.29448446 -0.09698901
v 0.14118255 -0.29232591 -0.10518639
v 0.16574713 -0.27731246 -0.09270557
v 0.15504444 -0.28411785 -0.07815286
v 0.15155707 -0.28613129 -0.07726012
v 0.14798845 -0.28819165 -0.07744004
v 0.14458174 -0.29015851 -0.07868034
v 0.14156912 -0.29189783 -0.08089650
v 0.13915589 -0.29329112 -0.08393750
v 0.13750651 -0.29424340 -0.08759608
v 0.14587013 -0.28846579 -0.07782149
v 0.13934969 -0.29002857 -0.09551313
v 0.15634231 -0.28102623 -0.07793837
v 0.15794895 -0.28048786 -0.10537663
v 0.13914398 -0.29150106 -0.08265530
v 0.14037712 -0.28681252 -0.08129929
v 0.17423286 -0.26726336 -0.07043053
v 0.15773055 -0.27852987 -0.12795661
v 0.13289509 -0.29418633 -0.09482843
v 0.13164475 -0.29185416 -0.06303277
v 0.14121107 -0.29216470 -0.10383459
v 0.14440129 -0.29061345 -0.10645585
v 0.13764542 -0.29424659 -0.09628956
v 0.14479441 -0.29008986 -0.10670869
v 0.13898049 -0.29349703 -0.10049589
v 0.13900675 -0.29337722 -0.10087981
v 0.15027146 -0.28692859 -0.10811752
v 0.13940842 -0.29314718 -0.10130868
v -0.31891508 -0.00325660 -0.06310614
v -0.31568652 0.01048010 -0.06828462
v -0.31253359 0.01283227 -0.07029290
v -0.31253359 0.01503955 -0.06555969
v -0.31255704 0.01282178 -0.07028800
v -0.31263357 0.01501527 -0.06554835
v -0.31246039 0.01510590 -0.06559062
v -0.31243360 0.01298924 -0.07036610
v -0.31243360 0.01519653 -0.06563288
v -0.31244880 0.01291988 -0.07033375
v -0.31351969 0.01107761 -0.07131667
v -0.31440033 0.00915064 -0.06947221
v -0.31246039 0.00909217 -0.06854874
v -0.31244880 0.00907091 -0.06853882
v -0.31244880 0.00887395 -0.06934360
v -0.31253359 0.00915851 -0.06857967
v -0.31249216 0.00912971 -0.06856624
v -0.31249216 0.00893877 -0.06934644
v -0.31255704 0.01235682 -0.07092210
v -0.31245069 0.01236537 -0.07109264
v -0.31255704 0.00916900 -0.06858456
v -0.31244306 0.00910819 -0.07051214
v -0.31244848 0.01173053 -0.07141052
v -0.31243360 0.01089937 -0.07163419
v -0.31243360 0.01006558 -0.07143014
v -0.31243360 0.00879748 -0.06934027
v -0.31243360 0.00900154 -0.06850648
v -0.31540318 -0.02172807 -0.08322270
v -0.31766063 -0.02719006 -0.07885602
v -0.31263357 -0.02440230 -0.08382390
v -0.31263357 -0.02271173 -0.08019871
v -0.31248129 -0.02224929 -0.08043358
v -0.31533358 -0.02913551 -0.08161662
v -0.31255335 -0.02914261 -0.08163184
v -0.31253359 -0.02441362 -0.08384819
v -0.31252544 -0.02920899 -0.08162546
v -0.31248662 -0.02916272 -0.08167495
v -0.31246039 -0.02444457 -0.08391453
v -0.31243360 -0.02922004 -0.08179788
v -0.31243360 -0.02448683 -0.08400516
v -0.31244454 -0.02919245 -0.08173870
v -0.31250136 -0.02930100 -0.08164377
v -0.31245030 -0.02750181 -0.07778983
v -0.31253359 -0.02270041 -0.08017443
v -0.31249661 -0.02127426 -0.08227717
v -0.31249025 -0.02339996 -0.08410255
v -0.31243360 -0.02257789 -0.08398141
v -0.31243360 -0.02304083 -0.08414990
v -0.31263357 -0.02744494 -0.07799143
v -0.31253377 -0.02743367 -0.07796724
v -0.31246048 -0.02740276 -0.07790097
v -0.31533297 -0.02917143 -0.08160394
v -0.31533358 -0.02745692 -0.07798535
v -0.31263357 -0.02750925 -0.07794377
v -0.31533447 -0.02747257 -0.07797576
v -0.31535542 -0.02752588 -0.07792252
v -0.31263357 -0.02755034 -0.07787286
v -0.31538892 -0.02755124 -0.07787006
v -0.31541806 -0.02755918 -0.07783239
v -0.31263357 -0.02755954 -0.07779141
v -0.31546304 -0.02755832 -0.07778131
v -0.31263357 -0.02753529 -0.07771311
v -0.31553358 -0.02753529 -0.07771311
v -0.31248662 -0.02747901 -0.07774435
v -0.31253438 -0.02753521 -0.07777368
v -0.31255704 -0.02752197 -0.07772050
v -0.31263357 0.00384640 -0.06173490
v -0.31255704 0.00113955 -0.06153562
v -0.31255704 -0.00232166 -0.06160144
v -0.31586584 -0.01689059 -0.06577625
v -0.31255704 -0.00911813 -0.06286649
v -0.31255704 -0.01237122 -0.06405041
v -0.31255704 -0.01547467 -0.06558434
v -0.31877530 -0.02211850 -0.06980908
v -0.31255704 -0.02108481 -0.06962396
v -0.31255704 -0.02352368 -0.07208082
v -0.31263357 -0.02610752 -0.07538474
v -0.31244880 -0.02558979 -0.07485319
v -0.31243360 0.00793241 -0.06272009
v -0.31243360 0.01120882 -0.06377326
v -0.31244880 0.00795179 -0.06264605
v -0.31244880 0.01123621 -0.06370179
v -0.31249216 0.00796822 -0.06258328
v -0.31249216 -0.02564272 -0.07481566
v -0.31255704 -0.02567809 -0.07479059
v -0.31244880 -0.02344280 -0.07215273
v -0.31249216 -0.02349129 -0.07210962
v -0.31243360 -0.02096103 -0.06976115
v -0.31244880 -0.02101230 -0.06970432
v -0.31249216 -0.02105577 -0.06965614
v -0.31255704 -0.01839094 -0.06744970
v -0.31249216 -0.01836562 -0.06748489
v -0.31244880 -0.01832770 -0.06753754
v -0.31243360 -0.01828297 -0.06759965
v -0.31243360 -0.01538381 -0.06574523
v -0.31244880 -0.01542144 -0.06567858
v -0.31249216 -0.01545334 -0.06562209
v -0.31243360 -0.01229857 -0.06422032
v -0.31244880 -0.01232866 -0.06414994
v -0.31249216 -0.01235417 -0.06409028
v -0.31243360 -0.00906457 -0.06304333
v -0.31244880 -0.00908676 -0.06297008
v -0.31249216 -0.00910556 -0.06290798
v -0.31255704 -0.00575472 -0.06204685
v -0.31249216 -0.00574678 -0.06208948
v -0.31244880 -0.00573491 -0.06215327
v -0.31243360 -0.00572091 -0.06222850
v -0.31243360 -0.00230799 -0.06178571
v -0.31244880 -0.00231365 -0.06170938
v -0.31249216 -0.00231845 -0.06164467
v -0.31243360 0.00113290 -0.06172027
v -0.31244880 0.00113565 -0.06164378
v -0.31249216 0.00113799 -0.06157894
v -0.31263357 0.00458927 -0.06183512
v -0.31255704 0.00458706 -0.06185018
v -0.31249216 0.00458076 -0.06189307
v -0.31244880 0.00457131 -0.06195727
v -0.31243360 0.00456018 -0.06203299
v -0.31255704 0.00797920 -0.06254133
v -0.31263357 0.00798305 -0.06252661
v -0.31249234 0.01125950 -0.06364104
v -0.31255722 0.01127498 -0.06360066
v -0.31263357 0.00869007 -0.06272049
v -0.31263357 0.01128040 -0.06358651
v -0.31248662 0.01133175 -0.06383058
v -0.31253359 0.01136580 -0.06384646
v -0.31255335 0.01137486 -0.06385069
v -0.31257651 0.01139601 -0.06382372
v -0.31244454 0.01126800 -0.06380086
v -0.31246039 0.01129945 -0.06381552
v -0.31252217 0.01138186 -0.06370584
v -0.31263357 0.01139387 -0.06369738
v -0.31263357 0.01140877 -0.06377798
v -0.31533358 0.01139008 -0.06385779
v -0.31548142 0.01132687 -0.06361181
v -0.31538883 0.01139356 -0.06369663
v -0.31534547 0.01140876 -0.06377819
v -0.31533297 0.01140276 -0.06382189
v -0.31539339 0.01514275 -0.06544025
v -0.31539217 0.01329516 -0.06450474
v -0.31534594 0.01326465 -0.06457017
v -0.31546304 0.01522538 -0.06543498
v -0.31546575 0.01522825 -0.06543542
v -0.31546438 0.01331470 -0.06446286
v -0.31541806 0.01517431 -0.06543412
v -0.31533358 0.01502135 -0.06553638
v -0.31533447 0.01503093 -0.06552073
v -0.31535542 0.01508418 -0.06546742
v -0.31263357 0.01506292 -0.06548405
v -0.31263357 0.01513385 -0.06544296
v -0.31263357 0.01521529 -0.06543376
v -0.31263357 0.01529359 -0.06545801
v -0.31248662 0.01526235 -0.06551429
v -0.31253438 0.01523300 -0.06545808
v -0.31249640 0.01515513 -0.06547663
v -0.31255704 0.01528620 -0.06547133
v -0.31263357 0.03127180 -0.09683970
v -0.31255704 0.03147108 -0.09413285
v -0.31255704 0.03140527 -0.09067164
v -0.31255704 0.03014021 -0.08387517
v -0.31255704 0.02895628 -0.08062208
v -0.31255704 0.02742236 -0.07751864
v -0.31255704 0.02338274 -0.07190849
v -0.31255704 0.02092588 -0.06946962
v -0.31263357 0.01762196 -0.06688578
v -0.31243137 0.01526681 -0.06560568
v -0.31244880 0.01815351 -0.06740351
v -0.31243360 0.03028661 -0.10092571
v -0.31243360 0.02923344 -0.10420212
v -0.31244880 0.03036065 -0.10094509
v -0.31244880 0.02930491 -0.10422952
v -0.31249216 0.03042342 -0.10096153
v -0.31249216 0.01819104 -0.06735057
v -0.31255704 0.01821611 -0.06731521
v -0.31243360 0.02080311 -0.06960770
v -0.31244880 0.02085396 -0.06955051
v -0.31249216 0.02089707 -0.06950201
v -0.31243360 0.02324555 -0.07203227
v -0.31244880 0.02330238 -0.07198100
v -0.31249216 0.02335055 -0.07193754
v -0.31255704 0.02555700 -0.07460236
v -0.31249216 0.02552182 -0.07462769
v -0.31244880 0.02546916 -0.07466561
v -0.31243360 0.02540705 -0.07471032
v -0.31243360 0.02726147 -0.07760949
v -0.31244880 0.02732811 -0.07757186
v -0.31249216 0.02738461 -0.07753996
v -0.31243360 0.02878639 -0.08069473
v -0.31244880 0.02885676 -0.08066464
v -0.31249216 0.02891642 -0.08063913
v -0.31243360 0.02996337 -0.08392873
v -0.31244880 0.03003662 -0.08390655
v -0.31249216 0.03009872 -0.08388774
v -0.31255704 0.03095984 -0.08723858
v -0.31249216 0.03091722 -0.08724651
v -0.31244880 0.03085343 -0.08725839
v -0.31243360 0.03077819 -0.08727240
v -0.31243360 0.03122099 -0.09068531
v -0.31244880 0.03129732 -0.09067965
v -0.31249216 0.03136203 -0.09067485
v -0.31243360 0.03128643 -0.09412620
v -0.31244880 0.03136292 -0.09412896
v -0.31249216 0.03142776 -0.09413129
v -0.31263357 0.03117158 -0.09758258
v -0.31255704 0.03115652 -0.09758037
v -0.31249216 0.03111363 -0.09757406
v -0.31244880 0.03104943 -0.09756462
v -0.31243360 0.03097371 -0.09755348
v -0.31255704 0.03046537 -0.10097250
v -0.31263357 0.03048009 -0.10097636
v -0.31249234 0.02936566 -0.10425280
v -0.31255722 0.02940604 -0.10426828
v -0.31263357 0.03028622 -0.10168337
v -0.31263357 0.02942019 -0.10427371
v -0.31271067 0.02588553 -0.10731915
v -0.31263357 0.02441570 -0.10217610
v -0.31533358 0.02914891 -0.10438339
v -0.31548142 0.02939489 -0.10432017
v -0.31263357 0.02930932 -0.10438717
v -0.31538883 0.02931007 -0.10438686
v -0.31263357 0.02922872 -0.10440207
v -0.31534547 0.02922851 -0.10440207
v -0.31533297 0.02918483 -0.10439606
v -0.31248662 0.02917611 -0.10432506
v -0.31252544 0.02922241 -0.10437454
v -0.31255335 0.02915601 -0.10436817
v -0.31244454 0.02920585 -0.10426130
v -0.31250136 0.02931438 -0.10435623
v -0.31259110 0.02920206 -0.10439720
v -0.31253359 0.02442702 -0.10215181
v -0.31246039 0.02445796 -0.10208546
v -0.31243360 0.02450023 -0.10199483
v -0.31243360 0.02264060 -0.10598254
v -0.31245654 0.02216461 -0.10557045
v -0.31243360 0.02160031 -0.10496782
v -0.31243360 0.02143183 -0.10450488
v -0.31322248 0.02298148 -0.10218304
v -0.31246039 0.02741608 -0.10809920
v -0.31243360 0.02737382 -0.10818983
v -0.31244454 0.02743091 -0.10822152
v -0.31248662 0.02749241 -0.10825565
v -0.31253758 0.02755870 -0.10811884
v -0.31263357 0.02756374 -0.10812715
v -0.31263357 0.02757293 -0.10820860
v -0.31535542 0.02753928 -0.10807748
v -0.31539339 0.02756645 -0.10813605
v -0.31541806 0.02757258 -0.10816761
v -0.31546471 0.02757157 -0.10822050
v -0.31539217 0.02850196 -0.10628846
v -0.31534594 0.02843652 -0.10625795
v -0.31546438 0.02854384 -0.10630800
v -0.31533358 0.02463462 -0.10474277
v -0.31459443 0.02474679 -0.10896891
v -0.31370889 0.02153741 -0.10400529
v -0.31568652 -0.01266870 -0.11740777
v -0.31452793 -0.01361078 -0.08375533
v -0.31406062 0.02797918 -0.09926989
v -0.31846813 -0.00242518 -0.12648901
v -0.31533641 0.01145104 -0.06876199
v -0.31595895 -0.02573169 -0.08215553
v -0.31966558 0.00746952 -0.06278136
v -0.31774623 0.02663707 -0.10635871
v -0.31693555 -0.02723748 -0.10705941
v -0.31539217 -0.02848856 -0.07971153
v -0.31534594 -0.02842313 -0.07974205
v -0.31546438 -0.02853044 -0.07969201
v -0.31887992 -0.03116911 -0.08880408
v -0.31534547 -0.02921511 -0.08159794
v -0.31548142 -0.02938149 -0.08167983
v -0.31538883 -0.02929667 -0.08161314
v -0.31263357 -0.02940679 -0.08172630
v -0.31263357 -0.02929592 -0.08161283
v -0.31263357 -0.02921532 -0.08159793
v -0.31255722 -0.02939264 -0.08173172
v -0.31249216 -0.02935210 -0.08174726
v -0.31244880 -0.02929151 -0.08177048
v -0.31259112 -0.02918868 -0.08160280
v -0.31263357 -0.03125840 -0.08916030
v -0.31255704 -0.03145769 -0.09186716
v -0.31255704 -0.03139187 -0.09532836
v -0.31255704 -0.03012682 -0.10212482
v -0.31255704 -0.02894288 -0.10537791
v -0.31255704 -0.02740896 -0.10848136
v -0.31255704 -0.02336934 -0.11409151
v -0.31255704 -0.02091248 -0.11653039
v -0.31263357 -0.01760856 -0.11911422
v -0.31263357 -0.01528019 -0.12054199
v -0.31255704 -0.01527280 -0.12052868
v -0.31243360 -0.01518313 -0.12036712
v -0.31243360 -0.03027321 -0.08507428
v -0.31244880 -0.03034726 -0.08505490
v -0.31249216 -0.03041003 -0.08503848
v -0.31249216 -0.01817764 -0.11864942
v -0.31255704 -0.01820271 -0.11868479
v -0.31246604 -0.01518617 -0.12051718
v -0.31241235 -0.01534466 -0.12035763
v -0.31244880 -0.02084056 -0.11644949
v -0.31249216 -0.02088367 -0.11649798
v -0.31243360 -0.02323215 -0.11396773
v -0.31244880 -0.02328898 -0.11401900
v -0.31249216 -0.02333716 -0.11406247
v -0.31255704 -0.02554360 -0.11139765
v -0.31249216 -0.02550841 -0.11137231
v -0.31244880 -0.02545577 -0.11133440
v -0.31243360 -0.02539365 -0.11128967
v -0.31243360 -0.02724807 -0.10839050
v -0.31244880 -0.02731472 -0.10842814
v -0.31249216 -0.02737122 -0.10846005
v -0.31243360 -0.02877299 -0.10530527
v -0.31244880 -0.02884336 -0.10533536
v -0.31249216 -0.02890302 -0.10536087
v -0.31243360 -0.02994997 -0.10207127
v -0.31244880 -0.03002322 -0.10209345
v -0.31249216 -0.03008533 -0.10211226
v -0.31255704 -0.03094645 -0.09876142
v -0.31249216 -0.03090382 -0.09875348
v -0.31244880 -0.03084003 -0.09874161
v -0.31243360 -0.03076479 -0.09872761
v -0.31243360 -0.03120760 -0.09531470
v -0.31244880 -0.03128392 -0.09532035
v -0.31249216 -0.03134863 -0.09532515
v -0.31243360 -0.03127303 -0.09187379
v -0.31244880 -0.03134952 -0.09187105
v -0.31249216 -0.03141436 -0.09186871
v -0.31263357 -0.03115818 -0.08841742
v -0.31255704 -0.03114312 -0.08841964
v -0.31249216 -0.03110023 -0.08842595
v -0.31244880 -0.03103604 -0.08843538
v -0.31243360 -0.03096031 -0.08844651
v -0.31255704 -0.03045197 -0.08502750
v -0.31263357 -0.03046669 -0.08502364
v -0.31263357 -0.03027282 -0.08431663
v -0.31253377 -0.01502606 -0.12044037
v -0.31246048 -0.01509233 -0.12040946
v -0.31263357 -0.01500187 -0.12045164
v -0.31263357 -0.01504953 -0.12051595
v -0.31263357 -0.01512045 -0.12055704
v -0.31263357 -0.01520189 -0.12056623
v -0.31533358 -0.01137668 -0.12214222
v -0.31257649 -0.01138260 -0.12217624
v -0.31263357 -0.01279458 -0.11571843
v -0.31603079 -0.01037592 -0.11671656
v -0.31254761 -0.01208214 -0.11479546
v -0.31246039 -0.00907877 -0.11745127
v -0.31244880 -0.00905750 -0.11746118
v -0.31244880 -0.00886055 -0.11665639
v -0.31253359 -0.00914512 -0.11742032
v -0.31249216 -0.00911631 -0.11743376
v -0.31249216 -0.00892538 -0.11665356
v -0.31253359 -0.01281887 -0.11570711
v -0.31255704 -0.00915560 -0.11741543
v -0.31246608 -0.01252837 -0.11514335
v -0.31243360 -0.01297585 -0.11563390
v -0.31244880 -0.01290648 -0.11566625
v -0.31319236 -0.00932168 -0.11570406
v -0.31243360 -0.01246825 -0.11494166
v -0.31243360 -0.01173439 -0.11449637
v -0.31243360 -0.01088597 -0.11436581
v -0.31243360 -0.01005218 -0.11456987
v -0.31243360 -0.00935994 -0.11507746
v -0.31243360 -0.00891465 -0.11581133
v -0.31243360 -0.00878409 -0.11665973
v -0.31243360 -0.00898814 -0.11749353
v -0.31533358 -0.01500795 -0.12046362
v -0.31533297 -0.01138936 -0.12217810
v -0.31533447 -0.01501753 -0.12047927
v -0.31535542 -0.01507078 -0.12053257
v -0.31538892 -0.01512325 -0.12055794
v -0.31541806 -0.01516092 -0.12056588
v -0.31546304 -0.01521198 -0.12056503
v -0.31849272 -0.02139878 -0.11737371
v -0.31539217 -0.01328177 -0.12149525
v -0.31534594 -0.01325125 -0.12142982
v -0.31546438 -0.01330130 -0.12153714
v -0.31534547 -0.01139536 -0.12222181
v -0.31548142 -0.01131347 -0.12238819
v -0.31538883 -0.01138016 -0.12230337
v -0.31263357 -0.01126700 -0.12241349
v -0.31263357 -0.01138047 -0.12230262
v -0.31263357 -0.01139537 -0.12222201
v -0.31255722 -0.01126158 -0.12239935
v -0.31249234 -0.01124610 -0.12235896
v -0.31244880 -0.01122282 -0.12229821
v -0.31243360 -0.01119542 -0.12222674
v -0.31248662 -0.01131835 -0.12216942
v -0.31253359 -0.01135240 -0.12215354
v -0.31255335 -0.01136146 -0.12214931
v -0.31244454 -0.01125460 -0.12219915
v -0.31246039 -0.01128606 -0.12218448
v -0.31252217 -0.01136845 -0.12229416
v -0.31243360 0.01539720 -0.12025477
v -0.31243360 0.01829638 -0.11840035
v -0.31243360 0.02554075 -0.11110254
v -0.31243360 -0.00791901 -0.12327991
v -0.31243360 0.02339899 -0.11379641
v -0.31243360 0.00232139 -0.12421429
v -0.31243360 0.00573430 -0.12377149
v -0.31243360 0.00907797 -0.12295666
v -0.31243360 0.01231197 -0.12177969
v -0.31243360 0.02097443 -0.11623885
v -0.31243360 -0.00454678 -0.12396701
v -0.31243360 -0.00111950 -0.12427973
v -0.31263357 -0.00383300 -0.12426510
v -0.31255704 -0.00112615 -0.12446439
v -0.31255704 0.00233506 -0.12439857
v -0.31255704 0.00913152 -0.12313351
v -0.31255704 0.01238461 -0.12194958
v -0.31255704 0.01548806 -0.12041567
v -0.31255704 0.02109821 -0.11637604
v -0.31255704 0.02353708 -0.11391918
v -0.31244880 0.02560319 -0.11114681
v -0.31244880 -0.00793840 -0.12335395
v -0.31249216 -0.00795482 -0.12341672
v -0.31255704 0.02569149 -0.11120941
v -0.31262418 0.02747959 -0.10846646
v -0.31249216 0.02565612 -0.11118434
v -0.31244880 0.02345619 -0.11384726
v -0.31249216 0.02350468 -0.11389038
v -0.31244880 0.02102570 -0.11629568
v -0.31249216 0.02106917 -0.11634385
v -0.31891717 0.02458321 -0.11422209
v -0.31255704 0.01840435 -0.11855030
v -0.31249216 0.01837901 -0.11851512
v -0.31244880 0.01834110 -0.11846246
v -0.31244880 0.01543484 -0.12032141
v -0.31249216 0.01546674 -0.12037791
v -0.31244880 0.01234206 -0.12185007
v -0.31249216 0.01236757 -0.12190972
v -0.31249216 0.00911896 -0.12309202
v -0.31244880 0.00910015 -0.12302992
v -0.31255704 0.00576811 -0.12395314
v -0.31249216 0.00576018 -0.12391052
v -0.31244880 0.00574831 -0.12384673
v -0.31244880 0.00232705 -0.12429062
v -0.31249216 0.00233185 -0.12435533
v -0.31244880 -0.00112226 -0.12435622
v -0.31249216 -0.00112459 -0.12442107
v -0.31263357 -0.00457588 -0.12416489
v -0.31255704 -0.00457366 -0.12414982
v -0.31249216 -0.00456735 -0.12410693
v -0.31244880 -0.00455792 -0.12404273
v -0.31255704 -0.00796581 -0.12345866
v -0.31263357 -0.00796966 -0.12347340
v -0.31263357 -0.00867667 -0.12327951
v -0.31954133 0.02045775 -0.06863919
v -0.31962224 0.03013175 -0.08348877
v -0.31917197 0.03239231 -0.09475752
v -0.31643138 -0.01371077 -0.06711739
v -0.31819133 -0.01134916 -0.06678930
v -0.31693575 -0.00947909 -0.06588828
v -0.31693918 -0.00922853 -0.06659545
v -0.31692791 -0.00946455 -0.06589659
v -0.31691664 -0.00921170 -0.06656286
v -0.31692791 -0.00922008 -0.06657919
v -0.31691455 -0.00944683 -0.06590260
v -0.31675053 -0.00944771 -0.06590387
v -0.31673929 -0.00946455 -0.06589659
v -0.31672800 -0.00948141 -0.06588939
v -0.31673138 -0.00922607 -0.06659490
v -0.31673929 -0.00922008 -0.06657919
v -0.31675168 -0.00921064 -0.06656439
v -0.31763420 -0.01006997 -0.06531120
v -0.31608404 -0.01162747 -0.06622698
v -0.31792165 -0.00590314 -0.06527679
v -0.31691455 -0.00473963 -0.06421670
v -0.31692791 -0.00475735 -0.06421068
v -0.31693575 -0.00477188 -0.06420237
v -0.31675053 -0.00474052 -0.06421797
v -0.31673929 -0.00475735 -0.06421068
v -0.31672800 -0.00477420 -0.06420349
v -0.31673138 -0.00451886 -0.06490899
v -0.31673929 -0.00451288 -0.06489328
v -0.31675168 -0.00450344 -0.06487849
v -0.31691664 -0.00450450 -0.06487695
v -0.31692791 -0.00451288 -0.06489328
v -0.31693918 -0.00452133 -0.06490953
v -0.31614796 -0.00511248 -0.06379075
v -0.31573392 -0.00638404 -0.06481358
v -0.31611682 -0.00965878 -0.06591271
v -0.31650395 -0.00924186 -0.06658504
v -0.31525203 -0.01080187 -0.06693047
v -0.31649224 -0.01268360 -0.06177464
v -0.32243359 -0.01372005 -0.12743074
v -0.32112955 -0.01451189 -0.12978679
v -0.32243359 -0.01348754 -0.12803458
v -0.32243359 -0.01298426 -0.12844124
v -0.32243359 -0.01267949 -0.12892634
v -0.32243359 -0.01234508 -0.12854180
v -0.32243359 -0.01174125 -0.12830928
v -0.32243359 -0.01118114 -0.12830764
v -0.32243359 -0.01133457 -0.12780601
v -0.32243359 -0.01123403 -0.12716682
v -0.32243359 -0.01146654 -0.12656300
v -0.32243359 -0.01196982 -0.12615632
v -0.32018070 -0.01358745 -0.12233185
v -0.32243359 -0.01260900 -0.12605576
v -0.32243359 -0.01321283 -0.12628828
v -0.32243359 -0.01361950 -0.12679155
v -0.32243359 -0.03056620 -0.11194791
v -0.32243359 -0.03000047 -0.11156057
v -0.32243359 -0.03035619 -0.11133589
v -0.32243359 -0.03048031 -0.11070085
v -0.32243359 -0.03040292 -0.11013169
v -0.32243359 -0.03090532 -0.11021297
v -0.32243359 -0.03151734 -0.11000296
v -0.32243359 -0.03215237 -0.11012708
v -0.32243359 -0.03264026 -0.11055209
v -0.32243359 -0.03316746 -0.11074439
v -0.32243359 -0.03285027 -0.11116412
v -0.32243359 -0.03272615 -0.11179914
v -0.32243359 -0.03286248 -0.11229365
v -0.32243359 -0.03230114 -0.11228703
v -0.32243359 -0.03168912 -0.11249705
v -0.32243359 -0.03105409 -0.11237292
v -0.32243359 -0.03628459 -0.08546063
v -0.32243359 -0.03696660 -0.08539181
v -0.32243359 -0.03683887 -0.08579446
v -0.32243359 -0.03715197 -0.08636071
v -0.32243359 -0.03714000 -0.08700764
v -0.32243359 -0.03687100 -0.08749459
v -0.32243359 -0.03641737 -0.08781660
v -0.32243359 -0.03621650 -0.08823659
v -0.32243359 -0.03586894 -0.08790988
v -0.32243359 -0.03533436 -0.08775599
v -0.32143358 -0.03446455 -0.08781208
v -0.32243359 -0.03491948 -0.08738538
v -0.32243359 -0.03470649 -0.08687147
v -0.32216888 -0.03455318 -0.08533053
v -0.32243359 -0.03473757 -0.08631604
v -0.32243359 -0.03507140 -0.08576176
v -0.32243359 -0.03563765 -0.08544866
v -0.32243359 -0.02468002 -0.06606720
v -0.32243359 -0.02456393 -0.06561635
v -0.32243359 -0.02470445 -0.06507808
v -0.32243359 -0.02459751 -0.06453215
v -0.32243359 -0.02419084 -0.06402887
v -0.32243359 -0.02358701 -0.06379636
v -0.32243359 -0.02294783 -0.06389691
v -0.32243359 -0.02244514 -0.06374197
v -0.32243359 -0.02244455 -0.06430359
v -0.32243359 -0.02221204 -0.06490742
v -0.32175177 -0.02181264 -0.06518244
v -0.32243359 -0.02231259 -0.06554660
v -0.32243359 -0.02264580 -0.06599207
v -0.32243359 -0.02313930 -0.06624884
v -0.32243359 -0.02369533 -0.06626607
v -0.32243359 -0.02420378 -0.06604033
v -0.32243359 0.00112962 -0.05595085
v -0.32243359 0.00125375 -0.05658589
v -0.32243359 0.00104373 -0.05719791
v -0.32243359 0.00154754 -0.05737571
v -0.32243359 0.00055584 -0.05762291
v -0.32243359 0.00001424 -0.05774997
v -0.32243359 -0.00052885 -0.05762946
v -0.32168339 -0.00028627 -0.05884969
v -0.32243359 -0.00096587 -0.05728524
v -0.32243359 -0.00159235 -0.05649997
v -0.32243359 0.00070460 -0.05546298
v -0.32243359 0.00009259 -0.05525295
v -0.32243359 -0.00076486 -0.05496778
v -0.32243359 -0.00054244 -0.05537708
v -0.32243359 -0.00097527 -0.05572655
v -0.32243359 -0.00121361 -0.05622920
v -0.32243359 -0.00121026 -0.05678550
v -0.32193359 0.02450983 -0.06653172
v -0.32243359 0.02422920 -0.06603122
v -0.32243359 0.02372352 -0.06626307
v -0.32243359 0.02316731 -0.06625256
v -0.32243359 0.02260106 -0.06593946
v -0.32140636 0.02239252 -0.06702806
v -0.32243359 0.02226723 -0.06538518
v -0.32243359 0.02225526 -0.06473825
v -0.32243359 0.02201215 -0.06417856
v -0.32243359 0.02256836 -0.06417200
v -0.32243359 0.02312264 -0.06383816
v -0.32243359 0.02376958 -0.06382620
v -0.32243359 0.02426614 -0.06407699
v -0.32243359 0.02460471 -0.06451841
v -0.32151954 0.02557640 -0.06369395
v -0.32243359 0.02471822 -0.06506300
v -0.32243359 0.02458421 -0.06560292
v -0.32180859 0.03484437 -0.08534228
v -0.32243359 0.03600696 -0.08541305
v -0.32243359 0.03654336 -0.08556048
v -0.32168359 0.03654195 -0.08504300
v -0.32243359 0.03696268 -0.08592605
v -0.32243359 0.03719520 -0.08652988
v -0.32243359 0.03709465 -0.08716907
v -0.32243359 0.03668797 -0.08767235
v -0.32243359 0.03651479 -0.08825923
v -0.32243359 0.03608415 -0.08790486
v -0.32243359 0.03544496 -0.08780430
v -0.32243359 0.03482093 -0.08784060
v -0.32243359 0.03494168 -0.08739763
v -0.32243359 0.03472251 -0.08688633
v -0.32118358 0.03405676 -0.08774779
v -0.32243359 0.03474688 -0.08633056
v -0.32243359 0.03500998 -0.08584040
v -0.32243359 0.03545970 -0.08551294
v -0.32243359 0.03142287 -0.11001510
v -0.32243359 0.03197785 -0.11005333
v -0.32243359 0.03241619 -0.10986520
v -0.32243359 0.03246130 -0.11032858
v -0.32243359 0.03277744 -0.11078631
v -0.32112013 0.03596945 -0.10994695
v -0.32243359 0.03286367 -0.11133589
v -0.32243359 0.03265366 -0.11194791
v -0.32243359 0.03216577 -0.11237291
v -0.32243359 0.03153073 -0.11249705
v -0.32243359 0.03111134 -0.11281457
v -0.32243359 0.03091872 -0.11228703
v -0.32243359 0.03049371 -0.11179914
v -0.32017309 0.02934454 -0.11216618
v -0.32243359 0.03036958 -0.11116412
v -0.32243359 0.03053034 -0.11063154
v -0.32243359 0.03090626 -0.11022147
v -0.32160732 0.02982958 -0.10977866
v -0.32243359 0.01127725 -0.12699765
v -0.32243359 0.01084744 -0.12735959
v -0.32243359 0.01128922 -0.12764458
v -0.32243359 0.01162305 -0.12819886
v -0.32243359 0.01172088 -0.12875144
v -0.32243359 0.01218930 -0.12851197
v -0.32243359 0.01283624 -0.12850000
v -0.32243359 0.01339052 -0.12816615
v -0.32243359 0.01370362 -0.12759991
v -0.32243359 0.01413163 -0.12723864
v -0.32243359 0.01369165 -0.12695298
v -0.32243359 0.01335781 -0.12639870
v -0.32243359 0.01325820 -0.12584677
v -0.32243359 0.01279157 -0.12608559
v -0.32243359 0.01214463 -0.12609756
v -0.32128204 0.01149022 -0.12548235
v -0.32243359 0.01159035 -0.12643141
v -0.35043359 0.00195974 -0.11139662
v -0.35043359 -0.00249961 -0.11132944
v -0.35007602 -0.00134739 -0.11162017
v -0.35043359 -0.00681330 -0.11019702
v -0.35035750 -0.00689112 -0.11016860
v -0.35043359 -0.01073064 -0.10806517
v -0.35043359 -0.01402397 -0.10505779
v -0.35043359 -0.01650188 -0.10134966
v -0.35015241 -0.01605345 -0.10250885
v -0.35043359 -0.01802038 -0.09715627
v -0.35043359 -0.01849120 -0.09272134
v -0.35015241 -0.01863284 -0.09395612
v -0.35043359 -0.01788699 -0.08830260
v -0.35043359 -0.01624288 -0.08415686
v -0.35015239 -0.01694212 -0.08518438
v -0.35043359 -0.01365439 -0.08052504
v -0.35013706 -0.01297436 -0.07977310
v -0.35043359 -0.01027197 -0.07761823
v -0.35043359 -0.00629219 -0.07560535
v -0.35034980 -0.00120441 -0.07456747
v -0.35043359 0.00251301 -0.07467056
v -0.35013085 0.00413616 -0.07482181
v -0.35043359 0.00682670 -0.07580297
v -0.35043359 0.01074404 -0.07793482
v -0.35043359 0.01403737 -0.08094221
v -0.35033267 0.01726224 -0.08626525
v -0.34991193 0.01863774 -0.09291148
v -0.35181593 0.01929171 -0.09597526
v -0.35043359 0.01625627 -0.10184315
v -0.35043359 0.01366779 -0.10547496
v -0.35043359 0.01028537 -0.10838177
v -0.35043359 0.00630559 -0.11039466
v -0.35011091 0.00703231 -0.11025192
v -0.35068022 0.00947877 -0.07409444
v -0.34943574 0.02527527 -0.09622294
v -0.32252401 -0.03718073 -0.09799082
v -0.32243359 -0.03738514 -0.09894062
v -0.34893488 -0.03629972 -0.09773591
v -0.34743360 -0.03587305 -0.09783960
v -0.34743360 -0.03578103 -0.09784648
v -0.34743360 -0.03522936 -0.09801652
v -0.34743360 -0.03508864 -0.09810234
v -0.34893357 -0.03472766 -0.09845268
v -0.34893358 -0.03741439 -0.09960754
v -0.32243359 -0.03741439 -0.09960754
v -0.34893358 -0.03715138 -0.10022110
v -0.32243359 -0.03715138 -0.10022110
v -0.34893358 -0.03460212 -0.09865747
v -0.32243359 -0.03460212 -0.09865747
v -0.32243359 -0.03508864 -0.09810234
v -0.32243359 -0.03578103 -0.09784648
v -0.32243359 -0.03651161 -0.09795184
v -0.34893358 -0.03658342 -0.10069258
v -0.32243359 -0.03658342 -0.10069258
v -0.34893358 -0.03585934 -0.10083605
v -0.32243359 -0.03585934 -0.10083605
v -0.34893358 -0.03515451 -0.10061680
v -0.32243359 -0.03515451 -0.10061680
v -0.34893358 -0.03463960 -0.10008790
v -0.32243359 -0.03463960 -0.10008790
v -0.34893358 -0.03443930 -0.09937744
v -0.32243359 -0.03443930 -0.09937744
v -0.34743360 0.01389138 -0.05816516
v -0.32243359 0.01389138 -0.05816516
v -0.32243359 0.01370304 -0.05781826
v -0.34893358 0.01370304 -0.05781826
v -0.34893243 0.01399607 -0.05867348
v -0.34743360 0.01398205 -0.05854286
v -0.34893328 0.01352537 -0.05987972
v -0.34743360 0.01386139 -0.05930989
v -0.34743360 0.01337338 -0.05991382
v -0.34743360 0.01313561 -0.06005538
v -0.34743360 0.01264879 -0.06019283
v -0.34893358 0.01309910 -0.05733026
v -0.32243359 0.01309910 -0.05733026
v -0.34893358 0.01233208 -0.05720960
v -0.32243359 0.01233208 -0.05720960
v -0.34893358 0.01241160 -0.06019915
v -0.32243359 0.01241160 -0.06019915
v -0.32243359 0.01313561 -0.06005538
v -0.32243359 0.01370339 -0.05958369
v -0.32243359 0.01397743 -0.05889829
v -0.34893358 0.01163979 -0.05746574
v -0.32243359 0.01163979 -0.05746574
v -0.34893358 0.01115350 -0.05802106
v -0.32243359 0.01115350 -0.05802106
v -0.34893358 0.01099096 -0.05874110
v -0.32243359 0.01099096 -0.05874110
v -0.34893358 0.01119155 -0.05945148
v -0.32243359 0.01119155 -0.05945148
v -0.34893358 0.01170667 -0.05998017
v -0.32243359 0.01170667 -0.05998017
v -0.34893358 -0.03090532 -0.11021297
v -0.34893358 -0.03048031 -0.11070085
v -0.34893358 -0.03035619 -0.11133589
v -0.34893358 -0.03056620 -0.11194791
v -0.34893358 -0.03105409 -0.11237292
v -0.34893358 -0.03168912 -0.11249705
v -0.34893358 -0.03230114 -0.11228703
v -0.34893358 -0.03272615 -0.11179914
v -0.34893358 -0.03285027 -0.11116412
v -0.34893358 -0.03264026 -0.11055209
v -0.34893358 -0.03215237 -0.11012708
v -0.34893358 -0.03151734 -0.11000296
v -0.34893358 -0.03473757 -0.08631604
v -0.34893358 -0.03470649 -0.08687147
v -0.34893358 -0.03491948 -0.08738538
v -0.34893358 -0.03533436 -0.08775599
v -0.34893358 -0.03586894 -0.08790988
v -0.34893358 -0.03641737 -0.08781660
v -0.34893358 -0.03687100 -0.08749459
v -0.34893358 -0.03714000 -0.08700764
v -0.34893358 -0.03715197 -0.08636071
v -0.34893358 -0.03683887 -0.08579446
v -0.34893358 -0.03628459 -0.08546063
v -0.34893358 -0.03563765 -0.08544866
v -0.34893358 -0.03507140 -0.08576176
v -0.34893358 -0.02231259 -0.06554660
v -0.34893358 -0.02264580 -0.06599207
v -0.34893358 -0.02313930 -0.06624884
v -0.34893358 -0.02369533 -0.06626607
v -0.34893358 -0.02420378 -0.06604033
v -0.34893358 -0.02456393 -0.06561635
v -0.34893358 -0.02470445 -0.06507808
v -0.34893358 -0.02459751 -0.06453215
v -0.34893358 -0.02419084 -0.06402887
v -0.34893358 -0.02358701 -0.06379636
v -0.34893358 -0.02294783 -0.06389691
v -0.34893358 -0.02244455 -0.06430359
v -0.34893358 -0.02221204 -0.06490742
v -0.34893358 0.00055584 -0.05762291
v -0.34893358 0.00001424 -0.05774997
v -0.34893358 -0.00052885 -0.05762946
v -0.34893358 -0.00096587 -0.05728524
v -0.34893358 -0.00121026 -0.05678550
v -0.34893358 -0.00121361 -0.05622920
v -0.34893358 -0.00097527 -0.05572655
v -0.34893358 -0.00054244 -0.05537708
v -0.34893358 0.00009259 -0.05525295
v -0.34893358 0.00070460 -0.05546298
v -0.34893358 0.00112962 -0.05595085
v -0.34893358 0.00125375 -0.05658589
v -0.34893358 0.00104373 -0.05719791
v -0.34893358 0.02316731 -0.06625256
v -0.34893358 0.02260106 -0.06593946
v -0.34893358 0.02226723 -0.06538518
v -0.34893358 0.02225526 -0.06473825
v -0.34893358 0.02256836 -0.06417200
v -0.34893358 0.02312264 -0.06383816
v -0.34893358 0.02376958 -0.06382620
v -0.34893358 0.02426614 -0.06407699
v -0.34893358 0.02460471 -0.06451841
v -0.34893358 0.02471822 -0.06506300
v -0.34893358 0.02458421 -0.06560292
v -0.34893358 0.02422920 -0.06603122
v -0.34893358 0.02372352 -0.06626307
v -0.34893358 0.03494168 -0.08739763
v -0.34893358 0.03472251 -0.08688633
v -0.34893358 0.03474688 -0.08633056
v -0.34893358 0.03500998 -0.08584040
v -0.34893358 0.03545970 -0.08551294
v -0.34893358 0.03600696 -0.08541305
v -0.34893358 0.03654336 -0.08556048
v -0.34893358 0.03696268 -0.08592605
v -0.34893358 0.03719520 -0.08652988
v -0.34893358 0.03709465 -0.08716907
v -0.34893358 0.03668797 -0.08767235
v -0.34893358 0.03608415 -0.08790486
v -0.34893358 0.03544496 -0.08780430
v -0.34893358 0.03036958 -0.11116412
v -0.34893358 0.03053034 -0.11063154
v -0.34893358 0.03090626 -0.11022147
v -0.34893358 0.03142287 -0.11001510
v -0.34893358 0.03197785 -0.11005333
v -0.34893358 0.03246130 -0.11032858
v -0.34893358 0.03277744 -0.11078631
v -0.34893358 0.03286367 -0.11133589
v -0.34893358 0.03265366 -0.11194791
v -0.34893358 0.03216577 -0.11237291
v -0.34893358 0.03153073 -0.11249705
v -0.34893358 0.03091872 -0.11228703
v -0.34893358 0.03049371 -0.11179914
v -0.34893358 0.01159035 -0.12643141
v -0.34893358 0.01214463 -0.12609756
v -0.34893358 0.01279157 -0.12608559
v -0.34893358 0.01335781 -0.12639870
v -0.34893358 0.01369165 -0.12695298
v -0.34893358 0.01370362 -0.12759991
v -0.34893358 0.01339052 -0.12816615
v -0.34893358 0.01283624 -0.12850000
v -0.34893358 0.01218930 -0.12851197
v -0.34893358 0.01162305 -0.12819886
v -0.34893358 0.01128922 -0.12764458
v -0.34893358 0.01127725 -0.12699765
v -0.34893358 -0.01260900 -0.12605576
v -0.34893358 -0.01196982 -0.12615632
v -0.34893358 -0.01146654 -0.12656300
v -0.34893358 -0.01123403 -0.12716682
v -0.34893358 -0.01133457 -0.12780601
v -0.34893358 -0.01174125 -0.12830928
v -0.34893358 -0.01234508 -0.12854180
v -0.34893358 -0.01298426 -0.12844124
v -0.34893358 -0.01348754 -0.12803458
v -0.34893358 -0.01372005 -0.12743074
v -0.34893358 -0.01361950 -0.12679155
v -0.34893358 -0.01321283 -0.12628828
v -0.34893358 0.02867274 -0.09879056
v -0.34893358 0.02614680 -0.11357053
v -0.34893358 -0.00970992 -0.05916911
v -0.34883055 0.01311253 -0.05605443
v -0.34891491 0.02398898 -0.06234404
v -0.34893358 0.02531316 -0.06714516
v -0.34883068 0.02709326 -0.12157843
v -0.34893358 -0.02760675 -0.10476536
v -0.34893358 -0.03411753 -0.07463974
v -0.34893358 -0.03344217 -0.09021288
v -0.34885818 -0.03756663 -0.10401590
v -0.34893358 -0.03769365 -0.10195806
v -0.34893358 -0.03278999 -0.09635609
v -0.34898360 -0.03746726 -0.09908284
v -0.34882691 -0.03602969 -0.10842748
v -0.34893358 -0.02843887 -0.11931372
v -0.34887794 -0.02530076 -0.12286538
v -0.34887026 -0.02019520 -0.12663537
v -0.34888988 -0.01507475 -0.12912956
v -0.34884655 -0.00638657 -0.13179264
v -0.34893358 0.01576450 -0.12502407
v -0.34893358 0.02346815 -0.11946062
v -0.34893358 0.01494628 -0.11731686
v -0.34893358 0.02275272 -0.11964238
v -0.34893358 0.02483940 -0.12156929
v -0.34893358 0.02496372 -0.12084168
v -0.34893358 0.02472594 -0.12014288
v -0.34893358 0.02418364 -0.11964210
v -0.34893358 0.02443955 -0.12210385
v -0.34898038 0.02370174 -0.12259702
v -0.34893358 0.02384735 -0.12241198
v -0.34893575 0.02222604 -0.12202538
v -0.34893358 0.02221062 -0.12014338
v -0.34893357 0.02209604 -0.12035449
v -0.34882605 0.03790297 -0.10425541
v -0.34893358 0.03276950 -0.08939610
v -0.34893358 0.03211732 -0.08325288
v -0.34893358 0.02017532 -0.06769061
v -0.34893358 0.00916734 -0.06288231
v -0.34887042 -0.00099515 -0.05387154
v -0.34880620 -0.02306705 -0.06117259
v -0.34893358 -0.01199604 -0.06632718
v -0.34893358 -0.00295326 -0.12281327
v -0.34893358 -0.02103373 -0.06727310
v -0.34893358 0.00273043 -0.11755549
v -0.34893358 -0.01645496 -0.11894569
v -0.34890085 -0.03100752 -0.06903747
v -0.34893358 0.00324170 -0.06357631
v -0.32252392 0.02292344 -0.12270978
v -0.32243359 0.02384735 -0.12241198
v -0.34743360 0.02213779 -0.12165298
v -0.34743360 0.02209773 -0.12156984
v -0.34743360 0.02196917 -0.12100706
v -0.34743360 0.02197312 -0.12084229
v -0.32243359 0.02443955 -0.12210385
v -0.32243359 0.02483940 -0.12156929
v -0.32243359 0.02221062 -0.12014338
v -0.32243359 0.02197312 -0.12084229
v -0.32243359 0.02209773 -0.12156984
v -0.32243359 0.02255428 -0.12214987
v -0.32243359 0.02496372 -0.12084168
v -0.32243359 0.02472594 -0.12014288
v -0.32243359 0.02418364 -0.11964210
v -0.32243359 0.02346815 -0.11946062
v -0.32243359 0.02275272 -0.11964238
v -0.34885806 -0.03899210 -0.08956174
v -0.34886164 -0.03855518 -0.08646671
v -0.34886716 0.00513287 -0.05409335
v -0.34887115 -0.01355956 -0.05620311
v -0.34889316 -0.03503781 -0.07554743
v -0.34871231 -0.03719313 -0.08039485
v -0.34884682 -0.00608572 -0.05428445
v -0.34888656 0.02026348 -0.05941366
v -0.34867503 0.02548155 -0.06316711
v -0.34883969 0.03098165 -0.06877350
v -0.34886615 0.01799025 -0.12794177
v -0.34884426 0.03934706 -0.09208880
v -0.34885810 0.03585659 -0.07711814
v -0.34889228 0.03779495 -0.08298103
v -0.34890080 0.03276019 -0.11433959
v -0.34890047 0.00692185 -0.13170376
v -0.34882468 -0.03160842 -0.11638155
v -0.32136132 0.03344361 -0.11266921
v -0.32093322 -0.03446788 -0.11149014
v -0.32121218 -0.03121316 -0.11317083
v -0.34105132 -0.04142071 -0.09465244
v -0.35043368 0.01635495 -0.08494954
v -0.35043359 0.01735244 -0.09851046
v -0.35043359 0.01620888 -0.10129032
v -0.35043359 0.01462336 -0.10384404
v -0.35043359 0.01263913 -0.10610197
v -0.35043359 0.01031033 -0.10800251
v -0.35042906 0.00239659 -0.11112309
v -0.35043359 0.00109042 -0.07483230
v -0.35043359 0.00406594 -0.07525845
v -0.35043359 0.00693074 -0.07616855
v -0.35043359 0.00960667 -0.07753777
v -0.35043359 0.01202074 -0.07932875
v -0.35043359 0.01410709 -0.08149266
v -0.35043366 -0.00982317 -0.10835261
v -0.35043366 -0.00586349 -0.11025890
v -0.35043366 -0.01583197 -0.10202582
v -0.35043366 -0.01641880 -0.08509229
v -0.35043366 -0.01321168 -0.10555402
v -0.35043366 -0.01753176 -0.09797306
v -0.35043366 -0.01086244 -0.07836475
v -0.35043359 -0.00191467 -0.07490171
v -0.35043366 -0.01821225 -0.09363133
v -0.35043366 -0.01404905 -0.08139118
v -0.35043366 -0.01783393 -0.08925289
v -0.35034573 0.00195046 -0.11130925
v -0.35028359 0.00195550 -0.11135665
v -0.35028359 -0.00027136 -0.11145771
v -0.35040091 -0.00192437 -0.11129491
v -0.35038016 -0.00942292 -0.10886182
v -0.35021319 -0.01172026 -0.10733822
v -0.35037272 -0.01362288 -0.10538770
v -0.35035410 -0.01597707 -0.10221481
v -0.35035410 -0.01771787 -0.09812186
v -0.35035410 -0.01842857 -0.09373121
v -0.35035410 -0.01806787 -0.08929817
v -0.35035410 -0.01665675 -0.08508020
v -0.35035409 -0.01427721 -0.08132251
v -0.35034231 -0.01113989 -0.07828795
v -0.35040085 -0.00770799 -0.07623687
v -0.35041484 -0.00710531 -0.07608708
v -0.35005671 -0.00643653 -0.07536327
v -0.35039338 -0.00411587 -0.07511909
v -0.35042876 -0.00232405 -0.07487252
v -0.35024840 0.00495498 -0.11080226
v -0.35024840 0.01815677 -0.08953873
v -0.35024840 0.00703618 -0.07591223
v -0.35024840 0.01432183 -0.08131742
v -0.35005459 0.01158316 -0.07840830
v -0.35024840 0.00975287 -0.07730230
v -0.35018807 0.01565779 -0.08312264
v -0.35036928 0.01803039 -0.09705961
v -0.34971956 0.01582615 -0.10353157
v -0.35024840 0.01046724 -0.10823098
v -0.35024840 0.00781764 -0.10974500
v -0.35034573 0.00110305 -0.07462054
v -0.35034573 0.00411325 -0.07505166
v -0.35034573 0.00701145 -0.07597237
v -0.35034573 0.00971857 -0.07735755
v -0.35034573 0.01216077 -0.07916941
v -0.35034573 0.01427144 -0.08135854
v -0.35034573 0.01599301 -0.08386521
v -0.35034573 0.01727852 -0.08662106
v -0.35034573 0.01755462 -0.09857469
v -0.35034573 0.01639772 -0.10138696
v -0.35034573 0.01479372 -0.10397044
v -0.35034573 0.01278638 -0.10625468
v -0.35034573 0.01043043 -0.10817736
v -0.35034573 0.00779015 -0.10968606
v -0.35034573 0.00493756 -0.11073959
v -0.35041076 0.00109725 -0.07471769
v -0.35041076 0.00409154 -0.07514653
v -0.35041076 0.00697441 -0.07606238
v -0.35041076 0.00966722 -0.07744024
v -0.35041076 0.01209653 -0.07924252
v -0.35041076 0.01419604 -0.08142007
v -0.35041076 0.01590851 -0.08391350
v -0.35041076 0.01718722 -0.08665477
v -0.35041076 0.01746186 -0.09854522
v -0.35041076 0.01631108 -0.10134262
v -0.35041076 0.01471556 -0.10391245
v -0.35041076 0.01271882 -0.10618462
v -0.35041076 0.01037532 -0.10809714
v -0.35041076 0.00774900 -0.10959785
v -0.35042987 0.00533943 -0.11049058
v -0.35071925 0.01786050 -0.08828066
v -0.35037804 0.01761265 -0.09622912
v -0.35012935 0.00352334 -0.11108487
v -0.34900716 -0.00675628 -0.08396079
v -0.31860239 -0.02359060 -0.08286725
v -0.32025028 0.02262838 -0.06731693
v -0.32126692 0.02240080 -0.06347268
v -0.32123249 0.03828720 -0.08724632
v -0.32110904 0.01390193 -0.12974102
v -0.32088671 -0.01068767 -0.12615717
v -0.32119073 -0.03217824 -0.10959047
v -0.32131902 -0.03799621 -0.08740715
v -0.32089011 -0.00220765 -0.05520349
v -0.32122301 -0.02646262 -0.06325969
v -0.32060454 0.00460242 -0.05614331
v -0.32048678 -0.02256120 -0.06693766
v -0.31846178 -0.01102528 -0.12299858
v -0.31851853 0.02671062 -0.10336627
v -0.31817212 0.00607831 -0.09133766
v -0.34646340 -0.01469928 -0.08101885
v -0.34679994 0.00113269 -0.07355006
v -0.34648604 0.00069432 -0.11142262
v -0.34652879 0.01834354 -0.09045551
v -0.34653042 0.01091372 -0.10836295
v -0.34645594 -0.01810676 -0.08984710
v -0.34743360 0.00630559 -0.11039466
v -0.34743360 0.01366779 -0.10547496
v -0.34743360 0.01790040 -0.09769740
v -0.34743360 0.01651528 -0.08465035
v -0.34743360 -0.01802038 -0.09715627
v -0.34646014 -0.01721166 -0.10000084
v -0.34743360 -0.01402397 -0.10505779
v -0.34743360 -0.00681330 -0.11019702
v -0.34743360 -0.00249961 -0.11132944
v -0.32543358 -0.00957235 -0.05985426
v -0.34743360 -0.00942200 -0.06033351
v -0.34743360 -0.00969932 -0.05937272
v -0.32543358 -0.00891870 -0.05915717
v -0.34743360 -0.00883241 -0.05906704
v -0.34743360 -0.00403191 -0.05924071
v -0.32433657 -0.00866562 -0.05993859
v -0.34743360 0.00146384 -0.05903124
v -0.32543358 0.00146384 -0.05903124
v -0.34743360 0.01299397 -0.06157818
v -0.32543358 0.01299397 -0.06157818
v -0.34743360 0.01025543 -0.06058144
v -0.32543358 0.01025543 -0.06058144
v -0.32543358 0.02072516 -0.06604179
v -0.34743360 0.02072516 -0.06604179
v -0.32543358 0.02295763 -0.06791505
v -0.34743360 0.02295763 -0.06791505
v -0.32543358 0.03320637 -0.08566638
v -0.34743360 0.03320637 -0.08566638
v -0.32543358 0.03371243 -0.08853639
v -0.34743360 0.03371243 -0.08853639
v -0.32543358 0.03015308 -0.10872246
v -0.34743360 0.03015308 -0.10872246
v -0.32543358 0.02869594 -0.11124630
v -0.34743360 0.02869594 -0.11124630
v -0.34743360 0.02072516 -0.11995822
v -0.32543358 0.02072516 -0.11995822
v -0.34743360 0.02295763 -0.11808495
v -0.32543358 0.02295763 -0.11808495
v -0.32543358 -0.01024204 -0.12541856
v -0.34743360 -0.01024204 -0.12541856
v -0.32543358 -0.01298057 -0.12442183
v -0.34743360 -0.01298057 -0.12442183
v -0.32543358 -0.02868254 -0.11124630
v -0.34743360 -0.02868254 -0.11124630
v -0.32543358 -0.03013968 -0.10872246
v -0.34743360 -0.03013968 -0.10872246
v -0.34743360 -0.03369903 -0.09746361
v -0.32543358 -0.03369903 -0.09746361
v -0.34743360 -0.03319297 -0.10033362
v -0.32543358 -0.03319297 -0.10033362
v -0.32543358 -0.03369903 -0.08853640
v -0.34743360 -0.03369903 -0.08853640
v -0.32543358 -0.03319297 -0.08566638
v -0.34743360 -0.03319297 -0.08566638
v -0.34743360 -0.02294424 -0.06791505
v -0.34743360 -0.01393302 -0.06157647
v -0.34743360 -0.01490677 -0.06133632
v -0.32243359 0.02965476 -0.11300581
v -0.34743360 0.03022096 -0.11333097
v -0.32243359 0.03052870 -0.11360745
v -0.34743360 0.03052870 -0.11360745
v -0.32243359 0.03069820 -0.11398484
v -0.34743360 0.03069820 -0.11398484
v -0.32243359 0.03070045 -0.11439852
v -0.34743360 0.03070045 -0.11439852
v -0.32243359 0.03053506 -0.11477773
v -0.34743360 0.03053506 -0.11477773
v -0.34743360 0.02903974 -0.11264898
v -0.33508052 0.03326873 -0.07231405
v -0.34743360 0.02102438 -0.06406044
v -0.32243359 0.02144522 -0.06356125
v -0.32243359 0.02056848 -0.06460611
v -0.32243359 0.02124554 -0.06209432
v -0.34743360 0.02124554 -0.06209432
v -0.32243359 0.02153066 -0.06239408
v -0.34743360 0.02153066 -0.06239408
v -0.32243359 0.02167004 -0.06278359
v -0.34743360 0.02167004 -0.06278359
v -0.32243359 0.02163984 -0.06319619
v -0.34743360 0.02163984 -0.06319619
v -0.34743360 0.01615238 -0.05915378
v -0.32243359 0.01615238 -0.05915378
v -0.34743360 0.01575022 -0.05905674
v -0.32243359 0.01575022 -0.05905674
v -0.34743360 0.01534321 -0.05913079
v -0.32243359 0.01534321 -0.05913079
v -0.34743360 0.01500099 -0.05936324
v -0.32243359 0.01500099 -0.05936324
v -0.34743360 0.01478214 -0.05971432
v -0.32243359 0.01456024 -0.06032840
v -0.34743360 0.01431564 -0.06099603
v -0.34743360 0.00985898 -0.05861717
v -0.32243359 0.01008368 -0.05800423
v -0.32243359 0.00961718 -0.05928593
v -0.32243359 0.00939432 -0.05669405
v -0.34743360 0.00939432 -0.05669405
v -0.32243359 0.00976477 -0.05687822
v -0.34743360 0.00976477 -0.05687822
v -0.32243359 0.01002896 -0.05719656
v -0.34743360 0.01002896 -0.05719656
v -0.32243359 0.01014169 -0.05759461
v -0.34743360 0.01014169 -0.05759461
v -0.34743360 0.00360259 -0.05567281
v -0.32243359 0.00360259 -0.05567281
v -0.32243359 0.00250821 -0.05732114
v -0.34743360 0.00250670 -0.05666820
v -0.32243359 0.00259227 -0.05626345
v -0.34743360 0.00259227 -0.05626345
v -0.32243359 0.00283435 -0.05592797
v -0.34743360 0.00283435 -0.05592797
v -0.32243359 0.00319150 -0.05571918
v -0.34743360 0.00319150 -0.05571918
v -0.34743360 0.00250670 -0.05803216
v -0.32243359 -0.01010907 -0.05663059
v -0.34743360 -0.01010907 -0.05663059
v -0.32243359 -0.00991286 -0.05661619
v -0.34743360 -0.00991286 -0.05661619
v -0.32243359 -0.00972628 -0.05667860
v -0.34743360 -0.00972628 -0.05667860
v -0.32243359 -0.00957823 -0.05680816
v -0.34743360 -0.00957823 -0.05680816
v -0.32243359 -0.00949161 -0.05698480
v -0.34743360 -0.01561868 -0.05863563
v -0.32243359 -0.01561868 -0.05863563
v -0.32393359 -0.01498132 -0.06128793
v -0.34743360 -0.01586406 -0.05930384
v -0.32243359 -0.01591123 -0.05911285
v -0.34743360 -0.01591123 -0.05911285
v -0.32243359 -0.01588108 -0.05891842
v -0.34743360 -0.01588108 -0.05891842
v -0.32243359 -0.01577825 -0.05875070
v -0.34743360 -0.01577825 -0.05875070
v -0.33576693 -0.02757397 -0.06604305
v -0.32243359 -0.03612900 -0.08297694
v -0.32243359 -0.03469576 -0.08434092
v -0.34743360 -0.03533902 -0.08422903
v -0.32243359 -0.03572277 -0.08407447
v -0.34743360 -0.03572277 -0.08407447
v -0.32243359 -0.03601111 -0.08377782
v -0.34743360 -0.03601111 -0.08377782
v -0.32243359 -0.03615471 -0.08338984
v -0.34743360 -0.03615471 -0.08338984
v -0.34743360 -0.03399578 -0.08446588
v -0.34743360 -0.03556449 -0.08926794
v -0.32243359 -0.03620727 -0.08915307
v -0.32243359 -0.03486403 -0.08938992
v -0.32243359 -0.03737783 -0.09005946
v -0.34743360 -0.03737783 -0.09005946
v -0.32243359 -0.03726078 -0.08966266
v -0.34743360 -0.03726078 -0.08966266
v -0.32243359 -0.03699315 -0.08934720
v -0.34743360 -0.03699315 -0.08934720
v -0.32243359 -0.03662072 -0.08916706
v -0.34743360 -0.03662072 -0.08916706
v -0.34743360 -0.03737783 -0.09594054
v -0.32243359 -0.03737783 -0.09594054
v -0.34743360 -0.03726078 -0.09633733
v -0.32243359 -0.03726078 -0.09633733
v -0.34743360 -0.03699315 -0.09665281
v -0.32243359 -0.03699315 -0.09665281
v -0.34743360 -0.03662073 -0.09683295
v -0.32243359 -0.03662073 -0.09683295
v -0.34743360 -0.03620727 -0.09684693
v -0.32243359 -0.03556441 -0.09673205
v -0.34743360 -0.03486403 -0.09661008
v -0.34743360 -0.03469569 -0.10165907
v -0.32243359 -0.03533902 -0.10177097
v -0.32243359 -0.03399578 -0.10153412
v -0.32243359 -0.03612899 -0.10302306
v -0.34743360 -0.03612899 -0.10302306
v -0.32243359 -0.03615472 -0.10261016
v -0.34743360 -0.03615472 -0.10261016
v -0.32243359 -0.03601111 -0.10222218
v -0.34743360 -0.03601111 -0.10222218
v -0.32243359 -0.03572277 -0.10192553
v -0.34743360 -0.03572277 -0.10192553
v -0.34743360 -0.03411754 -0.10854947
v -0.32243359 -0.03411754 -0.10854947
v -0.32243359 -0.03214294 -0.10867310
v -0.34743360 -0.03270756 -0.10900084
v -0.32243359 -0.03310088 -0.10912910
v -0.34743360 -0.03310088 -0.10912910
v -0.32243359 -0.03351245 -0.10908721
v -0.34743360 -0.03351245 -0.10908721
v -0.32243359 -0.03387184 -0.10888230
v -0.34743360 -0.03387184 -0.10888230
v -0.34743360 -0.03152634 -0.10831886
v -0.34743360 -0.02888490 -0.12058558
v -0.34743360 -0.03037404 -0.11349166
v -0.32243359 -0.01454686 -0.12567166
v -0.34743360 -0.01476874 -0.12628567
v -0.32243359 -0.01498759 -0.12663676
v -0.34743360 -0.01498759 -0.12663676
v -0.32243359 -0.01532981 -0.12686920
v -0.34743360 -0.01532981 -0.12686920
v -0.34743360 -0.01430224 -0.12500398
v -0.33731455 -0.00954836 -0.13036404
v -0.32243359 0.00939432 -0.12930596
v -0.32243359 0.00985894 -0.12738272
v -0.34743360 0.01008368 -0.12799577
v -0.32243359 0.01014170 -0.12840539
v -0.34743360 0.01014170 -0.12840539
v -0.32243359 0.01002896 -0.12880343
v -0.34743360 0.01002896 -0.12880343
v -0.32243359 0.00976476 -0.12912178
v -0.34743360 0.00976476 -0.12912178
v -0.32243359 0.01615239 -0.12684622
v -0.34743360 0.01615239 -0.12684622
v -0.32243359 0.01575022 -0.12694326
v -0.34743360 0.01575022 -0.12694326
v -0.32243359 0.01534321 -0.12686920
v -0.34743360 0.01534321 -0.12686920
v -0.32243359 0.01500098 -0.12663676
v -0.34743360 0.01500098 -0.12663676
v -0.32243359 0.01478214 -0.12628569
v -0.34743360 0.02124555 -0.12390569
v -0.32243359 0.02124555 -0.12390569
v -0.34743360 0.02153066 -0.12360592
v -0.32243359 0.02153066 -0.12360592
v -0.34743360 0.02167004 -0.12321641
v -0.32243359 0.02167004 -0.12321641
v -0.34743360 0.02163984 -0.12280381
v -0.32243359 0.02163984 -0.12280381
v -0.34743360 0.02144522 -0.12243874
v -0.32243359 0.02102439 -0.12193956
v -0.34743360 0.02056849 -0.12139389
v -0.34743360 0.02485695 -0.11872372
v -0.32243359 0.02527544 -0.11922481
v -0.32243359 0.02439871 -0.11817995
v -0.32243359 0.02675477 -0.11928289
v -0.34743360 0.02675477 -0.11928289
v -0.32243359 0.02641005 -0.11951162
v -0.34743360 0.02641005 -0.11951162
v -0.32243359 0.02600225 -0.11958125
v -0.34743360 0.02600225 -0.11958125
v -0.32243359 0.02560117 -0.11947986
v -0.34743360 0.02560117 -0.11947986
v -0.34743360 0.00961718 -0.12671408
v -0.32543358 0.01299396 -0.12442182
v -0.34743360 0.01299396 -0.12442182
v -0.32543358 0.01025543 -0.12541857
v -0.34743360 0.01025543 -0.12541857
v -0.34743360 0.02037764 -0.06495843
v -0.34743360 0.01410594 -0.06133746
v -0.34743360 0.01377904 -0.06156917
v -0.34743360 -0.03333817 -0.08489480
v -0.34743360 -0.03318669 -0.08526574
v -0.34743360 -0.02328805 -0.06812082
v -0.34743360 -0.02368505 -0.06817510
v -0.34743360 -0.02407148 -0.06806917
v -0.34743360 -0.03409938 -0.09678822
v -0.34743360 -0.03383015 -0.09708498
v -0.34743360 -0.03409937 -0.08921178
v -0.34743360 0.02046282 -0.06573892
v -0.34743360 0.02034043 -0.06535739
v -0.34743360 0.03076028 -0.10822473
v -0.34743360 0.03320008 -0.08526574
v -0.34743360 0.03335157 -0.08489480
v -0.34743360 0.00242642 -0.05842472
v -0.34743360 0.00955834 -0.05968226
v -0.34743360 0.00219849 -0.05875425
v -0.34743360 0.03040579 -0.10841151
v -0.33706742 0.03952128 -0.09806967
v -0.34743360 0.00990533 -0.06038656
v -0.34743360 0.00965983 -0.06006989
v -0.34743360 0.00185948 -0.05896785
v -0.34743360 -0.02855509 -0.11202102
v -0.34743360 -0.02872651 -0.11238319
v -0.34743360 -0.01409254 -0.12466254
v -0.34743360 -0.03383015 -0.08891502
v -0.34743360 0.02046282 -0.12026108
v -0.34743360 0.02873991 -0.11238318
v -0.34743360 0.02330145 -0.11787918
v -0.34743360 -0.03039239 -0.10841151
v -0.34743360 -0.03074688 -0.10822473
v -0.34743360 -0.03114623 -0.10819209
v -0.34743360 -0.03318669 -0.10073426
v -0.34743360 -0.00954494 -0.12631772
v -0.34743360 0.00955835 -0.12631772
v -0.34743360 -0.00964643 -0.12593010
v -0.34743360 0.00965983 -0.12593010
v -0.34743360 0.00990533 -0.12561344
v -0.34743360 0.02330145 -0.06812081
v -0.34743360 0.03363652 -0.08461310
v -0.34743360 -0.03446348 -0.09662097
v -0.34743360 -0.03446348 -0.08937903
v -0.34743360 0.01338743 -0.12434606
v -0.34743360 0.02037765 -0.12104157
v -0.34743360 0.02034043 -0.12064262
v -0.34743360 -0.03333817 -0.10110521
v -0.34743360 -0.03362313 -0.10138690
v -0.34743360 0.02855300 -0.11162063
v -0.34743360 0.01338742 -0.06165394
v -0.34743360 0.02369845 -0.11782490
v -0.34743360 0.02408488 -0.11793083
v -0.34743360 0.03384355 -0.08891501
v -0.34743360 -0.03362312 -0.08461311
v -0.34743360 0.01377904 -0.12443084
v -0.34743360 0.01410594 -0.12466254
v -0.34743360 0.01456025 -0.12567163
v -0.34743360 -0.01376564 -0.12443084
v -0.34743360 -0.01337403 -0.12434606
v -0.34743360 0.02856849 -0.11202102
v -0.34743360 -0.00989193 -0.12561344
v -0.34743360 -0.02853961 -0.11162063
v -0.32243359 0.01431564 -0.12500398
v -0.32543358 0.02046282 -0.12026108
v -0.32543358 0.02037366 -0.12047412
v -0.32543358 0.02352674 -0.11782837
v -0.32543358 0.02330145 -0.11787918
v -0.32543358 0.03040579 -0.10841151
v -0.32543358 0.03060011 -0.10828670
v -0.32543358 0.02854208 -0.11185132
v -0.32543358 0.02855300 -0.11162063
v -0.32543395 0.03396051 -0.08907952
v -0.32543358 0.03326872 -0.08504523
v -0.32543358 0.03320008 -0.08526574
v -0.32543395 0.02349679 -0.06817166
v -0.32543358 0.02037365 -0.06552588
v -0.32543358 0.02046282 -0.06573892
v -0.32543358 0.00990533 -0.06038656
v -0.32543358 0.00974868 -0.06021687
v -0.32543358 0.01361650 -0.06162464
v -0.32543358 0.01338742 -0.06165394
v -0.32543358 0.00185948 -0.05896785
v -0.32543358 0.00206473 -0.05886197
v -0.32254159 0.00217440 -0.05877659
v -0.32243359 0.00227293 -0.05867473
v -0.32243359 0.00242642 -0.05842472
v -0.32263359 0.00974868 -0.06021687
v -0.32254210 0.00967515 -0.06009973
v -0.32242932 0.00958147 -0.05992998
v -0.32254159 0.01374875 -0.06158192
v -0.32243359 0.01387619 -0.06151989
v -0.32243359 0.01410594 -0.06133746
v -0.32254207 0.02034463 -0.06539066
v -0.32242932 0.02031466 -0.06519911
v -0.32484521 0.02323107 -0.06830705
v -0.32243647 0.02380452 -0.06816976
v -0.32254210 0.03333340 -0.08492299
v -0.32426389 0.03324120 -0.08268660
v -0.32243648 0.03419745 -0.08927588
v -0.32302455 0.03236757 -0.10803137
v -0.32250219 0.02857749 -0.11200039
v -0.32243359 0.02860014 -0.11212524
v -0.32243359 0.02873991 -0.11238318
v -0.32263359 0.02352674 -0.11782837
v -0.32254207 0.02366494 -0.11782326
v -0.32243359 0.02380659 -0.11783799
v -0.32243359 0.02408488 -0.11793083
v -0.32249797 0.02201966 -0.11923523
v -0.32254159 0.02034454 -0.12061001
v -0.32243359 0.02033453 -0.12075138
v -0.32243359 0.02037765 -0.12104157
v -0.32543358 -0.02351334 -0.06817164
v -0.32543358 -0.02328805 -0.06812082
v -0.32543358 -0.03383015 -0.08891502
v -0.32543358 -0.03397006 -0.08909876
v -0.32543358 -0.03325532 -0.08504523
v -0.32543358 -0.03318669 -0.08526574
v -0.32543358 -0.03383015 -0.09708498
v -0.32543358 -0.03397006 -0.09690125
v -0.32543358 -0.03325532 -0.10095477
v -0.32543358 -0.03318669 -0.10073426
v -0.32543358 -0.03039239 -0.10841151
v -0.32543358 -0.03058671 -0.10828670
v -0.32543358 -0.02852868 -0.11185132
v -0.32543358 -0.02853961 -0.11162063
v -0.32543358 -0.01337403 -0.12434606
v -0.32543358 -0.01360311 -0.12437536
v -0.32543358 -0.00973528 -0.12578313
v -0.32543358 -0.00989193 -0.12561344
v -0.32263359 -0.00973528 -0.12578313
v -0.32254210 -0.00966175 -0.12590027
v -0.32244157 -0.00950796 -0.12611377
v -0.32263359 -0.01169123 -0.12513718
v -0.32263359 -0.01360311 -0.12437536
v -0.32254159 -0.01373538 -0.12441809
v -0.32243359 -0.01386279 -0.12448011
v -0.32493974 -0.01316541 -0.12424541
v -0.32243359 -0.01409254 -0.12466254
v -0.32263359 -0.02852868 -0.11185132
v -0.32254207 -0.02854766 -0.11198831
v -0.32229376 -0.03104423 -0.11799075
v -0.32478867 -0.03033985 -0.10828487
v -0.32254159 -0.03071550 -0.10823442
v -0.32243359 -0.03085297 -0.10820003
v -0.32243359 -0.03114623 -0.10819209
v -0.32263359 -0.03325532 -0.10095477
v -0.32254210 -0.03332000 -0.10107701
v -0.32243359 -0.03340357 -0.10119231
v -0.32243359 -0.03362313 -0.10138690
v -0.32254159 -0.03407319 -0.09680808
v -0.32243359 -0.03419062 -0.09672873
v -0.32243359 -0.03446348 -0.09662097
v -0.32263359 -0.03397006 -0.08909876
v -0.32254210 -0.03407266 -0.08919150
v -0.32242932 -0.03422356 -0.08931323
v -0.32263359 -0.03325532 -0.08504523
v -0.32254159 -0.03332037 -0.08492240
v -0.32243359 -0.03340357 -0.08480769
v -0.32463360 -0.03325532 -0.08504523
v -0.32243359 -0.03362312 -0.08461311
v -0.32258674 -0.02326313 -0.06772306
v -0.32254210 -0.02365155 -0.06817674
v -0.32248350 -0.01463814 -0.06197196
v -0.32243359 -0.01168955 -0.06086221
v -0.32243359 -0.03419330 -0.09299910
v -0.32351355 0.00251140 -0.12742344
v -0.32243359 0.00594458 -0.12668058
v -0.32243359 -0.01169123 -0.12513718
v -0.32243359 -0.01709407 -0.12261762
v -0.32244580 0.03344145 -0.08471847
v -0.32243359 0.02620484 -0.11498402
v -0.32243359 0.01710592 -0.12261852
v -0.32242932 0.01392900 -0.12448766
v -0.32249797 0.01171912 -0.12518193
v -0.32243359 0.00961708 -0.12603030
v -0.32243359 0.00955835 -0.12631772
v -0.32243359 -0.03213110 -0.10469624
v -0.32249797 -0.03372017 -0.09894610
v -0.32244845 -0.02386095 -0.06823740
v -0.32243359 0.03420670 -0.09300090
v -0.32252319 0.03334448 -0.08509790
v -0.32243359 -0.02619259 -0.11498265
v -0.32249797 -0.03371988 -0.08705226
v -0.32243359 -0.03213048 -0.08130208
v -0.32257931 0.00091731 -0.05860925
v -0.32243359 0.00594635 -0.05931973
v -0.32249797 -0.02965247 -0.11012283
v -0.32249797 0.01172069 -0.06081864
v -0.32243359 0.01710748 -0.06338238
v -0.32252319 0.02046555 -0.06551753
v -0.32479372 -0.02773291 -0.07229441
v -0.32263359 0.01361650 -0.12437536
v -0.32254210 0.01374812 -0.12441783
v -0.32483705 0.00974815 -0.12549870
v -0.32254159 0.00967482 -0.12590089
v -0.32543358 0.00974868 -0.12578313
v -0.32543358 0.00990533 -0.12561344
v -0.32543358 0.01338743 -0.12434606
v -0.32543358 0.01361650 -0.12437536
v -0.32480769 0.02343561 -0.11785235
v -0.32480770 0.02041308 -0.06561145
v -0.32480770 0.00981499 -0.06028380
v -0.32484289 0.02026220 -0.12032897
v -0.32514268 -0.01425484 -0.06201877
v -0.32463360 0.00594635 -0.05931973
v -0.32484680 0.01223743 -0.06106227
v -0.32450204 0.02983794 -0.10981961
v -0.32507908 -0.02299736 -0.06760747
v -0.32480770 -0.03391567 -0.08902183
v -0.32480769 -0.03323052 -0.10086388
v -0.32463360 -0.03213110 -0.10469624
v -0.32463360 -0.03419330 -0.09299910
v -0.32480770 0.01352268 -0.12436672
v -0.32494936 0.00132356 -0.05870919
v -0.32484771 0.03322727 -0.08510752
v -0.32485428 -0.00975461 -0.12570445
v -0.32484771 -0.02851104 -0.11177862
v -0.32499605 -0.00489492 -0.12638694
v -0.32463419 -0.02235725 -0.11885501
v -0.32485006 -0.03369748 -0.09688371
v -0.34513574 0.01554399 -0.09780650
v -0.34647989 -0.00867417 -0.10938946
v -0.34335210 -0.01235197 -0.10295766
v -0.34664317 -0.00968407 -0.07882149
v -0.34527911 -0.00394035 -0.10977494
v -0.34412094 -0.00945337 -0.07570870
v -0.34576910 0.01285698 -0.07834642
v -0.34143358 -0.02611045 -0.12207883
v -0.34143358 0.02927441 -0.11285684
v -0.34143358 0.01481406 -0.09168064
v -0.34648567 0.01060625 -0.10383460
v -0.34673732 0.00706782 -0.10645586
v -0.34650582 0.01473512 -0.09628958
v -0.34648048 0.00646559 -0.10670868
v -0.34652421 0.01320417 -0.10049586
v -0.34643358 0.01312152 -0.10087981
v -0.34648126 0.00014165 -0.10811751
v -0.34643520 0.01265863 -0.10130868
v 0.14406120 0.25496877 -0.06828462
v 0.14452177 0.25106215 -0.07029290
v 0.14643334 0.24995853 -0.06555969
v 0.14452443 0.25108773 -0.07028800
v 0.14646231 0.25005728 -0.06554835
v 0.14645420 0.24986196 -0.06559062
v 0.14460772 0.25089708 -0.07036610
v 0.14651929 0.24979344 -0.06563288
v 0.14455527 0.25094494 -0.07033375
v 0.14349528 0.25279353 -0.07131663
v 0.14226680 0.25451965 -0.06947224
v 0.14124615 0.25286883 -0.06854874
v 0.14122196 0.25286943 -0.06853882
v 0.14105138 0.25296789 -0.06934360
v 0.14134021 0.25289905 -0.06857967
v 0.14129455 0.25287756 -0.06856624
v 0.14112920 0.25297305 -0.06934644
v 0.14412177 0.25132021 -0.07092210
v 0.14407595 0.25122386 -0.07109266
v 0.14136103 0.25291413 -0.06858456
v 0.14125134 0.25284581 -0.07051217
v 0.14352510 0.25153933 -0.07141052
v 0.14279784 0.25194201 -0.07163419
v 0.14207576 0.25235891 -0.07143014
v 0.14097755 0.25299296 -0.06934027
v 0.14115427 0.25289091 -0.06850648
v 0.11602649 0.27082747 -0.08322269
v 0.11242495 0.27551348 -0.07885602
v 0.11232569 0.26976606 -0.08382390
v 0.11378977 0.26892078 -0.08019871
v 0.11411407 0.26855766 -0.08043355
v 0.10957661 0.27447093 -0.08161662
v 0.10818035 0.27206674 -0.08163184
v 0.11226589 0.26968512 -0.08384819
v 0.10810892 0.27207575 -0.08162545
v 0.10812957 0.27201897 -0.08167495
v 0.11220249 0.26963720 -0.08391453
v 0.10805341 0.27200171 -0.08179788
v 0.11215249 0.26963511 -0.08400516
v 0.10808278 0.27199742 -0.08173870
v 0.10801718 0.27210090 -0.08164378
v 0.10954981 0.27115705 -0.07778982
v 0.11374958 0.26882851 -0.08017443
v 0.11496616 0.26808339 -0.08227716
v 0.11312209 0.26914073 -0.08410255
v 0.11380568 0.26868063 -0.08398141
v 0.11340477 0.26891211 -0.08414990
v 0.10969069 0.27128738 -0.07799143
v 0.10965054 0.27119529 -0.07796724
v 0.10964067 0.27111638 -0.07790097
v 0.10954531 0.27448830 -0.08160398
v 0.11103032 0.27363163 -0.07798535
v 0.10963500 0.27131954 -0.07794377
v 0.11101720 0.27364022 -0.07797576
v 0.11098152 0.27368504 -0.07792252
v 0.10959941 0.27134007 -0.07787286
v 0.11097630 0.27372670 -0.07787006
v 0.11098400 0.27375594 -0.07783239
v 0.10959145 0.27134466 -0.07779141
v 0.11100722 0.27379444 -0.07778131
v 0.10961245 0.27133253 -0.07771311
v 0.11106245 0.27384403 -0.07771311
v 0.10958770 0.27117711 -0.07774435
v 0.10956292 0.27124668 -0.07777370
v 0.10958571 0.27125961 -0.07772050
v 0.13678978 0.25564170 -0.06173490
v 0.13440731 0.25692883 -0.06153562
v 0.13140982 0.25865945 -0.06160144
v 0.12552391 0.26205769 -0.06286649
v 0.12270665 0.26368424 -0.06405041
v 0.12001898 0.26523596 -0.06558434
v 0.11737458 0.27394294 -0.06980885
v 0.11516046 0.26804101 -0.06962396
v 0.11304833 0.26926047 -0.07208082
v 0.11084893 0.27061868 -0.07538474
v 0.11120491 0.27019978 -0.07485319
v 0.14022838 0.25342548 -0.06272009
v 0.14306584 0.25178728 -0.06377326
v 0.14025277 0.25342900 -0.06264605
v 0.14309716 0.25178677 -0.06370179
v 0.14028868 0.25345832 -0.06258328
v 0.11118075 0.27026379 -0.07481566
v 0.11118256 0.27033767 -0.07479059
v 0.11306426 0.26912627 -0.07215273
v 0.11304395 0.26918808 -0.07210962
v 0.11520592 0.26787221 -0.06976115
v 0.11516913 0.26791105 -0.06970432
v 0.11515316 0.26797032 -0.06965614
v 0.11749341 0.26669410 -0.06744970
v 0.11748291 0.26662523 -0.06748489
v 0.11749407 0.26656872 -0.06753754
v 0.11752519 0.26653320 -0.06759965
v 0.12003594 0.26508361 -0.06574523
v 0.12001096 0.26511562 -0.06567858
v 0.12000501 0.26516911 -0.06562209
v 0.12270783 0.26354098 -0.06422032
v 0.12268938 0.26356921 -0.06414994
v 0.12268897 0.26361951 -0.06409028
v 0.12550856 0.26192397 -0.06304333
v 0.12549695 0.26194826 -0.06297008
v 0.12550235 0.26199520 -0.06290798
v 0.12843670 0.26037598 -0.06204685
v 0.12841113 0.26031584 -0.06208948
v 0.12839974 0.26027232 -0.06215327
v 0.12840426 0.26025215 -0.06222850
v 0.13135993 0.25854570 -0.06178571
v 0.13136263 0.25856170 -0.06170938
v 0.13138016 0.25860167 -0.06164467
v 0.13433982 0.25682524 -0.06172027
v 0.13434982 0.25683707 -0.06164378
v 0.13437353 0.25687343 -0.06157894
v 0.13743314 0.25527027 -0.06183512
v 0.13739295 0.25520509 -0.06185018
v 0.13735504 0.25515205 -0.06189307
v 0.13732520 0.25511923 -0.06195727
v 0.13730794 0.25511160 -0.06203299
v 0.14033063 0.25350901 -0.06254133
v 0.14037223 0.25357339 -0.06252661
v 0.14313909 0.25181285 -0.06364104
v 0.14318493 0.25186127 -0.06360066
v 0.14098454 0.25321987 -0.06272049
v 0.14322782 0.25192469 -0.06358651
v 0.14319880 0.25177175 -0.06383058
v 0.14325178 0.25179541 -0.06384646
v 0.14326951 0.25180799 -0.06385069
v 0.14329939 0.25181747 -0.06382377
v 0.14312255 0.25176719 -0.06380086
v 0.14315772 0.25176519 -0.06381552
v 0.14325995 0.25177749 -0.06370583
v 0.14332609 0.25186798 -0.06369738
v 0.14333899 0.25186053 -0.06377798
v 0.14467281 0.25420812 -0.06385779
v 0.14469197 0.25436777 -0.06361181
v 0.14470343 0.25425422 -0.06369663
v 0.14469492 0.25420910 -0.06377819
v 0.14468347 0.25420127 -0.06382192
v 0.14795262 0.25238359 -0.06544025
v 0.14635195 0.25330633 -0.06450474
v 0.14630240 0.25328156 -0.06457017
v 0.14805900 0.25240257 -0.06543498
v 0.14806284 0.25240350 -0.06543542
v 0.14640497 0.25335908 -0.06446286
v 0.14799228 0.25238919 -0.06543412
v 0.14781758 0.25239250 -0.06553638
v 0.14782631 0.25238845 -0.06552073
v 0.14788291 0.25238001 -0.06546742
v 0.14650358 0.25003344 -0.06548405
v 0.14656501 0.24999797 -0.06544296
v 0.14663553 0.24995726 -0.06543376
v 0.14670335 0.24991810 -0.06545801
v 0.14660281 0.24980643 -0.06551429
v 0.14660129 0.24986254 -0.06545806
v 0.14651484 0.24986855 -0.06547662
v 0.14665867 0.24985552 -0.06547133
v 0.16054088 0.24192901 -0.09683970
v 0.16067520 0.24176307 -0.09413285
v 0.16061820 0.24179599 -0.09067164
v 0.15952262 0.24242851 -0.08387517
v 0.15849732 0.24302047 -0.08062208
v 0.15716890 0.24378744 -0.07751864
v 0.15367049 0.24580725 -0.07190849
v 0.15154278 0.24703568 -0.06946962
v 0.14871977 0.24875392 -0.06688578
v 0.14657918 0.24975628 -0.06560567
v 0.14908773 0.24832813 -0.06740351
v 0.15958768 0.24224839 -0.10092571
v 0.15867561 0.24277498 -0.10420212
v 0.15965942 0.24222456 -0.10094509
v 0.15874511 0.24275243 -0.10422952
v 0.15973546 0.24223071 -0.10096153
v 0.14914189 0.24834691 -0.06735057
v 0.14919606 0.24839057 -0.06731521
v 0.15137473 0.24699014 -0.06960770
v 0.15142637 0.24697790 -0.06955051
v 0.15148540 0.24699390 -0.06950201
v 0.15348995 0.24576892 -0.07203227
v 0.15354677 0.24575369 -0.07198100
v 0.15361017 0.24576715 -0.07193754
v 0.15555345 0.24472012 -0.07460236
v 0.15549053 0.24468152 -0.07462769
v 0.15542325 0.24467030 -0.07466561
v 0.15536186 0.24468817 -0.07471032
v 0.15696783 0.24376096 -0.07760949
v 0.15703316 0.24374083 -0.07757186
v 0.15710376 0.24375013 -0.07753996
v 0.15828845 0.24299851 -0.08069473
v 0.15835701 0.24297650 -0.08066464
v 0.15843035 0.24298422 -0.08063913
v 0.15930775 0.24241002 -0.08392873
v 0.15937880 0.24238658 -0.08390655
v 0.15945426 0.24239306 -0.08388774
v 0.16023245 0.24201870 -0.08723858
v 0.16016309 0.24198382 -0.08724651
v 0.16008617 0.24197817 -0.08725839
v 0.16001339 0.24200261 -0.08727240
v 0.16039687 0.24178120 -0.09068531
v 0.16047059 0.24175622 -0.09067965
v 0.16054831 0.24176142 -0.09067485
v 0.16045354 0.24174848 -0.09412620
v 0.16052741 0.24172342 -0.09412896
v 0.16060524 0.24172854 -0.09413129
v 0.16045409 0.24197911 -0.09758258
v 0.16040277 0.24192037 -0.09758037
v 0.16033319 0.24188562 -0.09757406
v 0.16025592 0.24188016 -0.09756462
v 0.16018273 0.24190484 -0.09755348
v 0.15980422 0.24226594 -0.10097250
v 0.15985525 0.24232486 -0.10097636
v 0.15881948 0.24275975 -0.10425280
v 0.15888689 0.24279574 -0.10426828
v 0.15968734 0.24242179 -0.10168337
v 0.15893734 0.24285480 -0.10427371
v 0.15591472 0.24468888 -0.10731914
v 0.15460332 0.24535705 -0.10217610
v 0.16005240 0.24532871 -0.10438339
v 0.16033934 0.24533375 -0.10432017
v 0.15884133 0.24291025 -0.10438717
v 0.16021958 0.24529597 -0.10438686
v 0.15877151 0.24295054 -0.10440207
v 0.16012728 0.24529921 -0.10440207
v 0.16008326 0.24531021 -0.10439608
v 0.15865247 0.24284956 -0.10432506
v 0.15871197 0.24286005 -0.10437454
v 0.15866844 0.24291742 -0.10436817
v 0.15865719 0.24279827 -0.10426130
v 0.15877960 0.24279319 -0.10435622
v 0.15872720 0.24292708 -0.10439720
v 0.15456313 0.24526478 -0.10215181
v 0.15455332 0.24518593 -0.10208546
v 0.15457653 0.24514158 -0.10199483
v 0.15296604 0.24607140 -0.10598254
v 0.15256529 0.24632926 -0.10557046
v 0.15206513 0.24659154 -0.10496782
v 0.15191922 0.24667579 -0.10450488
v 0.15365568 0.24658419 -0.10218303
v 0.15711513 0.24370687 -0.10809920
v 0.15706512 0.24370480 -0.10818983
v 0.15712005 0.24368574 -0.10822152
v 0.15719435 0.24369141 -0.10825565
v 0.15727725 0.24370243 -0.10811882
v 0.15732960 0.24378304 -0.10812715
v 0.15733756 0.24377844 -0.10820860
v 0.15866934 0.24615245 -0.10807748
v 0.15871187 0.24617174 -0.10813605
v 0.15872949 0.24619004 -0.10816761
v 0.15875194 0.24623095 -0.10822051
v 0.15952142 0.24570292 -0.10628846
v 0.15944164 0.24569562 -0.10625795
v 0.15959379 0.24574451 -0.10630800
v 0.15614292 0.24758586 -0.10474277
v 0.15587048 0.24688964 -0.10896892
v 0.15264832 0.24772748 -0.10400522
v 0.12401394 0.26654309 -0.11740780
v 0.15840286 0.24481118 -0.09926991
v 0.13427571 0.26383036 -0.12648903
v 0.14472697 0.25418010 -0.06876198
v 0.11283709 0.27331059 -0.08215554
v 0.14344372 0.25991990 -0.06278140
v 0.15908337 0.24867412 -0.10635867
v 0.11640812 0.27206804 -0.11507474
v 0.10932978 0.27783316 -0.08589972
v 0.11016618 0.27419817 -0.07971153
v 0.11019973 0.27412543 -0.07974205
v 0.11016601 0.27428165 -0.07969201
v 0.10951362 0.27452102 -0.08159794
v 0.10943751 0.27472195 -0.08167983
v 0.10946466 0.27459934 -0.08161314
v 0.10799168 0.27226830 -0.08172630
v 0.10808770 0.27221286 -0.08161283
v 0.10815749 0.27217257 -0.08159793
v 0.10796575 0.27219507 -0.08173172
v 0.10796833 0.27211848 -0.08174726
v 0.10799912 0.27205065 -0.08177048
v 0.10815933 0.27212246 -0.08160280
v 0.10638814 0.27319410 -0.08916030
v 0.10617728 0.27322745 -0.09186716
v 0.10623428 0.27319455 -0.09532836
v 0.10732985 0.27256203 -0.10212482
v 0.10835516 0.27197006 -0.10537791
v 0.10968358 0.27120310 -0.10848136
v 0.11318199 0.26918328 -0.11409151
v 0.11530970 0.26795486 -0.11653039
v 0.11820924 0.26636919 -0.11911422
v 0.12022568 0.26520500 -0.12054199
v 0.12019380 0.26513502 -0.12052868
v 0.12020973 0.26498327 -0.12036712
v 0.10714134 0.27252829 -0.08507428
v 0.10708483 0.27257851 -0.08505490
v 0.10705214 0.27264744 -0.08503848
v 0.11764570 0.26653126 -0.11864942
v 0.11765642 0.26659998 -0.11868479
v 0.12022332 0.26501285 -0.12051717
v 0.12005900 0.26504576 -0.12035760
v 0.11531786 0.26782516 -0.11644949
v 0.11530221 0.26788425 -0.11649798
v 0.11323907 0.26900777 -0.11396773
v 0.11319747 0.26904938 -0.11401900
v 0.11317743 0.26911101 -0.11406247
v 0.11129903 0.27027041 -0.11139765
v 0.11129706 0.27019665 -0.11137231
v 0.11132098 0.27013278 -0.11133440
v 0.11136716 0.27008852 -0.11128967
v 0.10976119 0.27101573 -0.10839050
v 0.10971108 0.27106225 -0.10842814
v 0.10968383 0.27112803 -0.10846005
v 0.10844057 0.27177820 -0.10530527
v 0.10838724 0.27182657 -0.10533536
v 0.10835724 0.27189395 -0.10536087
v 0.10742127 0.27236667 -0.10207127
v 0.10736544 0.27241650 -0.10209345
v 0.10733334 0.27248508 -0.10211226
v 0.10662003 0.27297184 -0.09876142
v 0.10662451 0.27289435 -0.09875348
v 0.10665807 0.27282488 -0.09874161
v 0.10671562 0.27277410 -0.09872761
v 0.10633213 0.27299550 -0.09531470
v 0.10627365 0.27304685 -0.09532035
v 0.10623929 0.27311674 -0.09532515
v 0.10627547 0.27302822 -0.09187379
v 0.10621684 0.27307963 -0.09187105
v 0.10618236 0.27314961 -0.09186871
v 0.10647493 0.27314401 -0.08841742
v 0.10644970 0.27307019 -0.08841964
v 0.10645441 0.27299255 -0.08842595
v 0.10648832 0.27292290 -0.08843538
v 0.10654629 0.27287185 -0.08844651
v 0.10704826 0.27272460 -0.08502750
v 0.10707378 0.27279824 -0.08502364
v 0.10724168 0.27270132 -0.08431663
v 0.12039585 0.26499149 -0.12044037
v 0.12030181 0.26496115 -0.12040946
v 0.12046671 0.26506585 -0.12045164
v 0.12042543 0.26508966 -0.12051595
v 0.12036401 0.26512513 -0.12055704
v 0.12029348 0.26516584 -0.12056623
v 0.12495621 0.26559150 -0.12214222
v 0.12357255 0.26320678 -0.12217626
v 0.12237827 0.26396221 -0.11571843
v 0.12617148 0.26569494 -0.11671654
v 0.12295226 0.26353154 -0.11479548
v 0.12550966 0.26195428 -0.11745127
v 0.12552229 0.26193362 -0.11746118
v 0.12569286 0.26183516 -0.11665639
v 0.12548880 0.26205087 -0.11742032
v 0.12549303 0.26200059 -0.11743376
v 0.12565839 0.26190510 -0.11665356
v 0.12230724 0.26388773 -0.11570711
v 0.12549146 0.26207641 -0.11741543
v 0.12252506 0.26368403 -0.11514336
v 0.12212130 0.26387963 -0.11563390
v 0.12218898 0.26385811 -0.11566625
v 0.12566530 0.26270971 -0.11570411
v 0.12256088 0.26362583 -0.11494166
v 0.12319643 0.26325890 -0.11449637
v 0.12393118 0.26283470 -0.11436581
v 0.12465326 0.26241779 -0.11456987
v 0.12525275 0.26207167 -0.11507746
v 0.12563840 0.26184902 -0.11581133
v 0.12575147 0.26178375 -0.11665973
v 0.12557475 0.26188576 -0.11749353
v 0.12181144 0.26740715 -0.12046362
v 0.12494492 0.26559735 -0.12217809
v 0.12180357 0.26741269 -0.12047927
v 0.12176795 0.26745749 -0.12053257
v 0.12173926 0.26751271 -0.12055794
v 0.12172121 0.26755679 -0.12056588
v 0.12169946 0.26762125 -0.12056503
v 0.12333565 0.26659480 -0.12149525
v 0.12333897 0.26653951 -0.12142982
v 0.12335484 0.26666707 -0.12153714
v 0.12494598 0.26561114 -0.12222181
v 0.12508488 0.26568794 -0.12238819
v 0.12498081 0.26564109 -0.12230337
v 0.12370119 0.26319841 -0.12241349
v 0.12360293 0.26325515 -0.12230262
v 0.12359002 0.26326260 -0.12222201
v 0.12366770 0.26312956 -0.12239935
v 0.12364867 0.26306564 -0.12235896
v 0.12364707 0.26301628 -0.12229821
v 0.12366319 0.26298940 -0.12222674
v 0.12358323 0.26309678 -0.12216942
v 0.12357724 0.26315451 -0.12215354
v 0.12357928 0.26317614 -0.12214931
v 0.12361742 0.26302847 -0.12219915
v 0.12359809 0.26305792 -0.12218448
v 0.12355764 0.26315266 -0.12229416
v 0.14669308 0.24969310 -0.12025477
v 0.14920384 0.24824351 -0.11840035
v 0.15547764 0.24462132 -0.11110254
v 0.12650064 0.26135120 -0.12327991
v 0.15362282 0.24569221 -0.11379641
v 0.13536909 0.25623101 -0.12421429
v 0.13832475 0.25452456 -0.12377149
v 0.14122047 0.25285271 -0.12295666
v 0.14402118 0.25123572 -0.12177969
v 0.15152310 0.24690448 -0.11623885
v 0.12942107 0.25966510 -0.12396701
v 0.13238919 0.25795144 -0.12427973
v 0.13013923 0.25948140 -0.12426510
v 0.13244516 0.25806171 -0.12446439
v 0.13544266 0.25633109 -0.12439857
v 0.14132857 0.25293285 -0.12313351
v 0.14414583 0.25130633 -0.12194958
v 0.14683349 0.24975459 -0.12041567
v 0.15169202 0.24694952 -0.11637604
v 0.15380415 0.24573007 -0.11391918
v 0.15553933 0.24460329 -0.11114681
v 0.12649147 0.26137409 -0.12335395
v 0.12649892 0.26141983 -0.12341672
v 0.15566991 0.24465288 -0.11120941
v 0.15725201 0.24381703 -0.10846655
v 0.15560685 0.24461436 -0.11118434
v 0.15367998 0.24567679 -0.11384726
v 0.15374365 0.24569009 -0.11389038
v 0.15157510 0.24689204 -0.11629568
v 0.15163442 0.24690785 -0.11634385
v 0.15789039 0.25071506 -0.11422178
v 0.14935908 0.24829644 -0.11855030
v 0.14930469 0.24825293 -0.11851512
v 0.14925018 0.24823433 -0.11846246
v 0.14673328 0.24968746 -0.12032141
v 0.14678258 0.24970905 -0.12037791
v 0.14405486 0.25123385 -0.12185007
v 0.14409862 0.25125864 -0.12190972
v 0.14128524 0.25288296 -0.12309202
v 0.14124729 0.25285479 -0.12302992
v 0.13841577 0.25461456 -0.12395314
v 0.13837646 0.25456235 -0.12391052
v 0.13834450 0.25453073 -0.12384673
v 0.13538161 0.25624135 -0.12429062
v 0.13540743 0.25627652 -0.12435533
v 0.13239442 0.25796601 -0.12435622
v 0.13241407 0.25800472 -0.12442107
v 0.12949587 0.25985286 -0.12416489
v 0.12945953 0.25978544 -0.12414982
v 0.12943256 0.25972611 -0.12410693
v 0.12941904 0.25968385 -0.12404273
v 0.12652186 0.26148152 -0.12345866
v 0.12655678 0.26154974 -0.12347340
v 0.12594450 0.26190323 -0.12327951
v 0.15462949 0.25331836 -0.06863920
v 0.16304788 0.24855139 -0.08348880
v 0.16478043 0.24703123 -0.09475762
v 0.12740065 0.26603024 -0.06588828
v 0.12761936 0.26590791 -0.06659545
v 0.12740932 0.26601616 -0.06589659
v 0.12762268 0.26587999 -0.06656286
v 0.12762104 0.26589394 -0.06657919
v 0.12741800 0.26599577 -0.06590260
v 0.12733522 0.26585412 -0.06590387
v 0.12731501 0.26585281 -0.06589659
v 0.12729478 0.26585147 -0.06588939
v 0.12751760 0.26572674 -0.06659490
v 0.12752673 0.26573059 -0.06657919
v 0.12754108 0.26573659 -0.06656442
v 0.13070168 0.26519171 -0.06499320
v 0.13149455 0.26364214 -0.06421671
v 0.13148588 0.26366255 -0.06421068
v 0.13147722 0.26367663 -0.06420237
v 0.13141176 0.26350054 -0.06421797
v 0.13139157 0.26349920 -0.06421068
v 0.13137133 0.26349786 -0.06420349
v 0.13159415 0.26337313 -0.06490899
v 0.13160329 0.26337698 -0.06489328
v 0.13161766 0.26338300 -0.06487849
v 0.13169923 0.26352641 -0.06487695
v 0.13169760 0.26354033 -0.06489328
v 0.13169591 0.26355430 -0.06490953
v 0.13011565 0.26265312 -0.06501154
v 0.13003402 0.26313311 -0.06391243
v 0.12583379 0.26782205 -0.06655393
v 0.12555851 0.26554668 -0.06627118
v 0.12587432 0.26622908 -0.06265954
v 0.12647679 0.27291197 -0.12743074
v 0.12631554 0.27300508 -0.12809044
v 0.12667815 0.27279574 -0.12803458
v 0.12711400 0.27254409 -0.12844124
v 0.12737795 0.27239171 -0.12892634
v 0.12766756 0.27222449 -0.12854180
v 0.12819049 0.27192259 -0.12830928
v 0.12867555 0.27164253 -0.12830765
v 0.12854268 0.27171925 -0.12780601
v 0.12862976 0.27166897 -0.12716682
v 0.12887091 0.27152972 -0.12668000
v 0.12842840 0.27178523 -0.12656300
v 0.12799254 0.27203685 -0.12615632
v 0.12780616 0.27214446 -0.12568921
v 0.12743899 0.27235645 -0.12605576
v 0.12691607 0.27265838 -0.12628828
v 0.12656388 0.27286169 -0.12679155
v 0.11188760 0.28133506 -0.11194791
v 0.11237754 0.28105219 -0.11156056
v 0.11206948 0.28123003 -0.11133589
v 0.11196198 0.28129211 -0.11070085
v 0.11147704 0.27765943 -0.10771487
v 0.11159391 0.28150460 -0.11021297
v 0.11106389 0.28181061 -0.11000296
v 0.11069058 0.28202615 -0.10964253
v 0.11051394 0.28212813 -0.11012708
v 0.11009141 0.28237209 -0.11055209
v 0.10963484 0.28263568 -0.11074438
v 0.10990953 0.28247708 -0.11116412
v 0.11001703 0.28241503 -0.11179914
v 0.10989895 0.28248319 -0.11229364
v 0.11038511 0.28220251 -0.11228703
v 0.11091512 0.28189650 -0.11249705
v 0.11133608 0.28165348 -0.11289370
v 0.11146508 0.28157899 -0.11237292
v 0.10693533 0.28419426 -0.08546063
v 0.10634470 0.28453526 -0.08539180
v 0.10645531 0.28447139 -0.08579446
v 0.10618415 0.28462794 -0.08636071
v 0.10619452 0.28462195 -0.08700764
v 0.10642748 0.28448746 -0.08749459
v 0.10682034 0.28426063 -0.08781660
v 0.10699430 0.28416020 -0.08823659
v 0.10729529 0.28398642 -0.08790988
v 0.10775825 0.28371912 -0.08775599
v 0.10801154 0.28241819 -0.08781206
v 0.10811755 0.28351170 -0.08738538
v 0.10830200 0.28340518 -0.08687147
v 0.10830243 0.28309931 -0.08533054
v 0.10827509 0.28342074 -0.08631604
v 0.10798598 0.28358766 -0.08576176
v 0.10749559 0.28387079 -0.08544866
v 0.11698519 0.27839196 -0.06606720
v 0.11708573 0.27833390 -0.06561635
v 0.11696402 0.27840418 -0.06507808
v 0.11705663 0.27835071 -0.06453215
v 0.11740882 0.27814737 -0.06402887
v 0.11793175 0.27784547 -0.06379636
v 0.11848530 0.27752587 -0.06389691
v 0.11892065 0.27727451 -0.06374198
v 0.11892115 0.27727422 -0.06430359
v 0.11912252 0.27715796 -0.06490742
v 0.11912749 0.27636780 -0.06518240
v 0.11903544 0.27720824 -0.06554660
v 0.11874687 0.27737486 -0.06599207
v 0.11831948 0.27762160 -0.06624884
v 0.11801034 0.27671757 -0.06683174
v 0.11783795 0.27789962 -0.06626607
v 0.11739761 0.27815384 -0.06604033
v 0.13933699 0.26548713 -0.05595085
v 0.13944449 0.26542509 -0.05658589
v 0.13926260 0.26553008 -0.05719791
v 0.13969891 0.26527818 -0.05737572
v 0.13884008 0.26577404 -0.05762291
v 0.13837104 0.26604483 -0.05774997
v 0.13790071 0.26631638 -0.05762946
v 0.13745649 0.26477868 -0.05912550
v 0.13752224 0.26653489 -0.05728524
v 0.13697970 0.26684812 -0.05649997
v 0.13896891 0.26569965 -0.05546298
v 0.13843890 0.26600567 -0.05525295
v 0.13769631 0.26643439 -0.05496779
v 0.13788894 0.26632318 -0.05537708
v 0.13751410 0.26653957 -0.05572655
v 0.13730769 0.26665875 -0.05622920
v 0.13731059 0.26665708 -0.05678550
v 0.15933485 0.25336402 -0.06653173
v 0.15934181 0.25393736 -0.06603122
v 0.15890388 0.25419021 -0.06626307
v 0.15842219 0.25446829 -0.06625256
v 0.15793180 0.25475141 -0.06593946
v 0.15723756 0.25396610 -0.06702801
v 0.15764269 0.25491834 -0.06538518
v 0.15763234 0.25492433 -0.06473825
v 0.15742178 0.25504589 -0.06417857
v 0.15790348 0.25476778 -0.06417200
v 0.15838350 0.25449064 -0.06383816
v 0.15894377 0.25416717 -0.06382620
v 0.15937380 0.25391889 -0.06407699
v 0.15966702 0.25374961 -0.06451841
v 0.16005148 0.25247217 -0.06369392
v 0.15976532 0.25369284 -0.06506300
v 0.15964925 0.25375986 -0.06560292
v 0.16822232 0.24808850 -0.08534228
v 0.16954164 0.24804847 -0.08541305
v 0.17000619 0.24778026 -0.08556048
v 0.16962996 0.24713146 -0.08504300
v 0.17036933 0.24757060 -0.08592605
v 0.17057069 0.24745436 -0.08652988
v 0.17048362 0.24750462 -0.08716907
v 0.17013143 0.24770796 -0.08767235
v 0.16998144 0.24779456 -0.08825923
v 0.16960849 0.24800988 -0.08790486
v 0.16905494 0.24832948 -0.08780430
v 0.16851452 0.24864149 -0.08784060
v 0.16861910 0.24858111 -0.08739763
v 0.16842929 0.24869069 -0.08688633
v 0.16722773 0.24794103 -0.08774779
v 0.16845039 0.24867851 -0.08633056
v 0.16867824 0.24854696 -0.08584040
v 0.16906771 0.24832210 -0.08551294
v 0.16557170 0.25034052 -0.11001510
v 0.16605234 0.25006303 -0.11005333
v 0.16643195 0.24984387 -0.10986520
v 0.16647102 0.24982131 -0.11032858
v 0.16674480 0.24966323 -0.11078631
v 0.16885244 0.24692974 -0.10994696
v 0.16681948 0.24962011 -0.11133589
v 0.16663760 0.24972512 -0.11194791
v 0.16621508 0.24996907 -0.11237291
v 0.16566512 0.25028658 -0.11249705
v 0.16530192 0.25049629 -0.11281457
v 0.16513510 0.25059259 -0.11228703
v 0.16476703 0.25080511 -0.11179914
v 0.16465953 0.25086716 -0.11116412
v 0.16479877 0.25078678 -0.11063154
v 0.16512431 0.25059882 -0.11022147
v 0.16377875 0.25042159 -0.10977863
v 0.14812510 0.26041332 -0.12699765
v 0.14813545 0.26040733 -0.12764458
v 0.14842457 0.26024044 -0.12819886
v 0.14891495 0.25995731 -0.12851197
v 0.14947522 0.25963384 -0.12850000
v 0.14993136 0.25937049 -0.12869096
v 0.14995523 0.25935671 -0.12816615
v 0.15022640 0.25920013 -0.12759991
v 0.15021603 0.25920612 -0.12695298
v 0.14992692 0.25937304 -0.12639870
v 0.14984064 0.25942284 -0.12584677
v 0.14943653 0.25965616 -0.12608559
v 0.14887626 0.25997964 -0.12609756
v 0.14841854 0.26024390 -0.12590726
v 0.14839624 0.26025677 -0.12643141
v 0.15405589 0.28932080 -0.11139662
v 0.15019399 0.29155046 -0.11132944
v 0.15101303 0.29066467 -0.11162017
v 0.14645821 0.29370731 -0.11019702
v 0.14635283 0.29368031 -0.11016862
v 0.14306569 0.29566598 -0.10806517
v 0.14021359 0.29731265 -0.10505779
v 0.13806766 0.29855159 -0.10134966
v 0.13831545 0.29808393 -0.10250881
v 0.13675261 0.29931086 -0.09715627
v 0.13634485 0.29954627 -0.09272134
v 0.13608170 0.29937368 -0.09395611
v 0.13686812 0.29924417 -0.08830260
v 0.13829195 0.29842210 -0.08415686
v 0.13754596 0.29852836 -0.08518436
v 0.14053366 0.29712784 -0.08052504
v 0.14097434 0.29653105 -0.07977309
v 0.14346293 0.29543665 -0.07761823
v 0.14690951 0.29344675 -0.07560535
v 0.15127379 0.29083030 -0.07456747
v 0.15453504 0.28904417 -0.07467056
v 0.15578940 0.28797037 -0.07482182
v 0.15827081 0.28688732 -0.07580297
v 0.16166332 0.28492865 -0.07793482
v 0.16451542 0.28328198 -0.08094221
v 0.16725781 0.28158213 -0.08626529
v 0.16853090 0.28137241 -0.09575564
v 0.16419536 0.28346676 -0.10547496
v 0.16126610 0.28515798 -0.10838177
v 0.15781951 0.28714788 -0.11039466
v 0.15828747 0.28650505 -0.11025194
v 0.16858733 0.28109840 -0.08903249
v 0.16829298 0.28247096 -0.08598902
v 0.13684350 0.29957943 -0.10191987
v 0.15998322 0.28720501 -0.07693282
v 0.10620379 0.28472082 -0.09799216
v 0.10598222 0.28474453 -0.09894062
v 0.12017282 0.30715264 -0.09773591
v 0.11979173 0.30563912 -0.09783960
v 0.11987143 0.30559310 -0.09784648
v 0.12034918 0.30531728 -0.09801652
v 0.12047105 0.30524692 -0.09810234
v 0.12153366 0.30636544 -0.09845268
v 0.11920689 0.30770883 -0.09960754
v 0.10595689 0.28475916 -0.09960754
v 0.11943466 0.30757731 -0.10022110
v 0.10618467 0.28462765 -0.10022110
v 0.12164240 0.30630270 -0.09865747
v 0.10839240 0.28335300 -0.09865747
v 0.10797105 0.28359628 -0.09810234
v 0.10737143 0.28394246 -0.09784648
v 0.10673872 0.28430775 -0.09795184
v 0.11992653 0.30729333 -0.10069258
v 0.10667653 0.28434366 -0.10069258
v 0.12055361 0.30693129 -0.10083605
v 0.10730360 0.28398162 -0.10083605
v 0.12116401 0.30657887 -0.10061680
v 0.10791401 0.28362921 -0.10061680
v 0.12160993 0.30632141 -0.10008790
v 0.10835994 0.28337175 -0.10008790
v 0.12178340 0.30622128 -0.09937744
v 0.10853340 0.28327161 -0.09937744
v 0.16288899 0.28075689 -0.05816516
v 0.15038899 0.25910628 -0.05816516
v 0.15022588 0.25920042 -0.05781826
v 0.16347589 0.28215012 -0.05781826
v 0.16372909 0.28200258 -0.05867349
v 0.16296752 0.28071156 -0.05854286
v 0.16332187 0.28223868 -0.05987972
v 0.16286302 0.28077188 -0.05930989
v 0.16244039 0.28101590 -0.05991382
v 0.16223449 0.28113478 -0.06005538
v 0.16181287 0.28137818 -0.06019283
v 0.16295286 0.28245208 -0.05733026
v 0.14970286 0.25950241 -0.05733026
v 0.16228861 0.28283557 -0.05720960
v 0.14903860 0.25988591 -0.05720960
v 0.16235746 0.28279582 -0.06019915
v 0.14910747 0.25984615 -0.06019915
v 0.14973448 0.25948414 -0.06005538
v 0.15022619 0.25920025 -0.05958369
v 0.15046352 0.25906324 -0.05889829
v 0.16168906 0.28318173 -0.05746574
v 0.14843906 0.26023206 -0.05746574
v 0.16126792 0.28342488 -0.05802106
v 0.14801793 0.26047519 -0.05802106
v 0.16112716 0.28350616 -0.05874110
v 0.14787716 0.26055646 -0.05874110
v 0.16130087 0.28340584 -0.05945148
v 0.14805087 0.26045617 -0.05945148
v 0.16174698 0.28314829 -0.05998017
v 0.14849699 0.26019862 -0.05998017
v 0.12484391 0.30445430 -0.11021297
v 0.12521198 0.30424178 -0.11070085
v 0.12531948 0.30417973 -0.11133589
v 0.12513760 0.30428472 -0.11194791
v 0.12471508 0.30452865 -0.11237292
v 0.12416513 0.30484620 -0.11249705
v 0.12363510 0.30515218 -0.11228703
v 0.12326703 0.30536470 -0.11179914
v 0.12315954 0.30542675 -0.11116412
v 0.12334141 0.30532175 -0.11055209
v 0.12376394 0.30507782 -0.11012708
v 0.12431389 0.30476031 -0.11000296
v 0.12152509 0.30637041 -0.08631604
v 0.12155201 0.30635488 -0.08687147
v 0.12136755 0.30646136 -0.08738538
v 0.12100825 0.30666879 -0.08775599
v 0.12054529 0.30693609 -0.08790988
v 0.12007034 0.30721030 -0.08781660
v 0.11967748 0.30743712 -0.08749459
v 0.11944452 0.30757162 -0.08700764
v 0.11943416 0.30757761 -0.08636071
v 0.11970531 0.30742106 -0.08579446
v 0.12018533 0.30714393 -0.08546063
v 0.12074559 0.30682045 -0.08544866
v 0.12123598 0.30653733 -0.08576176
v 0.13228545 0.30015790 -0.06554660
v 0.13199687 0.30032453 -0.06599207
v 0.13156949 0.30057126 -0.06624884
v 0.13108794 0.30084929 -0.06626607
v 0.13064761 0.30110350 -0.06604033
v 0.13033572 0.30128360 -0.06561635
v 0.13021402 0.30135384 -0.06507808
v 0.13030663 0.30130038 -0.06453215
v 0.13065882 0.30109704 -0.06402887
v 0.13118175 0.30079514 -0.06379636
v 0.13173531 0.30047554 -0.06389691
v 0.13217115 0.30022389 -0.06430359
v 0.13237251 0.30010766 -0.06490742
v 0.15209007 0.28872371 -0.05762291
v 0.15162104 0.28899449 -0.05774997
v 0.15115070 0.28926605 -0.05762946
v 0.15077223 0.28948456 -0.05728524
v 0.15056059 0.28960675 -0.05678550
v 0.15055768 0.28960842 -0.05622920
v 0.15076409 0.28948927 -0.05572655
v 0.15113895 0.28927284 -0.05537708
v 0.15168889 0.28895533 -0.05525295
v 0.15221891 0.28864932 -0.05546298
v 0.15258698 0.28843680 -0.05595085
v 0.15269448 0.28837475 -0.05658589
v 0.15251260 0.28847978 -0.05719791
v 0.17167220 0.27741796 -0.06625256
v 0.17118180 0.27770108 -0.06593946
v 0.17089269 0.27786800 -0.06538518
v 0.17088233 0.27787399 -0.06473825
v 0.17115349 0.27771744 -0.06417200
v 0.17163350 0.27744031 -0.06383816
v 0.17219377 0.27711684 -0.06382620
v 0.17262380 0.27686855 -0.06407699
v 0.17291701 0.27669927 -0.06451841
v 0.17301531 0.27664250 -0.06506300
v 0.17289926 0.27670953 -0.06560292
v 0.17259181 0.27688703 -0.06603122
v 0.17215388 0.27713987 -0.06626307
v 0.18186909 0.27153078 -0.08739763
v 0.18167928 0.27164036 -0.08688633
v 0.18170039 0.27162817 -0.08633056
v 0.18192825 0.27149662 -0.08584040
v 0.18231770 0.27127177 -0.08551294
v 0.18279165 0.27099815 -0.08541305
v 0.18325619 0.27072993 -0.08556048
v 0.18361934 0.27052027 -0.08592605
v 0.18382069 0.27040404 -0.08652988
v 0.18373361 0.27045429 -0.08716907
v 0.18338142 0.27065763 -0.08767235
v 0.18285850 0.27095956 -0.08790486
v 0.18230493 0.27127916 -0.08780430
v 0.17790954 0.27381682 -0.11116412
v 0.17804876 0.27373645 -0.11063154
v 0.17837431 0.27354848 -0.11022147
v 0.17882171 0.27329019 -0.11001510
v 0.17930233 0.27301270 -0.11005333
v 0.17972101 0.27277097 -0.11032858
v 0.17999481 0.27261290 -0.11078631
v 0.18006948 0.27256978 -0.11133589
v 0.17988761 0.27267480 -0.11194791
v 0.17946507 0.27291873 -0.11237291
v 0.17891513 0.27323624 -0.11249705
v 0.17838511 0.27354226 -0.11228703
v 0.17801704 0.27375478 -0.11179914
v 0.16164625 0.28320646 -0.12643141
v 0.16212626 0.28292930 -0.12609756
v 0.16268653 0.28260583 -0.12608559
v 0.16317691 0.28232270 -0.12639870
v 0.16346602 0.28215581 -0.12695298
v 0.16347639 0.28214982 -0.12759991
v 0.16320524 0.28230637 -0.12816615
v 0.16272521 0.28258350 -0.12850000
v 0.16216496 0.28290698 -0.12851197
v 0.16167456 0.28319010 -0.12819886
v 0.16138546 0.28335702 -0.12764458
v 0.16137509 0.28336301 -0.12699765
v 0.14068899 0.29530612 -0.12605576
v 0.14124255 0.29498655 -0.12615632
v 0.14167839 0.29473490 -0.12656300
v 0.14187975 0.29461864 -0.12716682
v 0.14179267 0.29466891 -0.12780601
v 0.14144048 0.29487225 -0.12830928
v 0.14091755 0.29517415 -0.12854180
v 0.14036401 0.29549375 -0.12844124
v 0.13992815 0.29574540 -0.12803458
v 0.13972679 0.29586166 -0.12743074
v 0.13981387 0.29581138 -0.12679155
v 0.14016606 0.29560804 -0.12628828
v 0.17061989 0.27838849 -0.08874205
v 0.14319967 0.29385659 -0.05916911
v 0.16291299 0.28235611 -0.05605445
v 0.17237444 0.27699097 -0.06234411
v 0.17353055 0.27634504 -0.06714516
v 0.17524598 0.27535466 -0.12055538
v 0.17660195 0.27457172 -0.11360141
v 0.12402631 0.30492634 -0.10521578
v 0.12206206 0.30606040 -0.07463974
v 0.12264694 0.30572271 -0.09021288
v 0.11903735 0.30771965 -0.10401588
v 0.11896505 0.30784845 -0.10195806
v 0.12321174 0.30539662 -0.09635609
v 0.11918605 0.30777864 -0.09908302
v 0.12035271 0.30692410 -0.10842741
v 0.13036013 0.30126950 -0.11809873
v 0.12418440 0.30472099 -0.11637149
v 0.12911828 0.30198649 -0.10459157
v 0.13700269 0.29743428 -0.12095520
v 0.13262053 0.29990108 -0.12566477
v 0.15961206 0.28438094 -0.13072045
v 0.16531588 0.28108779 -0.12561917
v 0.16621739 0.28056733 -0.12792233
v 0.16018278 0.28405106 -0.12142772
v 0.17193271 0.27726755 -0.11946062
v 0.16455257 0.28152847 -0.11731686
v 0.17131314 0.27762526 -0.11964238
v 0.17312026 0.27658191 -0.12156929
v 0.17322792 0.27651978 -0.12084168
v 0.17302200 0.27663866 -0.12014288
v 0.17255235 0.27690980 -0.11964210
v 0.17277397 0.27678186 -0.12210385
v 0.17215857 0.27719119 -0.12259707
v 0.17226112 0.27707794 -0.12241198
v 0.17111717 0.27773842 -0.12219875
v 0.17084368 0.27789631 -0.12014338
v 0.17062553 0.27802190 -0.12072761
v 0.17999606 0.27253768 -0.11428994
v 0.18437986 0.26995701 -0.10425542
v 0.17998792 0.27261686 -0.08939610
v 0.16891318 0.27901100 -0.06829703
v 0.15944016 0.28448012 -0.06171097
v 0.15359403 0.28785555 -0.05816555
v 0.15071526 0.28944450 -0.05387155
v 0.13983442 0.29572742 -0.05620317
v 0.13156839 0.30042481 -0.06117256
v 0.13308521 0.29969659 -0.06536492
v 0.14872417 0.29066703 -0.11925722
v 0.13339296 0.29951850 -0.06727310
v 0.17700603 0.27433841 -0.10857629
v 0.17924764 0.27304430 -0.08173639
v 0.15825602 0.25466854 -0.12270979
v 0.15901111 0.25412828 -0.12241198
v 0.17003059 0.27663368 -0.12165298
v 0.16999590 0.27665371 -0.12156984
v 0.16988456 0.27671799 -0.12100706
v 0.16988799 0.27671602 -0.12084229
v 0.15952398 0.25383219 -0.12210385
v 0.15987027 0.25363225 -0.12156929
v 0.15759367 0.25494665 -0.12014338
v 0.15738799 0.25506538 -0.12084229
v 0.15749590 0.25500309 -0.12156984
v 0.15789129 0.25477481 -0.12214987
v 0.15997793 0.25357008 -0.12084168
v 0.15977199 0.25368899 -0.12014288
v 0.15930235 0.25396013 -0.11964210
v 0.15868272 0.25431788 -0.11946062
v 0.15806314 0.25467560 -0.11964238
v 0.11758642 0.30835684 -0.09638739
v 0.11780281 0.30843226 -0.08956171
v 0.11818299 0.30821690 -0.08646665
v 0.15602072 0.28637764 -0.05409337
v 0.12124479 0.30648556 -0.07554761
v 0.11928789 0.30740654 -0.08039479
v 0.12472761 0.30445814 -0.06902053
v 0.14629494 0.29196934 -0.05428446
v 0.16914641 0.27883032 -0.05942444
v 0.17354706 0.27603693 -0.06316708
v 0.17839264 0.27342949 -0.06877348
v 0.17579644 0.27489858 -0.12059689
v 0.18563959 0.26925074 -0.09208876
v 0.18262366 0.27100794 -0.07711810
v 0.18431961 0.27006841 -0.08298198
v 0.16926253 0.27874297 -0.12641147
v 0.16299231 0.28218176 -0.12996060
v 0.15700827 0.28569126 -0.13171494
v 0.14745892 0.29132435 -0.13211140
v 0.13853162 0.29650124 -0.12912949
v 0.16678559 0.24840155 -0.11266920
v 0.14854472 0.25889053 -0.12945524
v 0.12226028 0.27361463 -0.12902050
v 0.16652230 0.28212342 -0.08494891
v 0.16646236 0.28212350 -0.10169876
v 0.16639601 0.28219622 -0.10129032
v 0.16502291 0.28298900 -0.10384404
v 0.16330452 0.28398108 -0.10610197
v 0.16128771 0.28514549 -0.10800251
v 0.15443148 0.28909869 -0.11112327
v 0.15330303 0.28975546 -0.07483230
v 0.15587991 0.28826770 -0.07525845
v 0.15836090 0.28683528 -0.07616855
v 0.16067833 0.28549734 -0.07753777
v 0.16276897 0.28429028 -0.07932875
v 0.16457582 0.28324711 -0.08149266
v 0.14385156 0.29521234 -0.10835257
v 0.14728084 0.29323246 -0.11025889
v 0.13864791 0.29821667 -0.10202601
v 0.13813952 0.29851019 -0.08509254
v 0.14091716 0.29690654 -0.10555406
v 0.13717592 0.29906654 -0.09797342
v 0.14295142 0.29573203 -0.07836486
v 0.15070055 0.29125801 -0.07490171
v 0.13658647 0.29940684 -0.09363089
v 0.14019241 0.29732495 -0.08139050
v 0.13691405 0.29921773 -0.08925314
v 0.16606643 0.28233194 -0.08550875
v 0.15400392 0.28924933 -0.11130925
v 0.15397722 0.28919300 -0.11135665
v 0.15204869 0.29030645 -0.11145771
v 0.15067604 0.29123441 -0.11129495
v 0.14417146 0.29496590 -0.10886177
v 0.14209844 0.29596988 -0.10733823
v 0.14053061 0.29705934 -0.10538783
v 0.13848236 0.29822041 -0.10221464
v 0.13697483 0.29909077 -0.09812176
v 0.13635936 0.29944611 -0.09373127
v 0.13667173 0.29926577 -0.08929816
v 0.13789384 0.29856019 -0.08508014
v 0.13995460 0.29737042 -0.08132246
v 0.14266573 0.29579152 -0.07828791
v 0.14566694 0.29412637 -0.07623692
v 0.14619583 0.29383715 -0.07608712
v 0.14659606 0.29319255 -0.07536328
v 0.14877416 0.29232380 -0.07511909
v 0.15034369 0.29145847 -0.07487264
v 0.15655725 0.28766280 -0.11080226
v 0.16775645 0.28150732 -0.08810903
v 0.15835962 0.28662220 -0.07591223
v 0.16466917 0.28297937 -0.08131742
v 0.16220060 0.28418078 -0.07840838
v 0.16071235 0.28526384 -0.07730230
v 0.16579611 0.28225908 -0.08312285
v 0.16133101 0.28490666 -0.10823098
v 0.15903638 0.28623146 -0.10974500
v 0.15327004 0.28967306 -0.07462054
v 0.15587695 0.28816795 -0.07505166
v 0.15838686 0.28671885 -0.07597237
v 0.16073130 0.28536528 -0.07735755
v 0.16284631 0.28414419 -0.07916941
v 0.16467421 0.28308883 -0.08135854
v 0.16616513 0.28222805 -0.08386521
v 0.16727841 0.28158531 -0.08662106
v 0.16576243 0.28188574 -0.10348410
v 0.16338810 0.28383139 -0.10625468
v 0.16134779 0.28500935 -0.10817736
v 0.15906124 0.28632951 -0.10968606
v 0.15659082 0.28775579 -0.11073959
v 0.15329753 0.28973225 -0.07471769
v 0.15589067 0.28823513 -0.07514653
v 0.15838730 0.28679368 -0.07606238
v 0.16071935 0.28544727 -0.07744024
v 0.16282319 0.28423262 -0.07924252
v 0.16464143 0.28318286 -0.08142007
v 0.16612446 0.28232664 -0.08391350
v 0.16723186 0.28168729 -0.08665477
v 0.16509134 0.28292310 -0.10391245
v 0.16336210 0.28392148 -0.10618462
v 0.16133258 0.28509322 -0.10809714
v 0.15905812 0.28640640 -0.10959785
v 0.15698085 0.28762777 -0.11049061
v 0.15135450 0.28548798 -0.09115944
v 0.13803649 0.29974345 -0.08570678
v 0.15609465 0.28779335 -0.11017510
v 0.14304253 0.29765531 -0.09545573
v 0.15686379 0.25284697 -0.06731690
v 0.15717504 0.25384118 -0.06347267
v 0.17091584 0.24586818 -0.08724631
v 0.15048681 0.25760479 -0.12721809
v 0.12774813 0.27044593 -0.12719720
v 0.12596975 0.27220194 -0.12617851
v 0.10451139 0.28418591 -0.08751867
v 0.11483611 0.27823488 -0.06325969
v 0.13917134 0.26399550 -0.05345787
v 0.16295756 0.24983191 -0.11223386
v 0.16521983 0.24707960 -0.08407542
v 0.12835924 0.26943595 -0.05859601
v 0.14603555 0.25886241 -0.12761118
v 0.14023419 0.26025099 -0.10001119
v 0.12674243 0.26804793 -0.11710071
v 0.14493266 0.25778940 -0.07183082
v 0.11448466 0.27546567 -0.08226535
v 0.14854111 0.28828566 -0.07591913
v 0.13764366 0.29421203 -0.08101887
v 0.16474346 0.27871445 -0.10188707
v 0.16222566 0.27999359 -0.08031351
v 0.15152279 0.28658750 -0.07355007
v 0.16629228 0.27774725 -0.09045547
v 0.15985868 0.28146356 -0.10836294
v 0.14224696 0.29153619 -0.10917626
v 0.15631951 0.28454980 -0.11039466
v 0.16269536 0.28086871 -0.10547496
v 0.16636090 0.27875239 -0.09769740
v 0.16516136 0.27944493 -0.08465035
v 0.13525259 0.29671279 -0.09715627
v 0.13871360 0.29471457 -0.10505779
v 0.14495821 0.29110923 -0.11019702
v 0.14869398 0.28895238 -0.11132944
v 0.13156881 0.27343620 -0.05985426
v 0.14269902 0.29241359 -0.06033351
v 0.14245886 0.29255223 -0.05937272
v 0.13213488 0.27310938 -0.05915717
v 0.14320963 0.29211881 -0.05906703
v 0.14736697 0.28971854 -0.05924071
v 0.15212643 0.28697067 -0.05903124
v 0.14112644 0.26791811 -0.05903124
v 0.16211182 0.28120559 -0.06157818
v 0.15111181 0.26215303 -0.06157818
v 0.15974016 0.28257486 -0.06058144
v 0.14874017 0.26352233 -0.06058144
v 0.15780722 0.25828746 -0.06604179
v 0.16880722 0.27733999 -0.06604179
v 0.15974060 0.25717121 -0.06791505
v 0.17074060 0.27622378 -0.06791505
v 0.16861627 0.25204685 -0.08566638
v 0.17961627 0.27109939 -0.08566638
v 0.16905452 0.25179380 -0.08853639
v 0.18005453 0.27084637 -0.08853639
v 0.16597204 0.25357348 -0.10872246
v 0.17697205 0.27262604 -0.10872246
v 0.16471012 0.25430205 -0.11124630
v 0.17571011 0.27335462 -0.11124630
v 0.16880722 0.27733999 -0.11995822
v 0.15780722 0.25828746 -0.11995822
v 0.17074060 0.27622378 -0.11808495
v 0.15974060 0.25717121 -0.11808495
v 0.13098884 0.27377105 -0.12541856
v 0.14198884 0.29282361 -0.12541856
v 0.12861721 0.27514032 -0.12442183
v 0.13961720 0.29419288 -0.12442183
v 0.11501890 0.28299129 -0.11124630
v 0.12601890 0.30204386 -0.11124630
v 0.11375698 0.28371987 -0.10872246
v 0.12475698 0.30277243 -0.10872246
v 0.12167449 0.30455211 -0.09746361
v 0.11067449 0.28549954 -0.09746361
v 0.12211275 0.30429909 -0.10033362
v 0.11111275 0.28524652 -0.10033362
v 0.11067449 0.28549954 -0.08853640
v 0.12167449 0.30455211 -0.08853640
v 0.11111275 0.28524652 -0.08566638
v 0.12211275 0.30429909 -0.08566638
v 0.11998842 0.28012216 -0.06791505
v 0.13098842 0.29917470 -0.06791505
v 0.13879235 0.29466911 -0.06157647
v 0.13794906 0.29515597 -0.06133632
v 0.16404049 0.25122456 -0.11300581
v 0.17703083 0.27259210 -0.11333097
v 0.16479734 0.25078759 -0.11360745
v 0.17729734 0.27243823 -0.11360745
v 0.16494413 0.25070286 -0.11398484
v 0.17744413 0.27235350 -0.11398484
v 0.16494608 0.25070173 -0.11439852
v 0.17744607 0.27235237 -0.11439852
v 0.16480283 0.25078443 -0.11477773
v 0.17730284 0.27243507 -0.11477773
v 0.17600785 0.27318272 -0.11264898
v 0.17360145 0.26084224 -0.07168476
v 0.16906632 0.27719042 -0.06406049
v 0.15693082 0.25532934 -0.06356125
v 0.15617153 0.25576770 -0.06460611
v 0.15675789 0.25542918 -0.06209432
v 0.16925789 0.27707982 -0.06209432
v 0.15700480 0.25528663 -0.06239408
v 0.16950481 0.27693725 -0.06239408
v 0.15712552 0.25521693 -0.06278359
v 0.16962551 0.27686757 -0.06278359
v 0.15709935 0.25523204 -0.06319619
v 0.16959935 0.27688268 -0.06319619
v 0.16484708 0.27962640 -0.05915378
v 0.15234709 0.25797576 -0.05915378
v 0.16449881 0.27982748 -0.05905674
v 0.15199880 0.25817683 -0.05905674
v 0.16414632 0.28003100 -0.05913079
v 0.15164632 0.25838035 -0.05913079
v 0.16384993 0.28020209 -0.05936324
v 0.15134995 0.25855145 -0.05936324
v 0.16366041 0.28031152 -0.05971432
v 0.15096825 0.25877185 -0.06032841
v 0.16325641 0.28054476 -0.06099603
v 0.15939682 0.28277311 -0.05861721
v 0.14709143 0.26101011 -0.05800423
v 0.14668743 0.26124337 -0.05928593
v 0.14649443 0.26135480 -0.05669405
v 0.15899442 0.28300542 -0.05669405
v 0.14681524 0.26116958 -0.05687822
v 0.15931524 0.28282019 -0.05687822
v 0.14704405 0.26103747 -0.05719656
v 0.15954404 0.28268811 -0.05719656
v 0.14714167 0.26098111 -0.05759461
v 0.15964167 0.28263173 -0.05759461
v 0.15397863 0.28590131 -0.05567281
v 0.14147864 0.26425067 -0.05567281
v 0.14053088 0.26479787 -0.05732127
v 0.15302958 0.28644925 -0.05666820
v 0.14060368 0.26475582 -0.05626345
v 0.15310368 0.28640646 -0.05626345
v 0.14081332 0.26463479 -0.05592797
v 0.15331332 0.28628540 -0.05592797
v 0.14112262 0.26445621 -0.05571918
v 0.15362263 0.28610682 -0.05571918
v 0.15302958 0.28644922 -0.05803216
v 0.12960400 0.27110648 -0.05663059
v 0.14210400 0.29275712 -0.05663059
v 0.12977391 0.27100837 -0.05661619
v 0.14227392 0.29265901 -0.05661619
v 0.12993550 0.27091509 -0.05667860
v 0.14243551 0.29256573 -0.05667860
v 0.13006371 0.27084106 -0.05680816
v 0.14256372 0.29249170 -0.05680816
v 0.13013873 0.27079776 -0.05698480
v 0.13733253 0.29551193 -0.05863563
v 0.12483253 0.27386129 -0.05863563
v 0.12613450 0.27484168 -0.06128797
v 0.13712002 0.29563463 -0.05930384
v 0.12457918 0.27400756 -0.05911285
v 0.13707918 0.29565820 -0.05911285
v 0.12460529 0.27399248 -0.05891842
v 0.13710529 0.29564312 -0.05891842
v 0.12469434 0.27394107 -0.05875070
v 0.13719434 0.29559171 -0.05875070
v 0.12199347 0.29326506 -0.06621290
v 0.10707007 0.28411645 -0.08297694
v 0.10831130 0.28339985 -0.08434092
v 0.12025422 0.30537209 -0.08422903
v 0.10742188 0.28391334 -0.08407447
v 0.11992188 0.30556399 -0.08407447
v 0.10717217 0.28405750 -0.08377782
v 0.11967217 0.30570814 -0.08377782
v 0.10704780 0.28412932 -0.08338984
v 0.11954781 0.30577993 -0.08338984
v 0.12141749 0.30470046 -0.08446588
v 0.12005896 0.30548483 -0.08926794
v 0.10700230 0.28415558 -0.08915307
v 0.10816558 0.28348395 -0.08938992
v 0.10598855 0.28474087 -0.09005946
v 0.11848855 0.30639151 -0.09005946
v 0.10608992 0.28468233 -0.08966266
v 0.11858992 0.30633298 -0.08966266
v 0.10632170 0.28454852 -0.08934720
v 0.11882170 0.30619916 -0.08934720
v 0.10664423 0.28436232 -0.08916706
v 0.11914422 0.30601296 -0.08916706
v 0.11848855 0.30639151 -0.09594054
v 0.10598855 0.28474087 -0.09594054
v 0.11858992 0.30633298 -0.09633733
v 0.10608992 0.28468233 -0.09633733
v 0.11882170 0.30619916 -0.09665281
v 0.10632170 0.28454852 -0.09665281
v 0.11914422 0.30601296 -0.09683295
v 0.10664422 0.28436232 -0.09683295
v 0.11950230 0.30580622 -0.09684693
v 0.10755903 0.28383414 -0.09673205
v 0.12066557 0.30513459 -0.09661008
v 0.12081140 0.30505039 -0.10165905
v 0.10775422 0.28372148 -0.10177097
v 0.10891750 0.28304985 -0.10153412
v 0.10707008 0.28411645 -0.10302306
v 0.11957008 0.30576709 -0.10302306
v 0.10704780 0.28412932 -0.10261016
v 0.11954780 0.30577993 -0.10261016
v 0.10717217 0.28405750 -0.10222218
v 0.11967216 0.30570814 -0.10222218
v 0.10742188 0.28391334 -0.10192553
v 0.11992188 0.30556399 -0.10192553
v 0.12131204 0.30476135 -0.10854947
v 0.10881205 0.28311074 -0.10854947
v 0.11052209 0.28212342 -0.10867311
v 0.12253313 0.30405638 -0.10900084
v 0.10969251 0.28260240 -0.10912910
v 0.12219250 0.30425301 -0.10912910
v 0.10933607 0.28280818 -0.10908721
v 0.12183607 0.30445883 -0.10908721
v 0.10902483 0.28298786 -0.10888230
v 0.12152483 0.30463850 -0.10888230
v 0.12355610 0.30346575 -0.10831886
v 0.12584363 0.30214500 -0.12058560
v 0.12455400 0.30288961 -0.11349166
v 0.12576071 0.27332540 -0.12567178
v 0.13806860 0.29508695 -0.12628567
v 0.12537907 0.27354574 -0.12663676
v 0.13787907 0.29519638 -0.12663676
v 0.12508270 0.27371687 -0.12686920
v 0.13758270 0.29536748 -0.12686920
v 0.13847260 0.29485372 -0.12500398
v 0.13694086 0.28190572 -0.13095175
v 0.14689681 0.26112247 -0.12738280
v 0.15959142 0.28266075 -0.12799577
v 0.14714168 0.26098111 -0.12840539
v 0.15964167 0.28263173 -0.12840539
v 0.14704405 0.26103747 -0.12880343
v 0.15954404 0.28268811 -0.12880343
v 0.14681524 0.26116958 -0.12912178
v 0.15931524 0.28282019 -0.12912178
v 0.15234709 0.25797576 -0.12684622
v 0.16484708 0.27962640 -0.12684622
v 0.15199880 0.25817683 -0.12694326
v 0.16449879 0.27982748 -0.12694326
v 0.15164632 0.25838035 -0.12686920
v 0.16414632 0.28003100 -0.12686920
v 0.15134993 0.25855145 -0.12663676
v 0.16384993 0.28020209 -0.12663676
v 0.15116042 0.25866088 -0.12628569
v 0.16925789 0.27707982 -0.12390569
v 0.15675789 0.25542918 -0.12390569
v 0.16950481 0.27693725 -0.12360592
v 0.15700480 0.25528663 -0.12360592
v 0.16962551 0.27686757 -0.12321641
v 0.15712552 0.25521693 -0.12321641
v 0.16959935 0.27688268 -0.12280381
v 0.15709935 0.25523204 -0.12280381
v 0.16943081 0.27697998 -0.12243874
v 0.15656641 0.25553973 -0.12193964
v 0.16867153 0.27741835 -0.12139389
v 0.17238540 0.27527413 -0.11872366
v 0.16024788 0.25341424 -0.11922481
v 0.15948860 0.25385261 -0.11817995
v 0.16152902 0.25267458 -0.11928289
v 0.17402902 0.27432519 -0.11928289
v 0.16123047 0.25284693 -0.11951162
v 0.17373048 0.27449757 -0.11951162
v 0.16087732 0.25305083 -0.11958125
v 0.17337732 0.27470145 -0.11958125
v 0.16052997 0.25325137 -0.11947986
v 0.17302996 0.27490202 -0.11947986
v 0.15918742 0.28289399 -0.12671408
v 0.15111181 0.26215306 -0.12442182
v 0.16211180 0.28120559 -0.12442182
v 0.14874017 0.26352233 -0.12541857
v 0.15974016 0.28257486 -0.12541857
v 0.16850626 0.27751377 -0.06495843
v 0.16307481 0.28064960 -0.06133746
v 0.16279170 0.28081307 -0.06156917
v 0.12198700 0.30437168 -0.08489480
v 0.12211820 0.30429593 -0.08526574
v 0.13069066 0.29934663 -0.06812082
v 0.13034685 0.29954511 -0.06817510
v 0.13001220 0.29973832 -0.06806917
v 0.12132778 0.30475226 -0.09678822
v 0.12156094 0.30461767 -0.09708498
v 0.12132779 0.30475226 -0.08921178
v 0.16858003 0.27747118 -0.06573892
v 0.16847403 0.27753237 -0.06535739
v 0.17749789 0.27232245 -0.10822473
v 0.17961082 0.27110255 -0.08526574
v 0.17974201 0.27102679 -0.08489480
v 0.15296005 0.28648937 -0.05842472
v 0.15913647 0.28292340 -0.05968226
v 0.15276265 0.28660333 -0.05875425
v 0.17719088 0.27249968 -0.10841151
v 0.18040124 0.27064621 -0.08921178
v 0.17950780 0.25873783 -0.09829603
v 0.15943697 0.28274992 -0.06038656
v 0.15922436 0.28287268 -0.06006989
v 0.15246907 0.28677285 -0.05896785
v 0.12612927 0.30198014 -0.11202102
v 0.12598082 0.30206585 -0.11238319
v 0.13865420 0.29474887 -0.12466254
v 0.12156094 0.30461767 -0.08891502
v 0.16858003 0.27747118 -0.12026108
v 0.17574820 0.27333263 -0.11238318
v 0.17103836 0.27605185 -0.11787918
v 0.12453812 0.30289879 -0.10841151
v 0.12423113 0.30307603 -0.10822473
v 0.12388528 0.30327570 -0.10819209
v 0.12211820 0.30429593 -0.10073426
v 0.14259255 0.29247504 -0.12631772
v 0.15913647 0.28292340 -0.12631772
v 0.14250465 0.29252580 -0.12593010
v 0.15922436 0.28287268 -0.12593010
v 0.15943697 0.28274992 -0.12561344
v 0.17103836 0.27605185 -0.06812081
v 0.17998879 0.27088434 -0.08461310
v 0.12101245 0.30493432 -0.09662097
v 0.12101246 0.30493432 -0.08937903
v 0.16245256 0.28100887 -0.12434606
v 0.16850626 0.27751377 -0.12104157
v 0.16847403 0.27753237 -0.12064262
v 0.12198700 0.30437168 -0.10110521
v 0.12174023 0.30451414 -0.10138690
v 0.17558633 0.27342609 -0.11162063
v 0.16245255 0.28100887 -0.06165394
v 0.17138216 0.27585337 -0.11782490
v 0.17171682 0.27566016 -0.11793083
v 0.18016808 0.27078080 -0.08891501
v 0.12174023 0.30451414 -0.08461311
v 0.16279170 0.28081307 -0.12443084
v 0.16307481 0.28064960 -0.12466254
v 0.16346827 0.28042246 -0.12567165
v 0.13893731 0.29458541 -0.12443084
v 0.13927646 0.29438961 -0.12434606
v 0.17559974 0.27341834 -0.11202102
v 0.14229205 0.29264855 -0.12561344
v 0.12614268 0.30197239 -0.11162063
v 0.15075642 0.25889415 -0.12500398
v 0.15758003 0.25841862 -0.12026108
v 0.15750282 0.25846320 -0.12047412
v 0.16023345 0.25688666 -0.11782837
v 0.16003835 0.25699931 -0.11787918
v 0.16619089 0.25344715 -0.10841151
v 0.16635917 0.25334999 -0.10828670
v 0.16457687 0.25437897 -0.11185132
v 0.16458634 0.25437352 -0.11162063
v 0.16916807 0.25172827 -0.08891501
v 0.16928925 0.25165829 -0.08909876
v 0.16867025 0.25201568 -0.08504523
v 0.16861083 0.25204998 -0.08526574
v 0.16020770 0.25690196 -0.06817166
v 0.15750280 0.25846320 -0.06552588
v 0.15758003 0.25841862 -0.06573892
v 0.14843698 0.26369736 -0.06038656
v 0.14830130 0.26377568 -0.06021687
v 0.15165095 0.26184177 -0.06162464
v 0.15145256 0.26195630 -0.06165394
v 0.14146906 0.26772028 -0.05896785
v 0.14164682 0.26761767 -0.05886197
v 0.14029579 0.26505828 -0.05877659
v 0.14032713 0.26491550 -0.05867473
v 0.14046004 0.26483876 -0.05842472
v 0.14690131 0.26135081 -0.06021687
v 0.14679189 0.26130834 -0.06009973
v 0.14665437 0.26125751 -0.05992996
v 0.15031949 0.25927112 -0.06158192
v 0.15037584 0.25911385 -0.06151989
v 0.15057480 0.25899899 -0.06133746
v 0.15603192 0.25597361 -0.06539066
v 0.15594958 0.25589092 -0.06519911
v 0.15968322 0.25652496 -0.06830705
v 0.15897546 0.25415219 -0.06816976
v 0.16728052 0.24947922 -0.08492299
v 0.16733919 0.24931076 -0.08468213
v 0.16793002 0.24905816 -0.08919019
v 0.16793475 0.24899821 -0.08926388
v 0.16668531 0.25037993 -0.10803136
v 0.16314183 0.25182262 -0.11200039
v 0.16312715 0.25175187 -0.11212524
v 0.16324820 0.25168198 -0.11238318
v 0.15883346 0.25446180 -0.11782837
v 0.15890740 0.25431344 -0.11782326
v 0.15897581 0.25414866 -0.11783799
v 0.15921682 0.25400952 -0.11793083
v 0.15746051 0.25509785 -0.11923520
v 0.15721021 0.25792655 -0.12018261
v 0.15603161 0.25597322 -0.12061001
v 0.15596892 0.25588468 -0.12075138
v 0.15600626 0.25586313 -0.12104157
v 0.12313563 0.27830508 -0.06477767
v 0.11949556 0.28040671 -0.06817164
v 0.11969066 0.28029406 -0.06812082
v 0.11056094 0.28556511 -0.08891502
v 0.11043977 0.28563505 -0.08909876
v 0.11105876 0.28527769 -0.08504523
v 0.11111820 0.28524336 -0.08526574
v 0.11056094 0.28556511 -0.09708498
v 0.11043977 0.28563505 -0.09690125
v 0.11105876 0.28527769 -0.10095477
v 0.11111820 0.28524336 -0.10073426
v 0.11353812 0.28384623 -0.10841151
v 0.11336984 0.28394338 -0.10828670
v 0.11515214 0.28291437 -0.11185132
v 0.11514268 0.28291982 -0.11162063
v 0.12827645 0.27533704 -0.12434606
v 0.12807807 0.27545157 -0.12437536
v 0.13142771 0.27351767 -0.12578313
v 0.13129205 0.27359599 -0.12561344
v 0.13002771 0.27109280 -0.12578313
v 0.13004564 0.27097678 -0.12590027
v 0.13012856 0.27081285 -0.12611377
v 0.12833381 0.27207077 -0.12513718
v 0.12667806 0.27302670 -0.12437536
v 0.12651752 0.27301317 -0.12441809
v 0.12635317 0.27298334 -0.12448011
v 0.12767807 0.27475876 -0.12437536
v 0.12615420 0.27309823 -0.12466254
v 0.11375215 0.28048950 -0.11185132
v 0.11368996 0.28041974 -0.11198831
v 0.11140370 0.28145291 -0.11799075
v 0.11196984 0.28151852 -0.10828670
v 0.11181230 0.28150323 -0.10823442
v 0.11163925 0.28147843 -0.10820003
v 0.11138528 0.28162506 -0.10819209
v 0.10965876 0.28285283 -0.10095477
v 0.10955699 0.28280592 -0.10107701
v 0.10943037 0.28275374 -0.10119231
v 0.10924023 0.28286353 -0.10138690
v 0.11038406 0.28499342 -0.09688370
v 0.10890447 0.28318208 -0.09680808
v 0.10874876 0.28314728 -0.09672873
v 0.10851245 0.28328368 -0.09662097
v 0.10903977 0.28321019 -0.08909876
v 0.10890517 0.28318223 -0.08919150
v 0.10871808 0.28316004 -0.08931323
v 0.10965876 0.28285283 -0.08504523
v 0.10955642 0.28280568 -0.08492240
v 0.10943037 0.28275374 -0.08480769
v 0.11065876 0.28458488 -0.08504523
v 0.10924023 0.28286353 -0.08461311
v 0.11909556 0.27971387 -0.06817164
v 0.11828882 0.27781613 -0.06772305
v 0.11793011 0.27797168 -0.06817674
v 0.12570666 0.27341425 -0.06197195
v 0.12823525 0.27189672 -0.06086221
v 0.10874644 0.28314862 -0.09299910
v 0.13836373 0.26604906 -0.12719999
v 0.14350687 0.26307967 -0.12668058
v 0.12823381 0.27189755 -0.12513718
v 0.12355480 0.27459899 -0.12261762
v 0.16476183 0.25217012 -0.07556516
v 0.16105276 0.25294954 -0.11498402
v 0.15341069 0.25765519 -0.12284028
v 0.15041942 0.25908375 -0.12448766
v 0.14853993 0.26024815 -0.12518194
v 0.14668734 0.26124340 -0.12603030
v 0.14663647 0.26127279 -0.12631772
v 0.11864041 0.28006482 -0.11747536
v 0.11053236 0.28211749 -0.10469624
v 0.10918836 0.28296779 -0.09894604
v 0.11771500 0.27798331 -0.06821361
v 0.11567526 0.27914825 -0.11498265
v 0.10918860 0.28296766 -0.08705241
v 0.11053289 0.28211719 -0.08130208
v 0.13922592 0.26571954 -0.05860926
v 0.14350839 0.26307878 -0.05931973
v 0.11271108 0.28093395 -0.11012280
v 0.14854126 0.26024739 -0.06081862
v 0.15317422 0.25749820 -0.06338238
v 0.15612719 0.25589678 -0.06551752
v 0.11434150 0.28257179 -0.07474610
v 0.15031917 0.25927186 -0.12441783
v 0.14690131 0.26135081 -0.12578313
v 0.14679135 0.26130807 -0.12590089
v 0.14830130 0.26377568 -0.12578313
v 0.14843696 0.26369736 -0.12561344
v 0.15145256 0.26195630 -0.12434606
v 0.15165095 0.26184177 -0.12437536
v 0.15984159 0.25639019 -0.11785235
v 0.15722401 0.25790146 -0.06561146
v 0.14804580 0.26320048 -0.06028380
v 0.12719787 0.27554565 -0.06197454
v 0.14460839 0.26498404 -0.05931973
v 0.15016317 0.26202318 -0.06106225
v 0.16503379 0.25293350 -0.11012511
v 0.11017394 0.28506583 -0.08902181
v 0.11076729 0.28472325 -0.10086387
v 0.11163236 0.28402275 -0.10469624
v 0.10984644 0.28505385 -0.09299910
v 0.11475214 0.28222156 -0.11185132
v 0.14076273 0.26756896 -0.05870920
v 0.14790131 0.26308286 -0.12578313
v 0.13571789 0.27035721 -0.12686105
v 0.13129977 0.27302536 -0.12553955
v 0.11312154 0.28341708 -0.10828544
v 0.15060718 0.26183792 -0.12451305
v 0.13180556 0.27203279 -0.05993860
v 0.16898601 0.25110885 -0.08908766
v 0.15514493 0.28465059 -0.07746987
v 0.15913001 0.28208530 -0.10632218
v 0.16452731 0.27923365 -0.08976536
v 0.14892454 0.28766456 -0.07733801
v 0.15248415 0.28560945 -0.07744134
v 0.15589930 0.28363770 -0.07860496
v 0.15893728 0.28188372 -0.08074958
v 0.16139102 0.28046706 -0.08372904
v 0.16309333 0.27948424 -0.08734031
v 0.16392818 0.27900222 -0.09133727
v 0.16364842 0.27915410 -0.09698899
v 0.15327529 0.28372819 -0.11154001
v 0.14051003 0.28962935 -0.10407829
v 0.13434953 0.29556556 -0.09337135
v 0.14568458 0.28953516 -0.07815286
v 0.14917193 0.28752175 -0.07726012
v 0.15274057 0.28546140 -0.07744004
v 0.15614727 0.28349453 -0.07868034
v 0.15915990 0.28175518 -0.08089650
v 0.16157313 0.28036192 -0.08393750
v 0.16322251 0.27940965 -0.08759608
v 0.15403716 0.28376395 -0.07782150
v 0.15872642 0.27994920 -0.09597130
v 0.14589433 0.28656684 -0.08229489
v 0.14180843 0.28897556 -0.07883864
v 0.16520313 0.27486763 -0.09543429
v 0.15797397 0.27974135 -0.08024428
v 0.11691521 0.30037166 -0.09736700
v 0.15146637 0.28042481 -0.05448055
v 0.15957002 0.28157854 -0.10383463
v 0.15663152 0.28356570 -0.10645583
v 0.16315581 0.27953156 -0.09628961
v 0.15598150 0.28364438 -0.10670869
v 0.16183917 0.28031296 -0.10049585
v 0.16172227 0.28027579 -0.10087981
v 0.15050523 0.28680702 -0.10811751
v 0.16132220 0.28050865 -0.10130870
v -0.01189643 0.05058779 0.79000003
v -0.01743359 0.05140670 0.79000002
v -0.01743359 0.05600670 0.79000002
v -0.01692056 0.05609716 0.79000002
v -0.01743359 0.06060670 0.79000002
v -0.01743359 0.05900670 0.79000002
v -0.01703359 0.06100670 0.79000002
v -0.01692056 0.05891624 0.79000002
v -0.01646941 0.05865576 0.79000002
v -0.01613455 0.05825670 0.79000002
v -0.01595638 0.05776717 0.79000002
v -0.01100689 0.05129761 0.79000002
v -0.01595638 0.05724623 0.79000002
v -0.01613455 0.05675670 0.79000002
v -0.01646941 0.05635763 0.79000002
v -0.01063359 0.05100670 0.79000002
v -0.00283359 0.05100670 0.79000002
v -0.01065042 0.05110578 0.79000002
v -0.00243359 0.05140670 0.79000002
v -0.00243359 0.05600670 0.79000002
v -0.00243359 0.05900670 0.79000002
v -0.00243359 0.06060670 0.79000002
v -0.00294662 0.05891624 0.79000002
v -0.00339777 0.05865576 0.79000002
v -0.00294662 0.05609716 0.79000002
v -0.00339777 0.05635763 0.79000002
v -0.01073119 0.05122814 0.79000002
v -0.00373262 0.05675670 0.79000002
v -0.00391080 0.05724623 0.79000002
v -0.00391080 0.05776717 0.79000002
v -0.00373262 0.05825670 0.79000002
v -0.00488359 0.06100670 0.79000002
v -0.01086028 0.05129761 0.79000002
v -0.00283359 0.06100670 0.79000002
v -0.01008865 0.05891367 0.09698593
v -0.01026150 0.05650670 0.09828098
v -0.01082441 0.05650670 0.09849371
v -0.01128198 0.05650670 0.09888454
v -0.01304423 0.05851986 0.10006304
v -0.01036607 0.05859598 0.10323572
v -0.01128198 0.05650670 0.10111548
v -0.01082441 0.05650670 0.10150631
v -0.01026150 0.05650670 0.10171898
v -0.00839725 0.05589559 0.14196551
v -0.01215533 0.05915376 0.13687634
v -0.01026150 0.05650670 0.13828100
v -0.01082441 0.05650670 0.13849373
v -0.01128198 0.05650670 0.13888450
v -0.01247453 0.05650670 0.13917562
v -0.01168521 0.05859598 0.14269404
v -0.01128198 0.05650670 0.14111550
v -0.01082441 0.05650670 0.14150633
v -0.01026150 0.05650670 0.14171900
v -0.00846237 0.05650670 0.18204123
v -0.01240142 0.05940992 0.17714237
v -0.01026150 0.05650670 0.17828102
v -0.01082441 0.05650670 0.17849369
v -0.01128198 0.05650670 0.17888452
v -0.01247454 0.05650670 0.17917561
v -0.01168528 0.05859598 0.18269398
v -0.01128198 0.05650670 0.18111552
v -0.01082441 0.05650670 0.18150629
v -0.01026150 0.05650670 0.18171902
v -0.01128198 0.05650670 0.21888451
v -0.01281065 0.05785670 0.22080193
v -0.01014297 0.05650670 0.21673470
v -0.00813674 0.05838729 0.21728169
v -0.01026150 0.05650670 0.21828099
v -0.01082441 0.05650670 0.21849371
v -0.00986357 0.05791295 0.22329536
v -0.01128198 0.05650670 0.22111548
v -0.01082441 0.05650670 0.22150631
v -0.00930254 0.05375705 0.22180977
v -0.01177442 0.05650670 0.25664885
v -0.00729013 0.05650670 0.25880812
v -0.01026150 0.05650670 0.25828099
v -0.01082441 0.05650670 0.25849369
v -0.01128198 0.05650670 0.25888449
v -0.01249669 0.05763170 0.26074237
v -0.01159140 0.05745407 0.26274308
v -0.01128198 0.05650670 0.26111549
v -0.01082441 0.05650670 0.26150629
v -0.01026150 0.05650670 0.26171899
v -0.00908059 0.05838170 0.26290864
v -0.00846239 0.05650670 0.30204123
v -0.01128198 0.05650670 0.29888451
v -0.01266239 0.05860670 0.29842457
v -0.00994940 0.05840143 0.29680138
v -0.01026150 0.05650670 0.29828098
v -0.01082441 0.05650670 0.29849368
v -0.01195185 0.05827943 0.30256634
v -0.01128198 0.05650670 0.30111548
v -0.01082441 0.05650670 0.30150628
v -0.01026150 0.05650670 0.30171898
v -0.01128198 0.05650670 0.33888450
v -0.01089926 0.05867336 0.33677795
v -0.01026150 0.05650670 0.33828098
v -0.01082441 0.05650670 0.33849367
v -0.00681207 0.05817605 0.33952524
v -0.01267693 0.05740670 0.34153098
v -0.01128198 0.05650670 0.34111547
v -0.01082441 0.05650670 0.34150627
v -0.01026150 0.05650670 0.34171900
v -0.00978273 0.05763170 0.34301868
v -0.01128198 0.05650670 0.37888449
v -0.01281196 0.05763170 0.38086868
v -0.00729013 0.05650670 0.37880812
v -0.01026150 0.05650670 0.37828100
v -0.01082441 0.05650670 0.37849370
v -0.01128198 0.05650670 0.38111547
v -0.01082441 0.05650670 0.38150629
v -0.01075276 0.05847545 0.38295068
v -0.01026150 0.05650670 0.38171899
v -0.00915211 0.05851986 0.42304448
v -0.01128198 0.05650670 0.41888449
v -0.01271434 0.05755989 0.42148364
v -0.00748130 0.05650670 0.41830761
v -0.01026150 0.05650670 0.41828099
v -0.01082441 0.05650670 0.41849369
v -0.01128198 0.05650670 0.42111549
v -0.01082441 0.05650670 0.42150629
v -0.01026150 0.05650670 0.42171898
v -0.00860409 0.05685285 0.46224174
v -0.01240141 0.05940992 0.45714236
v -0.01026150 0.05650670 0.45828098
v -0.01082441 0.05650670 0.45849371
v -0.01128198 0.05650670 0.45888451
v -0.01247454 0.05650670 0.45917564
v -0.01168521 0.05859598 0.46269402
v -0.01128198 0.05650670 0.46111548
v -0.01082441 0.05650670 0.46150631
v -0.01026150 0.05650670 0.46171901
v -0.00734131 0.05650670 0.49890864
v -0.00846236 0.05650670 0.50204121
v -0.01058118 0.05883428 0.49674197
v -0.01026150 0.05650670 0.49828100
v -0.01082441 0.05650670 0.49849370
v -0.01128198 0.05650670 0.49888450
v -0.01168520 0.05859598 0.50269401
v -0.01128198 0.05650670 0.50111550
v -0.01082441 0.05650670 0.50150627
v -0.01026150 0.05650670 0.50171900
v -0.01290677 0.05749107 0.53772531
v -0.00777118 0.05650670 0.53838744
v -0.01026150 0.05650670 0.53828096
v -0.01082441 0.05650670 0.53849369
v -0.01128198 0.05650670 0.53888452
v -0.00828059 0.05870778 0.54046966
v -0.01174494 0.05650670 0.54008163
v -0.01144719 0.05650670 0.54287355
v -0.01128198 0.05650670 0.54111546
v -0.01082441 0.05650670 0.54150629
v -0.01026150 0.05650670 0.54171902
v -0.01174493 0.05650670 0.58008167
v -0.01155758 0.05841054 0.58274531
v -0.01128198 0.05650670 0.58111548
v -0.01082441 0.05650670 0.58150631
v -0.01026150 0.05650670 0.58171898
v -0.00776893 0.05830670 0.57793421
v -0.01026150 0.05650670 0.57828099
v -0.01082441 0.05650670 0.57849371
v -0.01128198 0.05650670 0.57888448
v -0.00712274 0.05751532 0.58133480
v -0.00734132 0.05650670 0.61890862
v -0.00652914 0.05937033 0.62118546
v -0.01281064 0.05785670 0.62080200
v -0.01155242 0.05745407 0.62266844
v -0.01128198 0.05650670 0.62111551
v -0.01082441 0.05650670 0.62150627
v -0.01026150 0.05650670 0.62171900
v -0.01081293 0.05897444 0.61673656
v -0.01026150 0.05650670 0.61828101
v -0.01082441 0.05650670 0.61849368
v -0.01128198 0.05650670 0.61888450
v -0.01155245 0.05745407 0.66266842
v -0.01128198 0.05650670 0.66111547
v -0.01082441 0.05650670 0.66150630
v -0.01026150 0.05650670 0.66171902
v -0.01128198 0.05650670 0.65888453
v -0.01034740 0.05875670 0.65685660
v -0.01026150 0.05650670 0.65828097
v -0.01082441 0.05650670 0.65849370
v -0.00898852 0.05728256 0.70259827
v -0.01084332 0.05910285 0.69685097
v -0.01026150 0.05650670 0.69828099
v -0.01082441 0.05650670 0.69849372
v -0.01128198 0.05650670 0.69888449
v -0.01212605 0.05800670 0.70235254
v -0.01128198 0.05650670 0.70111549
v -0.01082441 0.05650670 0.70150632
v -0.01026150 0.05650670 0.70171899
v -0.01076232 0.05889732 0.74309300
v -0.01128198 0.05650670 0.74111551
v -0.01082441 0.05650670 0.74150628
v -0.01026150 0.05650670 0.74171901
v -0.00874194 0.05722670 0.73756531
v -0.01317541 0.05834003 0.73851762
v -0.01026150 0.05650670 0.73828101
v -0.01082441 0.05650670 0.73849368
v -0.01128198 0.05650670 0.73888451
v -0.00898850 0.05728256 0.78259825
v -0.01082441 0.05650670 0.78150630
v -0.01026150 0.05650670 0.78171903
v -0.01026150 0.05650670 0.77828097
v -0.01082441 0.05650670 0.77849370
v -0.01128198 0.05650670 0.77888453
v -0.01160718 0.05886384 0.77684558
v -0.01213412 0.05755241 0.78207304
v -0.00689064 0.05869749 0.69916210
v -0.01296941 0.05838170 0.66037719
v -0.00736422 0.05650670 0.65853903
v -0.00663307 0.05937033 0.66125878
v -0.01273149 0.05737208 0.49961592
v -0.00629851 0.06100670 0.50056122
v -0.00736420 0.05650670 0.45853904
v -0.00644743 0.06100670 0.46002373
v -0.01136621 0.05910285 0.41714419
v -0.00736519 0.06100670 0.41796293
v -0.01276179 0.05839042 0.57761996
v -0.01089926 0.05867336 0.37677794
v -0.00625071 0.05915376 0.38047323
v -0.00736422 0.05650670 0.29853901
v -0.00638677 0.06100670 0.30077133
v -0.00897228 0.06100670 0.25653218
v -0.00631654 0.06100670 0.18059951
v -0.00629851 0.06100670 0.14056122
v -0.00488359 0.06100670 0.08999999
v -0.00283359 0.06100670 0.08999999
v -0.00283359 0.06100670 0.20000000
v -0.00283359 0.06100670 0.23999999
v -0.00283359 0.06100670 0.28000000
v -0.00488359 0.06100670 0.28000000
v -0.00283359 0.06100670 0.31999999
v -0.00488359 0.06100670 0.31999999
v -0.00283359 0.06100670 0.35999998
v -0.00488359 0.06100670 0.35999998
v -0.00283359 0.06100670 0.44000000
v -0.00488359 0.06100670 0.44000000
v -0.00283359 0.06100670 0.47999999
v -0.00488359 0.06100670 0.47999999
v -0.00283359 0.06100670 0.51999998
v -0.00488359 0.06100670 0.51999998
v -0.00283359 0.06100670 0.56000000
v -0.00488359 0.06100670 0.56000000
v -0.00283359 0.06100670 0.60000002
v -0.00283359 0.06100670 0.63999999
v -0.00283359 0.06100670 0.68000001
v -0.00283359 0.06100670 0.72000003
v -0.00488359 0.06100670 0.72000003
v -0.01703359 0.06100670 0.72000003
v -0.01703359 0.06100670 0.68000001
v -0.01703359 0.06100670 0.63999999
v -0.01703359 0.06100670 0.60000002
v -0.01703359 0.06100670 0.56000000
v -0.01703359 0.06100670 0.51999998
v -0.01703359 0.06100670 0.47999999
v -0.01703359 0.06100670 0.44000000
v -0.01703359 0.06100670 0.35999998
v -0.01703359 0.06100670 0.31999999
v -0.01703359 0.06100670 0.28000000
v -0.01703359 0.06100670 0.23999999
v -0.01703359 0.06100670 0.20000000
v -0.01703359 0.06100670 0.15999998
v -0.01703359 0.06100670 0.12000002
v -0.01703359 0.06100670 0.09349997
v -0.01703359 0.06100670 0.08999999
v -0.01743359 0.06060670 0.08999999
v -0.01743359 0.05900670 0.08999999
v -0.00243359 0.06060670 0.08999999
v -0.01743359 0.05600670 0.08999999
v -0.01692056 0.05609716 0.08999999
v -0.01646941 0.05635763 0.08999999
v -0.01613455 0.05675670 0.08999999
v -0.01595638 0.05724623 0.08999999
v -0.01595638 0.05776717 0.08999999
v -0.01613455 0.05825670 0.08999999
v -0.01646941 0.05865576 0.08999999
v -0.01692056 0.05891624 0.08999999
v -0.01123359 0.05100670 0.08999999
v -0.01121675 0.05110578 0.08999999
v -0.01123359 0.05100670 0.09882845
v -0.01113599 0.05122814 0.08999999
v -0.01100689 0.05129761 0.08999999
v -0.01100678 0.05129841 0.09861769
v -0.01106918 0.05127643 0.09866847
v -0.01113576 0.05123007 0.09872831
v -0.01120407 0.05114439 0.09879588
v -0.01073422 0.05122671 0.09844388
v -0.01083804 0.05129026 0.09850188
v -0.01086028 0.05129761 0.08999999
v -0.01086158 0.05129752 0.09851630
v -0.01095818 0.05130569 0.09858133
v -0.01073119 0.05122814 0.08999999
v -0.01065042 0.05110578 0.08999999
v -0.01063359 0.05100670 0.08999999
v -0.01063359 0.05100670 0.09839608
v -0.01064619 0.05110240 0.09840151
v -0.00949582 0.05100887 0.09817459
v -0.00692461 0.05692179 0.10033233
v -0.01121500 0.05110945 0.10119183
v -0.01123359 0.05100670 0.10117157
v -0.01128198 0.05100670 0.10111548
v -0.01086095 0.05129627 0.10148408
v -0.01093911 0.05130656 0.10143228
v -0.01100806 0.05129778 0.10138132
v -0.01105591 0.05128119 0.10134269
v -0.01113512 0.05122711 0.10127230
v -0.01115216 0.05120971 0.10125603
v -0.01075723 0.05124743 0.10154560
v -0.01065633 0.05111768 0.10159381
v -0.01026150 0.05100670 0.10171898
v -0.01063359 0.05100670 0.10160388
v -0.01176263 0.05100683 0.09969384
v -0.01073422 0.05122671 0.13844390
v -0.01063359 0.05100670 0.13839610
v -0.01064618 0.05110233 0.13840137
v -0.01083804 0.05129026 0.13850184
v -0.01086158 0.05129752 0.13851632
v -0.01095818 0.05130569 0.13858129
v -0.01100678 0.05129841 0.13861771
v -0.01106918 0.05127643 0.13866849
v -0.01113576 0.05123007 0.13872828
v -0.01116107 0.05120340 0.13875271
v -0.01121638 0.05110853 0.13880964
v -0.01123359 0.05100670 0.13882847
v -0.00740567 0.05425260 0.13931539
v -0.01121500 0.05110945 0.14119186
v -0.01123359 0.05100670 0.14117153
v -0.01128198 0.05100670 0.14111550
v -0.01026150 0.05100670 0.13828100
v -0.01086095 0.05129627 0.14148410
v -0.01093911 0.05130656 0.14143230
v -0.01100806 0.05129778 0.14138134
v -0.01105591 0.05128119 0.14134271
v -0.01113512 0.05122711 0.14127232
v -0.01115216 0.05120971 0.14125599
v -0.01075722 0.05124743 0.14154563
v -0.01065633 0.05111768 0.14159377
v -0.01026150 0.05100670 0.14171900
v -0.01063359 0.05100670 0.14160390
v -0.01158013 0.05100670 0.14059277
v -0.01168359 0.05100670 0.14000000
v -0.01158013 0.05100670 0.13940723
v -0.01128198 0.05100670 0.13888450
v -0.01073422 0.05122671 0.17844386
v -0.01063359 0.05100670 0.17839612
v -0.01064617 0.05110232 0.17840139
v -0.01083804 0.05129026 0.17850186
v -0.01086158 0.05129752 0.17851634
v -0.01095818 0.05130569 0.17858131
v -0.01100678 0.05129841 0.17861767
v -0.01106918 0.05127643 0.17866851
v -0.01113576 0.05123007 0.17872830
v -0.01116107 0.05120340 0.17875268
v -0.01121638 0.05110853 0.17880966
v -0.01123359 0.05100670 0.17882849
v -0.00743869 0.05446637 0.17879985
v -0.00933505 0.05100670 0.18164445
v -0.01009799 0.05100680 0.18175326
v -0.01121500 0.05110945 0.18119182
v -0.01123359 0.05100670 0.18117155
v -0.01128198 0.05100670 0.18111552
v -0.01026150 0.05100670 0.17828102
v -0.01086095 0.05129627 0.18148406
v -0.01093911 0.05130656 0.18143226
v -0.01100806 0.05129778 0.18138130
v -0.01105591 0.05128119 0.18134274
v -0.01113512 0.05122711 0.18127234
v -0.01115216 0.05120971 0.18125601
v -0.01075729 0.05124747 0.18154559
v -0.01065633 0.05111768 0.18159379
v -0.01063359 0.05100670 0.18160392
v -0.01158013 0.05100670 0.18059279
v -0.01166920 0.05100670 0.17964009
v -0.01128198 0.05100670 0.17888452
v -0.01073422 0.05122671 0.21844389
v -0.01063359 0.05100670 0.21839611
v -0.01064617 0.05110232 0.21840138
v -0.01083804 0.05129026 0.21850185
v -0.01086158 0.05129752 0.21851631
v -0.01095818 0.05130569 0.21858130
v -0.01100678 0.05129841 0.21861769
v -0.01106918 0.05127643 0.21866848
v -0.01113576 0.05123007 0.21872829
v -0.01116107 0.05120340 0.21875270
v -0.01121638 0.05110853 0.21880965
v -0.01123359 0.05100670 0.21882845
v -0.00949576 0.05100908 0.21817461
v -0.00841804 0.05100670 0.21912502
v -0.00821017 0.05100670 0.21969612
v -0.00821017 0.05100670 0.22030388
v -0.00993359 0.05100670 0.22175001
v -0.01121500 0.05110945 0.22119184
v -0.01086095 0.05129627 0.22148408
v -0.01093911 0.05130656 0.22143228
v -0.01100806 0.05129778 0.22138132
v -0.01105591 0.05128119 0.22134273
v -0.01113512 0.05122711 0.22127233
v -0.01115216 0.05120971 0.22125600
v -0.01075723 0.05124743 0.22154560
v -0.01065633 0.05111768 0.22159378
v -0.01026150 0.05100670 0.22171901
v -0.01063359 0.05100670 0.22160392
v -0.01175233 0.05099871 0.22030101
v -0.01128198 0.05100670 0.21888451
v -0.01073422 0.05122671 0.25844389
v -0.01063359 0.05100670 0.25839609
v -0.01064618 0.05110233 0.25840136
v -0.01083804 0.05129026 0.25850183
v -0.01086158 0.05129752 0.25851631
v -0.01095818 0.05130569 0.25858128
v -0.01100678 0.05129841 0.25861767
v -0.01106918 0.05127643 0.25866848
v -0.01113576 0.05123007 0.25872827
v -0.01116107 0.05120340 0.25875267
v -0.01121638 0.05110853 0.25880963
v -0.01123359 0.05100670 0.25882846
v -0.00993359 0.05100670 0.25825000
v -0.00933505 0.05100670 0.25835553
v -0.00832262 0.05100670 0.25916527
v -0.00821017 0.05100670 0.26030388
v -0.00841804 0.05100670 0.26087499
v -0.00880871 0.05100670 0.26134056
v -0.00933505 0.05100670 0.26164445
v -0.00993359 0.05100670 0.26174998
v -0.01121500 0.05110945 0.26119182
v -0.01123359 0.05100670 0.26117152
v -0.01128198 0.05100670 0.26111549
v -0.01026150 0.05100670 0.25828099
v -0.01086095 0.05129627 0.26148406
v -0.01093911 0.05130656 0.26143226
v -0.01100806 0.05129778 0.26138130
v -0.01105591 0.05128119 0.26134270
v -0.01113512 0.05122711 0.26127231
v -0.01115216 0.05120971 0.26125601
v -0.01075726 0.05124745 0.26154558
v -0.01065633 0.05111768 0.26159376
v -0.01026150 0.05100670 0.26171899
v -0.01063359 0.05100670 0.26160389
v -0.01176262 0.05100683 0.25969361
v -0.01073422 0.05122671 0.29844388
v -0.01063359 0.05100670 0.29839608
v -0.01064617 0.05110231 0.29840137
v -0.01083804 0.05129026 0.29850182
v -0.01086158 0.05129752 0.29851630
v -0.01095818 0.05130569 0.29858130
v -0.01100678 0.05129841 0.29861769
v -0.01106918 0.05127643 0.29866847
v -0.01113576 0.05123007 0.29872826
v -0.01116107 0.05120340 0.29875267
v -0.01121638 0.05110853 0.29880962
v -0.01123359 0.05100670 0.29882845
v -0.00993359 0.05100670 0.29824999
v -0.00933505 0.05100670 0.29835552
v -0.00880871 0.05100670 0.29865941
v -0.00824900 0.05100670 0.29944723
v -0.00821017 0.05100670 0.30030388
v -0.00841804 0.05100670 0.30087498
v -0.00880871 0.05100670 0.30134058
v -0.00933505 0.05100670 0.30164444
v -0.00993359 0.05100670 0.30174997
v -0.01121500 0.05110945 0.30119184
v -0.01123359 0.05100670 0.30117151
v -0.01128198 0.05100670 0.30111548
v -0.01026150 0.05100670 0.29828098
v -0.01086095 0.05129627 0.30148408
v -0.01093911 0.05130656 0.30143228
v -0.01100806 0.05129778 0.30138129
v -0.01105591 0.05128119 0.30134270
v -0.01113512 0.05122711 0.30127230
v -0.01115216 0.05120971 0.30125600
v -0.01075724 0.05124744 0.30154557
v -0.01065633 0.05111768 0.30159378
v -0.01026150 0.05100670 0.30171898
v -0.01063359 0.05100670 0.30160388
v -0.01158013 0.05100670 0.30059278
v -0.01168359 0.05100670 0.29999998
v -0.01158013 0.05100670 0.29940718
v -0.01128198 0.05100670 0.29888451
v -0.01073422 0.05122671 0.33844388
v -0.01063359 0.05100670 0.33839607
v -0.01083804 0.05129026 0.33850184
v -0.01086158 0.05129752 0.33851629
v -0.01095818 0.05130569 0.33858129
v -0.01100678 0.05129841 0.33861768
v -0.01106918 0.05127643 0.33866847
v -0.01113576 0.05123007 0.33872828
v -0.01116107 0.05120340 0.33875269
v -0.01121638 0.05110853 0.33880964
v -0.01123359 0.05100670 0.33882844
v -0.00993359 0.05100670 0.33824998
v -0.00933505 0.05100670 0.33835551
v -0.00853962 0.05100670 0.33890442
v -0.00821017 0.05100670 0.33969611
v -0.00821017 0.05100670 0.34030387
v -0.00861260 0.05100670 0.34118253
v -0.00933505 0.05100670 0.34164444
v -0.00993359 0.05100670 0.34175000
v -0.01121500 0.05110945 0.34119183
v -0.01061417 0.05101148 0.33837225
v -0.01086095 0.05129627 0.34148407
v -0.01093911 0.05130656 0.34143227
v -0.01100806 0.05129778 0.34138128
v -0.01105591 0.05128119 0.34134269
v -0.01113512 0.05122711 0.34127232
v -0.01115216 0.05120971 0.34125599
v -0.01075724 0.05124744 0.34154556
v -0.01065633 0.05111768 0.34159377
v -0.01026150 0.05100670 0.34171900
v -0.01063359 0.05100670 0.34160388
v -0.01175234 0.05099871 0.34030100
v -0.01128198 0.05100670 0.33888450
v -0.01073422 0.05122671 0.37844387
v -0.01063359 0.05100670 0.37839609
v -0.01064617 0.05110232 0.37840137
v -0.01083804 0.05129026 0.37850183
v -0.01086158 0.05129752 0.37851632
v -0.01095818 0.05130569 0.37858129
v -0.01100678 0.05129841 0.37861767
v -0.01106918 0.05127643 0.37866849
v -0.01113576 0.05123007 0.37872827
v -0.01116107 0.05120340 0.37875268
v -0.01121638 0.05110853 0.37880963
v -0.01123359 0.05100670 0.37882844
v -0.00993359 0.05100670 0.37825000
v -0.00870529 0.05100670 0.37866459
v -0.00821017 0.05100670 0.37969610
v -0.00821017 0.05100670 0.38030386
v -0.00841804 0.05100670 0.38087499
v -0.00880871 0.05100670 0.38134056
v -0.00933505 0.05100670 0.38164446
v -0.00993359 0.05100670 0.38174999
v -0.01121500 0.05110945 0.38119182
v -0.01123359 0.05100670 0.38117152
v -0.01128198 0.05100670 0.38111547
v -0.01026150 0.05100670 0.37828100
v -0.01086095 0.05129627 0.38148406
v -0.01093911 0.05130656 0.38143227
v -0.01100806 0.05129778 0.38138130
v -0.01105591 0.05128119 0.38134271
v -0.01113512 0.05122711 0.38127232
v -0.01115216 0.05120971 0.38125601
v -0.01075723 0.05124743 0.38154559
v -0.01065633 0.05111768 0.38159376
v -0.01026150 0.05100670 0.38171899
v -0.01063359 0.05100670 0.38160390
v -0.01158013 0.05100670 0.38059279
v -0.01163977 0.05100680 0.37942834
v -0.01073422 0.05122671 0.41844389
v -0.01063359 0.05100670 0.41839609
v -0.01064617 0.05110231 0.41840137
v -0.01083804 0.05129026 0.41850182
v -0.01086158 0.05129752 0.41851631
v -0.01095818 0.05130569 0.41858128
v -0.01100678 0.05129841 0.41861770
v -0.01106918 0.05127643 0.41866848
v -0.01113576 0.05123007 0.41872826
v -0.01116107 0.05120340 0.41875267
v -0.01121638 0.05110853 0.41880962
v -0.01123359 0.05100670 0.41882846
v -0.00993359 0.05100670 0.41824999
v -0.00870529 0.05100670 0.41866461
v -0.00821017 0.05100670 0.41969609
v -0.00821017 0.05100670 0.42030388
v -0.00883181 0.05100670 0.42144153
v -0.00993359 0.05100670 0.42174998
v -0.01121500 0.05110945 0.42119181
v -0.01123359 0.05100670 0.42117152
v -0.01128198 0.05100670 0.42111549
v -0.01026150 0.05100670 0.41828099
v -0.01086095 0.05129627 0.42148408
v -0.01093911 0.05130656 0.42143226
v -0.01100806 0.05129778 0.42138129
v -0.01105591 0.05128119 0.42134270
v -0.01113512 0.05122711 0.42127231
v -0.01115216 0.05120971 0.42125601
v -0.01075724 0.05124744 0.42154558
v -0.01065633 0.05111768 0.42159379
v -0.01026150 0.05100670 0.42171898
v -0.01063359 0.05100670 0.42160389
v -0.01158013 0.05100670 0.42059278
v -0.01166920 0.05100670 0.41964009
v -0.01128198 0.05100670 0.41888449
v -0.01073422 0.05122671 0.45844388
v -0.01063359 0.05100670 0.45839611
v -0.01083804 0.05129026 0.45850185
v -0.01086158 0.05129752 0.45851630
v -0.01095818 0.05130569 0.45858130
v -0.01100678 0.05129841 0.45861769
v -0.01106918 0.05127643 0.45866847
v -0.01113576 0.05123007 0.45872828
v -0.01116107 0.05120340 0.45875269
v -0.01121638 0.05110853 0.45880964
v -0.01123359 0.05100670 0.45882845
v -0.00993359 0.05100670 0.45824999
v -0.00933505 0.05100670 0.45835555
v -0.00853964 0.05100670 0.45890440
v -0.00821017 0.05100670 0.45969611
v -0.00821017 0.05100670 0.46030387
v -0.00861258 0.05100670 0.46118251
v -0.00933505 0.05100670 0.46164447
v -0.00993359 0.05100670 0.46175000
v -0.01121500 0.05110945 0.46119183
v -0.01123932 0.05100634 0.46117171
v -0.01061418 0.05101152 0.45837226
v -0.01086095 0.05129627 0.46148407
v -0.01093911 0.05130656 0.46143228
v -0.01100806 0.05129778 0.46138132
v -0.01105591 0.05128119 0.46134272
v -0.01113512 0.05122711 0.46127233
v -0.01115216 0.05120971 0.46125600
v -0.01075723 0.05124743 0.46154560
v -0.01065633 0.05111768 0.46159378
v -0.01026150 0.05100670 0.46171901
v -0.01063359 0.05100670 0.46160391
v -0.01158013 0.05100670 0.46059278
v -0.01168359 0.05100670 0.46000001
v -0.01158013 0.05100670 0.45940721
v -0.01128198 0.05100670 0.45888451
v -0.01073422 0.05122671 0.49844387
v -0.01063359 0.05100670 0.49839610
v -0.01064617 0.05110232 0.49840137
v -0.01083804 0.05129026 0.49850184
v -0.01086158 0.05129752 0.49851632
v -0.01095818 0.05130569 0.49858129
v -0.01100678 0.05129841 0.49861768
v -0.01106918 0.05127643 0.49866849
v -0.01113576 0.05123007 0.49872828
v -0.01116107 0.05120340 0.49875268
v -0.01121638 0.05110853 0.49880964
v -0.01123359 0.05100670 0.49882847
v -0.00993359 0.05100670 0.49825001
v -0.00870529 0.05100670 0.49866462
v -0.00821017 0.05100670 0.49969611
v -0.00821017 0.05100670 0.50030386
v -0.00841804 0.05100670 0.50087500
v -0.00880871 0.05100670 0.50134057
v -0.00933505 0.05100670 0.50164443
v -0.00993359 0.05100670 0.50174999
v -0.01123359 0.05100670 0.50117153
v -0.01026150 0.05100670 0.49828100
v -0.01086095 0.05129627 0.50148410
v -0.01093911 0.05130656 0.50143230
v -0.01100806 0.05129778 0.50138128
v -0.01105591 0.05128119 0.50134271
v -0.01113512 0.05122711 0.50127232
v -0.01115216 0.05120971 0.50125599
v -0.01121575 0.05110794 0.50119107
v -0.01075725 0.05124745 0.50154556
v -0.01065633 0.05111768 0.50159377
v -0.01026150 0.05100670 0.50171900
v -0.01063359 0.05100670 0.50160390
v -0.01179700 0.05100685 0.50022208
v -0.01128198 0.05100670 0.49888450
v -0.01121638 0.05110853 0.53880966
v -0.01116107 0.05120340 0.53875268
v -0.01113576 0.05123007 0.53872830
v -0.01086158 0.05129752 0.53851628
v -0.01095818 0.05130569 0.53858131
v -0.01100678 0.05129841 0.53861767
v -0.01106918 0.05127643 0.53866845
v -0.01073422 0.05122671 0.53844386
v -0.01083804 0.05129026 0.53850186
v -0.01063359 0.05100670 0.53839612
v -0.01064617 0.05110232 0.53840139
v -0.00993359 0.05100670 0.53824997
v -0.00933505 0.05100670 0.53835553
v -0.00880871 0.05100670 0.53865939
v -0.00841804 0.05100670 0.53912503
v -0.00821017 0.05100670 0.53969610
v -0.00821017 0.05100670 0.54030389
v -0.00883175 0.05100670 0.54144150
v -0.00993359 0.05100670 0.54175001
v -0.01121500 0.05110945 0.54119182
v -0.01123359 0.05100670 0.54117155
v -0.01128198 0.05100670 0.54111546
v -0.01026150 0.05100670 0.53828096
v -0.01086095 0.05129627 0.54148406
v -0.01093911 0.05130656 0.54143226
v -0.01100806 0.05129778 0.54138130
v -0.01105591 0.05128119 0.54134274
v -0.01113512 0.05122711 0.54127234
v -0.01115216 0.05120971 0.54125601
v -0.01075723 0.05124743 0.54154558
v -0.01065633 0.05111768 0.54159379
v -0.01026150 0.05100670 0.54171902
v -0.01063359 0.05100670 0.54160392
v -0.01158013 0.05100670 0.54059279
v -0.01168359 0.05100670 0.54000002
v -0.01134335 0.05100370 0.53895544
v -0.01073422 0.05122671 0.57844388
v -0.01063359 0.05100670 0.57839608
v -0.01083804 0.05129026 0.57850182
v -0.01086158 0.05129752 0.57851630
v -0.01095818 0.05130569 0.57858127
v -0.01100678 0.05129841 0.57861769
v -0.01106918 0.05127643 0.57866848
v -0.01113576 0.05123007 0.57872826
v -0.01116107 0.05120340 0.57875270
v -0.01121638 0.05110853 0.57880962
v -0.01123359 0.05100670 0.57882845
v -0.00993359 0.05100670 0.57824999
v -0.00933505 0.05100670 0.57835555
v -0.00853964 0.05100670 0.57890441
v -0.00821017 0.05100670 0.57969612
v -0.00840518 0.05100670 0.58097769
v -0.00933505 0.05100670 0.58164448
v -0.00993359 0.05100670 0.58174998
v -0.01121500 0.05110945 0.58119184
v -0.01123359 0.05100670 0.58117151
v -0.01128198 0.05100670 0.58111548
v -0.01061418 0.05101150 0.57837226
v -0.01086095 0.05129627 0.58148408
v -0.01093911 0.05130656 0.58143228
v -0.01100806 0.05129778 0.58138132
v -0.01105591 0.05128119 0.58134270
v -0.01113512 0.05122711 0.58127230
v -0.01115216 0.05120971 0.58125603
v -0.01075723 0.05124743 0.58154560
v -0.01065633 0.05111768 0.58159381
v -0.01026150 0.05100670 0.58171898
v -0.01063359 0.05100670 0.58160388
v -0.01158013 0.05100670 0.58059281
v -0.01168359 0.05100670 0.57999998
v -0.01158013 0.05100670 0.57940722
v -0.01128198 0.05100670 0.57888448
v -0.01073422 0.05122671 0.61844391
v -0.01063359 0.05100670 0.61839610
v -0.01064618 0.05110233 0.61840137
v -0.01083804 0.05129026 0.61850184
v -0.01086158 0.05129752 0.61851633
v -0.01095818 0.05130569 0.61858130
v -0.01100678 0.05129841 0.61861771
v -0.01106918 0.05127643 0.61866850
v -0.01113576 0.05123007 0.61872828
v -0.01116107 0.05120340 0.61875266
v -0.01121638 0.05110853 0.61880964
v -0.01123359 0.05100670 0.61882848
v -0.00993359 0.05100670 0.61825001
v -0.00870531 0.05100670 0.61866460
v -0.00821017 0.05100670 0.61969614
v -0.00821017 0.05100670 0.62030387
v -0.00841804 0.05100670 0.62087500
v -0.00909666 0.05100670 0.62156297
v -0.00993359 0.05100670 0.62175000
v -0.01121500 0.05110945 0.62119186
v -0.01123931 0.05100643 0.62117173
v -0.01026150 0.05100670 0.61828101
v -0.01086095 0.05129627 0.62148410
v -0.01093911 0.05130656 0.62143230
v -0.01100806 0.05129778 0.62138128
v -0.01105591 0.05128119 0.62134272
v -0.01113512 0.05122711 0.62127233
v -0.01115216 0.05120971 0.62125599
v -0.01075725 0.05124745 0.62154557
v -0.01065633 0.05111768 0.62159377
v -0.01026150 0.05100670 0.62171900
v -0.01063359 0.05100670 0.62160391
v -0.01168850 0.05100670 0.62024927
v -0.01158013 0.05100670 0.61940724
v -0.01128198 0.05100670 0.61888450
v -0.01073422 0.05122671 0.65844387
v -0.01063359 0.05100670 0.65839612
v -0.01064617 0.05110232 0.65840140
v -0.01083804 0.05129026 0.65850186
v -0.01086158 0.05129752 0.65851629
v -0.01095818 0.05130569 0.65858132
v -0.01100678 0.05129841 0.65861768
v -0.01106918 0.05127643 0.65866846
v -0.01113576 0.05123007 0.65872830
v -0.01116107 0.05120340 0.65875268
v -0.01121638 0.05110853 0.65880966
v -0.01123359 0.05100670 0.65882844
v -0.00993359 0.05100670 0.65824997
v -0.00933505 0.05100670 0.65835553
v -0.00853970 0.05100670 0.65890434
v -0.00821017 0.05100670 0.65969610
v -0.00828782 0.05100670 0.66065944
v -0.00880871 0.05100670 0.66134059
v -0.00933505 0.05100670 0.66164446
v -0.00993359 0.05100670 0.66175002
v -0.01121500 0.05110945 0.66119182
v -0.01123359 0.05100670 0.66117156
v -0.01128198 0.05100670 0.66111547
v -0.01026150 0.05100670 0.65828097
v -0.01086095 0.05129627 0.66148406
v -0.01093911 0.05130656 0.66143227
v -0.01100806 0.05129778 0.66138130
v -0.01105591 0.05128119 0.66134274
v -0.01113512 0.05122711 0.66127235
v -0.01115216 0.05120971 0.66125602
v -0.01075723 0.05124743 0.66154558
v -0.01065633 0.05111768 0.66159379
v -0.01026150 0.05100670 0.66171902
v -0.01063359 0.05100670 0.66160393
v -0.01176264 0.05100682 0.65969384
v -0.01073422 0.05122671 0.69844389
v -0.01063359 0.05100670 0.69839609
v -0.01083804 0.05129026 0.69850183
v -0.01086158 0.05129752 0.69851631
v -0.01095818 0.05130569 0.69858128
v -0.01100678 0.05129841 0.69861770
v -0.01106918 0.05127643 0.69866848
v -0.01113576 0.05123007 0.69872826
v -0.01116107 0.05120340 0.69875270
v -0.01121638 0.05110853 0.69880962
v -0.01123359 0.05100670 0.69882846
v -0.00993359 0.05100670 0.69825000
v -0.00933505 0.05100670 0.69835556
v -0.00832263 0.05100670 0.69916524
v -0.00840518 0.05100670 0.70097770
v -0.00933505 0.05100670 0.70164448
v -0.00993359 0.05100670 0.70174998
v -0.01121500 0.05110945 0.70119184
v -0.01123359 0.05100670 0.70117152
v -0.01128198 0.05100670 0.70111549
v -0.01061418 0.05101152 0.69837224
v -0.01086095 0.05129627 0.70148408
v -0.01093911 0.05130656 0.70143229
v -0.01100806 0.05129778 0.70138133
v -0.01105591 0.05128119 0.70134270
v -0.01113512 0.05122711 0.70127231
v -0.01115216 0.05120971 0.70125604
v -0.01075722 0.05124743 0.70154561
v -0.01065633 0.05111768 0.70159376
v -0.01026150 0.05100670 0.70171899
v -0.01063359 0.05100670 0.70160389
v -0.01248966 0.05576532 0.69964133
v -0.01128198 0.05100670 0.69888449
v -0.01073422 0.05122671 0.73844391
v -0.01063359 0.05100670 0.73839611
v -0.01064618 0.05110233 0.73840138
v -0.01083804 0.05129026 0.73850185
v -0.01086158 0.05129752 0.73851633
v -0.01095818 0.05130569 0.73858130
v -0.01100678 0.05129841 0.73861772
v -0.01106918 0.05127643 0.73866850
v -0.01113576 0.05123007 0.73872828
v -0.01116107 0.05120340 0.73875266
v -0.01121638 0.05110853 0.73880965
v -0.01123359 0.05100670 0.73882848
v -0.00993359 0.05100670 0.73825002
v -0.00933505 0.05100670 0.73835552
v -0.00880871 0.05100670 0.73865944
v -0.00696278 0.05601952 0.74053365
v -0.01121500 0.05110945 0.74119186
v -0.01026150 0.05100670 0.73828101
v -0.01086095 0.05129627 0.74148411
v -0.01093911 0.05130656 0.74143231
v -0.01100806 0.05129778 0.74138129
v -0.01105591 0.05128119 0.74134272
v -0.01113512 0.05122711 0.74127233
v -0.01115216 0.05120971 0.74125600
v -0.01075725 0.05124745 0.74154557
v -0.01065633 0.05111768 0.74159378
v -0.01026150 0.05100670 0.74171901
v -0.01063359 0.05100670 0.74160391
v -0.01175232 0.05099993 0.74030115
v -0.01128198 0.05100670 0.73888451
v -0.01073422 0.05122671 0.77844387
v -0.01063359 0.05100670 0.77839607
v -0.01083804 0.05129026 0.77850187
v -0.01086158 0.05129752 0.77851629
v -0.01095818 0.05130569 0.77858132
v -0.01100678 0.05129841 0.77861768
v -0.01106918 0.05127643 0.77866846
v -0.01113576 0.05123007 0.77872831
v -0.01116107 0.05120340 0.77875268
v -0.01121638 0.05110853 0.77880967
v -0.01123359 0.05100670 0.77882844
v -0.00705479 0.05689402 0.77917459
v -0.00889502 0.05100754 0.78170201
v -0.01061416 0.05101144 0.77837226
v -0.01086095 0.05129627 0.78148407
v -0.01093911 0.05130656 0.78143227
v -0.01175735 0.05093530 0.78044921
v -0.01075725 0.05124745 0.78154558
v -0.01065633 0.05111768 0.78159380
v -0.01063359 0.05100670 0.78160387
v -0.00283359 0.05100670 0.08999999
v -0.00243359 0.05900670 0.08999999
v -0.00391080 0.05724623 0.08999999
v -0.00373262 0.05675670 0.08999999
v -0.00243359 0.05140670 0.08999999
v -0.00243359 0.05600670 0.08999999
v -0.00294662 0.05609716 0.08999999
v -0.01743359 0.05140670 0.08999999
v -0.01703359 0.05100670 0.08999999
v -0.00294662 0.05891624 0.08999999
v -0.00339777 0.05635763 0.08999999
v -0.00339777 0.05865576 0.08999999
v -0.00373262 0.05825670 0.08999999
v -0.00391080 0.05776717 0.08999999
v -0.01703359 0.05100670 0.64999998
v -0.01703359 0.05100670 0.50999999
v -0.01703359 0.05100670 0.36999997
v -0.01703359 0.05100670 0.23000000
v 0.06431641 0.06100670 0.09249999
v 0.06431641 0.06100670 0.09259941
v 0.06431641 0.05100670 0.09249999
v 0.06431641 0.05100670 0.09259941
v 0.07073742 0.05100670 0.09528657
v 0.06464540 0.05100670 0.09306928
v 0.07073742 0.06100670 0.09528657
v 0.06464540 0.06100670 0.09306928
v 0.07106642 0.05100670 0.09694277
v 0.07106642 0.05100670 0.09575643
v 0.07106642 0.06100670 0.09694277
v 0.07106642 0.06100670 0.09575643
v 0.06464540 0.05100670 0.09962993
v 0.07073742 0.05100670 0.09741264
v 0.06464540 0.06100670 0.09962993
v 0.07073742 0.06100670 0.09741264
v 0.06431641 0.05100670 0.10202419
v 0.06431641 0.05100670 0.10009979
v 0.06431641 0.06100670 0.10202419
v 0.06431641 0.06100670 0.10009979
v 0.07073742 0.05100670 0.10471135
v 0.06464540 0.05100670 0.10249405
v 0.07073742 0.06100670 0.10471135
v 0.06464540 0.06100670 0.10249405
v 0.07106642 0.05100670 0.10636755
v 0.07106642 0.05100670 0.10518121
v 0.07106642 0.06100670 0.10636755
v 0.07106642 0.06100670 0.10518121
v 0.06616811 0.05400670 0.10850053
v 0.07073742 0.06100670 0.10683741
v 0.06431641 0.06100670 0.11144897
v 0.06431641 0.05100670 0.11144897
v 0.06431641 0.06100670 0.11000001
v 0.06431641 0.05100670 0.11000001
v 0.06431641 0.06100670 0.10952457
v 0.06431641 0.05100670 0.10952457
v 0.07073742 0.05100670 0.11413612
v 0.06616811 0.05800670 0.11247303
v 0.07106642 0.05100670 0.11579234
v 0.07106642 0.05100670 0.11460599
v 0.07106642 0.06100670 0.11579234
v 0.07106642 0.06100670 0.11460599
v 0.06464540 0.05100670 0.11847950
v 0.07073742 0.05100670 0.11626219
v 0.06464540 0.06100670 0.11847950
v 0.07073742 0.06100670 0.11626219
v 0.06431641 0.05100670 0.12087376
v 0.06431641 0.05100670 0.11894935
v 0.06431641 0.06100670 0.12087376
v 0.06431641 0.06100670 0.11894935
v 0.06769095 0.05100670 0.12245204
v 0.07106642 0.05100670 0.12521711
v 0.07106642 0.05100670 0.12403076
v 0.07106642 0.06100670 0.12521711
v 0.07106642 0.06100670 0.12403076
v 0.06768983 0.05100670 0.12679628
v 0.06464540 0.06100670 0.12790427
v 0.07073742 0.06100670 0.12568696
v 0.06431641 0.06100670 0.13029853
v 0.06431641 0.05100670 0.13029853
v 0.06431641 0.06100670 0.13000000
v 0.06431641 0.05100670 0.13000000
v 0.06431641 0.06100670 0.12837411
v 0.06431641 0.05100670 0.12837411
v 0.06768946 0.05100670 0.13187613
v 0.07106642 0.05100670 0.13464189
v 0.07106642 0.05100670 0.13345553
v 0.07106642 0.06100670 0.13464189
v 0.07106642 0.06100670 0.13345553
v 0.06768983 0.05100670 0.13622106
v 0.06464540 0.06100670 0.13732904
v 0.07073742 0.06100670 0.13511173
v 0.06431641 0.05100670 0.13972330
v 0.06431641 0.05100670 0.13779889
v 0.06431641 0.06100670 0.13972330
v 0.06431641 0.06100670 0.13779889
v 0.06769095 0.05100670 0.14130159
v 0.07106642 0.05100670 0.14406666
v 0.07106642 0.05100670 0.14288031
v 0.07106642 0.06100670 0.14406666
v 0.07106642 0.06100670 0.14288031
v 0.06769104 0.05100670 0.14564533
v 0.06464540 0.06100670 0.14675383
v 0.07073742 0.06100670 0.14453651
v 0.06431641 0.05100670 0.14914808
v 0.06431641 0.05100670 0.14722367
v 0.06431641 0.06100670 0.14914808
v 0.06431641 0.06100670 0.14722367
v 0.06769245 0.05100670 0.15072706
v 0.07106642 0.05100670 0.15349144
v 0.07106642 0.05100670 0.15230508
v 0.07106642 0.06100670 0.15349144
v 0.07106642 0.06100670 0.15230508
v 0.06769104 0.05100670 0.15507011
v 0.06464540 0.06100670 0.15617861
v 0.07073742 0.06100670 0.15396129
v 0.06431641 0.05100670 0.15857285
v 0.06431641 0.05100670 0.15664846
v 0.06431641 0.06100670 0.15857285
v 0.06431641 0.06100670 0.15664846
v 0.07073742 0.05100670 0.16126001
v 0.06464540 0.05100670 0.15904270
v 0.07073742 0.06100670 0.16126001
v 0.06464540 0.06100670 0.15904270
v 0.07106642 0.05100670 0.16291623
v 0.07106642 0.05100670 0.16172986
v 0.07106642 0.06100670 0.16291623
v 0.07106642 0.06100670 0.16172986
v 0.06769095 0.06100670 0.16449494
v 0.06431641 0.05100670 0.16799763
v 0.06431641 0.05100670 0.16607323
v 0.06431641 0.06100670 0.16799763
v 0.06431641 0.06100670 0.16607323
v 0.06769095 0.05100670 0.16957593
v 0.07106642 0.05100670 0.17234100
v 0.07106642 0.05100670 0.17115463
v 0.07106642 0.06100670 0.17234100
v 0.07106642 0.06100670 0.17115463
v 0.06769225 0.05100670 0.17391915
v 0.06464540 0.06100670 0.17502816
v 0.07073742 0.06100670 0.17281085
v 0.06431641 0.05100670 0.17742240
v 0.06431641 0.05100670 0.17549801
v 0.06431641 0.06100670 0.17742240
v 0.06431641 0.06100670 0.17549801
v 0.06769095 0.05100670 0.17900070
v 0.07106642 0.05100670 0.18176578
v 0.07106642 0.05100670 0.18057942
v 0.07106642 0.06100670 0.18176578
v 0.07106642 0.06100670 0.18057942
v 0.06769225 0.05100670 0.18334393
v 0.06464540 0.06100670 0.18445294
v 0.07073742 0.06100670 0.18223563
v 0.06431641 0.05100670 0.18684720
v 0.06431641 0.05100670 0.18492278
v 0.06431641 0.06100670 0.18684720
v 0.06431641 0.06100670 0.18492278
v 0.06769095 0.05100670 0.18842548
v 0.07106642 0.05100670 0.19119056
v 0.07106642 0.05100670 0.19000420
v 0.07106642 0.06100670 0.19119056
v 0.07106642 0.06100670 0.19000420
v 0.06768983 0.05100670 0.19276973
v 0.06464540 0.06100670 0.19387771
v 0.07073742 0.06100670 0.19166040
v 0.06431641 0.05100670 0.19627197
v 0.06431641 0.05100670 0.19434756
v 0.06431641 0.06100670 0.19627197
v 0.06431641 0.06100670 0.19434756
v 0.06768946 0.05100670 0.19784957
v 0.07106642 0.05100670 0.20061533
v 0.07106642 0.05100670 0.19942898
v 0.07106642 0.06100670 0.20061533
v 0.07106642 0.06100670 0.19942898
v 0.06616716 0.05408362 0.20274870
v 0.07073742 0.06100670 0.20108518
v 0.06431641 0.05100670 0.20569675
v 0.06431641 0.05100670 0.20377234
v 0.06431641 0.06100670 0.20569675
v 0.06431641 0.06100670 0.20377234
v 0.07073742 0.05100670 0.20838390
v 0.06464540 0.05100670 0.20616660
v 0.07073742 0.06100670 0.20838390
v 0.06464540 0.06100670 0.20616660
v 0.07106642 0.05100670 0.21004011
v 0.07106642 0.05100670 0.20885375
v 0.07106642 0.06100670 0.21004011
v 0.07106642 0.06100670 0.20885375
v 0.06464540 0.05100670 0.21272728
v 0.07073742 0.05100670 0.21050996
v 0.06464540 0.06100670 0.21272728
v 0.07073742 0.06100670 0.21050996
v 0.06431641 0.05100670 0.21512152
v 0.06431641 0.05100670 0.21319711
v 0.06431641 0.06100670 0.21512152
v 0.06431641 0.06100670 0.21319711
v 0.07073742 0.05100670 0.21780868
v 0.06464540 0.05100670 0.21559137
v 0.07073742 0.06100670 0.21780868
v 0.06464540 0.06100670 0.21559137
v 0.07106642 0.05100670 0.21946488
v 0.07106642 0.05100670 0.21827853
v 0.07106642 0.06100670 0.21946488
v 0.07106642 0.06100670 0.21827853
v 0.06464540 0.05100670 0.22215205
v 0.07073742 0.05100670 0.21993473
v 0.06464540 0.06100670 0.22215205
v 0.07073742 0.06100670 0.21993473
v 0.06431641 0.05100670 0.22454630
v 0.06431641 0.05100670 0.22262190
v 0.06431641 0.06100670 0.22454630
v 0.06431641 0.06100670 0.22262190
v 0.06769245 0.05100670 0.22612528
v 0.07106642 0.05100670 0.22888967
v 0.07106642 0.05100670 0.22770330
v 0.07106642 0.06100670 0.22888967
v 0.07106642 0.06100670 0.22770330
v 0.06616811 0.05408362 0.23102263
v 0.07073742 0.06100670 0.22935951
v 0.06431641 0.05100670 0.23397107
v 0.06431641 0.05100670 0.23204668
v 0.06431641 0.06100670 0.23397107
v 0.06431641 0.06100670 0.23204668
v 0.06769095 0.05100670 0.23554937
v 0.07106642 0.05100670 0.23831445
v 0.07106642 0.05100670 0.23712808
v 0.07106642 0.06100670 0.23831445
v 0.07106642 0.06100670 0.23712808
v 0.06616906 0.05408362 0.24044699
v 0.07073742 0.06100670 0.23878430
v 0.06431641 0.05100670 0.24339586
v 0.06431641 0.05100670 0.24147145
v 0.06431641 0.06100670 0.24339586
v 0.06431641 0.06100670 0.24147145
v 0.06768964 0.05545114 0.24497358
v 0.07106642 0.05100670 0.24773923
v 0.07106642 0.05100670 0.24655287
v 0.07106642 0.06100670 0.24773923
v 0.07106642 0.06100670 0.24655287
v 0.06769104 0.05100670 0.24931789
v 0.06464540 0.06100670 0.25042638
v 0.07073742 0.06100670 0.24820907
v 0.06431641 0.05100670 0.25282064
v 0.06431641 0.05100670 0.25089625
v 0.06431641 0.06100670 0.25282064
v 0.06431641 0.06100670 0.25089625
v 0.07073742 0.05100670 0.25550780
v 0.06464540 0.05100670 0.25329047
v 0.07073742 0.06100670 0.25550780
v 0.06464540 0.06100670 0.25329047
v 0.07106642 0.05100670 0.25716400
v 0.07106642 0.05100670 0.25597763
v 0.07106642 0.06100670 0.25716400
v 0.07106642 0.06100670 0.25597763
v 0.06464540 0.05100670 0.25985116
v 0.07073742 0.05100670 0.25763386
v 0.06464540 0.06100670 0.25985116
v 0.07073742 0.06100670 0.25763386
v 0.06431641 0.05100670 0.26224542
v 0.06431641 0.05100670 0.26032102
v 0.06431641 0.06100670 0.26224542
v 0.06431641 0.06100670 0.26032102
v 0.07073742 0.05100670 0.26493257
v 0.06464540 0.05100670 0.26271525
v 0.07073742 0.06100670 0.26493257
v 0.06464540 0.06100670 0.26271525
v 0.07106642 0.05100670 0.26658878
v 0.07106642 0.05100670 0.26540244
v 0.07106642 0.06100670 0.26658878
v 0.07106642 0.06100670 0.26540244
v 0.06464540 0.05100670 0.26927593
v 0.07073742 0.05100670 0.26705864
v 0.06464540 0.06100670 0.26927593
v 0.07073742 0.06100670 0.26705864
v 0.06431641 0.05100670 0.27167019
v 0.06431641 0.05100670 0.26974580
v 0.06431641 0.06100670 0.27167019
v 0.06431641 0.06100670 0.26974580
v 0.07073742 0.05100670 0.27435735
v 0.06464540 0.05100670 0.27214003
v 0.06769104 0.06100670 0.27324853
v 0.07106642 0.05100670 0.27601355
v 0.07106642 0.05100670 0.27482721
v 0.07106642 0.06100670 0.27601355
v 0.07106642 0.06100670 0.27482721
v 0.06464540 0.05100670 0.27870071
v 0.07073742 0.05100670 0.27648342
v 0.06464540 0.06100670 0.27870071
v 0.07073742 0.06100670 0.27648342
v 0.06431641 0.05100670 0.28109497
v 0.06431641 0.05100670 0.27917057
v 0.06431641 0.06100670 0.28109497
v 0.06431641 0.06100670 0.27917057
v 0.07073742 0.05100670 0.28378212
v 0.06464540 0.05100670 0.28156483
v 0.07073742 0.06100670 0.28378212
v 0.06464540 0.06100670 0.28156483
v 0.07106642 0.05100670 0.28543833
v 0.07106642 0.05100670 0.28425199
v 0.07106642 0.06100670 0.28543833
v 0.07106642 0.06100670 0.28425199
v 0.06464540 0.05100670 0.28812549
v 0.07073742 0.05100670 0.28590819
v 0.06464540 0.06100670 0.28812549
v 0.07073742 0.06100670 0.28590819
v 0.06431641 0.05100670 0.29051974
v 0.06431641 0.05100670 0.28859535
v 0.06431641 0.06100670 0.29051974
v 0.06431641 0.06100670 0.28859535
v 0.07073742 0.05100670 0.29320690
v 0.06464540 0.05100670 0.29098961
v 0.07073742 0.06100670 0.29320690
v 0.06464540 0.06100670 0.29098961
v 0.07106642 0.05100670 0.29486310
v 0.07106642 0.05100670 0.29367676
v 0.07106642 0.06100670 0.29486310
v 0.07106642 0.06100670 0.29367676
v 0.06464540 0.05100670 0.29755029
v 0.07073742 0.05100670 0.29533297
v 0.06464540 0.06100670 0.29755029
v 0.07073742 0.06100670 0.29533297
v 0.06431641 0.05100670 0.29994452
v 0.06431641 0.05100670 0.29802012
v 0.06431641 0.06100670 0.29994452
v 0.06431641 0.06100670 0.29802012
v 0.06769394 0.05100670 0.30152419
v 0.07106642 0.05100670 0.30428791
v 0.07106642 0.05100670 0.30310154
v 0.07106642 0.06100670 0.30428791
v 0.07106642 0.06100670 0.30310154
v 0.06464540 0.05100670 0.30697507
v 0.07073742 0.05100670 0.30475774
v 0.06464540 0.06100670 0.30697507
v 0.07073742 0.06100670 0.30475774
v 0.06431641 0.05100670 0.30936930
v 0.06431641 0.05100670 0.30744490
v 0.06431641 0.06100670 0.30936930
v 0.06431641 0.06100670 0.30744490
v 0.06769095 0.05100670 0.31094761
v 0.07106642 0.05100670 0.31371269
v 0.07106642 0.05100670 0.31252632
v 0.07106642 0.06100670 0.31371269
v 0.07106642 0.06100670 0.31252632
v 0.06769104 0.05100670 0.31529134
v 0.06464540 0.06100670 0.31639984
v 0.07073742 0.06100670 0.31418252
v 0.06431641 0.05100670 0.31879407
v 0.06431641 0.05100670 0.31686968
v 0.06431641 0.06100670 0.31879407
v 0.06431641 0.06100670 0.31686968
v 0.07073742 0.05100670 0.32148126
v 0.06464540 0.05100670 0.31926394
v 0.06769104 0.06100670 0.32037244
v 0.07106642 0.05100670 0.32313746
v 0.07106642 0.05100670 0.32195109
v 0.07106642 0.06100670 0.32313746
v 0.07106642 0.06100670 0.32195109
v 0.06464540 0.05100670 0.32582462
v 0.07073742 0.05100670 0.32360730
v 0.06464540 0.06100670 0.32582462
v 0.07073742 0.06100670 0.32360730
v 0.06431641 0.05100670 0.32821888
v 0.06431641 0.05100670 0.32629445
v 0.06431641 0.06100670 0.32821888
v 0.06431641 0.06100670 0.32629445
v 0.07073742 0.05100670 0.33090603
v 0.06464540 0.05100670 0.32868871
v 0.07073742 0.06100670 0.33090603
v 0.06464540 0.06100670 0.32868871
v 0.07106642 0.05100670 0.33256224
v 0.07106642 0.05100670 0.33137587
v 0.07106642 0.06100670 0.33256224
v 0.07106642 0.06100670 0.33137587
v 0.06464540 0.05100670 0.33524939
v 0.07073742 0.05100670 0.33303207
v 0.06464540 0.06100670 0.33524939
v 0.07073742 0.06100670 0.33303207
v 0.06431641 0.05100670 0.33764365
v 0.06431641 0.05100670 0.33571923
v 0.06431641 0.06100670 0.33764365
v 0.06431641 0.06100670 0.33571923
v 0.06769095 0.05100670 0.33922194
v 0.07106642 0.05100670 0.34198701
v 0.07106642 0.05100670 0.34080064
v 0.07106642 0.06100670 0.34198701
v 0.07106642 0.06100670 0.34080064
v 0.06616811 0.05408362 0.34411997
v 0.07073742 0.06100670 0.34245685
v 0.06431641 0.05100670 0.34706843
v 0.06431641 0.05100670 0.34514400
v 0.06431641 0.06100670 0.34706843
v 0.06431641 0.06100670 0.34514400
v 0.07073742 0.05100670 0.34975559
v 0.06464540 0.05100670 0.34753826
v 0.06769104 0.06100670 0.34864677
v 0.07106642 0.05100670 0.35141179
v 0.07106642 0.05100670 0.35022542
v 0.07106642 0.06100670 0.35141179
v 0.07106642 0.06100670 0.35022542
v 0.06464540 0.05100670 0.35409895
v 0.07073742 0.05100670 0.35188162
v 0.06464540 0.06100670 0.35409895
v 0.07073742 0.06100670 0.35188162
v 0.06431641 0.05100670 0.35649320
v 0.06431641 0.05100670 0.35456878
v 0.06431641 0.06100670 0.35649320
v 0.06431641 0.06100670 0.35456878
v 0.07073742 0.05100670 0.35918036
v 0.06464540 0.05100670 0.35696304
v 0.06769104 0.06100670 0.35807154
v 0.07106642 0.05100670 0.36083657
v 0.07106642 0.05100670 0.35965019
v 0.07106642 0.06100670 0.36083657
v 0.07106642 0.06100670 0.35965019
v 0.06464540 0.05100670 0.36352372
v 0.07073742 0.05100670 0.36130640
v 0.06464540 0.06100670 0.36352372
v 0.07073742 0.06100670 0.36130640
v 0.06431641 0.05100670 0.36591798
v 0.06431641 0.05100670 0.36399359
v 0.06431641 0.06100670 0.36591798
v 0.06431641 0.06100670 0.36399359
v 0.07073742 0.05100670 0.36860514
v 0.06464540 0.05100670 0.36638781
v 0.07073742 0.06100670 0.36860514
v 0.06464540 0.06100670 0.36638781
v 0.07106642 0.05100670 0.37026134
v 0.07106642 0.05100670 0.36907497
v 0.07106642 0.06100670 0.37026134
v 0.07106642 0.06100670 0.36907497
v 0.06464540 0.05100670 0.37294850
v 0.07073742 0.05100670 0.37073117
v 0.06464540 0.06100670 0.37294850
v 0.07073742 0.06100670 0.37073117
v 0.06431641 0.05100670 0.37534276
v 0.06431641 0.05100670 0.37341836
v 0.06431641 0.06100670 0.37534276
v 0.06431641 0.06100670 0.37341836
v 0.06769095 0.05100670 0.37692104
v 0.07106642 0.05100670 0.37968612
v 0.07106642 0.05100670 0.37849975
v 0.07106642 0.06100670 0.37968612
v 0.07106642 0.06100670 0.37849975
v 0.06617001 0.05408362 0.38181826
v 0.07073742 0.06100670 0.38015598
v 0.06431641 0.05100670 0.38476753
v 0.06431641 0.05100670 0.38284314
v 0.06431641 0.06100670 0.38476753
v 0.06431641 0.06100670 0.38284314
v 0.07073742 0.05100670 0.38745469
v 0.06464540 0.05100670 0.38523737
v 0.07073742 0.06100670 0.38745469
v 0.06464540 0.06100670 0.38523737
v 0.07106642 0.05100670 0.38911089
v 0.07106642 0.05100670 0.38792455
v 0.07106642 0.06100670 0.38911089
v 0.07106642 0.06100670 0.38792455
v 0.06464540 0.05100670 0.39179805
v 0.07073742 0.05100670 0.38958076
v 0.06464540 0.06100670 0.39179805
v 0.07073742 0.06100670 0.38958076
v 0.06431641 0.05100670 0.39419231
v 0.06431641 0.05100670 0.39226791
v 0.06431641 0.06100670 0.39419231
v 0.06431641 0.06100670 0.39226791
v 0.07073742 0.05100670 0.39687946
v 0.06464540 0.05100670 0.39466214
v 0.07073742 0.06100670 0.39687946
v 0.06464540 0.06100670 0.39466214
v 0.07106642 0.05100670 0.39853567
v 0.07106642 0.05100670 0.39734933
v 0.07106642 0.06100670 0.39853567
v 0.07106642 0.06100670 0.39734933
v 0.06464540 0.05100670 0.40122283
v 0.07073742 0.05100670 0.39900553
v 0.06464540 0.06100670 0.40122283
v 0.07073742 0.06100670 0.39900553
v 0.06431641 0.05100670 0.40361708
v 0.06431641 0.05100670 0.40169269
v 0.06431641 0.06100670 0.40361708
v 0.06431641 0.06100670 0.40169269
v 0.06768796 0.05100670 0.40519400
v 0.07106642 0.05100670 0.40796044
v 0.07106642 0.05100670 0.40677410
v 0.07106642 0.06100670 0.40796044
v 0.07106642 0.06100670 0.40677410
v 0.06768862 0.05100670 0.40954014
v 0.06464540 0.06100670 0.41064760
v 0.07073742 0.06100670 0.40843031
v 0.06431641 0.05100670 0.41304186
v 0.06431641 0.05100670 0.41111746
v 0.06431641 0.06100670 0.41304186
v 0.06431641 0.06100670 0.41111746
v 0.07073742 0.05100670 0.41572902
v 0.06464540 0.05100670 0.41351172
v 0.07073742 0.06100670 0.41572902
v 0.06464540 0.06100670 0.41351172
v 0.07106642 0.05100670 0.41738522
v 0.07106642 0.05100670 0.41619888
v 0.07106642 0.06100670 0.41738522
v 0.07106642 0.06100670 0.41619888
v 0.06464540 0.05100670 0.42007241
v 0.07073742 0.05100670 0.41785508
v 0.06464540 0.06100670 0.42007241
v 0.07073742 0.06100670 0.41785508
v 0.06431641 0.05100670 0.42246664
v 0.06431641 0.05100670 0.42054224
v 0.06431641 0.06100670 0.42246664
v 0.06431641 0.06100670 0.42054224
v 0.07073742 0.05100670 0.42515379
v 0.06464540 0.05100670 0.42293650
v 0.07073742 0.06100670 0.42515379
v 0.06464540 0.06100670 0.42293650
v 0.07106642 0.05100670 0.42681000
v 0.07106642 0.05100670 0.42562366
v 0.07106642 0.06100670 0.42681000
v 0.07106642 0.06100670 0.42562366
v 0.06464540 0.05100670 0.42949718
v 0.07073742 0.05100670 0.42727986
v 0.06464540 0.06100670 0.42949718
v 0.07073742 0.06100670 0.42727986
v 0.06431641 0.05100670 0.43189141
v 0.06431641 0.05100670 0.42996702
v 0.06431641 0.06100670 0.43189141
v 0.06431641 0.06100670 0.42996702
v 0.07073742 0.05100670 0.43457857
v 0.06464540 0.05100670 0.43236127
v 0.06769346 0.06100670 0.43347079
v 0.07106642 0.05100670 0.43623477
v 0.07106642 0.05100670 0.43504843
v 0.07106642 0.06100670 0.43623477
v 0.07106642 0.06100670 0.43504843
v 0.06464540 0.05100670 0.43892196
v 0.07073742 0.05100670 0.43670464
v 0.06464540 0.06100670 0.43892196
v 0.07073742 0.06100670 0.43670464
v 0.06431641 0.06100670 0.44131619
v 0.06431641 0.05100670 0.44131619
v 0.06431641 0.06100670 0.43939179
v 0.06431641 0.05100670 0.43939179
v 0.07073742 0.05100670 0.44400334
v 0.06464540 0.05100670 0.44178605
v 0.07073742 0.06100670 0.44400334
v 0.06464540 0.06100670 0.44178605
v 0.07106642 0.05100670 0.44565958
v 0.07106642 0.05100670 0.44447321
v 0.07106642 0.06100670 0.44565958
v 0.07106642 0.06100670 0.44447321
v 0.06464540 0.05100670 0.44834673
v 0.07073742 0.05100670 0.44612941
v 0.06464540 0.06100670 0.44834673
v 0.07073742 0.06100670 0.44612941
v 0.06431641 0.05100670 0.45074096
v 0.06431641 0.05100670 0.44881657
v 0.06431641 0.06100670 0.45074096
v 0.06431641 0.06100670 0.44881657
v 0.07073742 0.05100670 0.45342815
v 0.06464540 0.05100670 0.45121083
v 0.07073742 0.06100670 0.45342815
v 0.06464540 0.06100670 0.45121083
v 0.07106642 0.05100670 0.45508435
v 0.07106642 0.05100670 0.45389798
v 0.07106642 0.06100670 0.45508435
v 0.07106642 0.06100670 0.45389798
v 0.06464540 0.05100670 0.45777151
v 0.07073742 0.05100670 0.45555419
v 0.06464540 0.06100670 0.45777151
v 0.07073742 0.06100670 0.45555419
v 0.06431641 0.05100670 0.46016574
v 0.06431641 0.05100670 0.45824134
v 0.06431641 0.06100670 0.46016574
v 0.06431641 0.06100670 0.45824134
v 0.06769099 0.05545114 0.46174408
v 0.07106642 0.05100670 0.46450913
v 0.07106642 0.05100670 0.46332276
v 0.07106642 0.06100670 0.46450913
v 0.07106642 0.06100670 0.46332276
v 0.06963398 0.06100670 0.46496948
v 0.06431641 0.05100670 0.46959054
v 0.06431641 0.05100670 0.46766612
v 0.06431641 0.06100670 0.46959054
v 0.06431641 0.06100670 0.46766612
v 0.07073742 0.05100670 0.47227770
v 0.06464540 0.05100670 0.47006038
v 0.07073742 0.06100670 0.47227770
v 0.06464540 0.06100670 0.47006038
v 0.07106642 0.05100670 0.47393391
v 0.07106642 0.05100670 0.47274753
v 0.07106642 0.06100670 0.47393391
v 0.07106642 0.06100670 0.47274753
v 0.06464540 0.05100670 0.47662106
v 0.07073742 0.05100670 0.47440374
v 0.06464540 0.06100670 0.47662106
v 0.07073742 0.06100670 0.47440374
v 0.06431641 0.05100670 0.47901532
v 0.06431641 0.05100670 0.47709090
v 0.06431641 0.06100670 0.47901532
v 0.06431641 0.06100670 0.47709090
v 0.07073742 0.05100670 0.48170248
v 0.06464540 0.05100670 0.47948515
v 0.07073742 0.06100670 0.48170248
v 0.06464540 0.06100670 0.47948515
v 0.07106642 0.05100670 0.48335868
v 0.07106642 0.05100670 0.48217231
v 0.07106642 0.06100670 0.48335868
v 0.07106642 0.06100670 0.48217231
v 0.06464540 0.05100670 0.48604584
v 0.07073742 0.05100670 0.48382851
v 0.06464540 0.06100670 0.48604584
v 0.07073742 0.06100670 0.48382851
v 0.06431641 0.05100670 0.48844010
v 0.06431641 0.05100670 0.48651567
v 0.06431641 0.06100670 0.48844010
v 0.06431641 0.06100670 0.48651567
v 0.07073742 0.05100670 0.49112725
v 0.06464540 0.05100670 0.48890993
v 0.07073742 0.06100670 0.49112725
v 0.06464540 0.06100670 0.48890993
v 0.07106642 0.05100670 0.49278346
v 0.07106642 0.05100670 0.49159709
v 0.07106642 0.06100670 0.49278346
v 0.07106642 0.06100670 0.49159709
v 0.06464540 0.05100670 0.49547061
v 0.07073742 0.05100670 0.49325329
v 0.06464540 0.06100670 0.49547061
v 0.07073742 0.06100670 0.49325329
v 0.06431641 0.05100670 0.49786487
v 0.06431641 0.05100670 0.49594048
v 0.06431641 0.06100670 0.49786487
v 0.06431641 0.06100670 0.49594048
v 0.06769095 0.05100670 0.49944317
v 0.07106642 0.05100670 0.50220823
v 0.07106642 0.05100670 0.50102186
v 0.07106642 0.06100670 0.50220823
v 0.07106642 0.06100670 0.50102186
v 0.06616811 0.05408362 0.50434119
v 0.07073742 0.06100670 0.50267810
v 0.06431641 0.05100670 0.50728965
v 0.06431641 0.05100670 0.50536525
v 0.06431641 0.06100670 0.50728965
v 0.06431641 0.06100670 0.50536525
v 0.07073742 0.05100670 0.50997680
v 0.06464540 0.05100670 0.50775951
v 0.07073742 0.06100670 0.50997680
v 0.06464540 0.06100670 0.50775951
v 0.07106642 0.05100670 0.51163304
v 0.07106642 0.05100670 0.51044667
v 0.07106642 0.06100670 0.51163304
v 0.07106642 0.06100670 0.51044667
v 0.06464540 0.05100670 0.51432019
v 0.07073742 0.05100670 0.51210284
v 0.06464540 0.06100670 0.51432019
v 0.07073742 0.06100670 0.51210284
v 0.06431641 0.05100670 0.51671445
v 0.06431641 0.05100670 0.51479000
v 0.06431641 0.06100670 0.51671445
v 0.06431641 0.06100670 0.51479000
v 0.07073742 0.05100670 0.51940161
v 0.06464540 0.05100670 0.51718426
v 0.07073742 0.06100670 0.51940161
v 0.06464540 0.06100670 0.51718426
v 0.07106642 0.05100670 0.52105778
v 0.07106642 0.05100670 0.51987141
v 0.07106642 0.06100670 0.52105778
v 0.07106642 0.06100670 0.51987141
v 0.06464540 0.05100670 0.52374494
v 0.07073742 0.05100670 0.52152765
v 0.06464540 0.06100670 0.52374494
v 0.07073742 0.06100670 0.52152765
v 0.06431641 0.05100670 0.52613920
v 0.06431641 0.05100670 0.52421480
v 0.06431641 0.06100670 0.52613920
v 0.06431641 0.06100670 0.52421480
v 0.06769095 0.05100670 0.52771750
v 0.07106642 0.05100670 0.53048259
v 0.07106642 0.05100670 0.52929622
v 0.07106642 0.06100670 0.53048259
v 0.07106642 0.06100670 0.52929622
v 0.06769104 0.05100670 0.53206123
v 0.06464540 0.06100670 0.53316975
v 0.07073742 0.06100670 0.53095239
v 0.06431641 0.05100670 0.53556401
v 0.06431641 0.05100670 0.53363955
v 0.06431641 0.06100670 0.53556401
v 0.06431641 0.06100670 0.53363955
v 0.06769095 0.05100670 0.53714227
v 0.07106642 0.05100670 0.53990734
v 0.07106642 0.05100670 0.53872097
v 0.07106642 0.06100670 0.53990734
v 0.07106642 0.06100670 0.53872097
v 0.06616811 0.05408362 0.54204030
v 0.07073742 0.06100670 0.54037720
v 0.06431641 0.05100670 0.54498875
v 0.06431641 0.05100670 0.54306436
v 0.06431641 0.06100670 0.54498875
v 0.06431641 0.06100670 0.54306436
v 0.07073742 0.05100670 0.54767591
v 0.06464540 0.05100670 0.54545861
v 0.07073742 0.06100670 0.54767591
v 0.06464540 0.06100670 0.54545861
v 0.07106642 0.05100670 0.54933214
v 0.07106642 0.05100670 0.54814577
v 0.07106642 0.06100670 0.54933214
v 0.07106642 0.06100670 0.54814577
v 0.06464540 0.05100670 0.55201930
v 0.07073742 0.05100670 0.54980195
v 0.06464540 0.06100670 0.55201930
v 0.07073742 0.06100670 0.54980195
v 0.06431641 0.05100670 0.55441356
v 0.06431641 0.05100670 0.55248916
v 0.06431641 0.06100670 0.55441356
v 0.06431641 0.06100670 0.55248916
v 0.07073742 0.05100670 0.55710071
v 0.06464540 0.05100670 0.55488336
v 0.07073742 0.06100670 0.55710071
v 0.06464540 0.06100670 0.55488336
v 0.07106642 0.05100670 0.55875689
v 0.07106642 0.05100670 0.55757052
v 0.07106642 0.06100670 0.55875689
v 0.07106642 0.06100670 0.55757052
v 0.06464540 0.05100670 0.56144404
v 0.07073742 0.05100670 0.55922675
v 0.06464540 0.06100670 0.56144404
v 0.07073742 0.06100670 0.55922675
v 0.06431641 0.05100670 0.56383830
v 0.06431641 0.05100670 0.56191391
v 0.06431641 0.06100670 0.56383830
v 0.06431641 0.06100670 0.56191391
v 0.07073742 0.05100670 0.56652546
v 0.06464540 0.05100670 0.56430817
v 0.07073742 0.06100670 0.56652546
v 0.06464540 0.06100670 0.56430817
v 0.07106642 0.05100670 0.56818169
v 0.07106642 0.05100670 0.56699532
v 0.07106642 0.06100670 0.56818169
v 0.07106642 0.06100670 0.56699532
v 0.06617192 0.05400670 0.57031301
v 0.07073742 0.06100670 0.56865156
v 0.06431641 0.05100670 0.57326311
v 0.06431641 0.05100670 0.57133871
v 0.06431641 0.06100670 0.57326311
v 0.06431641 0.06100670 0.57133871
v 0.07073742 0.05100670 0.57595026
v 0.06464540 0.05100670 0.57373291
v 0.06769104 0.06100670 0.57484143
v 0.07106642 0.05100670 0.57760644
v 0.07106642 0.05100670 0.57642013
v 0.07106642 0.06100670 0.57760644
v 0.07106642 0.06100670 0.57642013
v 0.06464540 0.05100670 0.58029360
v 0.07073742 0.05100670 0.57807630
v 0.06464540 0.06100670 0.58029360
v 0.07073742 0.06100670 0.57807630
v 0.06431641 0.05100670 0.58268785
v 0.06431641 0.05100670 0.58076346
v 0.06431641 0.06100670 0.58268785
v 0.06431641 0.06100670 0.58076346
v 0.07073742 0.05100670 0.58537501
v 0.06616811 0.05800670 0.58371191
v 0.07106642 0.05100670 0.58703125
v 0.07106642 0.05100670 0.58584487
v 0.07106642 0.06100670 0.58703125
v 0.07106642 0.06100670 0.58584487
v 0.06464540 0.05100670 0.58971840
v 0.07073742 0.05100670 0.58750111
v 0.06464540 0.06100670 0.58971840
v 0.07073742 0.06100670 0.58750111
v 0.06431641 0.05100670 0.59211266
v 0.06431641 0.05100670 0.59018826
v 0.06431641 0.06100670 0.59211266
v 0.06431641 0.06100670 0.59018826
v 0.07073742 0.05100670 0.59479982
v 0.06464540 0.05100670 0.59258252
v 0.07073742 0.06100670 0.59479982
v 0.06464540 0.06100670 0.59258252
v 0.07106642 0.05100670 0.59645599
v 0.07106642 0.05100670 0.59526968
v 0.07106642 0.06100670 0.59645599
v 0.07106642 0.06100670 0.59526968
v 0.06464540 0.05100670 0.59914315
v 0.07073742 0.05100670 0.59692585
v 0.06464540 0.06100670 0.59914315
v 0.07073742 0.06100670 0.59692585
v 0.06431641 0.05100670 0.60153741
v 0.06431641 0.05100670 0.59961301
v 0.06431641 0.06100670 0.60153741
v 0.06431641 0.06100670 0.59961301
v 0.06769095 0.05100670 0.60311570
v 0.07106642 0.05100670 0.60588080
v 0.07106642 0.05100670 0.60469443
v 0.07106642 0.06100670 0.60588080
v 0.07106642 0.06100670 0.60469443
v 0.06616811 0.05408362 0.60801376
v 0.07073742 0.06100670 0.60635066
v 0.06431641 0.05100670 0.61096221
v 0.06431641 0.05100670 0.60903782
v 0.06431641 0.06100670 0.61096221
v 0.06431641 0.06100670 0.60903782
v 0.07073742 0.05100670 0.61364937
v 0.06464540 0.05100670 0.61143208
v 0.07073742 0.06100670 0.61364937
v 0.06464540 0.06100670 0.61143208
v 0.07106642 0.05100670 0.61530554
v 0.07106642 0.05100670 0.61411923
v 0.07106642 0.06100670 0.61530554
v 0.07106642 0.06100670 0.61411923
v 0.06464540 0.05100670 0.61799270
v 0.07073742 0.05100670 0.61577541
v 0.06464540 0.06100670 0.61799270
v 0.07073742 0.06100670 0.61577541
v 0.06431641 0.05100670 0.62038696
v 0.06431641 0.05100670 0.61846256
v 0.06431641 0.06100670 0.62038696
v 0.06431641 0.06100670 0.61846256
v 0.07073742 0.05100670 0.62307411
v 0.06616811 0.05737033 0.62141102
v 0.07106642 0.05100670 0.62473035
v 0.07106642 0.05100670 0.62354398
v 0.07106642 0.06100670 0.62473035
v 0.07106642 0.06100670 0.62354398
v 0.06616811 0.05464306 0.62686331
v 0.07073742 0.06100670 0.62520021
v 0.06431641 0.05100670 0.62981176
v 0.06431641 0.05100670 0.62788737
v 0.06431641 0.06100670 0.62981176
v 0.06431641 0.06100670 0.62788737
v 0.07073742 0.05100670 0.63249892
v 0.06616432 0.05800670 0.63083418
v 0.07106642 0.05100670 0.63415509
v 0.07106642 0.05100670 0.63296878
v 0.07106642 0.06100670 0.63415509
v 0.07106642 0.06100670 0.63296878
v 0.06464540 0.05100670 0.63684225
v 0.07073742 0.05100670 0.63462496
v 0.06464540 0.06100670 0.63684225
v 0.07073742 0.06100670 0.63462496
v 0.06431641 0.05100670 0.63923651
v 0.06431641 0.05100670 0.63731211
v 0.06431641 0.06100670 0.63923651
v 0.06431641 0.06100670 0.63731211
v 0.07073742 0.05100670 0.64192367
v 0.06616811 0.05800670 0.64026057
v 0.07106642 0.05100670 0.64357990
v 0.07106642 0.05100670 0.64239353
v 0.07106642 0.06100670 0.64357990
v 0.07106642 0.06100670 0.64239353
v 0.06464540 0.05100670 0.64626706
v 0.07073742 0.05100670 0.64404976
v 0.06464540 0.06100670 0.64626706
v 0.07073742 0.06100670 0.64404976
v 0.06431641 0.05100670 0.64866132
v 0.06431641 0.05100670 0.64673692
v 0.06431641 0.06100670 0.64866132
v 0.06431641 0.06100670 0.64673692
v 0.07073742 0.05100670 0.65134847
v 0.06616811 0.05800670 0.64968538
v 0.07106642 0.05100670 0.65300465
v 0.07106642 0.05100670 0.65181834
v 0.07106642 0.06100670 0.65300465
v 0.07106642 0.06100670 0.65181834
v 0.06464540 0.05100670 0.65569186
v 0.07073742 0.05100670 0.65347451
v 0.06464540 0.06100670 0.65569186
v 0.07073742 0.06100670 0.65347451
v 0.06431641 0.05100670 0.65808606
v 0.06431641 0.05100670 0.65616167
v 0.06431641 0.06100670 0.65808606
v 0.06431641 0.06100670 0.65616167
v 0.07073742 0.05100670 0.66077322
v 0.06464540 0.05100670 0.65855592
v 0.06769588 0.06100670 0.65966646
v 0.07106642 0.05100670 0.66242945
v 0.07106642 0.05100670 0.66124308
v 0.07106642 0.06100670 0.66242945
v 0.07106642 0.06100670 0.66124308
v 0.06616811 0.05600670 0.66456241
v 0.07073742 0.06100670 0.66289932
v 0.06431641 0.05100670 0.66751087
v 0.06431641 0.05100670 0.66558647
v 0.06431641 0.06100670 0.66751087
v 0.06431641 0.06100670 0.66558647
v 0.07073742 0.05100670 0.67019802
v 0.06464540 0.05100670 0.66798073
v 0.07073742 0.06100670 0.67019802
v 0.06464540 0.06100670 0.66798073
v 0.07106642 0.05100670 0.67185426
v 0.07106642 0.05100670 0.67066789
v 0.07106642 0.06100670 0.67185426
v 0.07106642 0.06100670 0.67066789
v 0.06464540 0.05100670 0.67454141
v 0.07073742 0.05100670 0.67232406
v 0.06464540 0.06100670 0.67454141
v 0.07073742 0.06100670 0.67232406
v 0.06431641 0.05100670 0.67693561
v 0.06431641 0.05100670 0.67501122
v 0.06431641 0.06100670 0.67693561
v 0.06431641 0.06100670 0.67501122
v 0.07073742 0.05100670 0.67962283
v 0.06616811 0.05800670 0.67795969
v 0.07106642 0.05100670 0.68127900
v 0.07106642 0.05100670 0.68009263
v 0.07106642 0.06100670 0.68127900
v 0.07106642 0.06100670 0.68009263
v 0.06464540 0.05100670 0.68396616
v 0.07073742 0.05100670 0.68174887
v 0.06464540 0.06100670 0.68396616
v 0.07073742 0.06100670 0.68174887
v 0.06431641 0.05100670 0.68636042
v 0.06431641 0.05100670 0.68443602
v 0.06431641 0.06100670 0.68636042
v 0.06431641 0.06100670 0.68443602
v 0.07073742 0.05100670 0.68904757
v 0.06616811 0.05800670 0.68738448
v 0.07106642 0.05100670 0.69070381
v 0.07106642 0.05100670 0.68951744
v 0.07106642 0.06100670 0.69070381
v 0.07106642 0.06100670 0.68951744
v 0.06464540 0.05100670 0.69339097
v 0.07073742 0.05100670 0.69117361
v 0.06464540 0.06100670 0.69339097
v 0.07073742 0.06100670 0.69117361
v 0.06431641 0.05100670 0.69578522
v 0.06431641 0.05100670 0.69386077
v 0.06431641 0.06100670 0.69578522
v 0.06431641 0.06100670 0.69386077
v 0.07073742 0.05100670 0.69847238
v 0.06616811 0.05800670 0.69680924
v 0.07106642 0.05100670 0.70012856
v 0.07106642 0.05100670 0.69894218
v 0.07106642 0.06100670 0.70012856
v 0.07106642 0.06100670 0.69894218
v 0.06464540 0.05100670 0.70281571
v 0.07073742 0.05100670 0.70059842
v 0.06464540 0.06100670 0.70281571
v 0.07073742 0.06100670 0.70059842
v 0.06431641 0.05100670 0.70520997
v 0.06431641 0.05100670 0.70328557
v 0.06431641 0.06100670 0.70520997
v 0.06431641 0.06100670 0.70328557
v 0.07073742 0.05100670 0.70789713
v 0.06616811 0.05800670 0.70623403
v 0.07106642 0.05100670 0.70955336
v 0.07106642 0.05100670 0.70836699
v 0.07106642 0.06100670 0.70955336
v 0.07106642 0.06100670 0.70836699
v 0.06464540 0.05100670 0.71224052
v 0.07073742 0.05100670 0.71002316
v 0.06464540 0.06100670 0.71224052
v 0.07073742 0.06100670 0.71002316
v 0.06431641 0.05100670 0.71463478
v 0.06431641 0.05100670 0.71271032
v 0.06431641 0.06100670 0.71463478
v 0.06431641 0.06100670 0.71271032
v 0.07073742 0.05100670 0.71732193
v 0.06464540 0.05100670 0.71510458
v 0.07073742 0.06100670 0.71732193
v 0.06464540 0.06100670 0.71510458
v 0.02640039 0.06100670 0.09844357
v 0.02740875 0.06100670 0.09922501
v 0.02740875 0.05100670 0.09922501
v 0.02761641 0.06100670 0.10000002
v 0.02761641 0.05100670 0.10000002
v 0.02740875 0.06100670 0.10077500
v 0.02740875 0.05100670 0.10077500
v 0.02461863 0.06100670 0.10102058
v 0.01584141 0.06100670 0.14134233
v 0.01506641 0.05100670 0.14154999
v 0.02740875 0.06100670 0.13922499
v 0.02740875 0.05100670 0.13922499
v 0.02761641 0.06100670 0.14000000
v 0.02761641 0.05100670 0.14000000
v 0.02740875 0.06100670 0.14077500
v 0.02740875 0.05100670 0.14077500
v 0.02684141 0.06100670 0.14134233
v 0.02684141 0.05100670 0.14134233
v 0.02606641 0.06100670 0.14154999
v 0.02606641 0.05100670 0.14154999
v 0.02547437 0.06100670 0.11834473
v 0.02740875 0.06100670 0.11922500
v 0.02740875 0.05100670 0.11922500
v 0.02761641 0.06100670 0.12000000
v 0.02761641 0.05100670 0.12000000
v 0.02740875 0.06100670 0.12077501
v 0.02740875 0.05100670 0.12077501
v 0.01961723 0.05559316 0.13431310
v 0.07106642 0.05100670 0.71897811
v 0.07106642 0.05100670 0.71779174
v 0.07106642 0.06100670 0.71897811
v 0.07106642 0.06100670 0.71779174
v 0.06616811 0.05400670 0.72111107
v 0.07073742 0.06100670 0.71944797
v 0.01299140 0.05900670 0.11985299
v 0.00906641 0.06100670 0.13000000
v 0.00906641 0.05100670 0.13000000
v 0.00906641 0.06100670 0.44000000
v 0.00906641 0.05100670 0.44000000
v 0.00906641 0.06100670 0.75000000
v 0.01366777 0.06100670 0.09698855
v 0.06435730 0.06100670 0.10932653
v 0.06447329 0.06100670 0.10916089
v 0.06381641 0.06100670 0.09200000
v 0.06435730 0.06100670 0.09279745
v 0.06406641 0.06100670 0.09206700
v 0.06424943 0.06100670 0.09225001
v 0.06435730 0.06100670 0.09990176
v 0.06447329 0.06100670 0.09296309
v 0.07090954 0.06100670 0.10673126
v 0.07102552 0.06100670 0.10656559
v 0.07102552 0.06100670 0.10498317
v 0.07090954 0.06100670 0.10481750
v 0.06447329 0.06100670 0.09973612
v 0.07090954 0.06100670 0.09730648
v 0.07102552 0.06100670 0.09555840
v 0.07090954 0.06100670 0.09539273
v 0.06447329 0.06100670 0.10238787
v 0.06435730 0.06100670 0.10222223
v 0.07102552 0.06100670 0.09714081
v 0.06435730 0.06100670 0.12107179
v 0.06447329 0.06100670 0.12123743
v 0.06447329 0.06100670 0.11181267
v 0.06435730 0.06100670 0.11164700
v 0.06435730 0.06100670 0.12817608
v 0.06435730 0.06100670 0.11875131
v 0.06447329 0.06100670 0.11858565
v 0.06447329 0.06100670 0.12801044
v 0.07102552 0.06100670 0.11440795
v 0.07090954 0.06100670 0.11424228
v 0.07102552 0.06100670 0.11599038
v 0.07090954 0.06100670 0.11615602
v 0.07090954 0.06100670 0.12558080
v 0.07102552 0.06100670 0.12541515
v 0.07102552 0.06100670 0.12383272
v 0.07063676 0.06100670 0.12368780
v 0.06435730 0.06100670 0.20357430
v 0.06447329 0.06100670 0.15893655
v 0.06435730 0.06100670 0.19414952
v 0.02056641 0.06100670 0.44000000
v 0.06435730 0.06100670 0.18472475
v 0.06435730 0.06100670 0.37322029
v 0.06447329 0.06100670 0.37305465
v 0.06447329 0.06100670 0.13066220
v 0.06435730 0.06100670 0.13760085
v 0.06435730 0.06100670 0.15877089
v 0.06447329 0.06100670 0.18721087
v 0.06435730 0.06100670 0.17529997
v 0.06447329 0.06100670 0.35685688
v 0.06435730 0.06100670 0.35669124
v 0.06447329 0.06100670 0.34743211
v 0.06447329 0.06100670 0.35420510
v 0.06435730 0.06100670 0.28839731
v 0.06447329 0.06100670 0.28823167
v 0.06447329 0.06100670 0.14008699
v 0.06435730 0.06100670 0.13992134
v 0.06435730 0.06100670 0.13049656
v 0.06435730 0.06100670 0.15645041
v 0.06447329 0.06100670 0.14951177
v 0.06435730 0.06100670 0.14934611
v 0.06447329 0.06100670 0.17778610
v 0.06435730 0.06100670 0.43919376
v 0.06447329 0.06100670 0.43902811
v 0.06447329 0.06100670 0.43225512
v 0.06447329 0.06100670 0.33800733
v 0.06435730 0.06100670 0.33784169
v 0.06447329 0.06100670 0.13743521
v 0.07102552 0.06100670 0.16153182
v 0.07090954 0.06100670 0.16136618
v 0.06447329 0.06100670 0.15628476
v 0.06435730 0.06100670 0.14702563
v 0.06447329 0.06100670 0.14685999
v 0.06447329 0.06100670 0.20606044
v 0.06447329 0.06100670 0.21283343
v 0.06435730 0.06100670 0.21531956
v 0.07090954 0.06100670 0.40832415
v 0.07102552 0.06100670 0.40815848
v 0.06435730 0.06100670 0.36379552
v 0.06447329 0.06100670 0.36362988
v 0.06435730 0.06100670 0.32609642
v 0.06447329 0.06100670 0.31915778
v 0.06447329 0.06100670 0.32593077
v 0.06435730 0.06100670 0.31667164
v 0.06447329 0.06100670 0.30973300
v 0.06447329 0.06100670 0.31650600
v 0.07102552 0.06100670 0.16311426
v 0.07090954 0.06100670 0.16327991
v 0.06435730 0.06100670 0.20589478
v 0.06435730 0.06100670 0.21299908
v 0.06435730 0.06100670 0.19647001
v 0.06447329 0.06100670 0.19663565
v 0.06447329 0.06100670 0.20340866
v 0.06435730 0.06100670 0.39439034
v 0.06435730 0.06100670 0.40149465
v 0.06447329 0.06100670 0.40132901
v 0.06435730 0.06100670 0.34494597
v 0.06447329 0.06100670 0.34478033
v 0.06447329 0.06100670 0.25318432
v 0.06447329 0.06100670 0.25995731
v 0.06435730 0.06100670 0.22242385
v 0.06447329 0.06100670 0.22225821
v 0.07090954 0.06100670 0.21982858
v 0.07102552 0.06100670 0.21966293
v 0.07102552 0.06100670 0.21808049
v 0.07090954 0.06100670 0.21791485
v 0.06435730 0.06100670 0.18704523
v 0.06447329 0.06100670 0.19398388
v 0.06435730 0.06100670 0.16587518
v 0.06447329 0.06100670 0.16570954
v 0.07090954 0.06100670 0.42717370
v 0.07102552 0.06100670 0.42700806
v 0.06435730 0.06100670 0.39206988
v 0.06447329 0.06100670 0.39190421
v 0.06435730 0.06100670 0.38264510
v 0.06447329 0.06100670 0.36628166
v 0.06435730 0.06100670 0.27897254
v 0.06447329 0.06100670 0.27203387
v 0.06447329 0.06100670 0.27880690
v 0.06447329 0.06100670 0.21548522
v 0.07090954 0.06100670 0.21040380
v 0.07102552 0.06100670 0.21023816
v 0.06435730 0.06100670 0.17762046
v 0.06447329 0.06100670 0.18455909
v 0.06447329 0.06100670 0.17513432
v 0.06447329 0.06100670 0.16836132
v 0.06435730 0.06100670 0.16819568
v 0.06435730 0.06100670 0.42266467
v 0.06447329 0.06100670 0.42283034
v 0.06435730 0.06100670 0.42976898
v 0.06447329 0.06100670 0.42960334
v 0.06435730 0.06100670 0.38496557
v 0.06447329 0.06100670 0.38247943
v 0.06447329 0.06100670 0.37570643
v 0.07102552 0.06100670 0.35002738
v 0.07090954 0.06100670 0.34986174
v 0.07102552 0.06100670 0.35160983
v 0.07090954 0.06100670 0.35177547
v 0.07063673 0.06100670 0.31218335
v 0.06447329 0.06100670 0.32858256
v 0.06447329 0.06100670 0.33535555
v 0.07090954 0.06100670 0.33101219
v 0.06435730 0.06100670 0.30724686
v 0.06435730 0.06100670 0.30014256
v 0.06447329 0.06100670 0.30708122
v 0.06447329 0.06100670 0.30030823
v 0.06447329 0.06100670 0.29088345
v 0.06447329 0.06100670 0.29765645
v 0.07090954 0.06100670 0.29331306
v 0.06447329 0.06100670 0.26260909
v 0.06447329 0.06100670 0.26938209
v 0.06447329 0.06100670 0.28145865
v 0.06435730 0.06100670 0.26244345
v 0.06435730 0.06100670 0.26954776
v 0.06447329 0.06100670 0.23433477
v 0.06447329 0.06100670 0.24110776
v 0.06435730 0.06100670 0.23416913
v 0.06435730 0.06100670 0.24127342
v 0.07090954 0.06100670 0.13500558
v 0.07102552 0.06100670 0.13483992
v 0.07102552 0.06100670 0.13325749
v 0.07063647 0.06100670 0.13311246
v 0.07090954 0.06100670 0.15385513
v 0.07102552 0.06100670 0.15368949
v 0.07102552 0.06100670 0.15210705
v 0.07063681 0.06100670 0.15196215
v 0.07090954 0.06100670 0.14443035
v 0.07102552 0.06100670 0.14426471
v 0.07102552 0.06100670 0.14268227
v 0.07063676 0.06100670 0.14253734
v 0.07090954 0.06100670 0.20849006
v 0.07102552 0.06100670 0.20865571
v 0.07102552 0.06100670 0.19923094
v 0.07063647 0.06100670 0.19908590
v 0.07102552 0.06100670 0.20081337
v 0.07090954 0.06100670 0.20097902
v 0.07102552 0.06100670 0.43485039
v 0.07090954 0.06100670 0.43468475
v 0.07102552 0.06100670 0.43643284
v 0.07090954 0.06100670 0.43659848
v 0.07102552 0.06100670 0.42542562
v 0.07090954 0.06100670 0.42525998
v 0.06435730 0.06100670 0.37554079
v 0.06435730 0.06100670 0.35437074
v 0.07090954 0.06100670 0.31407636
v 0.07102552 0.06100670 0.31391072
v 0.07090954 0.06100670 0.33292592
v 0.07102552 0.06100670 0.33276027
v 0.07090954 0.06100670 0.29522681
v 0.07102552 0.06100670 0.29506117
v 0.06435730 0.06100670 0.29071778
v 0.07090954 0.06100670 0.25752768
v 0.07102552 0.06100670 0.25736204
v 0.06447329 0.06100670 0.22490999
v 0.06447329 0.06100670 0.23168299
v 0.06435730 0.06100670 0.22474433
v 0.07090954 0.06100670 0.19155425
v 0.07102552 0.06100670 0.19138859
v 0.07102552 0.06100670 0.18980616
v 0.07063676 0.06100670 0.18966124
v 0.06447329 0.06100670 0.41340554
v 0.06447329 0.06100670 0.42017856
v 0.07090954 0.06100670 0.41583517
v 0.06447329 0.06100670 0.41075379
v 0.06447329 0.06100670 0.40398076
v 0.06435730 0.06100670 0.41091943
v 0.06435730 0.06100670 0.40381512
v 0.07090954 0.06100670 0.38756084
v 0.06447329 0.06100670 0.38513121
v 0.07102552 0.06100670 0.35945216
v 0.07090954 0.06100670 0.35928652
v 0.07102552 0.06100670 0.36103460
v 0.07090954 0.06100670 0.36120024
v 0.07090954 0.06100670 0.37062502
v 0.07102552 0.06100670 0.37045938
v 0.06435730 0.06100670 0.36611602
v 0.06435730 0.06100670 0.33552119
v 0.07102552 0.06100670 0.32175305
v 0.07090954 0.06100670 0.32158741
v 0.07102552 0.06100670 0.32333550
v 0.07090954 0.06100670 0.32350114
v 0.07102552 0.06100670 0.31232828
v 0.07102552 0.06100670 0.33117783
v 0.06435730 0.06100670 0.29782209
v 0.07102552 0.06100670 0.29347873
v 0.07090954 0.06100670 0.25561395
v 0.07102552 0.06100670 0.25577959
v 0.06435730 0.06100670 0.23184863
v 0.07102552 0.06100670 0.22750527
v 0.07063681 0.06100670 0.22736037
v 0.07102552 0.06100670 0.22908771
v 0.07090954 0.06100670 0.22925335
v 0.07090954 0.06100670 0.18212946
v 0.07102552 0.06100670 0.18196382
v 0.07102552 0.06100670 0.18038137
v 0.07063673 0.06100670 0.18023644
v 0.07090954 0.06100670 0.41774893
v 0.07102552 0.06100670 0.41758329
v 0.07090954 0.06100670 0.38947457
v 0.07102552 0.06100670 0.38930893
v 0.07090954 0.06100670 0.36871129
v 0.07102552 0.06100670 0.36887693
v 0.07102552 0.06100670 0.34060261
v 0.07063673 0.06100670 0.34045768
v 0.07102552 0.06100670 0.34218505
v 0.07090954 0.06100670 0.34235069
v 0.06435730 0.06100670 0.34726647
v 0.07090954 0.06100670 0.26695248
v 0.07102552 0.06100670 0.26678681
v 0.07090954 0.06100670 0.28580204
v 0.07102552 0.06100670 0.28563637
v 0.06435730 0.06100670 0.26012298
v 0.07090954 0.06100670 0.17270468
v 0.07102552 0.06100670 0.17253904
v 0.07102552 0.06100670 0.17095660
v 0.07063673 0.06100670 0.17081167
v 0.06435730 0.06100670 0.42034420
v 0.07102552 0.06100670 0.41600084
v 0.07102552 0.06100670 0.40657607
v 0.07063620 0.06100670 0.40643093
v 0.06435730 0.06100670 0.41323990
v 0.07090954 0.06100670 0.39889938
v 0.07102552 0.06100670 0.39873371
v 0.07102552 0.06100670 0.39715129
v 0.07090954 0.06100670 0.39698562
v 0.07102552 0.06100670 0.38772649
v 0.07102552 0.06100670 0.27462918
v 0.07090954 0.06100670 0.27446350
v 0.07102552 0.06100670 0.27621159
v 0.07090954 0.06100670 0.27637726
v 0.07090954 0.06100670 0.26503873
v 0.07102552 0.06100670 0.26520437
v 0.07090954 0.06100670 0.28388828
v 0.07102552 0.06100670 0.28405395
v 0.06447329 0.06100670 0.39455599
v 0.07102552 0.06100670 0.37830171
v 0.07063673 0.06100670 0.37815678
v 0.07102552 0.06100670 0.37988415
v 0.07090954 0.06100670 0.38004979
v 0.07102552 0.06100670 0.30290350
v 0.07063689 0.06100670 0.30275864
v 0.07102552 0.06100670 0.30448595
v 0.07090954 0.06100670 0.30465159
v 0.07102552 0.06100670 0.23693004
v 0.07063673 0.06100670 0.23678511
v 0.07102552 0.06100670 0.23851249
v 0.07090954 0.06100670 0.23867813
v 0.07090954 0.06100670 0.24618918
v 0.06447329 0.06100670 0.24375954
v 0.06435730 0.06100670 0.43208945
v 0.06435730 0.06100670 0.32841691
v 0.07090954 0.06100670 0.24810292
v 0.07102552 0.06100670 0.24793726
v 0.06435730 0.06100670 0.25301868
v 0.06435730 0.06100670 0.31899214
v 0.07102552 0.06100670 0.24635483
v 0.06435730 0.06100670 0.24359390
v 0.06435730 0.06100670 0.25069821
v 0.06447329 0.06100670 0.25053254
v 0.06435730 0.06100670 0.30956736
v 0.06435730 0.06100670 0.28129300
v 0.06435730 0.06100670 0.27186823
v 0.06447329 0.06100670 0.74062097
v 0.06464540 0.06100670 0.74051481
v 0.02761641 0.06100670 0.74000001
v 0.02606641 0.06100670 0.73844999
v 0.06435730 0.06100670 0.45804331
v 0.06447329 0.06100670 0.45787767
v 0.06435730 0.06100670 0.74078667
v 0.06454219 0.06100670 0.74999136
v 0.02740875 0.06100670 0.74077499
v 0.06435730 0.06100670 0.56171584
v 0.06447329 0.06100670 0.56155020
v 0.06447329 0.06100670 0.44167989
v 0.06447329 0.06100670 0.44845289
v 0.06435730 0.06100670 0.44151422
v 0.02740875 0.06100670 0.73922497
v 0.02684141 0.06100670 0.73865765
v 0.06447329 0.06100670 0.71499842
v 0.06435730 0.06100670 0.71483278
v 0.06435730 0.06100670 0.71251231
v 0.06447329 0.06100670 0.70557368
v 0.06447329 0.06100670 0.71234667
v 0.06447329 0.06100670 0.73384798
v 0.07073742 0.06100670 0.73829752
v 0.06435730 0.06100670 0.66538841
v 0.06447329 0.06100670 0.66522276
v 0.06447329 0.06100670 0.65844977
v 0.06435730 0.06100670 0.65596366
v 0.06447329 0.06100670 0.65579802
v 0.06447329 0.06100670 0.64902502
v 0.06435730 0.06100670 0.44861853
v 0.06435730 0.06100670 0.70540804
v 0.06435730 0.06100670 0.70308751
v 0.06447329 0.06100670 0.69614887
v 0.06447329 0.06100670 0.70292187
v 0.06435730 0.06100670 0.73368233
v 0.06431641 0.06100670 0.73348433
v 0.06431641 0.06100670 0.73155993
v 0.06431641 0.06100670 0.72405952
v 0.06431641 0.06100670 0.72213513
v 0.06435730 0.06100670 0.72193706
v 0.06435730 0.06100670 0.66770893
v 0.06435730 0.06100670 0.65828413
v 0.06435730 0.06100670 0.46036381
v 0.07090954 0.06100670 0.45353431
v 0.06447329 0.06100670 0.45110467
v 0.06435730 0.06100670 0.45093903
v 0.06435730 0.06100670 0.69598323
v 0.06447329 0.06100670 0.68672413
v 0.06447329 0.06100670 0.69349712
v 0.07102552 0.06100670 0.73644328
v 0.07090954 0.06100670 0.73627764
v 0.07106642 0.06100670 0.73664129
v 0.07106642 0.06100670 0.73782766
v 0.07102552 0.06100670 0.73802572
v 0.07090954 0.06100670 0.73819137
v 0.06435730 0.06100670 0.73136187
v 0.06447329 0.06100670 0.73119622
v 0.06447329 0.06100670 0.72442323
v 0.06464540 0.06100670 0.73109007
v 0.06435730 0.06100670 0.72425759
v 0.07000332 0.06100670 0.74783034
v 0.06447329 0.06100670 0.74327278
v 0.06435730 0.06100670 0.49574241
v 0.06447329 0.06100670 0.49557677
v 0.07090954 0.06100670 0.45544803
v 0.07102552 0.06100670 0.45528239
v 0.07090954 0.06100670 0.44602326
v 0.07102552 0.06100670 0.44585761
v 0.06435730 0.06100670 0.69366276
v 0.06435730 0.06100670 0.68655849
v 0.06435730 0.06100670 0.68423796
v 0.06447329 0.06100670 0.68407232
v 0.06447329 0.06100670 0.67729932
v 0.06435730 0.06100670 0.67481321
v 0.06447329 0.06100670 0.66787457
v 0.06447329 0.06100670 0.72177142
v 0.06435730 0.06100670 0.74310714
v 0.06431641 0.06100670 0.74290907
v 0.06431641 0.06100670 0.74098468
v 0.06435730 0.06100670 0.64653885
v 0.06447329 0.06100670 0.64637321
v 0.06447329 0.06100670 0.63960022
v 0.06435730 0.06100670 0.57114065
v 0.06447329 0.06100670 0.57097501
v 0.07090954 0.06100670 0.46295908
v 0.07102552 0.06100670 0.45369995
v 0.07090954 0.06100670 0.44410953
v 0.07102552 0.06100670 0.44427517
v 0.06435730 0.06100670 0.67713368
v 0.07102552 0.06100670 0.74586803
v 0.07090954 0.06100670 0.74570239
v 0.07106642 0.06100670 0.74606609
v 0.07106642 0.06100670 0.74725246
v 0.07102552 0.06100670 0.74745047
v 0.07090954 0.06100670 0.74761611
v 0.06435730 0.06100670 0.64885932
v 0.06435730 0.06100670 0.63711411
v 0.06447329 0.06100670 0.63017541
v 0.06447329 0.06100670 0.63694847
v 0.06435730 0.06100670 0.47689286
v 0.06447329 0.06100670 0.47672722
v 0.06447329 0.06100670 0.46995422
v 0.06435730 0.06100670 0.48631763
v 0.06447329 0.06100670 0.48615199
v 0.06447329 0.06100670 0.47937900
v 0.07090954 0.06100670 0.46487281
v 0.07102552 0.06100670 0.46470717
v 0.07102552 0.06100670 0.70816892
v 0.07090954 0.06100670 0.70800328
v 0.07102552 0.06100670 0.70975137
v 0.07090954 0.06100670 0.70991701
v 0.06447329 0.06100670 0.67464757
v 0.07073742 0.06100670 0.72887272
v 0.07102552 0.06100670 0.71759373
v 0.07090954 0.06100670 0.71742809
v 0.07102552 0.06100670 0.71917617
v 0.07090954 0.06100670 0.71934181
v 0.07102552 0.06100670 0.66104507
v 0.07090954 0.06100670 0.66087943
v 0.07102552 0.06100670 0.66262752
v 0.07090954 0.06100670 0.66279316
v 0.07102552 0.06100670 0.65162027
v 0.07090954 0.06100670 0.65145463
v 0.07102552 0.06100670 0.65320271
v 0.07090954 0.06100670 0.65336835
v 0.06435730 0.06100670 0.63943458
v 0.06435730 0.06100670 0.62768930
v 0.06447329 0.06100670 0.62075067
v 0.06447329 0.06100670 0.62752366
v 0.06447329 0.06100670 0.55477720
v 0.06435730 0.06100670 0.50516719
v 0.07102552 0.06100670 0.46312472
v 0.07102552 0.06100670 0.69874418
v 0.07090954 0.06100670 0.69857854
v 0.07102552 0.06100670 0.70032662
v 0.07090954 0.06100670 0.70049226
v 0.06435730 0.06100670 0.63000977
v 0.06435730 0.06100670 0.61826456
v 0.06435730 0.06100670 0.53344154
v 0.06447329 0.06100670 0.50765336
v 0.06435730 0.06100670 0.48863813
v 0.06447329 0.06100670 0.46730244
v 0.06435730 0.06100670 0.46746808
v 0.07102552 0.06100670 0.68931937
v 0.07090954 0.06100670 0.68915373
v 0.07102552 0.06100670 0.69090182
v 0.07090954 0.06100670 0.69106746
v 0.07102552 0.06100670 0.67046982
v 0.07090954 0.06100670 0.67030418
v 0.07102552 0.06100670 0.67205226
v 0.07090954 0.06100670 0.67221791
v 0.07102552 0.06100670 0.72701848
v 0.07090954 0.06100670 0.72685283
v 0.07106642 0.06100670 0.72721654
v 0.07106642 0.06100670 0.72840291
v 0.07102552 0.06100670 0.72860092
v 0.07090954 0.06100670 0.72876656
v 0.06435730 0.06100670 0.62058502
v 0.07090954 0.06100670 0.47429758
v 0.07102552 0.06100670 0.47413194
v 0.07090954 0.06100670 0.48372236
v 0.07102552 0.06100670 0.48355672
v 0.06435730 0.06100670 0.47921336
v 0.07102552 0.06100670 0.67989463
v 0.07090954 0.06100670 0.67972898
v 0.07102552 0.06100670 0.68147707
v 0.07090954 0.06100670 0.68164271
v 0.07102552 0.06100670 0.64219552
v 0.07090954 0.06100670 0.64202982
v 0.07102552 0.06100670 0.64377797
v 0.07090954 0.06100670 0.64394361
v 0.06435730 0.06100670 0.56403637
v 0.07090954 0.06100670 0.47238386
v 0.07102552 0.06100670 0.47254950
v 0.07090954 0.06100670 0.48180863
v 0.07102552 0.06100670 0.48197427
v 0.06435730 0.06100670 0.52401674
v 0.06447329 0.06100670 0.52385110
v 0.06435730 0.06100670 0.51691246
v 0.06435730 0.06100670 0.51459199
v 0.06435730 0.06100670 0.46978858
v 0.07102552 0.06100670 0.63277072
v 0.07090954 0.06100670 0.63260508
v 0.07102552 0.06100670 0.63435316
v 0.07090954 0.06100670 0.63451880
v 0.06447329 0.06100670 0.61132592
v 0.06435730 0.06100670 0.61116022
v 0.06435730 0.06100670 0.60883975
v 0.06447329 0.06100670 0.60867411
v 0.06447329 0.06100670 0.60190111
v 0.06435730 0.06100670 0.55461156
v 0.06435730 0.06100670 0.55229110
v 0.06447329 0.06100670 0.53592765
v 0.06447329 0.06100670 0.54270065
v 0.07090954 0.06100670 0.51950777
v 0.06447329 0.06100670 0.51707810
v 0.06447329 0.06100670 0.49822855
v 0.06447329 0.06100670 0.50500154
v 0.07090954 0.06100670 0.49314713
v 0.07102552 0.06100670 0.49298149
v 0.07102552 0.06100670 0.49139905
v 0.07090954 0.06100670 0.49123341
v 0.07102552 0.06100670 0.62334597
v 0.07090954 0.06100670 0.62318027
v 0.07102552 0.06100670 0.62492836
v 0.07090954 0.06100670 0.62509406
v 0.06435730 0.06100670 0.60173547
v 0.06435730 0.06100670 0.59941500
v 0.06447329 0.06100670 0.56420201
v 0.07090954 0.06100670 0.55912060
v 0.07102552 0.06100670 0.55737251
v 0.07090954 0.06100670 0.55720687
v 0.06447329 0.06100670 0.54535246
v 0.06447329 0.06100670 0.55212545
v 0.06435730 0.06100670 0.54518682
v 0.06435730 0.06100670 0.54286629
v 0.06435730 0.06100670 0.53576201
v 0.07090954 0.06100670 0.52142149
v 0.07102552 0.06100670 0.52125585
v 0.06435730 0.06100670 0.50748771
v 0.06447329 0.06100670 0.51442635
v 0.06435730 0.06100670 0.49806291
v 0.06447329 0.06100670 0.48880377
v 0.06447329 0.06100670 0.59247631
v 0.06435730 0.06100670 0.59231067
v 0.06435730 0.06100670 0.58999020
v 0.06447329 0.06100670 0.58982456
v 0.06447329 0.06100670 0.58305156
v 0.07102552 0.06100670 0.55895495
v 0.07090954 0.06100670 0.53084624
v 0.07102552 0.06100670 0.53068060
v 0.07102552 0.06100670 0.51967341
v 0.06435730 0.06100670 0.58288592
v 0.06435730 0.06100670 0.58056545
v 0.07102552 0.06100670 0.56679726
v 0.07090954 0.06100670 0.56663162
v 0.07102552 0.06100670 0.56837970
v 0.07090954 0.06100670 0.56854534
v 0.06447329 0.06100670 0.53327590
v 0.06447329 0.06100670 0.52650291
v 0.06435730 0.06100670 0.52633727
v 0.07090954 0.06100670 0.51199669
v 0.07102552 0.06100670 0.51183105
v 0.06447329 0.06100670 0.61809886
v 0.07090954 0.06100670 0.61566925
v 0.07102552 0.06100670 0.61392117
v 0.07090954 0.06100670 0.61375552
v 0.06447329 0.06100670 0.57362676
v 0.06447329 0.06100670 0.58039975
v 0.06435730 0.06100670 0.57346112
v 0.07090954 0.06100670 0.54969579
v 0.07102552 0.06100670 0.54953015
v 0.07102552 0.06100670 0.52909815
v 0.07063672 0.06100670 0.52895322
v 0.07090954 0.06100670 0.51008296
v 0.07102552 0.06100670 0.51024860
v 0.07102552 0.06100670 0.61550361
v 0.07102552 0.06100670 0.60449642
v 0.07063686 0.06100670 0.60435151
v 0.07102552 0.06100670 0.60607880
v 0.07090954 0.06100670 0.60624450
v 0.06447329 0.06100670 0.59924936
v 0.07090954 0.06100670 0.59681970
v 0.07102552 0.06100670 0.59507161
v 0.07090954 0.06100670 0.59490597
v 0.07090954 0.06100670 0.54778206
v 0.07102552 0.06100670 0.54794770
v 0.07102552 0.06100670 0.53852296
v 0.07063674 0.06100670 0.53837803
v 0.07102552 0.06100670 0.54010540
v 0.07090954 0.06100670 0.54027104
v 0.07102552 0.06100670 0.50082386
v 0.07063674 0.06100670 0.50067893
v 0.07102552 0.06100670 0.50240630
v 0.07090954 0.06100670 0.50257194
v 0.07102552 0.06100670 0.59665406
v 0.07102552 0.06100670 0.58564681
v 0.07090954 0.06100670 0.58548117
v 0.07102552 0.06100670 0.58722925
v 0.07090954 0.06100670 0.58739495
v 0.07102552 0.06100670 0.57622206
v 0.07090954 0.06100670 0.57605642
v 0.07102552 0.06100670 0.57780451
v 0.07090954 0.06100670 0.57797015
v 0.02577655 0.05475670 0.75824169
v 0.06431641 0.06100670 0.76175863
v 0.06431641 0.06100670 0.75983423
v 0.02761641 0.06100670 0.75999999
v 0.02740875 0.06100670 0.75922501
v 0.06447329 0.06100670 0.75004578
v 0.06435730 0.06100670 0.76906097
v 0.06447329 0.06100670 0.76889533
v 0.06431641 0.06100670 0.75233388
v 0.06431641 0.06100670 0.75040948
v 0.06435730 0.06100670 0.75021142
v 0.06431641 0.06100670 0.76925904
v 0.02740875 0.06100670 0.76077497
v 0.06431641 0.06100670 0.76999998
v 0.06435730 0.06100670 0.75253189
v 0.06447329 0.06100670 0.75947058
v 0.06435730 0.06100670 0.75963622
v 0.07073742 0.06100670 0.75714707
v 0.07073742 0.06100670 0.75502104
v 0.06464540 0.06100670 0.75936437
v 0.06464540 0.06100670 0.75280368
v 0.06447329 0.06100670 0.75269753
v 0.07073742 0.06100670 0.76657188
v 0.07073742 0.06100670 0.76444578
v 0.06464540 0.06100670 0.76878917
v 0.06464540 0.06100670 0.76222849
v 0.06447329 0.06100670 0.76212233
v 0.06435730 0.06100670 0.76195669
v 0.07102552 0.06100670 0.75529283
v 0.07090954 0.06100670 0.75512719
v 0.07106642 0.06100670 0.75549090
v 0.07106642 0.06100670 0.75667721
v 0.07102552 0.06100670 0.75687528
v 0.07090954 0.06100670 0.75704092
v 0.07102552 0.06100670 0.76471764
v 0.07090954 0.06100670 0.76455194
v 0.07106642 0.06100670 0.76491565
v 0.07106642 0.06100670 0.76610202
v 0.07102552 0.06100670 0.76630002
v 0.07090954 0.06100670 0.76646572
v 0.02056641 0.06100670 0.78277498
v 0.02761641 0.06100670 0.77999997
v 0.02574504 0.06100670 0.78184209
v 0.06431641 0.06100670 0.78277498
v 0.06447329 0.06100670 0.77154714
v 0.02740875 0.06100670 0.77922499
v 0.06435730 0.06100670 0.77138144
v 0.06431641 0.06100670 0.77118343
v 0.06431641 0.06100670 0.77868378
v 0.06435730 0.06100670 0.77848577
v 0.06447329 0.06100670 0.77832013
v 0.06464540 0.06100670 0.77821398
v 0.07073742 0.06100670 0.77599663
v 0.07102552 0.06100670 0.77414238
v 0.07090954 0.06100670 0.77397674
v 0.07106642 0.06100670 0.77434045
v 0.07106642 0.06100670 0.77552676
v 0.07102552 0.06100670 0.77572483
v 0.07090954 0.06100670 0.77589047
v 0.06431641 0.06100670 0.78399998
v 0.01584479 0.06100670 0.77441604
v 0.01129141 0.06100670 0.75000000
v 0.01129141 0.06100670 0.44000000
v 0.01506641 0.06100670 0.73844999
v 0.01323078 0.06100670 0.74015919
v 0.01722403 0.06100670 0.74826342
v 0.02056641 0.06100670 0.78399998
v 0.02056641 0.05100670 0.78277498
v 0.06431641 0.05100670 0.78277498
v 0.02518652 0.05100670 0.78152398
v 0.06431641 0.05100670 0.77868378
v 0.02761641 0.05100670 0.77999997
v 0.06435730 0.05100670 0.77138144
v 0.06447329 0.05100670 0.77154714
v 0.06431641 0.05100670 0.77118343
v 0.02740875 0.05100670 0.77922499
v 0.06431641 0.05100670 0.76999998
v 0.01785777 0.05073769 0.76326855
v 0.07073742 0.05100670 0.77387059
v 0.07073742 0.05100670 0.77599663
v 0.06616811 0.05800670 0.77220749
v 0.06464540 0.05100670 0.77821398
v 0.06447329 0.05100670 0.77832013
v 0.06435730 0.05100670 0.77848577
v 0.07102552 0.05100670 0.77572483
v 0.07090954 0.05100670 0.77589047
v 0.07106642 0.05100670 0.77552676
v 0.07106642 0.05100670 0.77434045
v 0.07102552 0.05100670 0.77414238
v 0.07090954 0.05100670 0.77397674
v 0.06454219 0.05100670 0.74999136
v 0.06435730 0.05100670 0.75253189
v 0.06447329 0.05100670 0.75269753
v 0.02761641 0.05100670 0.75999999
v 0.02740875 0.05100670 0.76077497
v 0.06435730 0.05100670 0.76195669
v 0.06447329 0.05100670 0.76212233
v 0.06431641 0.05100670 0.75983423
v 0.06431641 0.05100670 0.76175863
v 0.06431641 0.05100670 0.76925904
v 0.06435730 0.05100670 0.76906097
v 0.06447329 0.05100670 0.75004578
v 0.06435730 0.05100670 0.75021142
v 0.06431641 0.05100670 0.75040948
v 0.06431641 0.05100670 0.75233388
v 0.07073742 0.05100670 0.76444578
v 0.07073742 0.05100670 0.76657188
v 0.06464540 0.05100670 0.76222849
v 0.06464540 0.05100670 0.76878917
v 0.06447329 0.05100670 0.76889533
v 0.07073742 0.05100670 0.75502104
v 0.07073742 0.05100670 0.75714707
v 0.06464540 0.05100670 0.75280368
v 0.06464540 0.05100670 0.75936437
v 0.06447329 0.05100670 0.75947058
v 0.06435730 0.05100670 0.75963622
v 0.07102552 0.05100670 0.76630002
v 0.07090954 0.05100670 0.76646572
v 0.07106642 0.05100670 0.76610202
v 0.07106642 0.05100670 0.76491565
v 0.07102552 0.05100670 0.76471764
v 0.07090954 0.05100670 0.76455194
v 0.07102552 0.05100670 0.75687528
v 0.07090954 0.05100670 0.75704092
v 0.07106642 0.05100670 0.75667721
v 0.07106642 0.05100670 0.75549090
v 0.07102552 0.05100670 0.75529283
v 0.07090954 0.05100670 0.75512719
v 0.02606641 0.05100670 0.73844999
v 0.02168941 0.05100670 0.74028181
v 0.02056641 0.05100670 0.44000000
v 0.02740875 0.05100670 0.74077499
v 0.06447329 0.05100670 0.71499842
v 0.02740875 0.05100670 0.73922497
v 0.06435730 0.05100670 0.72425759
v 0.06447329 0.05100670 0.72442323
v 0.02761641 0.05100670 0.74000001
v 0.06464540 0.05100670 0.74051481
v 0.06435730 0.05100670 0.66770893
v 0.06447329 0.05100670 0.66787457
v 0.02684141 0.05100670 0.73865765
v 0.06435730 0.05100670 0.52633727
v 0.06447329 0.05100670 0.52650291
v 0.06447329 0.05100670 0.74062097
v 0.06435730 0.05100670 0.74078667
v 0.06431641 0.05100670 0.74098468
v 0.06431641 0.05100670 0.72405952
v 0.06435730 0.05100670 0.70308751
v 0.06447329 0.05100670 0.69614887
v 0.06435730 0.05100670 0.53576201
v 0.06447329 0.05100670 0.53592765
v 0.06431641 0.05100670 0.74290907
v 0.06435730 0.05100670 0.74310714
v 0.06447329 0.05100670 0.74327278
v 0.06616811 0.05767336 0.74393313
v 0.07073742 0.05100670 0.74559623
v 0.06447329 0.05100670 0.72177142
v 0.06435730 0.05100670 0.72193706
v 0.06431641 0.05100670 0.72213513
v 0.06447329 0.05100670 0.73384798
v 0.06616811 0.05827943 0.73450834
v 0.07073742 0.05100670 0.73829752
v 0.07073742 0.05100670 0.73617148
v 0.06435730 0.05100670 0.66538841
v 0.06435730 0.05100670 0.44151422
v 0.06431641 0.05100670 0.73155993
v 0.06431641 0.05100670 0.73348433
v 0.06435730 0.05100670 0.73368233
v 0.06435730 0.05100670 0.67481321
v 0.06447329 0.05100670 0.70557368
v 0.06435730 0.05100670 0.70540804
v 0.06447329 0.05100670 0.44845289
v 0.06435730 0.05100670 0.44861853
v 0.06447329 0.05100670 0.45787767
v 0.06435730 0.05100670 0.45804331
v 0.06447329 0.05100670 0.48615199
v 0.06435730 0.05100670 0.47921336
v 0.06435730 0.05100670 0.65828413
v 0.07102552 0.05100670 0.74745047
v 0.07091395 0.05100670 0.74752349
v 0.07106642 0.05100670 0.74725246
v 0.07106642 0.05100670 0.74606609
v 0.07102552 0.05100670 0.74586803
v 0.07090954 0.05100670 0.74570239
v 0.07073742 0.05100670 0.72674668
v 0.07073742 0.05100670 0.72887272
v 0.06616811 0.05800670 0.72508358
v 0.06464540 0.05100670 0.73109007
v 0.06447329 0.05100670 0.73119622
v 0.06435730 0.05100670 0.73136187
v 0.07102552 0.05100670 0.73802572
v 0.07090954 0.05100670 0.73819137
v 0.07106642 0.05100670 0.73782766
v 0.07106642 0.05100670 0.73664129
v 0.07102552 0.05100670 0.73644328
v 0.07090954 0.05100670 0.73627764
v 0.06435730 0.05100670 0.67713368
v 0.06447329 0.05100670 0.67729932
v 0.06435730 0.05100670 0.68423796
v 0.06435730 0.05100670 0.68655849
v 0.06447329 0.05100670 0.68672413
v 0.06435730 0.05100670 0.69366276
v 0.06435730 0.05100670 0.69598323
v 0.06435730 0.05100670 0.71483278
v 0.06435730 0.05100670 0.45093903
v 0.06435730 0.05100670 0.46036381
v 0.06447329 0.05100670 0.46730244
v 0.06435730 0.05100670 0.46746808
v 0.06447329 0.05100670 0.46995422
v 0.06435730 0.05100670 0.46978858
v 0.06435730 0.05100670 0.51459199
v 0.06447329 0.05100670 0.51442635
v 0.06435730 0.05100670 0.50748771
v 0.06435730 0.05100670 0.55229110
v 0.06447329 0.05100670 0.55212545
v 0.06435730 0.05100670 0.54518682
v 0.06435730 0.05100670 0.61116022
v 0.06447329 0.05100670 0.61132592
v 0.06435730 0.05100670 0.63943458
v 0.07102552 0.05100670 0.71917617
v 0.07090954 0.05100670 0.71934181
v 0.07102552 0.05100670 0.71759373
v 0.07090954 0.05100670 0.71742809
v 0.06447329 0.05100670 0.67464757
v 0.07090954 0.05100670 0.47238386
v 0.07102552 0.05100670 0.47254950
v 0.06435730 0.05100670 0.48863813
v 0.06447329 0.05100670 0.49557677
v 0.06435730 0.05100670 0.49574241
v 0.07090954 0.05100670 0.50065821
v 0.07102552 0.05100670 0.50082386
v 0.06447329 0.05100670 0.52385110
v 0.06447329 0.05100670 0.51707810
v 0.06447329 0.05100670 0.53327590
v 0.06435730 0.05100670 0.53344154
v 0.06447329 0.05100670 0.63960022
v 0.06435730 0.05100670 0.64653885
v 0.06435730 0.05100670 0.64885932
v 0.06447329 0.05100670 0.64902502
v 0.06447329 0.05100670 0.65579802
v 0.06435730 0.05100670 0.65596366
v 0.07102552 0.05100670 0.72860092
v 0.07090954 0.05100670 0.72876656
v 0.07106642 0.05100670 0.72840291
v 0.07106642 0.05100670 0.72721654
v 0.07102552 0.05100670 0.72701848
v 0.07090954 0.05100670 0.72685283
v 0.06447329 0.05100670 0.68407232
v 0.07090954 0.05100670 0.44410953
v 0.07102552 0.05100670 0.44427517
v 0.06447329 0.05100670 0.47672722
v 0.06447329 0.05100670 0.50500154
v 0.06447329 0.05100670 0.49822855
v 0.07090954 0.05100670 0.51008296
v 0.07102552 0.05100670 0.51024860
v 0.06435730 0.05100670 0.52401674
v 0.07090954 0.05100670 0.52893251
v 0.07102552 0.05100670 0.52909815
v 0.06435730 0.05100670 0.55461156
v 0.06447329 0.05100670 0.55477720
v 0.06447329 0.05100670 0.60867411
v 0.06447329 0.05100670 0.60190111
v 0.07102552 0.05100670 0.67205226
v 0.07090954 0.05100670 0.67221791
v 0.07102552 0.05100670 0.67046982
v 0.07090954 0.05100670 0.67030418
v 0.07090954 0.05100670 0.68915373
v 0.07102552 0.05100670 0.68931937
v 0.07102552 0.05100670 0.69090182
v 0.07090954 0.05100670 0.69106746
v 0.07090954 0.05100670 0.69857854
v 0.07102552 0.05100670 0.69874418
v 0.07102552 0.05100670 0.70032662
v 0.07090954 0.05100670 0.70049226
v 0.06447329 0.05100670 0.44167989
v 0.07090954 0.05100670 0.45353431
v 0.07102552 0.05100670 0.45369995
v 0.07090954 0.05100670 0.46295908
v 0.07102552 0.05100670 0.46312472
v 0.07090954 0.05100670 0.48180863
v 0.07102552 0.05100670 0.48197427
v 0.06447329 0.05100670 0.50765336
v 0.07102552 0.05100670 0.52125585
v 0.07090954 0.05100670 0.52142149
v 0.07102552 0.05100670 0.51967341
v 0.07090954 0.05100670 0.51950777
v 0.07090954 0.05100670 0.53835732
v 0.07102552 0.05100670 0.53852296
v 0.06447329 0.05100670 0.58039975
v 0.06447329 0.05100670 0.62752366
v 0.06435730 0.05100670 0.62768930
v 0.06447329 0.05100670 0.63017541
v 0.06435730 0.05100670 0.63711411
v 0.06447329 0.05100670 0.64637321
v 0.07102552 0.05100670 0.65320271
v 0.07090954 0.05100670 0.65336835
v 0.07102552 0.05100670 0.65162027
v 0.07090954 0.05100670 0.65145463
v 0.06447329 0.05100670 0.66522276
v 0.06447329 0.05100670 0.65844977
v 0.07090954 0.05100670 0.66087943
v 0.07102552 0.05100670 0.66104507
v 0.07102552 0.05100670 0.68147707
v 0.07090954 0.05100670 0.68164271
v 0.07102552 0.05100670 0.67989463
v 0.07090954 0.05100670 0.67972898
v 0.06447329 0.05100670 0.69349712
v 0.06447329 0.05100670 0.70292187
v 0.07090954 0.05100670 0.70800328
v 0.07102552 0.05100670 0.70816892
v 0.07102552 0.05100670 0.70975137
v 0.07090954 0.05100670 0.70991701
v 0.06447329 0.05100670 0.45110467
v 0.06447329 0.05100670 0.46052945
v 0.07102552 0.05100670 0.47413194
v 0.07090954 0.05100670 0.47429758
v 0.06447329 0.05100670 0.47937900
v 0.07090954 0.05100670 0.49123341
v 0.07102552 0.05100670 0.49139905
v 0.07102552 0.05100670 0.50240630
v 0.07090954 0.05100670 0.50257194
v 0.06435730 0.05100670 0.51691246
v 0.07090954 0.05100670 0.54778206
v 0.07102552 0.05100670 0.54794770
v 0.06447329 0.05100670 0.54270065
v 0.06435730 0.05100670 0.62058502
v 0.06447329 0.05100670 0.62075067
v 0.06447329 0.05100670 0.63694847
v 0.06447329 0.05100670 0.71234667
v 0.06435730 0.05100670 0.71251231
v 0.07102552 0.05100670 0.44585761
v 0.07090954 0.05100670 0.44602326
v 0.06447329 0.05100670 0.48880377
v 0.07102552 0.05100670 0.51183105
v 0.07090954 0.05100670 0.51199669
v 0.06435730 0.05100670 0.50516719
v 0.07102552 0.05100670 0.53068060
v 0.07090954 0.05100670 0.53084624
v 0.06447329 0.05100670 0.54535246
v 0.06435730 0.05100670 0.54286629
v 0.06447329 0.05100670 0.56155020
v 0.06447329 0.05100670 0.59247631
v 0.06435730 0.05100670 0.59941500
v 0.06435730 0.05100670 0.59231067
v 0.06435730 0.05100670 0.60883975
v 0.06447329 0.05100670 0.61809886
v 0.07102552 0.05100670 0.64377797
v 0.07090954 0.05100670 0.64394361
v 0.07102552 0.05100670 0.64219552
v 0.07090954 0.05100670 0.64202982
v 0.07102552 0.05100670 0.66262752
v 0.07090954 0.05100670 0.66279316
v 0.07102552 0.05100670 0.45528239
v 0.07090954 0.05100670 0.45544803
v 0.07102552 0.05100670 0.46470717
v 0.07063673 0.05100670 0.46485210
v 0.07102552 0.05100670 0.48355672
v 0.07090954 0.05100670 0.48372236
v 0.07102552 0.05100670 0.54010540
v 0.07090954 0.05100670 0.54027104
v 0.07102552 0.05100670 0.63435316
v 0.07090954 0.05100670 0.63451880
v 0.07102552 0.05100670 0.63277072
v 0.07090954 0.05100670 0.63260508
v 0.07102552 0.05100670 0.49298149
v 0.07090954 0.05100670 0.49314713
v 0.07102552 0.05100670 0.54953015
v 0.07090954 0.05100670 0.54969579
v 0.07102552 0.05100670 0.55895495
v 0.07090954 0.05100670 0.55912060
v 0.07102552 0.05100670 0.55737251
v 0.07090954 0.05100670 0.55720687
v 0.06435730 0.05100670 0.56171584
v 0.06435730 0.05100670 0.56403637
v 0.07090954 0.05100670 0.60433072
v 0.07102552 0.05100670 0.60607880
v 0.07090954 0.05100670 0.60624450
v 0.06435730 0.05100670 0.63000977
v 0.06435730 0.05100670 0.49806291
v 0.06447329 0.05100670 0.58305156
v 0.06447329 0.05100670 0.58982456
v 0.06435730 0.05100670 0.58999020
v 0.06447329 0.05100670 0.56420201
v 0.06447329 0.05100670 0.57097501
v 0.07102552 0.05100670 0.60449642
v 0.07102552 0.05100670 0.61550361
v 0.07090954 0.05100670 0.61566925
v 0.06435730 0.05100670 0.61826456
v 0.06435730 0.05100670 0.47689286
v 0.06435730 0.05100670 0.48631763
v 0.07102552 0.05100670 0.57780451
v 0.07090954 0.05100670 0.57797015
v 0.06447329 0.05100670 0.59924936
v 0.07102552 0.05100670 0.62492836
v 0.07090954 0.05100670 0.62509406
v 0.07102552 0.05100670 0.62334597
v 0.07090954 0.05100670 0.62318027
v 0.07090954 0.05100670 0.61375552
v 0.07102552 0.05100670 0.61392117
v 0.07090954 0.05100670 0.57605642
v 0.07102552 0.05100670 0.57622206
v 0.07102552 0.05100670 0.58722925
v 0.07090954 0.05100670 0.58739495
v 0.07102552 0.05100670 0.58564681
v 0.07090954 0.05100670 0.58548117
v 0.06435730 0.05100670 0.57114065
v 0.07102552 0.05100670 0.59665406
v 0.07090954 0.05100670 0.59681970
v 0.07102552 0.05100670 0.59507161
v 0.07090954 0.05100670 0.59490597
v 0.06435730 0.05100670 0.58056545
v 0.06435730 0.05100670 0.57346112
v 0.06447329 0.05100670 0.57362676
v 0.06435730 0.05100670 0.60173547
v 0.06435730 0.05100670 0.58288592
v 0.07102552 0.05100670 0.56837970
v 0.07090954 0.05100670 0.56854534
v 0.07102552 0.05100670 0.56679726
v 0.07090954 0.05100670 0.56663162
v 0.06435730 0.05100670 0.30724686
v 0.06447329 0.05100670 0.30030823
v 0.06435730 0.05100670 0.37554079
v 0.06447329 0.05100670 0.37570643
v 0.06447329 0.05100670 0.34478033
v 0.06435730 0.05100670 0.34494597
v 0.06447329 0.05100670 0.33800733
v 0.06447329 0.05100670 0.17513432
v 0.06447329 0.05100670 0.16836132
v 0.06447329 0.05100670 0.14685999
v 0.06447329 0.05100670 0.14008699
v 0.06435730 0.05100670 0.14702563
v 0.06435730 0.05100670 0.13992134
v 0.06447329 0.05100670 0.29765645
v 0.06447329 0.05100670 0.29088345
v 0.06447329 0.05100670 0.31650600
v 0.06435730 0.05100670 0.31667164
v 0.06447329 0.05100670 0.30973300
v 0.06447329 0.05100670 0.26938209
v 0.06447329 0.05100670 0.26260909
v 0.06435730 0.05100670 0.26954776
v 0.06435730 0.05100670 0.14934611
v 0.06447329 0.05100670 0.15628476
v 0.06447329 0.05100670 0.14951177
v 0.06435730 0.05100670 0.15645041
v 0.06447329 0.05100670 0.13743521
v 0.06447329 0.05100670 0.13066220
v 0.06435730 0.05100670 0.13049656
v 0.06435730 0.05100670 0.13760085
v 0.06447329 0.05100670 0.30708122
v 0.06435730 0.05100670 0.40381512
v 0.06447329 0.05100670 0.40398076
v 0.06447329 0.05100670 0.41075379
v 0.06447329 0.05100670 0.19398388
v 0.06435730 0.05100670 0.19414952
v 0.06447329 0.05100670 0.18721087
v 0.06435730 0.05100670 0.15877089
v 0.06447329 0.05100670 0.15893655
v 0.06435730 0.05100670 0.30956736
v 0.06447329 0.05100670 0.33535555
v 0.06435730 0.05100670 0.33552119
v 0.06447329 0.05100670 0.37305465
v 0.06435730 0.05100670 0.37322029
v 0.06447329 0.05100670 0.27880690
v 0.06435730 0.05100670 0.27897254
v 0.06435730 0.05100670 0.35437074
v 0.06447329 0.05100670 0.35420510
v 0.06435730 0.05100670 0.34726647
v 0.06447329 0.05100670 0.42960334
v 0.06435730 0.05100670 0.42976898
v 0.06447329 0.05100670 0.18455909
v 0.06447329 0.05100670 0.17778610
v 0.06435730 0.05100670 0.18472475
v 0.06435730 0.05100670 0.17762046
v 0.07090954 0.05100670 0.19906528
v 0.07102552 0.05100670 0.19923094
v 0.07090954 0.05100670 0.16136618
v 0.07102552 0.05100670 0.16153182
v 0.07102552 0.05100670 0.16311426
v 0.06435730 0.05100670 0.25301868
v 0.06447329 0.05100670 0.25318432
v 0.06447329 0.05100670 0.25995731
v 0.06447329 0.05100670 0.28823167
v 0.06435730 0.05100670 0.28839731
v 0.07090954 0.05100670 0.22733963
v 0.07102552 0.05100670 0.22750527
v 0.07102552 0.05100670 0.30448595
v 0.07090954 0.05100670 0.30465159
v 0.06435730 0.05100670 0.33784169
v 0.07090954 0.05100670 0.34986174
v 0.07102552 0.05100670 0.35002738
v 0.06435730 0.05100670 0.36379552
v 0.06435730 0.05100670 0.36611602
v 0.07090954 0.05100670 0.38756084
v 0.07102552 0.05100670 0.38772649
v 0.07090954 0.05100670 0.37813607
v 0.07102552 0.05100670 0.37830171
v 0.06435730 0.05100670 0.39439034
v 0.06447329 0.05100670 0.39455599
v 0.07090954 0.05100670 0.40641040
v 0.07102552 0.05100670 0.40657607
v 0.07090954 0.05100670 0.42525998
v 0.07102552 0.05100670 0.42542562
v 0.06435730 0.05100670 0.43208945
v 0.06447329 0.05100670 0.43902811
v 0.06435730 0.05100670 0.43919376
v 0.06447329 0.05100670 0.16570954
v 0.06435730 0.05100670 0.16587518
v 0.06447329 0.05100670 0.20340866
v 0.06447329 0.05100670 0.19663565
v 0.07090954 0.05100670 0.17079096
v 0.07102552 0.05100670 0.17253904
v 0.07090954 0.05100670 0.17270468
v 0.07090954 0.05100670 0.14251661
v 0.07102552 0.05100670 0.14426471
v 0.07090954 0.05100670 0.14443035
v 0.07063673 0.05100670 0.16325919
v 0.07090954 0.05100670 0.13309184
v 0.07102552 0.05100670 0.13483992
v 0.07090954 0.05100670 0.13500558
v 0.06447329 0.05100670 0.23168299
v 0.06447329 0.05100670 0.22490999
v 0.07090954 0.05100670 0.31216264
v 0.07102552 0.05100670 0.31232828
v 0.06435730 0.05100670 0.32609642
v 0.06435730 0.05100670 0.31899214
v 0.06447329 0.05100670 0.32593077
v 0.06435730 0.05100670 0.32841691
v 0.07090954 0.05100670 0.26503873
v 0.07102552 0.05100670 0.26678681
v 0.07090954 0.05100670 0.26695248
v 0.07090954 0.05100670 0.30273786
v 0.07102552 0.05100670 0.30290350
v 0.07090954 0.05100670 0.34043697
v 0.07102552 0.05100670 0.34060261
v 0.06447329 0.05100670 0.34743211
v 0.06435730 0.05100670 0.35669124
v 0.06447329 0.05100670 0.36362988
v 0.07090954 0.05100670 0.36871129
v 0.07102552 0.05100670 0.36887693
v 0.06447329 0.05100670 0.39190421
v 0.06447329 0.05100670 0.38513121
v 0.06447329 0.05100670 0.38247943
v 0.06435730 0.05100670 0.38264510
v 0.06447329 0.05100670 0.42283034
v 0.06435730 0.05100670 0.16819568
v 0.06435730 0.05100670 0.18704523
v 0.07102552 0.05100670 0.17095660
v 0.07102552 0.05100670 0.14268227
v 0.07090954 0.05100670 0.15194140
v 0.07102552 0.05100670 0.15368949
v 0.07090954 0.05100670 0.15385513
v 0.07102552 0.05100670 0.13325749
v 0.06435730 0.05100670 0.21299908
v 0.06435730 0.05100670 0.21531956
v 0.06447329 0.05100670 0.24110776
v 0.06435730 0.05100670 0.24127342
v 0.06447329 0.05100670 0.23433477
v 0.06435730 0.05100670 0.23416913
v 0.06435730 0.05100670 0.29782209
v 0.07102552 0.05100670 0.26520437
v 0.06447329 0.05100670 0.36628166
v 0.06435730 0.05100670 0.39206988
v 0.06435730 0.05100670 0.38496557
v 0.06447329 0.05100670 0.40132901
v 0.06435730 0.05100670 0.40149465
v 0.06435730 0.05100670 0.42266467
v 0.07090954 0.05100670 0.43468475
v 0.07102552 0.05100670 0.43485039
v 0.06435730 0.05100670 0.17529997
v 0.06435730 0.05100670 0.20589478
v 0.06447329 0.05100670 0.21283343
v 0.07102552 0.05100670 0.20081337
v 0.07090954 0.05100670 0.20097902
v 0.07102552 0.05100670 0.15210705
v 0.06435730 0.05100670 0.25069821
v 0.07090954 0.05100670 0.25561395
v 0.07102552 0.05100670 0.25577959
v 0.07090954 0.05100670 0.29331306
v 0.07102552 0.05100670 0.29506117
v 0.07090954 0.05100670 0.29522681
v 0.07102552 0.05100670 0.22908771
v 0.07090954 0.05100670 0.22925335
v 0.07090954 0.05100670 0.32158741
v 0.07102552 0.05100670 0.32175305
v 0.07102552 0.05100670 0.35160983
v 0.07090954 0.05100670 0.35177547
v 0.07102552 0.05100670 0.38930893
v 0.07090954 0.05100670 0.38947457
v 0.07102552 0.05100670 0.37988415
v 0.07090954 0.05100670 0.38004979
v 0.07102552 0.05100670 0.40815848
v 0.07090954 0.05100670 0.40832415
v 0.06435730 0.05100670 0.41091943
v 0.06435730 0.05100670 0.41323990
v 0.06447329 0.05100670 0.42017856
v 0.06435730 0.05100670 0.42034420
v 0.07102552 0.05100670 0.42700806
v 0.07090954 0.05100670 0.42717370
v 0.06447329 0.05100670 0.43225512
v 0.07090954 0.05100670 0.18021573
v 0.07102552 0.05100670 0.18196382
v 0.07090954 0.05100670 0.18212946
v 0.06435730 0.05100670 0.19647001
v 0.06435730 0.05100670 0.20357430
v 0.06447329 0.05100670 0.20606044
v 0.06435730 0.05100670 0.26012298
v 0.06435730 0.05100670 0.29071778
v 0.07102552 0.05100670 0.29347873
v 0.06435730 0.05100670 0.30014256
v 0.07102552 0.05100670 0.31391072
v 0.07090954 0.05100670 0.31407636
v 0.06447329 0.05100670 0.31915778
v 0.06447329 0.05100670 0.32858256
v 0.07090954 0.05100670 0.33101219
v 0.07102552 0.05100670 0.33276027
v 0.07090954 0.05100670 0.33292592
v 0.07102552 0.05100670 0.34218505
v 0.07090954 0.05100670 0.34235069
v 0.06447329 0.05100670 0.35685688
v 0.07090954 0.05100670 0.35928652
v 0.07102552 0.05100670 0.37045938
v 0.07090954 0.05100670 0.37062502
v 0.06447329 0.05100670 0.41340554
v 0.07090954 0.05100670 0.41583517
v 0.07102552 0.05100670 0.41758329
v 0.07090954 0.05100670 0.41774893
v 0.07090954 0.05100670 0.39698562
v 0.07102552 0.05100670 0.39873371
v 0.07090954 0.05100670 0.39889938
v 0.07102552 0.05100670 0.18038137
v 0.07090954 0.05100670 0.18964051
v 0.07102552 0.05100670 0.19138859
v 0.07090954 0.05100670 0.19155425
v 0.07090954 0.05100670 0.21791485
v 0.07102552 0.05100670 0.21808049
v 0.07090954 0.05100670 0.24618918
v 0.07102552 0.05100670 0.24635483
v 0.06435730 0.05100670 0.27186823
v 0.07090954 0.05100670 0.27446350
v 0.07102552 0.05100670 0.27462918
v 0.06435730 0.05100670 0.28129300
v 0.07102552 0.05100670 0.33117783
v 0.07102552 0.05100670 0.36103460
v 0.07090954 0.05100670 0.36120024
v 0.07102552 0.05100670 0.35945216
v 0.07102552 0.05100670 0.41600084
v 0.07102552 0.05100670 0.39715129
v 0.07102552 0.05100670 0.43643284
v 0.07090954 0.05100670 0.43659848
v 0.07102552 0.05100670 0.18980616
v 0.07102552 0.05100670 0.21023816
v 0.07090954 0.05100670 0.21040380
v 0.07102552 0.05100670 0.20865571
v 0.07090954 0.05100670 0.20849006
v 0.06447329 0.05100670 0.21548522
v 0.06447329 0.05100670 0.22225821
v 0.06435730 0.05100670 0.22242385
v 0.07090954 0.05100670 0.23676440
v 0.07102552 0.05100670 0.23693004
v 0.06447329 0.05100670 0.25053254
v 0.06447329 0.05100670 0.24375954
v 0.07102552 0.05100670 0.25736204
v 0.07090954 0.05100670 0.25752768
v 0.06435730 0.05100670 0.26244345
v 0.06447329 0.05100670 0.27203387
v 0.07102552 0.05100670 0.32333550
v 0.07090954 0.05100670 0.32350114
v 0.06435730 0.05100670 0.22474433
v 0.06435730 0.05100670 0.23184863
v 0.07102552 0.05100670 0.21966293
v 0.07090954 0.05100670 0.21982858
v 0.06435730 0.05100670 0.24359390
v 0.07102552 0.05100670 0.24793726
v 0.07090954 0.05100670 0.24810292
v 0.07102552 0.05100670 0.27621159
v 0.07090954 0.05100670 0.27637726
v 0.06447329 0.05100670 0.28145865
v 0.07090954 0.05100670 0.28388828
v 0.07102552 0.05100670 0.28563637
v 0.07090954 0.05100670 0.28580204
v 0.07102552 0.05100670 0.23851249
v 0.07090954 0.05100670 0.23867813
v 0.07102552 0.05100670 0.28405395
v 0.06435730 0.05100670 0.11164700
v 0.06447329 0.05100670 0.11181267
v 0.06435730 0.05100670 0.12817608
v 0.06435730 0.05100670 0.12107179
v 0.06447329 0.05100670 0.12123743
v 0.06447329 0.05100670 0.12801044
v 0.07090954 0.05100670 0.11424228
v 0.07102552 0.05100670 0.11440795
v 0.07102552 0.05100670 0.11599038
v 0.07090954 0.05100670 0.11615602
v 0.07090954 0.05100670 0.12366707
v 0.07102552 0.05100670 0.12541515
v 0.07090954 0.05100670 0.12558080
v 0.06447329 0.05100670 0.11858565
v 0.06435730 0.05100670 0.11875131
v 0.07102552 0.05100670 0.12383272
v 0.06381641 0.05100670 0.09200000
v 0.06435730 0.05100670 0.09990176
v 0.06447329 0.05100670 0.10916089
v 0.06435730 0.05100670 0.10932653
v 0.06447329 0.05100670 0.09973612
v 0.06447329 0.05100670 0.09296309
v 0.06435730 0.05100670 0.10222223
v 0.06447329 0.05100670 0.10238787
v 0.06406641 0.05100670 0.09206700
v 0.06424943 0.05100670 0.09225001
v 0.06435730 0.05100670 0.09279745
v 0.07090954 0.05100670 0.09539273
v 0.07102552 0.05100670 0.09555840
v 0.07102552 0.05100670 0.09714081
v 0.07090954 0.05100670 0.09730648
v 0.07102552 0.05100670 0.10656559
v 0.07090954 0.05100670 0.10673126
v 0.07102552 0.05100670 0.10498317
v 0.07090954 0.05100670 0.10481750
v 0.01129141 0.05100670 0.44000000
v 0.01129141 0.05100670 0.75000000
v 0.01640875 0.05100670 0.73922497
v 0.01351610 0.05061233 0.73978017
v 0.06431641 0.05100670 0.78399998
v 0.00906641 0.05100670 0.78399998
v 0.01702925 -0.04857439 0.79000003
v 0.02256641 -0.04939330 0.79000002
v 0.02256641 -0.05399330 0.79000002
v 0.02205338 -0.05408376 0.79000002
v 0.02256641 -0.05859330 0.79000002
v 0.02256641 -0.05699330 0.79000002
v 0.02216641 -0.05899330 0.79000002
v 0.02205338 -0.05690284 0.79000002
v 0.02160223 -0.05664237 0.79000002
v 0.02126737 -0.05624330 0.79000002
v 0.02108920 -0.05575377 0.79000002
v 0.01613972 -0.04928421 0.79000002
v 0.02108920 -0.05523283 0.79000002
v 0.02126737 -0.05474330 0.79000002
v 0.02160223 -0.05434423 0.79000002
v 0.01576641 -0.04899330 0.79000002
v 0.00796641 -0.04899330 0.79000002
v 0.01578325 -0.04909239 0.79000002
v 0.00756641 -0.04939330 0.79000002
v 0.00756641 -0.05399330 0.79000002
v 0.00756641 -0.05699330 0.79000002
v 0.00756641 -0.05859330 0.79000002
v 0.00807944 -0.05690284 0.79000002
v 0.00853059 -0.05664237 0.79000002
v 0.00807944 -0.05408376 0.79000002
v 0.00853059 -0.05434423 0.79000002
v 0.01586401 -0.04921474 0.79000002
v 0.00886545 -0.05474330 0.79000002
v 0.00904362 -0.05523283 0.79000002
v 0.00904362 -0.05575377 0.79000002
v 0.00886545 -0.05624330 0.79000002
v 0.01001641 -0.05899330 0.79000002
v 0.01599311 -0.04928421 0.79000002
v 0.00796641 -0.05899330 0.79000002
v 0.01522147 -0.05690028 0.09698593
v 0.01539433 -0.05449330 0.09828098
v 0.01595724 -0.05449330 0.09849371
v 0.01641481 -0.05449330 0.09888454
v 0.01817706 -0.05650646 0.10006304
v 0.01549889 -0.05658259 0.10323572
v 0.01641481 -0.05449330 0.10111548
v 0.01595724 -0.05449330 0.10150631
v 0.01539433 -0.05449330 0.10171898
v 0.01353007 -0.05388219 0.14196551
v 0.01728815 -0.05714036 0.13687634
v 0.01539433 -0.05449330 0.13828100
v 0.01595724 -0.05449330 0.13849373
v 0.01641481 -0.05449330 0.13888450
v 0.01760736 -0.05449330 0.13917561
v 0.01681803 -0.05658259 0.14269404
v 0.01641481 -0.05449330 0.14111550
v 0.01595724 -0.05449330 0.14150633
v 0.01539433 -0.05449330 0.14171900
v 0.01359520 -0.05449330 0.18204123
v 0.01753425 -0.05739653 0.17714237
v 0.01539433 -0.05449330 0.17828102
v 0.01595724 -0.05449330 0.17849369
v 0.01641481 -0.05449330 0.17888452
v 0.01760736 -0.05449330 0.17917561
v 0.01681810 -0.05658259 0.18269398
v 0.01641481 -0.05449330 0.18111552
v 0.01595724 -0.05449330 0.18150629
v 0.01539433 -0.05449330 0.18171902
v 0.01641481 -0.05449330 0.21888451
v 0.01794347 -0.05584330 0.22080193
v 0.01527579 -0.05449330 0.21673470
v 0.01326957 -0.05637390 0.21728169
v 0.01539433 -0.05449330 0.21828099
v 0.01595724 -0.05449330 0.21849371
v 0.01499640 -0.05589955 0.22329536
v 0.01641481 -0.05449330 0.22111548
v 0.01595724 -0.05449330 0.22150631
v 0.01443537 -0.05174365 0.22180977
v 0.01690725 -0.05449330 0.25664885
v 0.01242295 -0.05449330 0.25880812
v 0.01539433 -0.05449330 0.25828099
v 0.01595724 -0.05449330 0.25849369
v 0.01641481 -0.05449330 0.25888449
v 0.01762952 -0.05561830 0.26074238
v 0.01672423 -0.05544067 0.26274308
v 0.01641481 -0.05449330 0.26111549
v 0.01595724 -0.05449330 0.26150629
v 0.01539433 -0.05449330 0.26171899
v 0.01421342 -0.05636830 0.26290864
v 0.01359521 -0.05449330 0.30204123
v 0.01641481 -0.05449330 0.29888451
v 0.01779521 -0.05659330 0.29842457
v 0.01508223 -0.05638804 0.29680138
v 0.01539433 -0.05449330 0.29828098
v 0.01595724 -0.05449330 0.29849368
v 0.01708468 -0.05626603 0.30256634
v 0.01641481 -0.05449330 0.30111548
v 0.01595724 -0.05449330 0.30150628
v 0.01539433 -0.05449330 0.30171898
v 0.01641481 -0.05449330 0.33888450
v 0.01603208 -0.05665997 0.33677795
v 0.01539433 -0.05449330 0.33828098
v 0.01595724 -0.05449330 0.33849367
v 0.01194490 -0.05616266 0.33952524
v 0.01780976 -0.05539330 0.34153098
v 0.01641481 -0.05449330 0.34111547
v 0.01595724 -0.05449330 0.34150627
v 0.01539433 -0.05449330 0.34171900
v 0.01491555 -0.05561830 0.34301868
v 0.01641481 -0.05449330 0.37888449
v 0.01794478 -0.05561830 0.38086868
v 0.01242296 -0.05449330 0.37880812
v 0.01539433 -0.05449330 0.37828100
v 0.01595724 -0.05449330 0.37849370
v 0.01641481 -0.05449330 0.38111547
v 0.01595724 -0.05449330 0.38150629
v 0.01588558 -0.05646205 0.38295068
v 0.01539433 -0.05449330 0.38171899
v 0.01428493 -0.05650646 0.42304448
v 0.01641481 -0.05449330 0.41888449
v 0.01784717 -0.05554649 0.42148364
v 0.01261413 -0.05449330 0.41830761
v 0.01539433 -0.05449330 0.41828099
v 0.01595724 -0.05449330 0.41849369
v 0.01641481 -0.05449330 0.42111549
v 0.01595724 -0.05449330 0.42150629
v 0.01539433 -0.05449330 0.42171898
v 0.01373692 -0.05483945 0.46224175
v 0.01753423 -0.05739653 0.45714236
v 0.01539433 -0.05449330 0.45828098
v 0.01595724 -0.05449330 0.45849371
v 0.01641481 -0.05449330 0.45888451
v 0.01760737 -0.05449330 0.45917563
v 0.01681803 -0.05658259 0.46269402
v 0.01641481 -0.05449330 0.46111548
v 0.01595724 -0.05449330 0.46150631
v 0.01539433 -0.05449330 0.46171901
v 0.01247413 -0.05449330 0.49890864
v 0.01359519 -0.05449330 0.50204121
v 0.01571401 -0.05682089 0.49674197
v 0.01539433 -0.05449330 0.49828100
v 0.01595724 -0.05449330 0.49849370
v 0.01641481 -0.05449330 0.49888450
v 0.01681803 -0.05658259 0.50269401
v 0.01641481 -0.05449330 0.50111550
v 0.01595724 -0.05449330 0.50150627
v 0.01539433 -0.05449330 0.50171900
v 0.01803959 -0.05547768 0.53772530
v 0.01290400 -0.05449330 0.53838744
v 0.01539433 -0.05449330 0.53828096
v 0.01595724 -0.05449330 0.53849369
v 0.01641481 -0.05449330 0.53888452
v 0.01341341 -0.05669439 0.54046966
v 0.01687776 -0.05449330 0.54008163
v 0.01658002 -0.05449330 0.54287355
v 0.01641481 -0.05449330 0.54111546
v 0.01595724 -0.05449330 0.54150629
v 0.01539433 -0.05449330 0.54171902
v 0.01687776 -0.05449330 0.58008167
v 0.01669041 -0.05639715 0.58274531
v 0.01641481 -0.05449330 0.58111548
v 0.01595724 -0.05449330 0.58150631
v 0.01539433 -0.05449330 0.58171898
v 0.01290175 -0.05629330 0.57793421
v 0.01539433 -0.05449330 0.57828099
v 0.01595724 -0.05449330 0.57849371
v 0.01641481 -0.05449330 0.57888448
v 0.01225557 -0.05550192 0.58133480
v 0.01247414 -0.05449330 0.61890862
v 0.01166197 -0.05735694 0.62118546
v 0.01794347 -0.05584330 0.62080200
v 0.01668524 -0.05544067 0.62266844
v 0.01641481 -0.05449330 0.62111551
v 0.01595724 -0.05449330 0.62150627
v 0.01539433 -0.05449330 0.62171900
v 0.01594575 -0.05696104 0.61673656
v 0.01539433 -0.05449330 0.61828101
v 0.01595724 -0.05449330 0.61849368
v 0.01641481 -0.05449330 0.61888450
v 0.01668528 -0.05544067 0.66266842
v 0.01641481 -0.05449330 0.66111547
v 0.01595724 -0.05449330 0.66150630
v 0.01539433 -0.05449330 0.66171902
v 0.01641481 -0.05449330 0.65888453
v 0.01548023 -0.05674330 0.65685660
v 0.01539433 -0.05449330 0.65828097
v 0.01595724 -0.05449330 0.65849370
v 0.01412134 -0.05526916 0.70259827
v 0.01597615 -0.05708946 0.69685097
v 0.01539433 -0.05449330 0.69828099
v 0.01595724 -0.05449330 0.69849372
v 0.01641481 -0.05449330 0.69888449
v 0.01725888 -0.05599330 0.70235254
v 0.01641481 -0.05449330 0.70111549
v 0.01595724 -0.05449330 0.70150632
v 0.01539433 -0.05449330 0.70171899
v 0.01589515 -0.05688393 0.74309300
v 0.01641481 -0.05449330 0.74111551
v 0.01595724 -0.05449330 0.74150628
v 0.01539433 -0.05449330 0.74171901
v 0.01387477 -0.05521330 0.73756531
v 0.01830823 -0.05632663 0.73851762
v 0.01539433 -0.05449330 0.73828101
v 0.01595724 -0.05449330 0.73849368
v 0.01641481 -0.05449330 0.73888451
v 0.01412132 -0.05526916 0.78259825
v 0.01595724 -0.05449330 0.78150630
v 0.01539433 -0.05449330 0.78171903
v 0.01539433 -0.05449330 0.77828097
v 0.01595724 -0.05449330 0.77849370
v 0.01641481 -0.05449330 0.77888453
v 0.01674001 -0.05685044 0.77684558
v 0.01726695 -0.05553902 0.78207303
v 0.01202346 -0.05668409 0.69916210
v 0.01810224 -0.05636830 0.66037719
v 0.01249705 -0.05449330 0.65853903
v 0.01176589 -0.05735694 0.66125878
v 0.01786431 -0.05535869 0.49961591
v 0.01143133 -0.05899330 0.50056122
v 0.01249703 -0.05449330 0.45853904
v 0.01158026 -0.05899330 0.46002373
v 0.01649904 -0.05708946 0.41714419
v 0.01249801 -0.05899330 0.41796293
v 0.01789462 -0.05637702 0.57761996
v 0.01603208 -0.05665997 0.37677794
v 0.01138354 -0.05714036 0.38047323
v 0.01249705 -0.05449330 0.29853901
v 0.01151960 -0.05899330 0.30077133
v 0.01410510 -0.05899330 0.25653218
v 0.01144936 -0.05899330 0.18059952
v 0.01143133 -0.05899330 0.14056122
v 0.01001641 -0.05899330 0.08999999
v 0.00796641 -0.05899330 0.08999999
v 0.00796641 -0.05899330 0.20000000
v 0.00796641 -0.05899330 0.23999999
v 0.00796641 -0.05899330 0.28000000
v 0.01001641 -0.05899330 0.28000000
v 0.00796641 -0.05899330 0.31999999
v 0.01001641 -0.05899330 0.31999999
v 0.00796641 -0.05899330 0.35999998
v 0.01001641 -0.05899330 0.35999998
v 0.00796641 -0.05899330 0.44000000
v 0.01001641 -0.05899330 0.44000000
v 0.00796641 -0.05899330 0.47999999
v 0.01001641 -0.05899330 0.47999999
v 0.00796641 -0.05899330 0.51999998
v 0.01001641 -0.05899330 0.51999998
v 0.00796641 -0.05899330 0.56000000
v 0.01001641 -0.05899330 0.56000000
v 0.00796641 -0.05899330 0.60000002
v 0.00796641 -0.05899330 0.63999999
v 0.00796641 -0.05899330 0.68000001
v 0.00796641 -0.05899330 0.72000003
v 0.01001641 -0.05899330 0.72000003
v 0.02216641 -0.05899330 0.72000003
v 0.02216641 -0.05899330 0.68000001
v 0.02216641 -0.05899330 0.63999999
v 0.02216641 -0.05899330 0.60000002
v 0.02216641 -0.05899330 0.56000000
v 0.02216641 -0.05899330 0.51999998
v 0.02216641 -0.05899330 0.47999999
v 0.02216641 -0.05899330 0.44000000
v 0.02216641 -0.05899330 0.35999998
v 0.02216641 -0.05899330 0.31999999
v 0.02216641 -0.05899330 0.28000000
v 0.02216641 -0.05899330 0.23999999
v 0.02216641 -0.05899330 0.20000000
v 0.02216641 -0.05899330 0.15999998
v 0.02216641 -0.05899330 0.12000002
v 0.02216641 -0.05899330 0.09349997
v 0.02216641 -0.05899330 0.08999999
v 0.02256641 -0.05859330 0.08999999
v 0.02256641 -0.05699330 0.08999999
v 0.00756641 -0.05859330 0.08999999
v 0.02256641 -0.05399330 0.08999999
v 0.02205338 -0.05408376 0.08999999
v 0.02160223 -0.05434423 0.08999999
v 0.02126737 -0.05474330 0.08999999
v 0.02108920 -0.05523283 0.08999999
v 0.02108920 -0.05575377 0.08999999
v 0.02126737 -0.05624330 0.08999999
v 0.02160223 -0.05664237 0.08999999
v 0.02205338 -0.05690284 0.08999999
v 0.01636641 -0.04899330 0.08999999
v 0.01634958 -0.04909239 0.08999999
v 0.01636641 -0.04899330 0.09882845
v 0.01626881 -0.04921474 0.08999999
v 0.01613972 -0.04928421 0.08999999
v 0.01613960 -0.04928501 0.09861769
v 0.01620201 -0.04926304 0.09866847
v 0.01626859 -0.04921667 0.09872831
v 0.01633689 -0.04913100 0.09879588
v 0.01586705 -0.04921332 0.09844388
v 0.01597086 -0.04927687 0.09850188
v 0.01599311 -0.04928421 0.08999999
v 0.01599441 -0.04928412 0.09851630
v 0.01609101 -0.04929229 0.09858133
v 0.01586401 -0.04921474 0.08999999
v 0.01578325 -0.04909239 0.08999999
v 0.01576641 -0.04899330 0.08999999
v 0.01576641 -0.04899330 0.09839608
v 0.01577901 -0.04908900 0.09840151
v 0.01462865 -0.04899547 0.09817459
v 0.01205744 -0.05490840 0.10033233
v 0.01634783 -0.04909605 0.10119183
v 0.01636641 -0.04899330 0.10117157
v 0.01641481 -0.04899330 0.10111548
v 0.01599378 -0.04928287 0.10148408
v 0.01607193 -0.04929316 0.10143228
v 0.01614089 -0.04928438 0.10138132
v 0.01618874 -0.04926779 0.10134269
v 0.01626795 -0.04921371 0.10127230
v 0.01628499 -0.04919631 0.10125603
v 0.01589005 -0.04923403 0.10154560
v 0.01578916 -0.04910429 0.10159381
v 0.01539433 -0.04899330 0.10171898
v 0.01576641 -0.04899330 0.10160388
v 0.01689546 -0.04899344 0.09969384
v 0.01586705 -0.04921332 0.13844390
v 0.01576641 -0.04899330 0.13839610
v 0.01577900 -0.04908892 0.13840137
v 0.01597086 -0.04927687 0.13850184
v 0.01599441 -0.04928412 0.13851632
v 0.01609101 -0.04929229 0.13858129
v 0.01613960 -0.04928501 0.13861771
v 0.01620201 -0.04926304 0.13866849
v 0.01626859 -0.04921667 0.13872828
v 0.01629389 -0.04919000 0.13875271
v 0.01634920 -0.04909513 0.13880964
v 0.01636641 -0.04899330 0.13882847
v 0.01253850 -0.05223920 0.13931539
v 0.01634783 -0.04909605 0.14119186
v 0.01636641 -0.04899330 0.14117153
v 0.01641481 -0.04899330 0.14111550
v 0.01539433 -0.04899330 0.13828100
v 0.01599378 -0.04928287 0.14148410
v 0.01607193 -0.04929316 0.14143230
v 0.01614089 -0.04928438 0.14138134
v 0.01618874 -0.04926779 0.14134271
v 0.01626795 -0.04921371 0.14127232
v 0.01628499 -0.04919631 0.14125599
v 0.01589005 -0.04923403 0.14154563
v 0.01578916 -0.04910429 0.14159377
v 0.01539433 -0.04899330 0.14171900
v 0.01576641 -0.04899330 0.14160390
v 0.01671295 -0.04899330 0.14059277
v 0.01681641 -0.04899330 0.14000000
v 0.01671295 -0.04899330 0.13940723
v 0.01641481 -0.04899330 0.13888450
v 0.01586705 -0.04921332 0.17844386
v 0.01576641 -0.04899330 0.17839612
v 0.01577899 -0.04908891 0.17840139
v 0.01597086 -0.04927687 0.17850186
v 0.01599441 -0.04928412 0.17851634
v 0.01609101 -0.04929229 0.17858131
v 0.01613960 -0.04928501 0.17861767
v 0.01620201 -0.04926304 0.17866851
v 0.01626859 -0.04921667 0.17872830
v 0.01629389 -0.04919000 0.17875268
v 0.01634920 -0.04909513 0.17880966
v 0.01636641 -0.04899330 0.17882849
v 0.01257152 -0.05245298 0.17879985
v 0.01446788 -0.04899330 0.18164445
v 0.01523082 -0.04899340 0.18175326
v 0.01634783 -0.04909605 0.18119182
v 0.01636641 -0.04899330 0.18117155
v 0.01641481 -0.04899330 0.18111552
v 0.01539433 -0.04899330 0.17828102
v 0.01599378 -0.04928287 0.18148406
v 0.01607193 -0.04929316 0.18143226
v 0.01614089 -0.04928438 0.18138130
v 0.01618874 -0.04926779 0.18134274
v 0.01626795 -0.04921371 0.18127234
v 0.01628499 -0.04919631 0.18125601
v 0.01589012 -0.04923408 0.18154559
v 0.01578916 -0.04910429 0.18159379
v 0.01576641 -0.04899330 0.18160392
v 0.01671295 -0.04899330 0.18059279
v 0.01680203 -0.04899330 0.17964009
v 0.01641481 -0.04899330 0.17888452
v 0.01586705 -0.04921332 0.21844389
v 0.01576641 -0.04899330 0.21839611
v 0.01577900 -0.04908892 0.21840138
v 0.01597086 -0.04927687 0.21850185
v 0.01599441 -0.04928412 0.21851631
v 0.01609101 -0.04929229 0.21858130
v 0.01613960 -0.04928501 0.21861769
v 0.01620201 -0.04926304 0.21866848
v 0.01626859 -0.04921667 0.21872829
v 0.01629389 -0.04919000 0.21875270
v 0.01634920 -0.04909513 0.21880965
v 0.01636641 -0.04899330 0.21882845
v 0.01462859 -0.04899568 0.21817461
v 0.01355087 -0.04899330 0.21912502
v 0.01334300 -0.04899330 0.21969612
v 0.01334300 -0.04899330 0.22030388
v 0.01506641 -0.04899330 0.22175001
v 0.01634783 -0.04909605 0.22119184
v 0.01599378 -0.04928287 0.22148408
v 0.01607193 -0.04929316 0.22143228
v 0.01614089 -0.04928438 0.22138132
v 0.01618874 -0.04926779 0.22134273
v 0.01626795 -0.04921371 0.22127233
v 0.01628499 -0.04919631 0.22125600
v 0.01589005 -0.04923403 0.22154560
v 0.01578916 -0.04910429 0.22159378
v 0.01539433 -0.04899330 0.22171901
v 0.01576641 -0.04899330 0.22160392
v 0.01688516 -0.04898531 0.22030102
v 0.01641481 -0.04899330 0.21888451
v 0.01586705 -0.04921332 0.25844389
v 0.01576641 -0.04899330 0.25839609
v 0.01577900 -0.04908892 0.25840136
v 0.01597086 -0.04927687 0.25850183
v 0.01599441 -0.04928412 0.25851631
v 0.01609101 -0.04929229 0.25858128
v 0.01613960 -0.04928501 0.25861767
v 0.01620201 -0.04926304 0.25866848
v 0.01626859 -0.04921667 0.25872827
v 0.01629389 -0.04919000 0.25875267
v 0.01634920 -0.04909513 0.25880963
v 0.01636641 -0.04899330 0.25882846
v 0.01506641 -0.04899330 0.25825000
v 0.01446788 -0.04899330 0.25835553
v 0.01345545 -0.04899330 0.25916527
v 0.01334300 -0.04899330 0.26030388
v 0.01355087 -0.04899330 0.26087499
v 0.01394153 -0.04899330 0.26134056
v 0.01446788 -0.04899330 0.26164445
v 0.01506641 -0.04899330 0.26174998
v 0.01634783 -0.04909605 0.26119182
v 0.01636641 -0.04899330 0.26117152
v 0.01641481 -0.04899330 0.26111549
v 0.01539433 -0.04899330 0.25828099
v 0.01599378 -0.04928287 0.26148406
v 0.01607193 -0.04929316 0.26143226
v 0.01614089 -0.04928438 0.26138130
v 0.01618874 -0.04926779 0.26134270
v 0.01626795 -0.04921371 0.26127231
v 0.01628499 -0.04919631 0.26125601
v 0.01589008 -0.04923405 0.26154558
v 0.01578916 -0.04910429 0.26159376
v 0.01539433 -0.04899330 0.26171899
v 0.01576641 -0.04899330 0.26160389
v 0.01689545 -0.04899343 0.25969361
v 0.01586705 -0.04921332 0.29844388
v 0.01576641 -0.04899330 0.29839608
v 0.01577899 -0.04908891 0.29840137
v 0.01597086 -0.04927687 0.29850182
v 0.01599441 -0.04928412 0.29851630
v 0.01609101 -0.04929229 0.29858130
v 0.01613960 -0.04928501 0.29861769
v 0.01620201 -0.04926304 0.29866847
v 0.01626859 -0.04921667 0.29872826
v 0.01629389 -0.04919000 0.29875267
v 0.01634920 -0.04909513 0.29880962
v 0.01636641 -0.04899330 0.29882845
v 0.01506641 -0.04899330 0.29824999
v 0.01446788 -0.04899330 0.29835552
v 0.01394153 -0.04899330 0.29865941
v 0.01338182 -0.04899330 0.29944723
v 0.01334300 -0.04899330 0.30030388
v 0.01355087 -0.04899330 0.30087498
v 0.01394153 -0.04899330 0.30134058
v 0.01446788 -0.04899330 0.30164444
v 0.01506641 -0.04899330 0.30174997
v 0.01634783 -0.04909605 0.30119184
v 0.01636641 -0.04899330 0.30117151
v 0.01641481 -0.04899330 0.30111548
v 0.01539433 -0.04899330 0.29828098
v 0.01599378 -0.04928287 0.30148408
v 0.01607193 -0.04929316 0.30143228
v 0.01614089 -0.04928438 0.30138129
v 0.01618874 -0.04926779 0.30134270
v 0.01626795 -0.04921371 0.30127230
v 0.01628499 -0.04919631 0.30125600
v 0.01589007 -0.04923404 0.30154557
v 0.01578916 -0.04910429 0.30159378
v 0.01539433 -0.04899330 0.30171898
v 0.01576641 -0.04899330 0.30160388
v 0.01671295 -0.04899330 0.30059278
v 0.01681641 -0.04899330 0.29999998
v 0.01671295 -0.04899330 0.29940718
v 0.01641481 -0.04899330 0.29888451
v 0.01586705 -0.04921332 0.33844388
v 0.01576641 -0.04899330 0.33839607
v 0.01597086 -0.04927687 0.33850184
v 0.01599441 -0.04928412 0.33851629
v 0.01609101 -0.04929229 0.33858129
v 0.01613960 -0.04928501 0.33861768
v 0.01620201 -0.04926304 0.33866847
v 0.01626859 -0.04921667 0.33872828
v 0.01629389 -0.04919000 0.33875269
v 0.01634920 -0.04909513 0.33880964
v 0.01636641 -0.04899330 0.33882844
v 0.01506641 -0.04899330 0.33824998
v 0.01446788 -0.04899330 0.33835551
v 0.01367245 -0.04899330 0.33890442
v 0.01334300 -0.04899330 0.33969611
v 0.01334300 -0.04899330 0.34030387
v 0.01374542 -0.04899330 0.34118253
v 0.01446788 -0.04899330 0.34164444
v 0.01506641 -0.04899330 0.34175000
v 0.01634783 -0.04909605 0.34119183
v 0.01574700 -0.04899809 0.33837225
v 0.01599378 -0.04928287 0.34148407
v 0.01607193 -0.04929316 0.34143227
v 0.01614089 -0.04928438 0.34138128
v 0.01618874 -0.04926779 0.34134269
v 0.01626795 -0.04921371 0.34127232
v 0.01628499 -0.04919631 0.34125599
v 0.01589007 -0.04923404 0.34154556
v 0.01578916 -0.04910429 0.34159377
v 0.01539433 -0.04899330 0.34171900
v 0.01576641 -0.04899330 0.34160388
v 0.01688516 -0.04898531 0.34030101
v 0.01641481 -0.04899330 0.33888450
v 0.01586705 -0.04921332 0.37844387
v 0.01576641 -0.04899330 0.37839609
v 0.01577900 -0.04908892 0.37840136
v 0.01597086 -0.04927687 0.37850183
v 0.01599441 -0.04928412 0.37851632
v 0.01609101 -0.04929229 0.37858129
v 0.01613960 -0.04928501 0.37861767
v 0.01620201 -0.04926304 0.37866849
v 0.01626859 -0.04921667 0.37872827
v 0.01629389 -0.04919000 0.37875268
v 0.01634920 -0.04909513 0.37880963
v 0.01636641 -0.04899330 0.37882844
v 0.01506641 -0.04899330 0.37825000
v 0.01383812 -0.04899330 0.37866459
v 0.01334300 -0.04899330 0.37969610
v 0.01334300 -0.04899330 0.38030386
v 0.01355087 -0.04899330 0.38087499
v 0.01394153 -0.04899330 0.38134056
v 0.01446788 -0.04899330 0.38164446
v 0.01506641 -0.04899330 0.38174999
v 0.01634783 -0.04909605 0.38119182
v 0.01636641 -0.04899330 0.38117152
v 0.01641481 -0.04899330 0.38111547
v 0.01539433 -0.04899330 0.37828100
v 0.01599378 -0.04928287 0.38148406
v 0.01607193 -0.04929316 0.38143227
v 0.01614089 -0.04928438 0.38138130
v 0.01618874 -0.04926779 0.38134271
v 0.01626795 -0.04921371 0.38127232
v 0.01628499 -0.04919631 0.38125601
v 0.01589005 -0.04923403 0.38154559
v 0.01578916 -0.04910429 0.38159376
v 0.01539433 -0.04899330 0.38171899
v 0.01576641 -0.04899330 0.38160390
v 0.01671295 -0.04899330 0.38059279
v 0.01677259 -0.04899340 0.37942834
v 0.01586705 -0.04921332 0.41844389
v 0.01576641 -0.04899330 0.41839609
v 0.01577899 -0.04908891 0.41840137
v 0.01597086 -0.04927687 0.41850182
v 0.01599441 -0.04928412 0.41851631
v 0.01609101 -0.04929229 0.41858128
v 0.01613960 -0.04928501 0.41861770
v 0.01620201 -0.04926304 0.41866848
v 0.01626859 -0.04921667 0.41872826
v 0.01629389 -0.04919000 0.41875267
v 0.01634920 -0.04909513 0.41880962
v 0.01636641 -0.04899330 0.41882846
v 0.01506641 -0.04899330 0.41824999
v 0.01383812 -0.04899330 0.41866461
v 0.01334300 -0.04899330 0.41969609
v 0.01334300 -0.04899330 0.42030388
v 0.01396464 -0.04899330 0.42144153
v 0.01506641 -0.04899330 0.42174998
v 0.01634783 -0.04909605 0.42119181
v 0.01636641 -0.04899330 0.42117152
v 0.01641481 -0.04899330 0.42111549
v 0.01539433 -0.04899330 0.41828099
v 0.01599378 -0.04928287 0.42148408
v 0.01607193 -0.04929316 0.42143226
v 0.01614089 -0.04928438 0.42138129
v 0.01618874 -0.04926779 0.42134270
v 0.01626795 -0.04921371 0.42127231
v 0.01628499 -0.04919631 0.42125601
v 0.01589007 -0.04923404 0.42154558
v 0.01578916 -0.04910429 0.42159379
v 0.01539433 -0.04899330 0.42171898
v 0.01576641 -0.04899330 0.42160389
v 0.01671295 -0.04899330 0.42059278
v 0.01680203 -0.04899330 0.41964009
v 0.01641481 -0.04899330 0.41888449
v 0.01586705 -0.04921332 0.45844388
v 0.01576641 -0.04899330 0.45839611
v 0.01597086 -0.04927687 0.45850185
v 0.01599441 -0.04928412 0.45851630
v 0.01609101 -0.04929229 0.45858130
v 0.01613960 -0.04928501 0.45861769
v 0.01620201 -0.04926304 0.45866847
v 0.01626859 -0.04921667 0.45872828
v 0.01629389 -0.04919000 0.45875269
v 0.01634920 -0.04909513 0.45880964
v 0.01636641 -0.04899330 0.45882845
v 0.01506641 -0.04899330 0.45824999
v 0.01446788 -0.04899330 0.45835555
v 0.01367247 -0.04899330 0.45890440
v 0.01334300 -0.04899330 0.45969611
v 0.01334300 -0.04899330 0.46030387
v 0.01374541 -0.04899330 0.46118251
v 0.01446788 -0.04899330 0.46164447
v 0.01506641 -0.04899330 0.46175000
v 0.01634783 -0.04909605 0.46119183
v 0.01637214 -0.04899295 0.46117171
v 0.01574700 -0.04899812 0.45837226
v 0.01599378 -0.04928287 0.46148407
v 0.01607193 -0.04929316 0.46143228
v 0.01614089 -0.04928438 0.46138132
v 0.01618874 -0.04926779 0.46134272
v 0.01626795 -0.04921371 0.46127233
v 0.01628499 -0.04919631 0.46125600
v 0.01589005 -0.04923403 0.46154560
v 0.01578916 -0.04910429 0.46159378
v 0.01539433 -0.04899330 0.46171901
v 0.01576641 -0.04899330 0.46160391
v 0.01671295 -0.04899330 0.46059278
v 0.01681641 -0.04899330 0.46000001
v 0.01671295 -0.04899330 0.45940721
v 0.01641481 -0.04899330 0.45888451
v 0.01586705 -0.04921332 0.49844387
v 0.01576641 -0.04899330 0.49839610
v 0.01577900 -0.04908892 0.49840137
v 0.01597086 -0.04927687 0.49850184
v 0.01599441 -0.04928412 0.49851632
v 0.01609101 -0.04929229 0.49858129
v 0.01613960 -0.04928501 0.49861768
v 0.01620201 -0.04926304 0.49866849
v 0.01626859 -0.04921667 0.49872828
v 0.01629389 -0.04919000 0.49875268
v 0.01634920 -0.04909513 0.49880964
v 0.01636641 -0.04899330 0.49882847
v 0.01506641 -0.04899330 0.49825001
v 0.01383812 -0.04899330 0.49866462
v 0.01334300 -0.04899330 0.49969611
v 0.01334300 -0.04899330 0.50030386
v 0.01355087 -0.04899330 0.50087500
v 0.01394153 -0.04899330 0.50134057
v 0.01446788 -0.04899330 0.50164443
v 0.01506641 -0.04899330 0.50174999
v 0.01636641 -0.04899330 0.50117153
v 0.01539433 -0.04899330 0.49828100
v 0.01599378 -0.04928287 0.50148410
v 0.01607193 -0.04929316 0.50143230
v 0.01614089 -0.04928438 0.50138128
v 0.01618874 -0.04926779 0.50134271
v 0.01626795 -0.04921371 0.50127232
v 0.01628499 -0.04919631 0.50125599
v 0.01634858 -0.04909454 0.50119107
v 0.01589008 -0.04923405 0.50154556
v 0.01578916 -0.04910429 0.50159377
v 0.01539433 -0.04899330 0.50171900
v 0.01576641 -0.04899330 0.50160390
v 0.01692983 -0.04899346 0.50022208
v 0.01641481 -0.04899330 0.49888450
v 0.01634920 -0.04909513 0.53880966
v 0.01629389 -0.04919000 0.53875268
v 0.01626859 -0.04921667 0.53872830
v 0.01599441 -0.04928412 0.53851628
v 0.01609101 -0.04929229 0.53858131
v 0.01613960 -0.04928501 0.53861767
v 0.01620201 -0.04926304 0.53866845
v 0.01586705 -0.04921332 0.53844386
v 0.01597086 -0.04927687 0.53850186
v 0.01576641 -0.04899330 0.53839612
v 0.01577899 -0.04908891 0.53840139
v 0.01506641 -0.04899330 0.53824997
v 0.01446788 -0.04899330 0.53835553
v 0.01394153 -0.04899330 0.53865939
v 0.01355087 -0.04899330 0.53912503
v 0.01334300 -0.04899330 0.53969610
v 0.01334300 -0.04899330 0.54030389
v 0.01396458 -0.04899330 0.54144150
v 0.01506641 -0.04899330 0.54175001
v 0.01634783 -0.04909605 0.54119182
v 0.01636641 -0.04899330 0.54117155
v 0.01641481 -0.04899330 0.54111546
v 0.01539433 -0.04899330 0.53828096
v 0.01599378 -0.04928287 0.54148406
v 0.01607193 -0.04929316 0.54143226
v 0.01614089 -0.04928438 0.54138130
v 0.01618874 -0.04926779 0.54134274
v 0.01626795 -0.04921371 0.54127234
v 0.01628499 -0.04919631 0.54125601
v 0.01589006 -0.04923403 0.54154558
v 0.01578916 -0.04910429 0.54159379
v 0.01539433 -0.04899330 0.54171902
v 0.01576641 -0.04899330 0.54160392
v 0.01671295 -0.04899330 0.54059279
v 0.01681641 -0.04899330 0.54000002
v 0.01647617 -0.04899031 0.53895544
v 0.01586705 -0.04921332 0.57844388
v 0.01576641 -0.04899330 0.57839608
v 0.01597086 -0.04927687 0.57850182
v 0.01599441 -0.04928412 0.57851630
v 0.01609101 -0.04929229 0.57858127
v 0.01613960 -0.04928501 0.57861769
v 0.01620201 -0.04926304 0.57866848
v 0.01626859 -0.04921667 0.57872826
v 0.01629389 -0.04919000 0.57875270
v 0.01634920 -0.04909513 0.57880962
v 0.01636641 -0.04899330 0.57882845
v 0.01506641 -0.04899330 0.57824999
v 0.01446788 -0.04899330 0.57835555
v 0.01367247 -0.04899330 0.57890440
v 0.01334300 -0.04899330 0.57969612
v 0.01353801 -0.04899330 0.58097770
v 0.01446788 -0.04899330 0.58164448
v 0.01506641 -0.04899330 0.58174998
v 0.01634783 -0.04909605 0.58119184
v 0.01636641 -0.04899330 0.58117151
v 0.01641481 -0.04899330 0.58111548
v 0.01574700 -0.04899810 0.57837226
v 0.01599378 -0.04928287 0.58148408
v 0.01607193 -0.04929316 0.58143228
v 0.01614089 -0.04928438 0.58138132
v 0.01618874 -0.04926779 0.58134270
v 0.01626795 -0.04921371 0.58127230
v 0.01628499 -0.04919631 0.58125603
v 0.01589005 -0.04923403 0.58154560
v 0.01578916 -0.04910429 0.58159381
v 0.01539433 -0.04899330 0.58171898
v 0.01576641 -0.04899330 0.58160388
v 0.01671295 -0.04899330 0.58059281
v 0.01681641 -0.04899330 0.57999998
v 0.01671295 -0.04899330 0.57940722
v 0.01641481 -0.04899330 0.57888448
v 0.01586705 -0.04921332 0.61844391
v 0.01576641 -0.04899330 0.61839610
v 0.01577900 -0.04908892 0.61840137
v 0.01597086 -0.04927687 0.61850184
v 0.01599441 -0.04928412 0.61851633
v 0.01609101 -0.04929229 0.61858130
v 0.01613960 -0.04928501 0.61861771
v 0.01620201 -0.04926304 0.61866850
v 0.01626859 -0.04921667 0.61872828
v 0.01629389 -0.04919000 0.61875266
v 0.01634920 -0.04909513 0.61880964
v 0.01636641 -0.04899330 0.61882848
v 0.01506641 -0.04899330 0.61825001
v 0.01383814 -0.04899330 0.61866460
v 0.01334300 -0.04899330 0.61969614
v 0.01334300 -0.04899330 0.62030387
v 0.01355087 -0.04899330 0.62087500
v 0.01422949 -0.04899330 0.62156297
v 0.01506641 -0.04899330 0.62175000
v 0.01634783 -0.04909605 0.62119186
v 0.01637214 -0.04899304 0.62117173
v 0.01539433 -0.04899330 0.61828101
v 0.01599378 -0.04928287 0.62148410
v 0.01607193 -0.04929316 0.62143230
v 0.01614089 -0.04928438 0.62138128
v 0.01618874 -0.04926779 0.62134272
v 0.01626795 -0.04921371 0.62127233
v 0.01628499 -0.04919631 0.62125599
v 0.01589008 -0.04923405 0.62154557
v 0.01578916 -0.04910429 0.62159377
v 0.01539433 -0.04899330 0.62171900
v 0.01576641 -0.04899330 0.62160391
v 0.01682133 -0.04899330 0.62024927
v 0.01671295 -0.04899330 0.61940724
v 0.01641481 -0.04899330 0.61888450
v 0.01586705 -0.04921332 0.65844387
v 0.01576641 -0.04899330 0.65839612
v 0.01577899 -0.04908891 0.65840140
v 0.01597086 -0.04927687 0.65850186
v 0.01599441 -0.04928412 0.65851629
v 0.01609101 -0.04929229 0.65858132
v 0.01613960 -0.04928501 0.65861768
v 0.01620201 -0.04926304 0.65866846
v 0.01626859 -0.04921667 0.65872830
v 0.01629389 -0.04919000 0.65875268
v 0.01634920 -0.04909513 0.65880966
v 0.01636641 -0.04899330 0.65882844
v 0.01506641 -0.04899330 0.65824997
v 0.01446788 -0.04899330 0.65835553
v 0.01367253 -0.04899330 0.65890434
v 0.01334300 -0.04899330 0.65969610
v 0.01342064 -0.04899330 0.66065944
v 0.01394153 -0.04899330 0.66134059
v 0.01446788 -0.04899330 0.66164446
v 0.01506641 -0.04899330 0.66175002
v 0.01634783 -0.04909605 0.66119182
v 0.01636641 -0.04899330 0.66117156
v 0.01641481 -0.04899330 0.66111547
v 0.01539433 -0.04899330 0.65828097
v 0.01599378 -0.04928287 0.66148406
v 0.01607193 -0.04929316 0.66143227
v 0.01614089 -0.04928438 0.66138130
v 0.01618874 -0.04926779 0.66134274
v 0.01626795 -0.04921371 0.66127235
v 0.01628499 -0.04919631 0.66125602
v 0.01589006 -0.04923403 0.66154558
v 0.01578916 -0.04910429 0.66159379
v 0.01539433 -0.04899330 0.66171902
v 0.01576641 -0.04899330 0.66160393
v 0.01689546 -0.04899342 0.65969383
v 0.01586705 -0.04921332 0.69844389
v 0.01576641 -0.04899330 0.69839609
v 0.01597086 -0.04927687 0.69850183
v 0.01599441 -0.04928412 0.69851631
v 0.01609101 -0.04929229 0.69858128
v 0.01613960 -0.04928501 0.69861770
v 0.01620201 -0.04926304 0.69866848
v 0.01626859 -0.04921667 0.69872826
v 0.01629389 -0.04919000 0.69875270
v 0.01634920 -0.04909513 0.69880962
v 0.01636641 -0.04899330 0.69882846
v 0.01506641 -0.04899330 0.69825000
v 0.01446788 -0.04899330 0.69835556
v 0.01345546 -0.04899330 0.69916524
v 0.01353801 -0.04899330 0.70097770
v 0.01446788 -0.04899330 0.70164448
v 0.01506641 -0.04899330 0.70174998
v 0.01634783 -0.04909605 0.70119184
v 0.01636641 -0.04899330 0.70117152
v 0.01641481 -0.04899330 0.70111549
v 0.01574701 -0.04899813 0.69837224
v 0.01599378 -0.04928287 0.70148408
v 0.01607193 -0.04929316 0.70143229
v 0.01614089 -0.04928438 0.70138133
v 0.01618874 -0.04926779 0.70134270
v 0.01626795 -0.04921371 0.70127231
v 0.01628499 -0.04919631 0.70125604
v 0.01589005 -0.04923403 0.70154561
v 0.01578916 -0.04910429 0.70159376
v 0.01539433 -0.04899330 0.70171899
v 0.01576641 -0.04899330 0.70160389
v 0.01762248 -0.05375192 0.69964133
v 0.01641481 -0.04899330 0.69888449
v 0.01586705 -0.04921332 0.73844391
v 0.01576641 -0.04899330 0.73839611
v 0.01577900 -0.04908892 0.73840138
v 0.01597086 -0.04927687 0.73850185
v 0.01599441 -0.04928412 0.73851633
v 0.01609101 -0.04929229 0.73858130
v 0.01613960 -0.04928501 0.73861772
v 0.01620201 -0.04926304 0.73866850
v 0.01626859 -0.04921667 0.73872828
v 0.01629389 -0.04919000 0.73875266
v 0.01634920 -0.04909513 0.73880965
v 0.01636641 -0.04899330 0.73882848
v 0.01506641 -0.04899330 0.73825002
v 0.01446788 -0.04899330 0.73835552
v 0.01394153 -0.04899330 0.73865944
v 0.01209561 -0.05400612 0.74053365
v 0.01634783 -0.04909605 0.74119186
v 0.01539433 -0.04899330 0.73828101
v 0.01599378 -0.04928287 0.74148411
v 0.01607193 -0.04929316 0.74143231
v 0.01614089 -0.04928438 0.74138129
v 0.01618874 -0.04926779 0.74134272
v 0.01626795 -0.04921371 0.74127233
v 0.01628499 -0.04919631 0.74125600
v 0.01589008 -0.04923405 0.74154557
v 0.01578916 -0.04910429 0.74159378
v 0.01539433 -0.04899330 0.74171901
v 0.01576641 -0.04899330 0.74160391
v 0.01688515 -0.04898653 0.74030115
v 0.01641481 -0.04899330 0.73888451
v 0.01586705 -0.04921332 0.77844387
v 0.01576641 -0.04899330 0.77839607
v 0.01597086 -0.04927687 0.77850187
v 0.01599441 -0.04928412 0.77851629
v 0.01609101 -0.04929229 0.77858132
v 0.01613960 -0.04928501 0.77861768
v 0.01620201 -0.04926304 0.77866846
v 0.01626859 -0.04921667 0.77872831
v 0.01629389 -0.04919000 0.77875268
v 0.01634920 -0.04909513 0.77880967
v 0.01636641 -0.04899330 0.77882844
v 0.01218762 -0.05488063 0.77917459
v 0.01402785 -0.04899414 0.78170201
v 0.01574698 -0.04899805 0.77837226
v 0.01599378 -0.04928287 0.78148407
v 0.01607193 -0.04929316 0.78143227
v 0.01689018 -0.04892190 0.78044922
v 0.01589008 -0.04923406 0.78154558
v 0.01578916 -0.04910429 0.78159380
v 0.01576641 -0.04899330 0.78160387
v 0.00796641 -0.04899330 0.08999999
v 0.00756641 -0.05699330 0.08999999
v 0.00904362 -0.05523283 0.08999999
v 0.00886545 -0.05474330 0.08999999
v 0.00756641 -0.04939330 0.08999999
v 0.00756641 -0.05399330 0.08999999
v 0.00807944 -0.05408376 0.08999999
v 0.02256641 -0.04939330 0.08999999
v 0.02216641 -0.04899330 0.08999999
v 0.00807944 -0.05690284 0.08999999
v 0.00853059 -0.05434423 0.08999999
v 0.00853059 -0.05664237 0.08999999
v 0.00886545 -0.05624330 0.08999999
v 0.00904362 -0.05575377 0.08999999
v 0.02216641 -0.04899330 0.64999998
v 0.02216641 -0.04899330 0.50999999
v 0.02216641 -0.04899330 0.36999997
v 0.02216641 -0.04899330 0.23000000
v 0.03384141 0.05100670 0.73677498
v 0.01184433 0.05041096 0.73320443
v 0.01808660 0.05100670 0.72988857
v 0.00179141 0.05100670 0.44000003
v -0.02869828 0.04993800 0.75317637
v 0.03384141 0.05100670 0.13000001
v 0.02493845 0.04989559 0.13879675
v 0.03384141 0.05100670 0.44000003
v 0.02694564 0.05004670 0.14152282
v -0.05993359 0.05100670 0.50910937
v 0.01506641 0.05100670 0.77999999
v 0.03384141 0.05100670 0.76999998
v 0.03384141 0.05100670 0.75000000
v 0.01506641 0.05100670 0.12000001
v 0.01027683 0.04942448 0.10396117
v 0.01668634 0.05100670 0.09962061
v 0.03093013 0.04387283 0.02764685
v 0.04006641 0.05100670 0.13000001
v 0.04006641 0.05100670 0.44000003
v 0.01506641 -0.04899330 0.72889996
v 0.04006641 -0.04899330 0.73677498
v 0.04006641 -0.04899330 0.44000003
v -0.01815526 -0.04822048 0.11644971
v -0.04398050 -0.04695407 0.05517094
v -0.01967174 -0.04812608 0.73969990
v 0.03284141 -0.04699330 0.73677498
v 0.01628697 -0.04800226 0.76551714
v 0.01751498 -0.04751711 0.72998422
v 0.03284141 -0.04699330 0.44000003
v -0.03260858 -0.04699330 0.44000003
v -0.03761826 -0.04699330 0.73044997
v 0.02109004 -0.04798719 0.13688129
v -0.05793358 -0.04699330 0.44000003
v -0.03725859 -0.04699330 0.44000003
v -0.03338359 -0.04699330 0.15068473
v -0.04244494 -0.04785435 0.76949147
v 0.03806641 -0.04699330 0.44000003
v 0.03806641 -0.04699330 0.13000001
v -0.05270859 0.04900670 0.73677498
v 0.03109870 0.04900670 0.73999999
v 0.01774349 0.04900670 0.73648206
v 0.01739141 0.04900670 0.44000003
v 0.01506641 0.04900670 0.72889996
v 0.01274141 0.04900670 0.44000003
v -0.05270859 0.04900670 0.44000003
v 0.03806641 0.04900670 0.44000003
v 0.01624425 0.04917295 0.14451868
v 0.01506641 0.04900670 0.15110005
v 0.01561099 0.04978931 0.13826667
v 0.01380866 0.05372135 0.14546322
v 0.03059677 0.04681966 0.77962886
v 0.03898949 0.05011781 0.79999995
v -0.04493357 0.05039445 0.78560000
v 0.02606641 0.04900670 0.75999998
v -0.05793358 0.04900670 0.75669374
v 0.02465510 0.05071638 0.11983670
v -0.00943232 0.04997640 0.13097037
v -0.03870852 0.05026081 0.10303014
v -0.05793358 0.04900670 0.13000001
v -0.05793358 0.04900670 0.44000003
v 0.03806641 -0.03499330 0.14154996
v 0.03806641 -0.02949330 0.44000003
v 0.03806641 -0.04176830 0.44000003
v 0.03806641 -0.04176830 0.75000000
v 0.03873308 -0.03600499 0.14120727
v 0.03806641 -0.03633366 0.13886256
v 0.03806641 -0.03576830 0.73865765
v 0.03894460 0.00922594 0.11891446
v -0.05793358 0.04100670 0.05999996
v -0.05793358 0.04100670 0.79999995
v -0.05793358 -0.03899330 0.79999995
v -0.05793358 -0.03899330 0.05999996
v -0.05375524 0.04245562 0.03113164
v 0.04006641 -0.03499330 0.73844999
v 0.04006641 -0.02949330 0.44000003
v 0.03960488 -0.03661019 0.74070642
v 0.04006641 -0.04276830 0.44000003
v 0.04006641 -0.04276830 0.13000001
v 0.03857346 -0.04608216 0.79579029
v 0.03933834 -0.00740505 0.75957237
v 0.04006641 -0.03633564 0.14077498
v 0.04006641 -0.03448465 0.13957613
v 0.03901130 -0.02700039 0.74000085
v 0.03360661 -0.04190340 0.04122032
v 0.03877384 0.02736465 0.76938751
v -0.05993359 -0.03899330 0.79999995
v -0.05993359 0.04100670 0.79999995
v -0.05993359 0.04100670 0.42577502
v -0.05921359 0.03490816 0.05356449
v -0.05993359 -0.03899330 0.42577502
v -0.05993359 -0.02999329 0.05078946
v 0.03654771 -0.04363795 0.14129517
v 0.01071641 -0.04300020 0.10011644
v 0.00173580 -0.04240169 0.14074459
v 0.03794137 -0.04149114 0.09844595
v 0.02959846 -0.03779330 0.09500000
v 0.02843936 -0.03876483 0.09500000
v 0.03299462 0.00482319 0.09983636
v 0.03055094 -0.02892947 0.09688923
v 0.02886641 -0.03852535 0.14500000
v 0.02959846 -0.03779330 0.14500000
v 0.02989261 -0.03526338 0.14326993
v 0.02986641 -0.03679330 0.13812500
v 0.02986641 -0.03679330 0.10187500
v 0.02986641 -0.03674330 0.13750000
v 0.03062113 -0.03564673 0.13817358
v 0.02986641 -0.03540819 0.10158223
v 0.03433209 0.00100668 0.14034483
v 0.02707698 -0.03881056 0.14029012
v 0.03654770 -0.04363794 0.78129519
v 0.01071641 -0.04300020 0.74011645
v 0.00173576 -0.04240169 0.78074463
v 0.03794137 -0.04149116 0.73844596
v 0.02959846 -0.03779330 0.73500001
v 0.02843936 -0.03876483 0.73500001
v 0.03299462 0.00482320 0.73983637
v 0.03055094 -0.02892951 0.73688923
v 0.02886641 -0.03852535 0.78500003
v 0.02959846 -0.03779330 0.78500003
v 0.02989261 -0.03526338 0.78326995
v 0.02986641 -0.03679330 0.77812499
v 0.02986641 -0.03679330 0.74187499
v 0.02986641 -0.03674330 0.77749997
v 0.03062113 -0.03564672 0.77817357
v 0.02986641 -0.03540820 0.74158223
v 0.03433209 0.00100668 0.78034482
v 0.02707697 -0.03881056 0.78029014
v 0.03654771 -0.04363795 0.05129517
v 0.01071641 -0.04300020 0.01011644
v 0.00173580 -0.04240169 0.05074459
v 0.03794137 -0.04149114 0.00844595
v 0.02959846 -0.03779330 0.00500000
v 0.02843936 -0.03876483 0.00500000
v 0.03299462 0.00482319 0.00983636
v 0.03055094 -0.02892947 0.00688923
v 0.02886641 -0.03852535 0.05500000
v 0.02959846 -0.03779330 0.05500000
v 0.02989261 -0.03526338 0.05326993
v 0.02986641 -0.03679330 0.04812500
v 0.02986641 -0.03679330 0.01187500
v 0.02986641 -0.03674330 0.04750000
v 0.03062113 -0.03564673 0.04817358
v 0.02986641 -0.03540819 0.01158223
v 0.03433209 0.00100668 0.05034483
v 0.02707698 -0.03881056 0.05029013
v -0.03689643 -0.04857440 0.08999999
v -0.04243359 -0.04939330 0.09000000
v -0.04243359 -0.05399330 0.09000000
v -0.04192056 -0.05408376 0.09000000
v -0.04243359 -0.05859330 0.09000000
v -0.04243359 -0.05699330 0.09000000
v -0.04203359 -0.05899330 0.09000000
v -0.04192056 -0.05690284 0.09000000
v -0.04146941 -0.05664237 0.09000000
v -0.04113455 -0.05624330 0.09000000
v -0.04095637 -0.05575377 0.09000000
v -0.03600689 -0.04928421 0.09000000
v -0.04095637 -0.05523283 0.09000000
v -0.04113455 -0.05474330 0.09000000
v -0.04146941 -0.05434423 0.09000000
v -0.03563359 -0.04899330 0.09000000
v -0.02783359 -0.04899330 0.09000000
v -0.03565042 -0.04909239 0.09000000
v -0.02743359 -0.04939330 0.09000000
v -0.02743359 -0.05399330 0.09000000
v -0.02743359 -0.05699330 0.09000000
v -0.02743359 -0.05859330 0.09000000
v -0.02794662 -0.05690284 0.09000000
v -0.02839777 -0.05664237 0.09000000
v -0.02794662 -0.05408376 0.09000000
v -0.02839777 -0.05434423 0.09000000
v -0.03573119 -0.04921474 0.09000000
v -0.02873263 -0.05474330 0.09000000
v -0.02891080 -0.05523283 0.09000000
v -0.02891080 -0.05575377 0.09000000
v -0.02873263 -0.05624330 0.09000000
v -0.02988359 -0.05899330 0.09000000
v -0.03586029 -0.04928421 0.09000000
v -0.02783359 -0.05899330 0.09000000
v -0.03508865 -0.05690028 0.78301408
v -0.03526150 -0.05449330 0.78171903
v -0.03582441 -0.05449330 0.78150630
v -0.03628198 -0.05449330 0.78111547
v -0.03804423 -0.05650646 0.77993697
v -0.03536607 -0.05658259 0.77676429
v -0.03628198 -0.05449330 0.77888453
v -0.03582441 -0.05449330 0.77849370
v -0.03526150 -0.05449330 0.77828103
v -0.03339725 -0.05388219 0.73803450
v -0.03715533 -0.05714036 0.74312367
v -0.03526150 -0.05449330 0.74171901
v -0.03582441 -0.05449330 0.74150628
v -0.03628198 -0.05449330 0.74111551
v -0.03747453 -0.05449330 0.74082440
v -0.03668521 -0.05658259 0.73730597
v -0.03628198 -0.05449330 0.73888451
v -0.03582441 -0.05449330 0.73849368
v -0.03526150 -0.05449330 0.73828101
v -0.03346237 -0.05449330 0.69795878
v -0.03740142 -0.05739653 0.70285764
v -0.03526150 -0.05449330 0.70171899
v -0.03582441 -0.05449330 0.70150632
v -0.03628198 -0.05449330 0.70111549
v -0.03747454 -0.05449330 0.70082440
v -0.03668527 -0.05658259 0.69730603
v -0.03628198 -0.05449330 0.69888449
v -0.03582441 -0.05449330 0.69849372
v -0.03526150 -0.05449330 0.69828099
v -0.03628198 -0.05449330 0.66111547
v -0.03781065 -0.05584330 0.65919808
v -0.03514298 -0.05449330 0.66326528
v -0.03313675 -0.05637390 0.66271830
v -0.03526150 -0.05449330 0.66171902
v -0.03582441 -0.05449330 0.66150630
v -0.03486357 -0.05589955 0.65670465
v -0.03628198 -0.05449330 0.65888453
v -0.03582441 -0.05449330 0.65849370
v -0.03430265 -0.05174365 0.65819018
v -0.03677445 -0.05449330 0.62335111
v -0.03229012 -0.05449330 0.62119186
v -0.03526150 -0.05449330 0.62171900
v -0.03582441 -0.05449330 0.62150627
v -0.03628198 -0.05449330 0.62111551
v -0.03749669 -0.05561830 0.61925757
v -0.03659136 -0.05544067 0.61725687
v -0.03628198 -0.05449330 0.61888450
v -0.03582441 -0.05449330 0.61849368
v -0.03526150 -0.05449330 0.61828101
v -0.03408061 -0.05636830 0.61709131
v -0.03346238 -0.05449330 0.57795877
v -0.03628198 -0.05449330 0.58111548
v -0.03766239 -0.05659330 0.58157543
v -0.03494940 -0.05638804 0.58319861
v -0.03526150 -0.05449330 0.58171898
v -0.03582441 -0.05449330 0.58150631
v -0.03695187 -0.05626603 0.57743366
v -0.03628198 -0.05449330 0.57888448
v -0.03582441 -0.05449330 0.57849371
v -0.03526150 -0.05449330 0.57828099
v -0.03628198 -0.05449330 0.54111546
v -0.03589928 -0.05665997 0.54322202
v -0.03526150 -0.05449330 0.54171902
v -0.03582441 -0.05449330 0.54150629
v -0.03181208 -0.05616266 0.54047473
v -0.03767694 -0.05539330 0.53846902
v -0.03628198 -0.05449330 0.53888452
v -0.03582441 -0.05449330 0.53849369
v -0.03526150 -0.05449330 0.53828096
v -0.03478271 -0.05561830 0.53698131
v -0.03628198 -0.05449330 0.50111550
v -0.03781195 -0.05561830 0.49913131
v -0.03229012 -0.05449330 0.50119185
v -0.03526150 -0.05449330 0.50171900
v -0.03582441 -0.05449330 0.50150627
v -0.03628198 -0.05449330 0.49888453
v -0.03582441 -0.05449330 0.49849370
v -0.03575275 -0.05646205 0.49704931
v -0.03526150 -0.05449330 0.49828100
v -0.03415211 -0.05650646 0.45695552
v -0.03628198 -0.05449330 0.46111551
v -0.03771434 -0.05554649 0.45851636
v -0.03248130 -0.05449330 0.46169239
v -0.03526150 -0.05449330 0.46171901
v -0.03582441 -0.05449330 0.46150631
v -0.03628198 -0.05449330 0.45888451
v -0.03582441 -0.05449330 0.45849371
v -0.03526150 -0.05449330 0.45828101
v -0.03360409 -0.05483945 0.41775825
v -0.03740141 -0.05739653 0.42285764
v -0.03526150 -0.05449330 0.42171901
v -0.03582441 -0.05449330 0.42150629
v -0.03628198 -0.05449330 0.42111549
v -0.03747454 -0.05449330 0.42082436
v -0.03668521 -0.05658259 0.41730598
v -0.03628198 -0.05449330 0.41888452
v -0.03582441 -0.05449330 0.41849369
v -0.03526150 -0.05449330 0.41828099
v -0.03234130 -0.05449330 0.38109135
v -0.03346239 -0.05449330 0.37795875
v -0.03558118 -0.05682089 0.38325803
v -0.03526150 -0.05449330 0.38171899
v -0.03582441 -0.05449330 0.38150629
v -0.03628198 -0.05449330 0.38111550
v -0.03668523 -0.05658259 0.37730599
v -0.03628198 -0.05449330 0.37888449
v -0.03582441 -0.05449330 0.37849370
v -0.03526150 -0.05449330 0.37828100
v -0.03790676 -0.05547768 0.34227470
v -0.03277120 -0.05449330 0.34161258
v -0.03526150 -0.05449330 0.34171900
v -0.03582441 -0.05449330 0.34150630
v -0.03628198 -0.05449330 0.34111550
v -0.03328058 -0.05669439 0.33953034
v -0.03674493 -0.05449330 0.33991837
v -0.03644721 -0.05449330 0.33712645
v -0.03628198 -0.05449330 0.33888450
v -0.03582441 -0.05449330 0.33849370
v -0.03526150 -0.05449330 0.33828101
v -0.03674493 -0.05449330 0.29991837
v -0.03655757 -0.05639715 0.29725470
v -0.03628198 -0.05449330 0.29888451
v -0.03582441 -0.05449330 0.29849371
v -0.03526150 -0.05449330 0.29828101
v -0.03276898 -0.05629330 0.30206583
v -0.03526150 -0.05449330 0.30171901
v -0.03582441 -0.05449330 0.30150631
v -0.03628198 -0.05449330 0.30111548
v -0.03212273 -0.05550192 0.29866521
v -0.03234130 -0.05449330 0.26109134
v -0.03152915 -0.05735694 0.25881453
v -0.03781065 -0.05584330 0.25919807
v -0.03655245 -0.05544067 0.25733156
v -0.03628198 -0.05449330 0.25888452
v -0.03582441 -0.05449330 0.25849369
v -0.03526150 -0.05449330 0.25828099
v -0.03581290 -0.05696104 0.26326344
v -0.03526150 -0.05449330 0.26171902
v -0.03582441 -0.05449330 0.26150629
v -0.03628198 -0.05449330 0.26111549
v -0.03655246 -0.05544067 0.21733158
v -0.03628198 -0.05449330 0.21888451
v -0.03582441 -0.05449330 0.21849370
v -0.03526150 -0.05449330 0.21828100
v -0.03628198 -0.05449330 0.22111550
v -0.03534737 -0.05674330 0.22314341
v -0.03526150 -0.05449330 0.22171901
v -0.03582441 -0.05449330 0.22150630
v -0.03398851 -0.05526916 0.17740175
v -0.03584329 -0.05708946 0.18314907
v -0.03526150 -0.05449330 0.18171901
v -0.03582441 -0.05449330 0.18150631
v -0.03628198 -0.05449330 0.18111549
v -0.03712607 -0.05599330 0.17764749
v -0.03628198 -0.05449330 0.17888451
v -0.03582441 -0.05449330 0.17849371
v -0.03526150 -0.05449330 0.17828099
v -0.03576234 -0.05688393 0.13690700
v -0.03628198 -0.05449330 0.13888451
v -0.03582441 -0.05449330 0.13849370
v -0.03526150 -0.05449330 0.13828100
v -0.03374194 -0.05521330 0.14243468
v -0.03817540 -0.05632663 0.14148240
v -0.03526150 -0.05449330 0.14171900
v -0.03582441 -0.05449330 0.14150630
v -0.03628198 -0.05449330 0.14111549
v -0.03398850 -0.05526916 0.09740175
v -0.03582441 -0.05449330 0.09849370
v -0.03526150 -0.05449330 0.09828100
v -0.03526150 -0.05449330 0.10171900
v -0.03582441 -0.05449330 0.10150630
v -0.03628198 -0.05449330 0.10111549
v -0.03660720 -0.05685044 0.10315443
v -0.03713415 -0.05553902 0.09792699
v -0.03189064 -0.05668409 0.18083788
v -0.03796941 -0.05636830 0.21962278
v -0.03236422 -0.05449330 0.22146097
v -0.03163306 -0.05735694 0.21874122
v -0.03773149 -0.05535869 0.38038406
v -0.03129851 -0.05899330 0.37943875
v -0.03236420 -0.05449330 0.42146095
v -0.03144743 -0.05899330 0.41997626
v -0.03636621 -0.05708946 0.46285581
v -0.03236519 -0.05899330 0.46203706
v -0.03776177 -0.05637702 0.30238005
v -0.03589923 -0.05665997 0.50322206
v -0.03125071 -0.05714036 0.49952676
v -0.03236423 -0.05449330 0.58146099
v -0.03138676 -0.05899330 0.57922865
v -0.03397227 -0.05899330 0.62346778
v -0.03131654 -0.05899330 0.69940049
v -0.03129851 -0.05899330 0.73943879
v -0.02988359 -0.05899330 0.79000002
v -0.02783359 -0.05899330 0.79000002
v -0.02783359 -0.05899330 0.68000001
v -0.02783359 -0.05899330 0.63999999
v -0.02783359 -0.05899330 0.59999996
v -0.02988359 -0.05899330 0.59999996
v -0.02783359 -0.05899330 0.56000000
v -0.02988359 -0.05899330 0.56000000
v -0.02783359 -0.05899330 0.51999998
v -0.02988359 -0.05899330 0.51999998
v -0.02783359 -0.05899330 0.44000000
v -0.02988359 -0.05899330 0.44000000
v -0.02783359 -0.05899330 0.40000001
v -0.02988359 -0.05899330 0.40000001
v -0.02783359 -0.05899330 0.36000001
v -0.02988359 -0.05899330 0.36000001
v -0.02783359 -0.05899330 0.31999999
v -0.02988359 -0.05899330 0.31999999
v -0.02783359 -0.05899330 0.28000000
v -0.02783359 -0.05899330 0.23999999
v -0.02783359 -0.05899330 0.20000000
v -0.02783359 -0.05899330 0.16000000
v -0.02988359 -0.05899330 0.16000000
v -0.04203359 -0.05899330 0.16000000
v -0.04203359 -0.05899330 0.20000000
v -0.04203359 -0.05899330 0.23999999
v -0.04203359 -0.05899330 0.28000000
v -0.04203359 -0.05899330 0.31999999
v -0.04203359 -0.05899330 0.36000001
v -0.04203359 -0.05899330 0.40000001
v -0.04203359 -0.05899330 0.44000000
v -0.04203359 -0.05899330 0.51999998
v -0.04203359 -0.05899330 0.56000000
v -0.04203359 -0.05899330 0.59999996
v -0.04203359 -0.05899330 0.63999999
v -0.04203359 -0.05899330 0.68000001
v -0.04203359 -0.05899330 0.72000003
v -0.04203359 -0.05899330 0.75999999
v -0.04203359 -0.05899330 0.78650004
v -0.04203359 -0.05899330 0.79000002
v -0.04243359 -0.05859330 0.79000002
v -0.04243359 -0.05699330 0.79000002
v -0.02743359 -0.05859330 0.79000002
v -0.04243359 -0.05399330 0.79000002
v -0.04192056 -0.05408376 0.79000002
v -0.04146941 -0.05434423 0.79000002
v -0.04113455 -0.05474330 0.79000002
v -0.04095637 -0.05523283 0.79000002
v -0.04095637 -0.05575377 0.79000002
v -0.04113455 -0.05624330 0.79000002
v -0.04146941 -0.05664237 0.79000002
v -0.04192056 -0.05690284 0.79000002
v -0.03623359 -0.04899330 0.79000002
v -0.03621675 -0.04909239 0.79000002
v -0.03623359 -0.04899330 0.78117156
v -0.03613599 -0.04921474 0.79000002
v -0.03600689 -0.04928421 0.79000002
v -0.03600677 -0.04928501 0.78138232
v -0.03606918 -0.04926304 0.78133154
v -0.03613576 -0.04921667 0.78127170
v -0.03620407 -0.04913099 0.78120413
v -0.03573423 -0.04921332 0.78155613
v -0.03583804 -0.04927687 0.78149813
v -0.03586029 -0.04928421 0.79000002
v -0.03586159 -0.04928412 0.78148371
v -0.03595818 -0.04929229 0.78141868
v -0.03573119 -0.04921474 0.79000002
v -0.03565042 -0.04909239 0.79000002
v -0.03563359 -0.04899330 0.79000002
v -0.03563359 -0.04899330 0.78160393
v -0.03564619 -0.04908899 0.78159850
v -0.03449582 -0.04899547 0.78182542
v -0.03192461 -0.05490840 0.77966768
v -0.03621500 -0.04909605 0.77880818
v -0.03623359 -0.04899330 0.77882844
v -0.03628198 -0.04899330 0.77888453
v -0.03586095 -0.04928287 0.77851593
v -0.03593911 -0.04929316 0.77856773
v -0.03600806 -0.04928438 0.77861869
v -0.03605592 -0.04926779 0.77865732
v -0.03613512 -0.04921371 0.77872771
v -0.03615217 -0.04919631 0.77874398
v -0.03575723 -0.04923403 0.77845441
v -0.03565633 -0.04910429 0.77840620
v -0.03526150 -0.04899330 0.77828103
v -0.03563359 -0.04899330 0.77839613
v -0.03676263 -0.04899344 0.78030617
v -0.03573423 -0.04921332 0.74155611
v -0.03563359 -0.04899330 0.74160391
v -0.03564617 -0.04908892 0.74159864
v -0.03583804 -0.04927687 0.74149817
v -0.03586159 -0.04928412 0.74148369
v -0.03595818 -0.04929229 0.74141872
v -0.03600677 -0.04928501 0.74138230
v -0.03606918 -0.04926304 0.74133152
v -0.03613576 -0.04921667 0.74127173
v -0.03616107 -0.04919000 0.74124730
v -0.03621638 -0.04909513 0.74119037
v -0.03623359 -0.04899330 0.74117154
v -0.03240567 -0.05223920 0.74068462
v -0.03621500 -0.04909605 0.73880816
v -0.03623359 -0.04899330 0.73882848
v -0.03628198 -0.04899330 0.73888451
v -0.03526150 -0.04899330 0.74171901
v -0.03586095 -0.04928287 0.73851591
v -0.03593911 -0.04929316 0.73856771
v -0.03600806 -0.04928438 0.73861867
v -0.03605592 -0.04926779 0.73865730
v -0.03613512 -0.04921371 0.73872769
v -0.03615217 -0.04919631 0.73874402
v -0.03575722 -0.04923403 0.73845438
v -0.03565633 -0.04910429 0.73840624
v -0.03526150 -0.04899330 0.73828101
v -0.03563359 -0.04899330 0.73839611
v -0.03658013 -0.04899330 0.73940724
v -0.03668359 -0.04899330 0.74000001
v -0.03658013 -0.04899330 0.74059278
v -0.03628198 -0.04899330 0.74111551
v -0.03573423 -0.04921332 0.70155615
v -0.03563359 -0.04899330 0.70160389
v -0.03564617 -0.04908891 0.70159862
v -0.03583804 -0.04927687 0.70149815
v -0.03586159 -0.04928412 0.70148367
v -0.03595818 -0.04929229 0.70141870
v -0.03600677 -0.04928501 0.70138234
v -0.03606918 -0.04926304 0.70133150
v -0.03613576 -0.04921667 0.70127171
v -0.03616107 -0.04919000 0.70124733
v -0.03621638 -0.04909513 0.70119035
v -0.03623359 -0.04899330 0.70117152
v -0.03243869 -0.05245298 0.70120016
v -0.03433505 -0.04899330 0.69835556
v -0.03509799 -0.04899340 0.69824675
v -0.03621500 -0.04909605 0.69880819
v -0.03623359 -0.04899330 0.69882846
v -0.03628198 -0.04899330 0.69888449
v -0.03526150 -0.04899330 0.70171899
v -0.03586095 -0.04928287 0.69851595
v -0.03593911 -0.04929316 0.69856775
v -0.03600806 -0.04928438 0.69861871
v -0.03605592 -0.04926779 0.69865727
v -0.03613512 -0.04921371 0.69872767
v -0.03615217 -0.04919631 0.69874400
v -0.03575729 -0.04923408 0.69845442
v -0.03565633 -0.04910429 0.69840622
v -0.03563359 -0.04899330 0.69839609
v -0.03658013 -0.04899330 0.69940722
v -0.03666920 -0.04899330 0.70035992
v -0.03628198 -0.04899330 0.70111549
v -0.03573423 -0.04921332 0.66155612
v -0.03563359 -0.04899330 0.66160387
v -0.03564617 -0.04908891 0.66159860
v -0.03583804 -0.04927687 0.66149813
v -0.03586159 -0.04928412 0.66148371
v -0.03595818 -0.04929229 0.66141868
v -0.03600677 -0.04928501 0.66138232
v -0.03606918 -0.04926304 0.66133153
v -0.03613576 -0.04921667 0.66127169
v -0.03616107 -0.04919000 0.66124731
v -0.03621638 -0.04909513 0.66119033
v -0.03623359 -0.04899330 0.66117156
v -0.03449581 -0.04899568 0.66182542
v -0.03341804 -0.04899330 0.66087496
v -0.03321017 -0.04899330 0.66030389
v -0.03321017 -0.04899330 0.65969610
v -0.03493359 -0.04899330 0.65824997
v -0.03621500 -0.04909605 0.65880817
v -0.03586095 -0.04928287 0.65851593
v -0.03593911 -0.04929316 0.65856773
v -0.03600806 -0.04928438 0.65861869
v -0.03605592 -0.04926779 0.65865725
v -0.03613512 -0.04921371 0.65872765
v -0.03615217 -0.04919631 0.65874398
v -0.03575723 -0.04923403 0.65845441
v -0.03565633 -0.04910429 0.65840620
v -0.03526150 -0.04899330 0.65828097
v -0.03563359 -0.04899330 0.65839607
v -0.03675234 -0.04898532 0.65969914
v -0.03628198 -0.04899330 0.66111547
v -0.03573423 -0.04921332 0.62155610
v -0.03563359 -0.04899330 0.62160391
v -0.03564617 -0.04908892 0.62159864
v -0.03583804 -0.04927687 0.62149817
v -0.03586159 -0.04928412 0.62148368
v -0.03595818 -0.04929229 0.62141871
v -0.03600677 -0.04928501 0.62138230
v -0.03606918 -0.04926304 0.62133151
v -0.03613576 -0.04921667 0.62127173
v -0.03616107 -0.04919000 0.62124729
v -0.03621638 -0.04909513 0.62119037
v -0.03623359 -0.04899330 0.62117153
v -0.03493359 -0.04899330 0.62175000
v -0.03433505 -0.04899330 0.62164444
v -0.03332263 -0.04899330 0.62083475
v -0.03321017 -0.04899330 0.61969608
v -0.03341804 -0.04899330 0.61912501
v -0.03380871 -0.04899330 0.61865944
v -0.03433505 -0.04899330 0.61835551
v -0.03493359 -0.04899330 0.61825001
v -0.03621500 -0.04909605 0.61880815
v -0.03623359 -0.04899330 0.61882848
v -0.03628198 -0.04899330 0.61888450
v -0.03526150 -0.04899330 0.62171900
v -0.03586095 -0.04928287 0.61851591
v -0.03593911 -0.04929316 0.61856771
v -0.03600806 -0.04928438 0.61861867
v -0.03605592 -0.04926779 0.61865729
v -0.03613512 -0.04921371 0.61872768
v -0.03615217 -0.04919631 0.61874396
v -0.03575722 -0.04923403 0.61845438
v -0.03565633 -0.04910429 0.61840624
v -0.03526150 -0.04899330 0.61828101
v -0.03563359 -0.04899330 0.61839610
v -0.03676262 -0.04899343 0.62030635
v -0.03573423 -0.04921332 0.58155608
v -0.03563359 -0.04899330 0.58160388
v -0.03564617 -0.04908892 0.58159862
v -0.03583804 -0.04927687 0.58149815
v -0.03586159 -0.04928412 0.58148366
v -0.03595818 -0.04929229 0.58141869
v -0.03600677 -0.04928501 0.58138227
v -0.03606918 -0.04926304 0.58133149
v -0.03613576 -0.04921667 0.58127171
v -0.03616107 -0.04919000 0.58124733
v -0.03621638 -0.04909513 0.58119035
v -0.03623359 -0.04899330 0.58117151
v -0.03493359 -0.04899330 0.58174998
v -0.03433505 -0.04899330 0.58164448
v -0.03380871 -0.04899330 0.58134055
v -0.03324900 -0.04899330 0.58055274
v -0.03321017 -0.04899330 0.57969612
v -0.03341804 -0.04899330 0.57912499
v -0.03380871 -0.04899330 0.57865942
v -0.03433505 -0.04899330 0.57835555
v -0.03493359 -0.04899330 0.57824999
v -0.03621500 -0.04909605 0.57880813
v -0.03623359 -0.04899330 0.57882845
v -0.03628198 -0.04899330 0.57888448
v -0.03526150 -0.04899330 0.58171898
v -0.03586095 -0.04928287 0.57851589
v -0.03593911 -0.04929316 0.57856768
v -0.03600806 -0.04928438 0.57861871
v -0.03605592 -0.04926779 0.57865727
v -0.03613512 -0.04921371 0.57872766
v -0.03615217 -0.04919631 0.57874399
v -0.03575726 -0.04923405 0.57845442
v -0.03565633 -0.04910429 0.57840621
v -0.03526150 -0.04899330 0.57828099
v -0.03563359 -0.04899330 0.57839608
v -0.03658013 -0.04899330 0.57940722
v -0.03668359 -0.04899330 0.57999998
v -0.03658013 -0.04899330 0.58059281
v -0.03628198 -0.04899330 0.58111548
v -0.03573423 -0.04921332 0.54155612
v -0.03563359 -0.04899330 0.54160392
v -0.03583804 -0.04927687 0.54149812
v -0.03586159 -0.04928412 0.54148370
v -0.03595818 -0.04929229 0.54141867
v -0.03600677 -0.04928501 0.54138231
v -0.03606918 -0.04926304 0.54133153
v -0.03613576 -0.04921667 0.54127169
v -0.03616107 -0.04919000 0.54124731
v -0.03621638 -0.04909513 0.54119033
v -0.03623359 -0.04899330 0.54117155
v -0.03493359 -0.04899330 0.54175001
v -0.03433505 -0.04899330 0.54164445
v -0.03353964 -0.04899330 0.54109560
v -0.03321017 -0.04899330 0.54030389
v -0.03321017 -0.04899330 0.53969610
v -0.03361259 -0.04899330 0.53881744
v -0.03433505 -0.04899330 0.53835553
v -0.03493359 -0.04899330 0.53824997
v -0.03621500 -0.04909605 0.53880817
v -0.03561415 -0.04899805 0.54162773
v -0.03586095 -0.04928287 0.53851593
v -0.03593911 -0.04929316 0.53856772
v -0.03600806 -0.04928438 0.53861868
v -0.03605592 -0.04926779 0.53865731
v -0.03613512 -0.04921371 0.53872764
v -0.03615217 -0.04919631 0.53874397
v -0.03575723 -0.04923403 0.53845440
v -0.03565633 -0.04910429 0.53840619
v -0.03526150 -0.04899330 0.53828096
v -0.03563359 -0.04899330 0.53839612
v -0.03675234 -0.04898532 0.53969914
v -0.03628198 -0.04899330 0.54111546
v -0.03573423 -0.04921332 0.50155610
v -0.03563359 -0.04899330 0.50160390
v -0.03564617 -0.04908892 0.50159863
v -0.03583804 -0.04927687 0.50149816
v -0.03586159 -0.04928412 0.50148368
v -0.03595818 -0.04929229 0.50141871
v -0.03600677 -0.04928501 0.50138229
v -0.03606918 -0.04926304 0.50133151
v -0.03613576 -0.04921667 0.50127172
v -0.03616107 -0.04919000 0.50124729
v -0.03621638 -0.04909513 0.50119036
v -0.03623359 -0.04899330 0.50117153
v -0.03493359 -0.04899330 0.50174999
v -0.03370524 -0.04899330 0.50133533
v -0.03321017 -0.04899330 0.50030386
v -0.03321017 -0.04899330 0.49969614
v -0.03341804 -0.04899330 0.49912500
v -0.03380871 -0.04899330 0.49865943
v -0.03433505 -0.04899330 0.49835554
v -0.03493359 -0.04899330 0.49825001
v -0.03621500 -0.04909605 0.49880818
v -0.03623359 -0.04899330 0.49882847
v -0.03628198 -0.04899330 0.49888453
v -0.03526150 -0.04899330 0.50171900
v -0.03586095 -0.04928287 0.49851593
v -0.03593911 -0.04929316 0.49856773
v -0.03600806 -0.04928438 0.49861869
v -0.03605592 -0.04926779 0.49865729
v -0.03613512 -0.04921371 0.49872768
v -0.03615217 -0.04919631 0.49874398
v -0.03575723 -0.04923403 0.49845441
v -0.03565633 -0.04910429 0.49840623
v -0.03526150 -0.04899330 0.49828100
v -0.03563359 -0.04899330 0.49839610
v -0.03658013 -0.04899330 0.49940720
v -0.03663973 -0.04899340 0.50057176
v -0.03573423 -0.04921332 0.46155611
v -0.03563359 -0.04899330 0.46160391
v -0.03564617 -0.04908890 0.46159862
v -0.03583804 -0.04927687 0.46149817
v -0.03586159 -0.04928412 0.46148369
v -0.03595818 -0.04929229 0.46141872
v -0.03600677 -0.04928501 0.46138230
v -0.03606918 -0.04926304 0.46133152
v -0.03613576 -0.04921667 0.46127173
v -0.03616107 -0.04919000 0.46124732
v -0.03621638 -0.04909513 0.46119037
v -0.03623359 -0.04899330 0.46117154
v -0.03493359 -0.04899330 0.46175000
v -0.03370529 -0.04899330 0.46133538
v -0.03321017 -0.04899330 0.46030390
v -0.03321017 -0.04899330 0.45969611
v -0.03383181 -0.04899330 0.45855847
v -0.03493359 -0.04899330 0.45825002
v -0.03621500 -0.04909605 0.45880818
v -0.03623359 -0.04899330 0.45882848
v -0.03628198 -0.04899330 0.45888451
v -0.03526150 -0.04899330 0.46171901
v -0.03586095 -0.04928287 0.45851591
v -0.03593911 -0.04929316 0.45856774
v -0.03600806 -0.04928438 0.45861870
v -0.03605592 -0.04926779 0.45865729
v -0.03613512 -0.04921371 0.45872769
v -0.03615217 -0.04919631 0.45874399
v -0.03575724 -0.04923404 0.45845442
v -0.03565633 -0.04910429 0.45840621
v -0.03526150 -0.04899330 0.45828101
v -0.03563359 -0.04899330 0.45839611
v -0.03658013 -0.04899330 0.45940721
v -0.03666920 -0.04899330 0.46035990
v -0.03628198 -0.04899330 0.46111551
v -0.03573423 -0.04921332 0.42155612
v -0.03563359 -0.04899330 0.42160389
v -0.03583804 -0.04927687 0.42149815
v -0.03586159 -0.04928412 0.42148370
v -0.03595818 -0.04929229 0.42141870
v -0.03600677 -0.04928501 0.42138231
v -0.03606918 -0.04926304 0.42133152
v -0.03613576 -0.04921667 0.42127171
v -0.03616107 -0.04919000 0.42124730
v -0.03621638 -0.04909513 0.42119035
v -0.03623359 -0.04899330 0.42117155
v -0.03493359 -0.04899330 0.42175001
v -0.03433505 -0.04899330 0.42164445
v -0.03353964 -0.04899330 0.42109559
v -0.03321017 -0.04899330 0.42030388
v -0.03321017 -0.04899330 0.41969612
v -0.03361258 -0.04899330 0.41881749
v -0.03433505 -0.04899330 0.41835552
v -0.03493359 -0.04899330 0.41824999
v -0.03621500 -0.04909605 0.41880816
v -0.03623931 -0.04899295 0.41882828
v -0.03561418 -0.04899812 0.42162774
v -0.03586095 -0.04928287 0.41851592
v -0.03593911 -0.04929316 0.41856772
v -0.03600806 -0.04928438 0.41861868
v -0.03605592 -0.04926779 0.41865727
v -0.03613512 -0.04921371 0.41872767
v -0.03615217 -0.04919631 0.41874400
v -0.03575723 -0.04923403 0.41845440
v -0.03565633 -0.04910429 0.41840622
v -0.03526150 -0.04899330 0.41828099
v -0.03563359 -0.04899330 0.41839609
v -0.03658013 -0.04899330 0.41940722
v -0.03668359 -0.04899330 0.41999999
v -0.03658013 -0.04899330 0.42059278
v -0.03628198 -0.04899330 0.42111549
v -0.03573423 -0.04921332 0.38155612
v -0.03563359 -0.04899330 0.38160390
v -0.03564617 -0.04908891 0.38159863
v -0.03583804 -0.04927687 0.38149816
v -0.03586159 -0.04928412 0.38148367
v -0.03595818 -0.04929229 0.38141870
v -0.03600677 -0.04928501 0.38138232
v -0.03606918 -0.04926304 0.38133150
v -0.03613576 -0.04921667 0.38127172
v -0.03616107 -0.04919000 0.38124731
v -0.03621638 -0.04909513 0.38119036
v -0.03623359 -0.04899330 0.38117152
v -0.03493359 -0.04899330 0.38174999
v -0.03370529 -0.04899330 0.38133537
v -0.03321017 -0.04899330 0.38030389
v -0.03321017 -0.04899330 0.37969610
v -0.03341804 -0.04899330 0.37912500
v -0.03380871 -0.04899330 0.37865943
v -0.03433505 -0.04899330 0.37835553
v -0.03493359 -0.04899330 0.37825000
v -0.03623359 -0.04899330 0.37882847
v -0.03526150 -0.04899330 0.38171899
v -0.03586095 -0.04928287 0.37851593
v -0.03593911 -0.04929316 0.37856773
v -0.03600806 -0.04928438 0.37861869
v -0.03605592 -0.04926779 0.37865728
v -0.03613512 -0.04921371 0.37872767
v -0.03615217 -0.04919631 0.37874398
v -0.03621575 -0.04909454 0.37880896
v -0.03575726 -0.04923405 0.37845440
v -0.03565633 -0.04910429 0.37840623
v -0.03526150 -0.04899330 0.37828100
v -0.03563359 -0.04899330 0.37839609
v -0.03679701 -0.04899346 0.37977784
v -0.03628198 -0.04899330 0.38111550
v -0.03621638 -0.04909513 0.34119037
v -0.03616107 -0.04919000 0.34124732
v -0.03613576 -0.04921667 0.34127173
v -0.03586159 -0.04928412 0.34148368
v -0.03595818 -0.04929229 0.34141868
v -0.03600677 -0.04928501 0.34138229
v -0.03606918 -0.04926304 0.34133151
v -0.03573423 -0.04921332 0.34155610
v -0.03583804 -0.04927687 0.34149817
v -0.03563359 -0.04899330 0.34160390
v -0.03564617 -0.04908890 0.34159862
v -0.03493359 -0.04899330 0.34175000
v -0.03433505 -0.04899330 0.34164447
v -0.03380871 -0.04899330 0.34134057
v -0.03341804 -0.04899330 0.34087500
v -0.03321017 -0.04899330 0.34030390
v -0.03321017 -0.04899330 0.33969611
v -0.03383181 -0.04899330 0.33855846
v -0.03493359 -0.04899330 0.33825001
v -0.03621500 -0.04909605 0.33880815
v -0.03623359 -0.04899330 0.33882847
v -0.03628198 -0.04899330 0.33888450
v -0.03526150 -0.04899330 0.34171900
v -0.03586095 -0.04928287 0.33851591
v -0.03593911 -0.04929316 0.33856773
v -0.03600806 -0.04928438 0.33861870
v -0.03605592 -0.04926779 0.33865729
v -0.03613512 -0.04921371 0.33872768
v -0.03615217 -0.04919631 0.33874398
v -0.03575724 -0.04923404 0.33845441
v -0.03565633 -0.04910429 0.33840621
v -0.03526150 -0.04899330 0.33828101
v -0.03563359 -0.04899330 0.33839610
v -0.03658013 -0.04899330 0.33940721
v -0.03668359 -0.04899330 0.34000000
v -0.03634333 -0.04899031 0.34104464
v -0.03573423 -0.04921332 0.30155611
v -0.03563359 -0.04899330 0.30160391
v -0.03583804 -0.04927687 0.30149814
v -0.03586159 -0.04928412 0.30148369
v -0.03595818 -0.04929229 0.30141869
v -0.03600677 -0.04928501 0.30138230
v -0.03606918 -0.04926304 0.30133152
v -0.03613576 -0.04921667 0.30127174
v -0.03616107 -0.04919000 0.30124733
v -0.03621638 -0.04909513 0.30119035
v -0.03623359 -0.04899330 0.30117154
v -0.03493359 -0.04899330 0.30175000
v -0.03433505 -0.04899330 0.30164447
v -0.03353962 -0.04899330 0.30109556
v -0.03321017 -0.04899330 0.30030388
v -0.03340522 -0.04899330 0.29902221
v -0.03433505 -0.04899330 0.29835555
v -0.03493359 -0.04899330 0.29824999
v -0.03621500 -0.04909605 0.29880816
v -0.03623359 -0.04899330 0.29882845
v -0.03628198 -0.04899330 0.29888451
v -0.03561418 -0.04899811 0.30162775
v -0.03586095 -0.04928287 0.29851592
v -0.03593911 -0.04929316 0.29856771
v -0.03600806 -0.04928438 0.29861870
v -0.03605592 -0.04926779 0.29865730
v -0.03613512 -0.04921371 0.29872769
v -0.03615217 -0.04919631 0.29874399
v -0.03575724 -0.04923404 0.29845442
v -0.03565633 -0.04910429 0.29840621
v -0.03526150 -0.04899330 0.29828101
v -0.03563359 -0.04899330 0.29839611
v -0.03658013 -0.04899330 0.29940721
v -0.03668359 -0.04899330 0.30000001
v -0.03658013 -0.04899330 0.30059278
v -0.03628198 -0.04899330 0.30111548
v -0.03573423 -0.04921332 0.26155612
v -0.03563359 -0.04899330 0.26160389
v -0.03564617 -0.04908891 0.26159862
v -0.03583804 -0.04927687 0.26149815
v -0.03586159 -0.04928412 0.26148370
v -0.03595818 -0.04929229 0.26141870
v -0.03600677 -0.04928501 0.26138231
v -0.03606918 -0.04926304 0.26133153
v -0.03613576 -0.04921667 0.26127172
v -0.03616107 -0.04919000 0.26124731
v -0.03621638 -0.04909513 0.26119035
v -0.03623359 -0.04899330 0.26117155
v -0.03493359 -0.04899330 0.26175001
v -0.03370524 -0.04899330 0.26133535
v -0.03321017 -0.04899330 0.26030388
v -0.03321017 -0.04899330 0.25969613
v -0.03341804 -0.04899330 0.25912499
v -0.03409674 -0.04899330 0.25843696
v -0.03493359 -0.04899330 0.25825000
v -0.03621500 -0.04909605 0.25880817
v -0.03623930 -0.04899304 0.25882827
v -0.03526150 -0.04899330 0.26171902
v -0.03586095 -0.04928287 0.25851592
v -0.03593911 -0.04929316 0.25856772
v -0.03600806 -0.04928438 0.25861868
v -0.03605592 -0.04926779 0.25865728
v -0.03613512 -0.04921371 0.25872767
v -0.03615217 -0.04919631 0.25874400
v -0.03575723 -0.04923403 0.25845440
v -0.03565633 -0.04910429 0.25840622
v -0.03526150 -0.04899330 0.25828099
v -0.03563359 -0.04899330 0.25839609
v -0.03668850 -0.04899330 0.25975070
v -0.03658013 -0.04899330 0.26059279
v -0.03628198 -0.04899330 0.26111549
v -0.03573423 -0.04921332 0.22155611
v -0.03563359 -0.04899330 0.22160390
v -0.03564617 -0.04908891 0.22159862
v -0.03583804 -0.04927687 0.22149816
v -0.03586159 -0.04928412 0.22148369
v -0.03595818 -0.04929229 0.22141869
v -0.03600677 -0.04928501 0.22138231
v -0.03606918 -0.04926304 0.22133152
v -0.03613576 -0.04921667 0.22127172
v -0.03616107 -0.04919000 0.22124732
v -0.03621638 -0.04909513 0.22119036
v -0.03623359 -0.04899330 0.22117154
v -0.03493359 -0.04899330 0.22175001
v -0.03433505 -0.04899330 0.22164446
v -0.03353965 -0.04899330 0.22109559
v -0.03321017 -0.04899330 0.22030389
v -0.03328781 -0.04899330 0.21934059
v -0.03380871 -0.04899330 0.21865943
v -0.03433505 -0.04899330 0.21835554
v -0.03493359 -0.04899330 0.21825001
v -0.03621500 -0.04909605 0.21880816
v -0.03623359 -0.04899330 0.21882847
v -0.03628198 -0.04899330 0.21888451
v -0.03526150 -0.04899330 0.22171901
v -0.03586095 -0.04928287 0.21851592
v -0.03593911 -0.04929316 0.21856771
v -0.03600806 -0.04928438 0.21861869
v -0.03605592 -0.04926779 0.21865728
v -0.03613512 -0.04921371 0.21872768
v -0.03615217 -0.04919631 0.21874399
v -0.03575723 -0.04923404 0.21845441
v -0.03565633 -0.04910429 0.21840622
v -0.03526150 -0.04899330 0.21828100
v -0.03563359 -0.04899330 0.21839610
v -0.03676262 -0.04899342 0.22030633
v -0.03573423 -0.04921332 0.18155611
v -0.03563359 -0.04899330 0.18160391
v -0.03583804 -0.04927687 0.18149815
v -0.03586159 -0.04928412 0.18148369
v -0.03595818 -0.04929229 0.18141870
v -0.03600677 -0.04928501 0.18138230
v -0.03606918 -0.04926304 0.18133152
v -0.03613576 -0.04921667 0.18127172
v -0.03616107 -0.04919000 0.18124731
v -0.03621638 -0.04909513 0.18119036
v -0.03623359 -0.04899330 0.18117154
v -0.03493359 -0.04899330 0.18175000
v -0.03433505 -0.04899330 0.18164447
v -0.03332262 -0.04899330 0.18083473
v -0.03340520 -0.04899330 0.17902224
v -0.03433505 -0.04899330 0.17835554
v -0.03493359 -0.04899330 0.17825000
v -0.03621500 -0.04909605 0.17880817
v -0.03623359 -0.04899330 0.17882846
v -0.03628198 -0.04899330 0.17888451
v -0.03561417 -0.04899810 0.18162774
v -0.03586095 -0.04928287 0.17851591
v -0.03593911 -0.04929316 0.17856772
v -0.03600806 -0.04928438 0.17861870
v -0.03605592 -0.04926779 0.17865729
v -0.03613512 -0.04921371 0.17872767
v -0.03615217 -0.04919631 0.17874399
v -0.03575724 -0.04923404 0.17845442
v -0.03565633 -0.04910429 0.17840622
v -0.03526150 -0.04899330 0.17828099
v -0.03563359 -0.04899330 0.17839611
v -0.03748965 -0.05375192 0.18035869
v -0.03628198 -0.04899330 0.18111549
v -0.03573423 -0.04921332 0.14155611
v -0.03563359 -0.04899330 0.14160390
v -0.03564617 -0.04908891 0.14159862
v -0.03583804 -0.04927687 0.14149816
v -0.03586159 -0.04928412 0.14148368
v -0.03595818 -0.04929229 0.14141870
v -0.03600677 -0.04928501 0.14138231
v -0.03606918 -0.04926304 0.14133151
v -0.03613576 -0.04921667 0.14127173
v -0.03616107 -0.04919000 0.14124732
v -0.03621638 -0.04909513 0.14119036
v -0.03623359 -0.04899330 0.14117154
v -0.03493359 -0.04899330 0.14175001
v -0.03433505 -0.04899330 0.14164446
v -0.03380871 -0.04899330 0.14134058
v -0.03196279 -0.05400612 0.13946634
v -0.03621500 -0.04909605 0.13880816
v -0.03526150 -0.04899330 0.14171900
v -0.03586095 -0.04928287 0.13851592
v -0.03593911 -0.04929316 0.13856772
v -0.03600806 -0.04928438 0.13861869
v -0.03605592 -0.04926779 0.13865729
v -0.03613512 -0.04921371 0.13872768
v -0.03615217 -0.04919631 0.13874398
v -0.03575723 -0.04923404 0.13845441
v -0.03565633 -0.04910429 0.13840622
v -0.03526150 -0.04899330 0.13828100
v -0.03563359 -0.04899330 0.13839610
v -0.03675232 -0.04898654 0.13969892
v -0.03628198 -0.04899330 0.14111549
v -0.03573423 -0.04921332 0.10155611
v -0.03563359 -0.04899330 0.10160390
v -0.03583804 -0.04927687 0.10149816
v -0.03586159 -0.04928412 0.10148369
v -0.03595818 -0.04929229 0.10141870
v -0.03600677 -0.04928501 0.10138230
v -0.03606918 -0.04926304 0.10133151
v -0.03613576 -0.04921667 0.10127172
v -0.03616107 -0.04919000 0.10124732
v -0.03621638 -0.04909513 0.10119036
v -0.03623359 -0.04899330 0.10117154
v -0.03205480 -0.05488063 0.10082543
v -0.03389500 -0.04899416 0.09829802
v -0.03561418 -0.04899811 0.10162774
v -0.03586095 -0.04928287 0.09851592
v -0.03593911 -0.04929316 0.09856772
v -0.03675740 -0.04892187 0.09955068
v -0.03575727 -0.04923407 0.09845441
v -0.03565633 -0.04910429 0.09840622
v -0.03563359 -0.04899330 0.09839610
v -0.02783359 -0.04899330 0.79000002
v -0.02743359 -0.05699330 0.79000002
v -0.02891080 -0.05523283 0.79000002
v -0.02873263 -0.05474330 0.79000002
v -0.02743359 -0.04939330 0.79000002
v -0.02743359 -0.05399330 0.79000002
v -0.02794662 -0.05408376 0.79000002
v -0.04243359 -0.04939330 0.79000002
v -0.04203359 -0.04899330 0.79000002
v -0.02794662 -0.05690284 0.79000002
v -0.02839777 -0.05434423 0.79000002
v -0.02839777 -0.05664237 0.79000002
v -0.02873263 -0.05624330 0.79000002
v -0.02891080 -0.05575377 0.79000002
v -0.04203359 -0.04899330 0.23000000
v -0.04203359 -0.04899330 0.37000000
v -0.04203359 -0.04899330 0.50999999
v -0.04203359 -0.04899330 0.64999998
f 1 2 3
f 3 2 4
f 5 6 7
f 7 6 8
f 9 6 10
f 10 6 5
f 11 2 12
f 12 2 1
f 8 13 7
f 7 13 14
f 2 11 4
f 4 11 15
f 6 9 8
f 8 9 13
f 4 15 3
f 3 15 16
f 16 12 3
f 3 12 1
f 14 10 7
f 7 10 5
f 9 10 17
f 17 10 18
f 17 18 19
f 20 21 19
f 19 21 22
f 19 22 17
f 19 23 20
f 20 23 24
f 20 24 25
f 25 24 62
f 26 11 12
f 12 27 26
f 26 27 28
f 26 28 29
f 29 28 30
f 30 28 31
f 31 28 32
f 31 32 33
f 33 32 34
f 33 34 35
f 35 34 55
f 51 36 37
f 37 36 38
f 38 36 39
f 39 36 40
f 39 40 41
f 41 40 42
f 42 40 14
f 42 14 13
f 35 55 43
f 44 43 45
f 43 44 35
f 35 44 46
f 35 46 33
f 33 46 31
f 31 46 47
f 31 47 30
f 30 47 48
f 30 48 29
f 29 48 49
f 29 49 26
f 26 49 15
f 26 15 11
f 50 51 37
f 25 62 50
f 50 37 25
f 25 37 38
f 25 38 20
f 20 38 39
f 20 39 21
f 21 39 41
f 21 41 22
f 22 41 42
f 22 42 17
f 17 42 13
f 17 13 9
f 45 52 44
f 44 52 46
f 46 52 47
f 47 52 53
f 47 53 48
f 48 53 49
f 49 53 16
f 49 16 15
f 52 45 54
f 52 54 34
f 34 54 55
f 12 16 27
f 27 16 53
f 27 53 28
f 28 53 52
f 28 52 32
f 32 52 34
f 36 51 57
f 36 57 24
f 24 57 58
f 58 59 24
f 24 59 60
f 24 60 61
f 61 71 24
f 24 71 62
f 10 14 18
f 18 14 40
f 18 40 19
f 19 40 36
f 19 36 23
f 23 36 24
f 260 45 43
f 260 43 55
f 260 66 45
f 50 70 51
f 70 62 68
f 50 62 70
f 70 68 65
f 63 51 70
f 63 70 69
f 64 70 56
f 63 69 64
f 69 70 64
f 56 160 64
f 64 160 63
f 54 260 55
f 54 45 260
f 260 45 66
f 65 68 70
f 63 78 69
f 70 57 51
f 70 69 56
f 70 68 67
f 63 69 70
f 70 51 63
f 68 71 67
f 68 62 71
f 71 61 67
f 67 61 60
f 67 60 70
f 70 60 59
f 70 59 58
f 70 58 57
f 72 73 74
f 74 73 75
f 74 75 76
f 76 75 77
f 76 77 78
f 79 65 80
f 79 80 81
f 81 80 82
f 81 82 83
f 83 82 84
f 83 84 85
f 85 84 301
f 86 87 88
f 86 88 68
f 86 89 87
f 87 89 90
f 87 90 91
f 91 90 276
f 92 93 94
f 94 93 95
f 96 1452 98
f 96 98 97
f 97 98 1452
f 99 104 100
f 99 100 101
f 99 101 102
f 102 101 103
f 102 103 104
f 106 104 105
f 106 105 107
f 110 108 109
f 111 120 112
f 111 112 113
f 113 112 114
f 113 114 115
f 115 114 116
f 115 116 117
f 117 116 118
f 119 118 120
f 119 120 121
f 123 124 125
f 125 124 126
f 127 128 125
f 125 128 123
f 132 129 130
f 132 133 134
f 134 133 135
f 135 133 136
f 136 133 129
f 129 133 131
f 141 137 139
f 141 139 140
f 141 140 137
f 142 143 144
f 144 143 145
f 144 145 146
f 146 145 147
f 146 147 148
f 148 147 149
f 151 149 150
f 151 150 152
f 153 278 154
f 153 154 155
f 155 154 156
f 155 156 157
f 157 156 158
f 158 156 159
f 158 159 160
f 161 128 162
f 162 128 127
f 78 160 56
f 160 78 158
f 158 78 77
f 158 77 157
f 157 77 75
f 157 75 155
f 155 75 153
f 153 75 73
f 153 73 278
f 163 66 164
f 82 87 91
f 82 91 84
f 84 91 276
f 84 276 301
f 80 65 68
f 87 82 88
f 88 82 80
f 88 80 68
f 165 166 167
f 168 167 169
f 168 169 171
f 171 169 170
f 171 170 172
f 171 172 166
f 1459 175 173
f 175 174 176
f 175 176 177
f 177 176 178
f 177 178 179
f 179 178 180
f 179 180 182
f 182 180 181
f 182 181 1459
f 184 183 185
f 184 185 186
f 184 186 187
f 187 1483 188
f 187 188 183
f 189 194 191
f 191 194 190
f 191 190 192
f 191 192 193
f 195 196 197
f 197 196 198
f 197 198 199
f 199 198 1485
f 199 1485 200
f 200 1485 194
f 201 202 203
f 203 202 204
f 164 315 163
f 68 65 79
f 89 86 79
f 79 86 68
f 79 81 89
f 89 81 83
f 89 83 90
f 90 83 85
f 90 85 276
f 205 206 207
f 207 206 208
f 207 208 209
f 209 208 210
f 315 66 163
f 278 72 154
f 154 72 74
f 154 74 156
f 156 74 76
f 156 76 159
f 159 76 78
f 159 78 160
f 160 78 63
f 301 73 72
f 211 266 212
f 212 266 213
f 212 213 266
f 214 305 215
f 214 215 305
f 305 215 216
f 219 311 220
f 220 311 221
f 220 221 261
f 261 221 222
f 261 222 223
f 225 227 226
f 229 228 230
f 229 230 231
f 231 230 232
f 231 232 227
f 233 228 234
f 233 234 224
f 204 202 235
f 235 202 236
f 237 238 94
f 94 238 92
f 131 133 124
f 143 140 139
f 149 147 130
f 143 139 145
f 145 139 137
f 138 137 123
f 143 142 140
f 124 133 161
f 123 137 124
f 142 152 140
f 140 152 124
f 140 124 137
f 137 138 145
f 124 152 150
f 124 150 131
f 131 150 129
f 161 133 132
f 161 132 1448
f 129 150 130
f 130 150 149
f 138 123 145
f 145 123 128
f 145 128 147
f 128 1448 132
f 128 132 147
f 147 132 130
f 161 1448 128
f 238 1452 116
f 116 1452 118
f 116 114 103
f 104 114 105
f 114 104 103
f 116 103 238
f 238 103 101
f 238 101 100
f 110 100 104
f 1452 240 98
f 98 240 93
f 240 1452 238
f 110 92 108
f 108 92 238
f 108 238 109
f 109 238 100
f 109 100 110
f 92 110 93
f 104 107 110
f 110 107 93
f 112 120 93
f 93 120 118
f 93 118 98
f 98 118 1452
f 93 107 105
f 93 105 112
f 112 105 114
f 276 241 242
f 242 241 243
f 242 243 244
f 244 243 245
f 245 243 246
f 245 246 247
f 247 246 248
f 247 248 249
f 249 248 606
f 579 250 251
f 579 251 252
f 579 252 253
f 253 252 254
f 254 252 255
f 255 252 256
f 255 256 257
f 257 256 258
f 258 256 95
f 258 95 93
f 104 99 110
f 259 1452 96
f 95 110 94
f 102 120 111
f 102 111 99
f 95 106 110
f 104 121 102
f 102 121 120
f 1452 115 97
f 97 115 117
f 97 117 96
f 96 117 118
f 99 111 94
f 99 94 110
f 111 113 94
f 94 113 115
f 94 115 237
f 237 115 1452
f 237 1452 259
f 96 118 259
f 118 119 259
f 259 119 95
f 95 119 121
f 95 121 106
f 106 121 104
f 104 110 107
f 107 110 106
f 217 301 276
f 164 66 260
f 233 224 260
f 260 224 164
f 227 232 221
f 218 311 261
f 164 224 225
f 164 225 262
f 262 225 263
f 263 225 226
f 221 232 222
f 222 232 230
f 222 230 223
f 223 230 228
f 223 228 233
f 311 263 226
f 311 226 221
f 221 226 227
f 264 265 218
f 218 265 263
f 218 263 311
f 218 266 267
f 268 213 209
f 209 213 266
f 209 266 207
f 267 266 269
f 269 266 213
f 269 213 568
f 568 213 268
f 217 305 266
f 305 270 271
f 305 271 215
f 215 271 307
f 266 305 207
f 207 305 216
f 215 307 272
f 215 272 216
f 216 272 205
f 216 205 207
f 273 274 217
f 270 305 217
f 270 217 275
f 275 217 274
f 273 217 276
f 217 266 218
f 264 218 267
f 260 217 261
f 260 261 233
f 233 261 223
f 261 217 218
f 260 122 277
f 260 277 217
f 217 277 278
f 217 278 73
f 217 73 301
f 190 178 176
f 202 187 186
f 166 1459 167
f 202 193 192
f 279 180 178
f 187 202 201
f 187 201 1483
f 1483 201 279
f 1483 279 188
f 279 172 170
f 279 170 180
f 180 170 169
f 180 169 181
f 181 169 167
f 181 167 1459
f 190 176 192
f 192 176 174
f 192 174 202
f 202 174 175
f 186 195 193
f 186 193 202
f 236 166 279
f 279 166 172
f 1485 279 194
f 202 175 1459
f 202 1459 236
f 236 1459 166
f 178 190 279
f 279 190 194
f 195 186 196
f 196 186 185
f 196 185 198
f 198 185 183
f 279 1485 198
f 279 198 188
f 188 198 183
f 197 203 195
f 189 191 235
f 235 191 204
f 184 187 204
f 204 187 203
f 175 177 200
f 203 187 195
f 171 166 280
f 280 166 235
f 166 1459 235
f 235 1459 189
f 189 1459 173
f 189 173 194
f 171 280 203
f 171 203 168
f 195 187 183
f 165 182 1459
f 165 1459 166
f 179 167 168
f 184 204 191
f 184 191 193
f 184 193 183
f 183 193 195
f 182 165 179
f 179 165 167
f 168 203 179
f 179 203 197
f 179 197 177
f 177 197 199
f 177 199 200
f 175 200 173
f 173 200 194
f 201 203 281
f 281 203 282
f 281 282 283
f 284 285 283
f 283 285 286
f 283 286 281
f 283 287 284
f 284 287 288
f 288 287 289
f 288 289 333
f 290 291 292
f 360 293 292
f 292 293 294
f 292 294 290
f 295 296 291
f 291 296 297
f 291 297 292
f 291 298 295
f 295 298 299
f 295 299 300
f 300 299 315
f 300 315 164
f 276 85 301
f 301 217 276
f 276 217 302
f 302 217 303
f 303 217 304
f 304 217 305
f 304 305 306
f 306 305 308
f 308 305 214
f 308 214 239
f 239 214 307
f 307 214 206
f 206 214 305
f 206 305 208
f 208 305 217
f 218 266 217
f 266 312 309
f 266 309 212
f 212 309 568
f 212 568 268
f 217 266 208
f 208 266 211
f 212 268 310
f 212 310 211
f 211 310 210
f 211 210 208
f 266 218 312
f 312 218 311
f 312 311 313
f 313 311 314
f 220 261 234
f 231 219 229
f 229 219 220
f 229 220 228
f 228 220 234
f 225 314 227
f 227 314 311
f 227 311 231
f 231 311 219
f 314 225 315
f 315 225 224
f 234 261 224
f 260 66 315
f 224 260 315
f 122 260 316
f 316 260 217
f 316 217 278
f 278 217 301
f 278 301 72
f 217 260 224
f 261 217 224
f 217 261 218
f 261 311 218
f 236 279 235
f 235 279 280
f 263 300 262
f 262 300 164
f 265 264 317
f 317 264 267
f 317 267 318
f 318 267 269
f 263 265 300
f 300 265 317
f 300 317 295
f 319 320 321
f 321 322 319
f 319 322 323
f 319 323 324
f 317 325 295
f 295 325 326
f 295 326 296
f 296 326 327
f 296 327 297
f 297 327 319
f 297 319 292
f 292 319 324
f 324 328 292
f 292 328 329
f 292 329 330
f 330 331 292
f 292 331 332
f 292 332 360
f 288 333 334
f 288 334 335
f 335 336 288
f 288 336 337
f 288 337 338
f 339 340 341
f 341 342 339
f 339 342 343
f 339 343 344
f 344 345 339
f 339 345 346
f 338 340 288
f 288 340 339
f 288 339 284
f 339 347 284
f 284 347 348
f 284 348 285
f 285 348 349
f 285 349 286
f 286 349 350
f 286 350 281
f 281 350 279
f 281 279 201
f 352 437 353
f 355 354 356
f 356 354 561
f 287 357 289
f 289 357 358
f 203 280 282
f 282 280 359
f 282 359 283
f 283 359 357
f 283 357 287
f 333 289 363
f 293 360 361
f 293 361 362
f 362 363 293
f 293 363 289
f 313 314 299
f 299 314 315
f 312 313 364
f 364 313 299
f 364 299 365
f 365 299 366
f 299 298 366
f 366 298 291
f 366 291 367
f 293 368 294
f 294 368 367
f 294 367 290
f 290 367 291
f 318 269 309
f 309 312 318
f 318 312 364
f 318 364 317
f 317 364 365
f 317 365 325
f 325 365 326
f 326 365 366
f 326 366 327
f 327 366 367
f 327 367 319
f 319 367 368
f 319 368 320
f 346 358 357
f 346 357 339
f 339 357 347
f 347 357 348
f 348 357 359
f 348 359 349
f 349 359 350
f 350 359 280
f 350 280 279
f 293 437 352
f 358 354 289
f 289 354 355
f 561 293 352
f 561 352 356
f 356 352 353
f 356 353 355
f 437 293 351
f 562 368 293
f 562 293 561
f 562 561 354
f 368 562 358
f 562 354 358
f 353 437 355
f 355 437 289
f 289 437 351
f 289 351 293
f 370 371 372
f 373 374 375
f 376 377 378
f 379 380 381
f 558 533 382
f 382 533 379
f 382 379 377
f 377 379 381
f 377 381 378
f 383 1171 384
f 384 1171 385
f 385 1171 386
f 385 386 387
f 551 1171 383
f 388 389 390
f 391 392 383
f 393 394 395
f 383 392 551
f 551 392 1170
f 384 396 383
f 383 396 397
f 383 397 391
f 391 397 393
f 391 393 389
f 389 393 395
f 389 395 390
f 390 398 1163
f 390 1163 388
f 550 551 398
f 373 375 370
f 556 399 557
f 556 400 401
f 399 556 402
f 402 556 401
f 402 401 403
f 403 401 404
f 403 404 543
f 405 406 400
f 407 408 363
f 407 363 362
f 407 362 411
f 411 362 361
f 412 409 413
f 412 413 414
f 414 413 415
f 414 415 416
f 416 415 1083
f 416 1083 360
f 360 1083 361
f 361 1083 411
f 417 418 419
f 419 418 1092
f 419 1092 420
f 420 1092 421
f 422 423 424
f 424 423 1097
f 425 417 410
f 410 1086 409
f 410 409 425
f 425 409 412
f 425 412 426
f 426 412 414
f 426 414 427
f 427 414 416
f 427 416 428
f 428 416 429
f 428 429 430
f 1097 431 432
f 432 431 433
f 432 433 434
f 434 433 430
f 434 430 435
f 435 430 436
f 436 430 429
f 437 1099 438
f 1093 424 421
f 421 424 1097
f 421 1097 420
f 420 1097 432
f 420 432 1099
f 436 442 439
f 436 439 435
f 435 439 440
f 435 440 434
f 434 440 441
f 434 441 432
f 432 441 1099
f 442 443 444
f 444 443 445
f 444 445 1098
f 446 447 438
f 438 447 448
f 1108 448 449
f 438 1099 1098
f 438 1098 446
f 446 1098 445
f 446 445 450
f 450 445 443
f 450 443 451
f 452 451 436
f 442 436 443
f 443 436 451
f 436 453 452
f 452 453 462
f 452 462 454
f 452 454 455
f 455 454 456
f 455 456 449
f 449 456 1108
f 457 1107 459
f 457 459 460
f 1108 1106 1107
f 448 1108 461
f 448 461 438
f 459 463 460
f 460 463 464
f 460 464 465
f 465 464 466
f 465 466 467
f 467 466 468
f 467 468 453
f 453 468 1104
f 453 1104 462
f 469 470 458
f 458 470 471
f 1119 472 471
f 471 472 473
f 471 473 458
f 458 473 474
f 458 457 460
f 458 460 469
f 469 460 465
f 469 465 475
f 475 465 467
f 476 477 453
f 453 477 478
f 453 478 467
f 467 478 475
f 477 479 480
f 477 480 481
f 481 480 482
f 481 482 483
f 484 485 486
f 486 485 487
f 486 487 488
f 488 487 489
f 488 489 490
f 490 489 476
f 476 489 479
f 476 479 477
f 491 492 493
f 494 495 496
f 497 498 474
f 474 498 499
f 474 499 494
f 494 499 491
f 494 491 495
f 495 491 493
f 473 484 474
f 474 484 486
f 474 486 497
f 497 486 488
f 497 488 500
f 500 488 490
f 500 490 501
f 503 502 504
f 503 504 505
f 508 509 494
f 494 509 510
f 494 510 507
f 507 510 511
f 512 513 496
f 496 513 502
f 496 502 494
f 494 502 508
f 508 502 503
f 508 503 514
f 514 503 505
f 514 505 1134
f 501 490 476
f 501 476 504
f 504 476 515
f 504 515 505
f 505 515 1134
f 516 517 518
f 518 517 519
f 518 519 506
f 520 1154 521
f 522 523 507
f 524 525 526
f 526 525 527
f 528 1144 529
f 521 524 520
f 520 524 526
f 520 526 529
f 529 526 507
f 529 507 528
f 528 507 523
f 1145 1141 530
f 530 1141 534
f 529 1144 530
f 530 1144 1145
f 507 511 506
f 507 506 522
f 522 506 519
f 522 519 531
f 531 519 517
f 531 517 535
f 1134 515 516
f 516 515 532
f 516 532 517
f 517 532 535
f 533 1156 532
f 532 1156 534
f 532 534 535
f 416 360 332
f 416 332 429
f 429 332 331
f 429 331 436
f 436 331 330
f 436 330 329
f 436 329 453
f 453 329 328
f 453 328 476
f 476 328 324
f 476 324 515
f 515 324 323
f 515 323 532
f 532 323 322
f 532 322 533
f 558 527 1156
f 558 1156 533
f 537 538 379
f 379 538 539
f 379 539 380
f 322 321 533
f 533 321 369
f 533 369 379
f 379 369 540
f 379 540 537
f 321 320 369
f 540 369 375
f 540 375 541
f 541 375 374
f 541 374 542
f 542 374 373
f 541 543 540
f 540 543 544
f 540 544 537
f 537 544 393
f 537 393 538
f 538 393 397
f 538 397 539
f 539 397 396
f 420 1099 437
f 420 437 419
f 526 545 507
f 507 545 546
f 507 546 494
f 494 546 547
f 494 547 474
f 474 547 548
f 474 548 458
f 458 548 461
f 458 461 457
f 394 393 549
f 549 393 544
f 549 544 550
f 545 552 546
f 546 552 553
f 546 553 547
f 547 553 554
f 547 554 548
f 548 554 555
f 548 555 461
f 461 555 438
f 438 555 437
f 544 543 404
f 544 404 550
f 550 404 406
f 550 406 551
f 551 406 405
f 551 405 1171
f 557 371 370
f 557 370 536
f 536 370 375
f 536 375 369
f 527 558 559
f 527 559 526
f 526 559 560
f 526 560 545
f 545 560 387
f 545 387 552
f 552 387 386
f 552 386 553
f 553 386 555
f 553 555 554
f 556 1171 405
f 351 363 437
f 437 363 410
f 410 363 408
f 410 408 1086
f 363 351 333
f 351 437 333
f 417 419 410
f 410 419 437
f 333 437 334
f 334 437 555
f 334 555 335
f 335 555 336
f 336 555 337
f 337 555 338
f 338 555 386
f 338 386 340
f 340 386 1171
f 340 1171 341
f 341 1171 342
f 342 1171 556
f 342 556 343
f 343 556 344
f 345 354 561
f 400 556 405
f 556 561 344
f 344 561 354
f 369 320 536
f 536 320 557
f 557 320 563
f 557 563 562
f 557 562 556
f 556 562 561
f 344 354 345
f 561 562 345
f 562 346 345
f 562 563 346
f 368 563 320
f 346 563 358
f 358 563 368
f 239 565 566
f 565 239 307
f 565 307 271
f 269 568 564
f 564 568 309
f 239 565 308
f 565 239 566
f 565 271 308
f 564 309 269
f 567 239 568
f 567 568 564
f 1195 567 564
f 239 567 566
f 567 1195 566
f 568 239 567
f 566 567 239
f 568 567 1195
f 568 1195 564
f 567 566 1195
f 240 238 259
f 259 238 237
f 569 570 571
f 571 572 569
f 569 572 573
f 569 573 574
f 575 576 253
f 253 576 577
f 253 577 578
f 578 579 253
f 574 575 569
f 569 575 253
f 569 253 580
f 253 254 580
f 580 254 255
f 580 255 581
f 581 255 257
f 581 257 582
f 582 257 258
f 582 258 583
f 583 258 93
f 583 93 240
f 271 270 584
f 584 270 275
f 584 275 274
f 276 242 273
f 274 273 584
f 584 273 242
f 584 242 585
f 242 244 585
f 585 244 245
f 585 245 586
f 586 245 247
f 586 247 587
f 587 247 249
f 587 249 588
f 249 606 589
f 249 589 590
f 590 591 249
f 249 591 592
f 249 592 588
f 588 592 593
f 588 593 594
f 594 595 588
f 588 595 596
f 588 596 597
f 728 599 600
f 302 303 601
f 303 304 601
f 601 304 306
f 601 306 308
f 276 302 241
f 241 302 601
f 241 601 243
f 243 601 246
f 604 602 603
f 606 248 607
f 601 608 246
f 246 608 609
f 246 609 248
f 248 609 603
f 248 603 607
f 607 603 602
f 612 606 610
f 250 612 611
f 611 612 610
f 251 250 611
f 252 251 614
f 252 614 613
f 613 614 615
f 259 95 616
f 616 95 256
f 616 256 617
f 617 256 252
f 617 252 618
f 618 252 613
f 603 609 588
f 597 605 588
f 588 605 604
f 588 604 603
f 585 586 609
f 609 586 587
f 609 587 588
f 609 608 585
f 585 608 601
f 585 601 584
f 584 601 308
f 584 308 271
f 240 259 583
f 583 259 616
f 583 616 617
f 580 581 617
f 617 581 582
f 617 582 583
f 617 618 580
f 580 618 613
f 580 613 569
f 569 613 615
f 569 615 570
f 615 598 605
f 614 598 615
f 611 735 251
f 251 735 598
f 598 728 605
f 728 600 605
f 605 600 604
f 604 600 599
f 602 619 607
f 725 735 619
f 614 251 598
f 598 735 725
f 619 602 604
f 619 604 599
f 619 599 728
f 619 735 607
f 607 735 606
f 735 611 610
f 735 610 606
f 620 621 633
f 633 621 622
f 623 648 620
f 624 625 626
f 620 648 627
f 625 624 648
f 648 624 628
f 648 628 627
f 627 628 629
f 627 629 622
f 622 629 633
f 612 630 631
f 612 631 626
f 629 632 633
f 633 632 634
f 631 635 626
f 626 635 636
f 626 636 637
f 626 637 624
f 640 641 642
f 643 644 641
f 641 644 645
f 641 645 642
f 1338 639 1339
f 648 646 647
f 648 647 625
f 639 1338 652
f 649 650 643
f 643 650 651
f 652 649 639
f 639 649 643
f 639 643 638
f 638 643 641
f 653 654 655
f 655 654 652
f 656 657 658
f 658 657 659
f 660 661 662
f 660 662 663
f 663 662 658
f 663 658 1376
f 1376 658 659
f 1376 659 664
f 665 666 664
f 664 666 667
f 664 667 1376
f 1376 667 668
f 661 660 669
f 669 660 1361
f 669 1361 670
f 669 670 668
f 668 670 672
f 668 672 1376
f 672 671 1376
f 673 674 675
f 675 674 676
f 675 676 677
f 678 679 680
f 680 679 681
f 682 683 684
f 684 683 680
f 684 680 677
f 677 680 681
f 677 681 675
f 1377 695 685
f 685 695 686
f 1384 687 686
f 686 687 688
f 686 688 685
f 685 688 689
f 676 691 677
f 677 691 692
f 692 691 693
f 692 693 690
f 1377 694 695
f 697 1400 698
f 692 699 696
f 700 684 701
f 701 684 677
f 701 677 692
f 701 692 702
f 702 692 696
f 703 704 705
f 706 1420 707
f 708 709 655
f 655 709 710
f 655 710 653
f 653 710 643
f 653 643 711
f 711 643 651
f 711 651 712
f 705 713 714
f 714 713 706
f 714 706 715
f 715 706 707
f 704 703 716
f 716 703 717
f 718 698 696
f 696 698 1400
f 719 1414 714
f 705 714 703
f 703 714 720
f 703 720 721
f 1410 720 714
f 1410 714 1414
f 718 696 699
f 718 699 721
f 721 699 703
f 672 723 671
f 1376 671 722
f 672 690 723
f 723 690 1377
f 726 1359 660
f 660 1359 1360
f 660 1360 1361
f 728 599 596
f 596 599 597
f 597 599 727
f 593 619 594
f 619 593 592
f 1361 1358 670
f 670 1358 724
f 670 724 619
f 724 726 619
f 594 619 595
f 595 619 728
f 595 728 596
f 606 731 729
f 606 729 589
f 589 729 672
f 589 672 590
f 590 672 591
f 591 672 592
f 592 672 730
f 592 730 619
f 606 612 626
f 606 626 731
f 731 626 625
f 731 717 729
f 729 717 703
f 729 703 699
f 729 699 692
f 729 692 690
f 729 690 672
f 730 672 670
f 730 670 619
f 728 727 599
f 731 625 732
f 731 732 644
f 731 644 643
f 731 643 717
f 717 643 710
f 717 710 716
f 716 710 709
f 663 733 660
f 660 733 726
f 726 725 619
f 1376 733 663
f 722 1377 685
f 722 685 738
f 694 1377 690
f 694 690 734
f 734 690 693
f 734 693 689
f 689 693 682
f 689 682 685
f 685 682 684
f 685 684 738
f 718 719 698
f 698 719 714
f 698 714 652
f 598 727 728
f 726 733 738
f 738 733 1376
f 738 1376 722
f 648 739 1338
f 623 739 648
f 732 625 736
f 732 736 644
f 644 736 737
f 644 737 645
f 727 598 570
f 735 579 738
f 738 579 578
f 738 578 577
f 738 577 576
f 738 576 575
f 738 575 726
f 726 575 574
f 726 574 573
f 726 573 572
f 726 572 725
f 725 572 571
f 725 571 598
f 598 571 570
f 739 735 738
f 739 738 652
f 652 738 698
f 698 738 684
f 698 684 697
f 697 684 700
f 715 708 714
f 714 708 655
f 714 655 652
f 652 1338 739
f 620 633 623
f 623 633 250
f 623 250 739
f 735 739 579
f 740 630 634
f 634 630 612
f 634 612 250
f 634 250 633
f 739 250 579
f 727 605 597
f 615 727 570
f 605 727 615
f 122 741 742
f 122 742 743
f 743 742 744
f 744 742 745
f 745 742 746
f 745 746 747
f 747 746 748
f 747 748 749
f 749 748 750
f 749 750 1082
f 751 814 752
f 752 753 751
f 751 753 754
f 751 754 755
f 755 754 756
f 756 754 757
f 757 754 758
f 757 758 759
f 759 758 760
f 760 758 126
f 760 126 124
f 125 142 144
f 125 132 127
f 125 137 138
f 125 138 142
f 152 137 151
f 151 137 141
f 162 132 134
f 149 162 148
f 148 162 134
f 148 134 146
f 146 134 135
f 146 135 144
f 144 135 136
f 144 136 125
f 125 136 129
f 125 129 132
f 1448 132 162
f 132 1448 127
f 162 149 151
f 162 151 126
f 126 151 141
f 126 141 137
f 126 137 125
f 127 1448 162
f 137 152 142
f 137 142 138
f 761 762 763
f 1036 764 763
f 763 764 765
f 763 765 761
f 766 767 762
f 762 767 768
f 762 768 763
f 762 769 766
f 766 769 770
f 766 770 771
f 771 770 278
f 161 162 772
f 772 162 773
f 772 773 774
f 775 776 774
f 774 776 777
f 774 777 772
f 774 778 775
f 775 778 779
f 779 778 780
f 779 780 817
f 277 122 743
f 278 277 771
f 771 277 743
f 771 743 766
f 743 744 766
f 766 744 745
f 766 745 767
f 767 745 747
f 767 747 768
f 768 747 749
f 768 749 763
f 1082 781 749
f 749 781 782
f 749 782 783
f 783 784 749
f 749 784 785
f 749 785 786
f 786 787 749
f 749 787 788
f 749 788 789
f 789 790 749
f 749 790 791
f 749 791 792
f 792 793 749
f 749 793 794
f 749 794 763
f 763 794 1036
f 817 795 779
f 779 795 796
f 779 796 797
f 797 798 779
f 779 798 799
f 779 799 800
f 801 802 755
f 755 802 803
f 803 804 755
f 755 804 805
f 755 805 806
f 806 807 755
f 755 807 808
f 755 808 809
f 809 810 755
f 755 810 811
f 755 811 751
f 751 811 814
f 800 801 779
f 779 801 755
f 779 755 775
f 755 756 775
f 775 756 757
f 775 757 776
f 776 757 759
f 776 759 777
f 777 759 760
f 777 760 772
f 772 760 124
f 772 124 161
f 316 278 770
f 122 316 741
f 741 316 770
f 741 770 742
f 742 770 746
f 770 769 746
f 746 769 762
f 746 762 748
f 764 750 765
f 765 750 748
f 765 748 761
f 761 748 762
f 750 816 812
f 812 813 750
f 750 813 1082
f 752 814 815
f 752 815 750
f 750 815 816
f 778 754 780
f 780 754 753
f 780 753 752
f 162 126 773
f 773 126 758
f 773 758 774
f 774 758 754
f 774 754 778
f 1036 1046 764
f 764 1046 780
f 780 1046 817
f 819 818 820
f 820 818 821
f 821 818 822
f 822 823 824
f 827 826 830
f 827 830 828
f 829 830 826
f 832 831 833
f 831 764 780
f 831 780 833
f 823 831 824
f 823 818 831
f 831 818 764
f 826 819 829
f 829 819 820
f 829 820 821
f 764 818 750
f 750 818 819
f 750 819 826
f 752 825 826
f 824 831 832
f 824 832 752
f 752 832 833
f 752 833 780
f 750 826 825
f 750 825 752
f 822 828 821
f 821 828 830
f 821 830 829
f 826 827 752
f 752 827 824
f 824 827 828
f 824 828 822
f 834 835 836
f 838 839 840
f 841 842 843
f 844 845 846
f 847 848 849
f 851 852 853
f 848 854 855
f 855 854 856
f 816 850 812
f 812 850 857
f 812 857 858
f 815 859 816
f 816 859 860
f 816 860 850
f 861 862 844
f 844 862 858
f 844 858 845
f 845 858 857
f 845 857 846
f 864 865 866
f 866 865 869
f 866 869 867
f 863 834 868
f 870 871 1227
f 871 870 880
f 1233 872 1227
f 864 866 873
f 873 866 874
f 873 874 875
f 834 863 835
f 835 863 876
f 835 876 864
f 864 876 877
f 864 877 865
f 830 1225 872
f 878 1225 879
f 880 870 878
f 880 878 879
f 881 882 883
f 883 882 884
f 885 886 887
f 887 886 883
f 887 883 841
f 841 883 884
f 841 884 842
f 881 873 888
f 888 873 875
f 888 875 871
f 871 875 889
f 871 889 1227
f 1227 889 1233
f 887 891 885
f 885 891 892
f 892 891 893
f 892 893 890
f 894 895 896
f 894 896 897
f 897 896 898
f 897 898 899
f 900 901 902
f 902 901 899
f 902 899 903
f 903 899 898
f 903 898 904
f 904 898 905
f 906 907 908
f 908 907 909
f 908 909 910
f 910 909 911
f 912 913 914
f 915 916 917
f 917 916 918
f 1283 919 918
f 918 919 920
f 918 920 917
f 917 920 921
f 917 921 914
f 922 913 923
f 923 913 912
f 923 912 924
f 924 912 925
f 1010 926 927
f 927 926 928
f 927 928 929
f 930 926 931
f 932 931 933
f 933 931 934
f 933 934 935
f 930 936 937
f 930 937 938
f 938 937 939
f 938 939 941
f 941 939 940
f 936 930 931
f 936 931 942
f 942 931 932
f 942 932 943
f 943 932 944
f 943 944 945
f 945 944 946
f 945 946 921
f 921 946 947
f 921 947 914
f 914 947 948
f 914 948 912
f 1299 951 952
f 952 951 914
f 951 1299 1240
f 951 1240 950
f 950 1240 949
f 953 954 934
f 934 954 955
f 934 955 935
f 935 955 956
f 956 955 957
f 956 957 913
f 913 957 958
f 913 958 914
f 914 958 959
f 914 959 952
f 934 960 953
f 953 960 961
f 953 961 962
f 962 961 963
f 962 963 964
f 964 963 950
f 964 950 949
f 965 966 967
f 967 968 969
f 969 968 970
f 966 965 971
f 971 965 972
f 971 972 973
f 973 960 974
f 974 886 975
f 975 886 885
f 975 885 892
f 892 890 976
f 976 890 969
f 976 969 977
f 977 969 970
f 977 970 978
f 978 970 1321
f 967 969 965
f 965 969 1313
f 1313 969 1312
f 973 840 960
f 960 840 839
f 960 839 979
f 960 979 961
f 961 979 963
f 963 979 980
f 963 980 950
f 950 980 981
f 950 981 951
f 951 981 982
f 951 982 969
f 969 982 983
f 969 983 1312
f 1313 1310 965
f 965 1310 838
f 965 838 972
f 972 838 840
f 972 840 973
f 984 985 922
f 922 985 986
f 922 986 913
f 913 986 987
f 913 987 956
f 956 987 988
f 956 988 935
f 935 988 933
f 917 1271 990
f 928 915 929
f 929 915 917
f 929 917 990
f 1008 989 991
f 1008 991 992
f 989 1271 991
f 1274 1272 837
f 837 1272 1271
f 993 994 995
f 995 994 1274
f 996 993 997
f 997 993 995
f 997 995 998
f 998 995 1274
f 998 1274 999
f 999 1274 837
f 999 837 1000
f 1000 837 1001
f 1000 1001 1002
f 1002 1001 1003
f 1002 1003 1004
f 1004 1003 1005
f 1004 1005 1006
f 1006 1005 1007
f 1006 1007 1027
f 1006 1027 996
f 996 1027 931
f 996 931 993
f 993 931 1009
f 993 1009 994
f 926 1010 931
f 1008 1009 1010
f 1010 1009 931
f 1010 927 1011
f 1011 927 929
f 1011 929 1012
f 1012 929 990
f 1012 990 989
f 989 990 1271
f 1001 1260 1003
f 1003 1260 1263
f 1263 1260 1013
f 1014 1260 1015
f 897 1016 1260
f 1018 1016 906
f 906 1016 897
f 906 897 899
f 906 899 907
f 1018 906 1017
f 910 1019 908
f 908 1019 1020
f 908 1020 906
f 895 894 1021
f 1021 894 1022
f 1021 1022 1023
f 1023 1022 1024
f 1023 1024 1025
f 1025 1024 1026
f 1025 1026 1027
f 1025 1027 911
f 911 1027 910
f 910 1027 1031
f 910 1031 1019
f 1263 1028 1003
f 1003 1028 1029
f 1003 1029 1005
f 1005 1029 1030
f 1005 1030 1007
f 1007 1030 1261
f 1007 1261 1027
f 1027 1261 1031
f 1242 1243 894
f 894 1243 1022
f 1022 1243 1032
f 1022 1032 1024
f 1024 1032 1033
f 1024 1033 1026
f 1026 1033 1034
f 1026 1034 1027
f 1027 1034 1035
f 1036 1035 1037
f 1037 1035 1038
f 1037 1038 1039
f 1039 1038 1040
f 1039 1040 1041
f 1041 1040 1042
f 1041 1042 894
f 894 1042 1242
f 795 831 818
f 817 831 795
f 1046 1036 1043
f 822 818 796
f 795 823 796
f 796 823 822
f 818 823 795
f 1036 1037 1043
f 1043 1037 1039
f 1043 1039 1046
f 1046 1039 1041
f 1260 1014 897
f 897 1014 1044
f 897 1044 894
f 894 1044 1045
f 894 1045 1041
f 1041 1045 1046
f 1271 1047 1048
f 1271 1048 837
f 837 1048 1015
f 837 1015 1001
f 1001 1015 1260
f 831 817 1049
f 831 1049 818
f 818 1049 1050
f 818 1050 1056
f 1056 1050 1051
f 1056 1051 1052
f 1056 1052 1053
f 1056 1053 1054
f 1056 1054 1055
f 1225 830 879
f 879 830 1057
f 879 1057 890
f 890 1057 1058
f 1058 1056 1059
f 1059 1056 1055
f 1059 1055 1047
f 1047 1055 1054
f 1047 1054 1048
f 1048 1054 1053
f 1048 1053 1015
f 1015 1053 1052
f 1015 1052 1014
f 1014 1052 1051
f 1014 1051 1044
f 1044 1051 1050
f 1044 1050 1045
f 1045 1050 1049
f 1045 1049 1046
f 1046 1049 817
f 890 1058 969
f 969 1058 951
f 951 1058 1059
f 951 1059 914
f 914 1059 1047
f 914 1047 917
f 917 1047 1271
f 830 807 806
f 830 806 805
f 830 805 1057
f 1057 805 804
f 1057 804 1058
f 1058 804 803
f 1058 803 802
f 1058 802 1056
f 1056 802 801
f 1056 801 800
f 1056 800 799
f 1056 799 798
f 1056 798 797
f 1056 797 796
f 1056 796 818
f 834 1060 872
f 1061 826 830
f 830 808 807
f 808 830 809
f 809 830 826
f 852 1062 1060
f 1063 834 836
f 1063 836 1064
f 1065 853 1066
f 1066 853 852
f 852 851 1062
f 1062 851 856
f 856 851 855
f 1060 834 852
f 852 834 1063
f 852 1063 1066
f 1066 1063 1064
f 1066 1064 1065
f 1065 1064 861
f 1065 861 1067
f 1067 861 849
f 1067 849 848
f 854 848 847
f 854 847 1068
f 881 1069 873
f 873 1069 1070
f 873 1070 864
f 864 1070 1071
f 864 1071 835
f 835 1071 1072
f 835 1072 836
f 836 1072 862
f 836 862 1064
f 1064 862 861
f 826 1061 809
f 809 1061 1073
f 809 1073 810
f 810 1073 854
f 810 854 811
f 830 872 1060
f 830 1060 1062
f 830 1062 1061
f 1061 1062 856
f 1061 856 1073
f 1073 856 854
f 825 814 811
f 854 825 811
f 1068 859 854
f 854 859 815
f 854 815 814
f 854 814 825
f 881 883 1069
f 1069 883 1074
f 1069 1074 1070
f 1070 1074 1075
f 1070 1075 1071
f 1071 1075 1076
f 1071 1076 1072
f 1072 1076 1077
f 1072 1077 862
f 862 1077 1078
f 862 1078 858
f 858 1078 813
f 858 813 812
f 974 960 886
f 886 960 1079
f 886 1079 883
f 883 1079 1074
f 1074 1079 1075
f 1075 1079 1080
f 1075 1080 1076
f 1076 1080 1081
f 1076 1081 1077
f 1077 1081 1082
f 1077 1082 1078
f 1078 1082 813
f 1035 1036 794
f 1035 794 1027
f 1027 794 793
f 1027 793 792
f 1027 792 791
f 1027 791 931
f 931 791 790
f 931 790 789
f 931 789 934
f 934 789 788
f 934 788 960
f 960 788 787
f 960 787 786
f 960 786 785
f 960 785 1079
f 1079 785 784
f 1079 784 783
f 1079 783 782
f 1079 782 1080
f 1080 782 781
f 1080 781 1081
f 1081 781 1082
f 1085 1083 415
f 415 413 1085
f 1085 413 409
f 1084 408 1083
f 1083 408 407
f 407 411 1083
f 408 1084 1086
f 1085 1084 1083
f 1085 409 1086
f 1085 1086 1087
f 1084 1085 1088
f 1088 1085 1087
f 1086 1084 1088
f 430 1089 428
f 428 1089 1090
f 428 1090 427
f 1091 417 1090
f 1090 417 425
f 425 426 1090
f 1090 426 427
f 417 1091 418
f 418 1091 1092
f 1095 422 1094
f 1094 422 424
f 1095 1096 422
f 422 1096 423
f 423 1096 1097
f 431 1097 1089
f 1089 430 433
f 1089 433 431
f 1090 1089 1097
f 1097 1096 1090
f 1090 1096 1095
f 1090 1095 1091
f 421 1092 1093
f 1093 1092 1091
f 1093 1091 1095
f 1093 1095 424
f 424 1095 1094
f 442 444 1098
f 439 1099 441
f 439 441 440
f 439 442 1098
f 1099 439 1098
f 1100 1101 452
f 452 1101 451
f 1102 447 1101
f 1101 447 446
f 446 450 1101
f 1101 450 451
f 1102 1103 447
f 447 1103 448
f 448 1103 449
f 449 1103 1100
f 1100 452 455
f 1100 455 449
f 1103 1102 1100
f 1100 1102 1101
f 1105 462 1104
f 454 462 1106
f 1106 1108 456
f 1106 456 454
f 1106 462 1105
f 1107 1109 459
f 459 1109 463
f 463 1109 468
f 468 466 464
f 468 464 463
f 1105 1104 468
f 1107 457 1108
f 1106 1105 1107
f 1107 1105 468
f 1107 468 1109
f 457 461 1108
f 1110 1111 489
f 489 1111 479
f 1112 483 482
f 1112 482 1111
f 1111 482 480
f 1111 480 479
f 1112 1113 483
f 1114 477 1113
f 1113 477 481
f 1113 481 483
f 1114 1115 477
f 477 1115 478
f 1116 470 1115
f 1115 470 469
f 469 475 1115
f 1115 475 478
f 1116 1117 470
f 470 1117 471
f 1117 1118 471
f 471 1118 1119
f 1119 1120 472
f 472 1120 473
f 1120 1121 473
f 473 1121 484
f 484 1121 485
f 485 1121 1110
f 1110 489 487
f 1110 487 485
f 1121 1120 1110
f 1110 1120 1119
f 1110 1119 1111
f 1111 1119 1118
f 1111 1118 1112
f 1112 1118 1117
f 1112 1117 1113
f 1113 1117 1116
f 1113 1116 1114
f 1114 1116 1115
f 1122 1123 504
f 504 1123 501
f 1124 498 1123
f 1123 498 497
f 497 500 1123
f 1123 500 501
f 1124 1125 498
f 498 1125 499
f 1125 1126 499
f 499 1126 491
f 1126 1127 491
f 491 1127 492
f 1127 1128 492
f 492 1128 493
f 1128 1129 493
f 493 1129 495
f 1129 1130 495
f 495 1130 496
f 1130 1131 496
f 496 1131 512
f 1131 1132 512
f 512 1132 513
f 1132 1133 513
f 513 1133 502
f 502 1133 1122
f 1122 504 502
f 1123 1122 1133
f 1133 1132 1123
f 1123 1132 1131
f 1123 1131 1124
f 1126 1125 1127
f 1127 1125 1124
f 1127 1124 1128
f 1128 1124 1131
f 1128 1131 1129
f 1129 1131 1130
f 1137 1134 516
f 516 518 1137
f 1137 518 506
f 1136 509 1134
f 1134 509 508
f 508 514 1134
f 509 1136 510
f 1135 511 510
f 1135 510 1136
f 1137 1136 1134
f 1138 506 511
f 1138 511 1135
f 1138 1135 1136
f 1137 506 1139
f 1136 1137 1140
f 1140 1137 1139
f 1138 1136 1140
f 1146 535 534
f 1146 534 1141
f 1146 1142 535
f 1143 523 1142
f 1142 523 522
f 522 531 1142
f 1142 531 535
f 523 1143 528
f 1143 1144 528
f 1142 1146 1145
f 1145 1144 1143
f 1143 1142 1145
f 1147 1148 1149
f 1149 1148 1150
f 1151 1152 1153
f 1153 1152 1154
f 1155 1156 1150
f 1150 1156 1153
f 1150 1153 1149
f 1149 1153 1154
f 529 530 1148
f 1148 530 1150
f 1148 1147 529
f 529 1147 520
f 1088 1087 1086
f 1140 1139 1138
f 1139 506 1138
f 1146 1141 1145
f 1151 1153 525
f 525 1153 527
f 1153 1156 527
f 1156 1155 534
f 1150 530 1155
f 1155 530 534
f 1147 1149 520
f 520 1149 1154
f 1154 1152 521
f 521 1152 524
f 1152 1151 524
f 524 1151 525
f 1157 1158 377
f 377 1158 382
f 558 382 1158
f 1159 385 387
f 387 560 1159
f 1159 560 559
f 1159 559 1158
f 1158 559 558
f 1160 380 539
f 539 396 1160
f 1160 396 384
f 1160 384 1159
f 1159 384 385
f 1160 1161 380
f 380 1161 381
f 381 1161 378
f 378 1161 1162
f 378 1162 376
f 1162 1157 376
f 376 1157 377
f 1161 1160 1162
f 1162 1160 1159
f 1162 1159 1157
f 1157 1159 1158
f 1164 1163 398
f 1164 398 551
f 1163 1165 388
f 1165 1166 388
f 388 1166 389
f 1166 1167 389
f 389 1167 391
f 1167 1168 391
f 391 1168 392
f 1168 1169 392
f 392 1169 1170
f 1164 551 1170
f 1167 1166 1168
f 1168 1166 1165
f 1168 1165 1169
f 1169 1165 1163
f 1169 1163 1170
f 1170 1163 1164
f 398 390 1172
f 1172 390 1173
f 398 1172 550
f 550 1172 1174
f 550 1174 549
f 549 1174 394
f 394 1174 1175
f 394 1175 395
f 1175 1173 395
f 395 1173 390
f 1175 1174 1173
f 1173 1174 1172
f 1176 1177 541
f 541 1177 543
f 399 402 1178
f 1178 402 403
f 1178 403 1177
f 1177 403 543
f 1178 1179 399
f 399 1179 557
f 557 1179 371
f 371 1179 1180
f 371 1180 372
f 1180 1181 372
f 372 1181 370
f 1181 1182 370
f 370 1182 373
f 1182 1183 373
f 373 1183 542
f 1183 1176 542
f 542 1176 541
f 1178 1177 1183
f 1183 1177 1176
f 1179 1178 1180
f 1180 1178 1183
f 1180 1183 1181
f 1181 1183 1182
f 1184 1185 400
f 400 1185 401
f 1185 1186 401
f 401 1186 404
f 1186 1187 404
f 404 1187 406
f 1187 1184 406
f 406 1184 400
f 1187 1186 1184
f 1184 1186 1185
f 1188 1189 1190
f 1190 1189 1192
f 1189 1191 1192
f 1193 1194 1190
f 1190 1194 1188
f 1190 1192 1193
f 1191 1189 1194
f 1194 1189 1188
f 1196 1195 566
f 1195 1196 1197
f 1197 1196 1198
f 1197 1198 1199
f 1198 1200 1199
f 1199 1200 1201
f 1199 1201 1202
f 1202 1201 1203
f 1202 1203 1191
f 1191 1203 1192
f 1204 566 1195
f 1194 1193 1205
f 1205 1193 1206
f 1205 1206 1207
f 1207 1206 1204
f 1207 1204 1195
f 1201 1200 1206
f 1206 1200 1198
f 1206 1198 1204
f 1204 1198 1196
f 1204 1196 566
f 1201 1206 1203
f 1203 1206 1193
f 1203 1193 1192
f 1191 1194 1202
f 1202 1194 1205
f 1202 1205 1207
f 1195 1197 1207
f 1207 1197 1199
f 1207 1199 1202
f 1208 1209 1210
f 1210 1209 1211
f 1065 1067 1208
f 1210 851 1208
f 1208 851 853
f 1208 853 1065
f 1209 1208 848
f 848 1208 1067
f 1211 1209 855
f 855 1209 848
f 1211 855 1210
f 1210 855 851
f 1212 1213 1214
f 1214 1213 1215
f 1216 1212 1217
f 1217 1212 1214
f 1217 1214 1218
f 1218 1214 1219
f 1219 1214 857
f 857 1214 846
f 1218 1219 850
f 850 1219 857
f 1217 1218 860
f 860 1218 850
f 1216 1217 859
f 859 1217 860
f 1212 1216 1068
f 1068 1216 859
f 1068 847 1212
f 1212 847 849
f 1212 849 1213
f 1213 849 861
f 1215 1213 844
f 844 1213 861
f 1214 1215 846
f 846 1215 844
f 1220 1221 1222
f 1222 1221 1223
f 1220 1222 865
f 865 1222 869
f 876 1221 877
f 877 1221 1220
f 877 1220 865
f 868 1223 863
f 863 1223 1221
f 863 1221 876
f 868 869 1223
f 1223 869 1222
f 834 872 1224
f 1224 872 1233
f 1225 1226 872
f 872 1226 1227
f 1228 1229 1230
f 1230 1229 1231
f 1230 1231 1232
f 1232 1231 1233
f 1233 1231 1224
f 870 1226 1225
f 870 1225 878
f 1227 1226 870
f 1230 1232 889
f 889 1232 1233
f 1228 1230 875
f 875 1230 889
f 866 1229 874
f 874 1229 1228
f 874 1228 875
f 1231 1229 867
f 867 1229 866
f 869 1231 867
f 1231 869 1224
f 1224 869 868
f 1224 868 834
f 1234 1235 1236
f 1236 1235 1237
f 1236 1237 1238
f 1238 1237 1239
f 884 1234 842
f 842 1234 1236
f 842 1236 843
f 1235 1234 882
f 882 1234 884
f 880 879 1237
f 1235 882 881
f 881 888 1235
f 1235 888 871
f 1235 871 1237
f 1237 871 880
f 891 887 1239
f 1237 879 890
f 1237 890 893
f 1237 893 1239
f 1239 893 891
f 1238 1239 841
f 841 1239 887
f 1236 1238 843
f 843 1238 841
f 1241 1306 1303
f 1306 1310 1303
f 1242 1244 1245
f 1242 1245 1243
f 1243 1245 1246
f 1042 1244 1242
f 1244 1042 1245
f 1245 1042 1040
f 1040 1038 1245
f 1245 1038 1035
f 1246 1245 1035
f 1246 1035 1034
f 1034 1033 1246
f 1246 1033 1032
f 1246 1032 1243
f 1247 1248 1249
f 1249 1250 1247
f 1247 1250 1251
f 1247 1251 1252
f 1253 1254 1255
f 1255 1254 1252
f 1255 1252 1256
f 1256 1252 1251
f 1256 1251 1257
f 1257 1251 1258
f 1250 1249 901
f 901 1249 899
f 1251 1250 900
f 900 1250 901
f 1258 1251 902
f 902 1251 900
f 1257 1258 903
f 903 1258 902
f 1256 1257 904
f 904 1257 903
f 1255 1256 905
f 905 1256 904
f 1253 1255 898
f 898 1255 905
f 1254 1253 896
f 896 1253 898
f 1252 1254 895
f 895 1254 896
f 1252 895 1247
f 1247 895 1021
f 1021 1023 1247
f 1247 1023 1025
f 1248 1247 911
f 911 1247 1025
f 907 899 1249
f 1248 911 1249
f 1249 911 909
f 1249 909 907
f 1017 906 1031
f 1017 1031 1261
f 1017 1261 1262
f 1017 1262 1263
f 1017 1263 1018
f 1018 1263 1264
f 1018 1264 1259
f 1259 1264 1013
f 1263 1013 1264
f 1259 1013 1260
f 1260 1016 1259
f 1259 1016 1018
f 1031 906 1020
f 1031 1020 1019
f 1261 1030 1029
f 1261 1029 1262
f 1029 1028 1262
f 1262 1028 1263
f 1265 1266 1267
f 1267 1266 996
f 1265 1267 1000
f 1000 1267 999
f 1265 1000 1266
f 1266 1000 1002
f 1002 1004 1266
f 1266 1004 1006
f 996 1266 1006
f 998 999 1267
f 1267 996 997
f 1267 997 998
f 1008 1268 1269
f 1269 989 1008
f 1009 1008 1274
f 1274 1008 1270
f 1271 1272 1273
f 1273 1274 1270
f 989 1269 1012
f 1008 992 1270
f 1270 992 991
f 1270 991 1273
f 1273 991 1271
f 1273 1272 1274
f 1009 1274 994
f 1268 1008 1010
f 1012 1269 1011
f 1011 1269 1268
f 1011 1268 1010
f 1275 1276 1277
f 1277 1276 1278
f 1277 1278 1279
f 1279 1278 1280
f 1279 1280 1281
f 1281 1280 1282
f 1281 1282 1283
f 1283 1282 1284
f 1283 1284 1285
f 1285 1284 1286
f 1285 1286 920
f 920 1286 921
f 1283 1285 919
f 919 1285 920
f 1279 1281 918
f 918 1281 1283
f 1277 1279 916
f 916 1279 918
f 1277 916 1275
f 1275 916 915
f 915 928 1275
f 1275 928 926
f 1276 1275 930
f 930 1275 926
f 1276 930 1278
f 1278 930 938
f 1278 938 941
f 1280 1278 940
f 940 1278 941
f 1280 940 1282
f 1282 940 939
f 939 937 1282
f 1282 937 936
f 1284 1282 942
f 942 1282 936
f 945 921 1286
f 1284 942 1286
f 1286 942 943
f 1286 943 945
f 1287 1288 1289
f 1289 1290 1287
f 1287 1290 1291
f 1287 1291 1292
f 1293 1294 1295
f 1295 1294 1292
f 1295 1292 1296
f 1296 1292 1291
f 1296 1291 1297
f 1297 1291 1298
f 1290 1289 985
f 985 1289 986
f 1291 1290 984
f 984 1290 985
f 1298 1291 922
f 922 1291 984
f 1297 1298 923
f 923 1298 922
f 1296 1297 924
f 924 1297 923
f 1295 1296 925
f 925 1296 924
f 1293 1295 912
f 912 1295 925
f 1294 1293 948
f 948 1293 912
f 1292 1294 947
f 947 1294 948
f 1292 947 1287
f 1287 947 946
f 946 944 1287
f 1287 944 932
f 1288 1287 933
f 933 1287 932
f 987 986 1289
f 1288 933 1289
f 1289 933 988
f 1289 988 987
f 1240 1299 1300
f 1240 1300 1301
f 1240 1301 949
f 949 1301 1302
f 959 1300 952
f 1300 959 1301
f 1301 959 958
f 958 957 1301
f 1301 957 955
f 1302 1301 954
f 954 1301 955
f 1302 954 953
f 953 962 1302
f 1302 962 964
f 1302 964 949
f 1299 952 1300
f 1303 1304 1241
f 1304 1305 1241
f 1241 1305 1306
f 1306 1305 1308
f 1304 1303 1313
f 1308 1309 1306
f 1306 1309 1310
f 1303 1310 1313
f 1305 1304 1308
f 1308 1304 1307
f 1308 1307 1311
f 1311 1307 1312
f 1312 1307 1313
f 1307 1304 1313
f 1312 983 1311
f 982 1311 983
f 1311 982 1308
f 1308 982 981
f 981 980 1308
f 1308 980 979
f 1309 1308 839
f 839 1308 979
f 1309 839 838
f 1309 838 1310
f 1314 1315 1316
f 1316 1315 1317
f 1318 1319 1320
f 1320 1319 1321
f 1322 974 1317
f 1317 974 1320
f 1317 1320 1316
f 1316 1320 1321
f 1321 1319 978
f 978 1319 977
f 1314 1316 970
f 970 1316 1321
f 1315 1314 968
f 968 1314 970
f 1317 1315 967
f 967 1315 968
f 1317 967 1322
f 1322 967 966
f 966 971 1322
f 1322 971 973
f 974 1322 973
f 1320 974 975
f 1320 975 892
f 1318 1320 976
f 976 1320 892
f 1319 1318 977
f 977 1318 976
f 1323 1324 1325
f 1325 1324 1326
f 1323 1325 627
f 627 1325 620
f 1324 1323 622
f 622 1323 627
f 1326 1324 621
f 621 1324 622
f 1325 1326 620
f 620 1326 621
f 1327 1328 1329
f 1329 1328 1330
f 1331 1327 740
f 740 1327 1329
f 740 1329 1332
f 1332 1329 1333
f 1333 1329 635
f 635 1329 636
f 1332 1333 631
f 631 1333 635
f 630 740 1332
f 630 1332 631
f 634 1331 740
f 1327 1331 632
f 632 1331 634
f 1327 632 629
f 1327 629 628
f 1327 628 1328
f 1328 628 624
f 1330 1328 637
f 637 1328 624
f 1329 1330 636
f 636 1330 637
f 1334 1335 1336
f 1336 1335 1337
f 1334 1336 645
f 645 1336 642
f 736 625 1335
f 736 1335 737
f 737 1335 1334
f 737 1334 645
f 646 1337 647
f 647 1337 1335
f 647 1335 625
f 646 642 1337
f 1337 642 1336
f 648 1338 1340
f 1340 1338 1339
f 1341 1342 1343
f 1343 1342 1344
f 1343 1344 1345
f 1345 1344 1339
f 1339 1344 1340
f 1343 1345 639
f 639 1345 1339
f 1341 1343 638
f 638 1343 639
f 1342 1341 641
f 641 1341 638
f 1344 1342 640
f 640 1342 641
f 642 1344 640
f 1344 642 1340
f 1340 642 646
f 1340 646 648
f 1346 1347 1348
f 1348 1347 1349
f 1348 1349 1350
f 1350 1349 1351
f 1346 1348 651
f 651 1348 712
f 1347 1346 650
f 650 1346 651
f 652 1349 649
f 649 1349 1347
f 649 1347 650
f 653 1351 654
f 654 1351 1349
f 654 1349 652
f 1350 1351 711
f 711 1351 653
f 1348 1350 712
f 712 1350 711
f 1352 1357 1360
f 1357 1358 1360
f 1353 1403 1400
f 1354 1409 1406
f 1409 1410 1406
f 1360 1355 1352
f 1355 1356 1352
f 1352 1356 1357
f 1355 1360 1359
f 1361 1360 1358
f 1358 1357 1362
f 1362 1357 1356
f 1362 1356 1363
f 1363 1356 1355
f 1363 1355 726
f 726 1355 1359
f 724 1362 1363
f 724 1363 726
f 1358 1362 724
f 1364 1365 1366
f 1366 1365 1367
f 1368 1369 1370
f 1370 1369 1371
f 1372 1373 1374
f 1374 1373 1375
f 1374 1375 1367
f 1367 1375 1370
f 1367 1370 1366
f 1366 1370 1371
f 1371 1369 666
f 666 1369 667
f 1366 1371 665
f 665 1371 666
f 1364 1366 664
f 664 1366 665
f 1365 1364 659
f 659 1364 664
f 1367 1365 657
f 657 1365 659
f 1374 1367 656
f 656 1367 657
f 1372 1374 658
f 658 1374 656
f 1373 1372 662
f 662 1372 658
f 1375 1373 661
f 661 1373 662
f 669 1370 1375
f 669 1375 661
f 1368 1370 668
f 668 1370 669
f 667 1369 668
f 668 1369 1368
f 722 1378 1377
f 1377 1378 1379
f 722 671 1378
f 1378 671 723
f 1378 723 1379
f 1379 723 1377
f 1380 695 1381
f 1380 1381 1382
f 1382 1381 1383
f 1382 1383 1384
f 1384 1383 1385
f 1384 1385 1386
f 1386 1385 1387
f 1386 1387 688
f 688 1387 689
f 1384 1386 687
f 687 1386 688
f 1380 1382 686
f 686 1382 1384
f 695 1380 686
f 694 1383 1381
f 694 1381 695
f 1385 1383 734
f 734 1383 694
f 689 1387 734
f 734 1387 1385
f 1388 1389 1390
f 1390 1391 1388
f 1388 1391 1392
f 1388 1392 1393
f 1394 1395 1396
f 1396 1395 1393
f 1396 1393 1397
f 1397 1393 1392
f 1397 1392 1398
f 1398 1392 1399
f 1391 1390 674
f 674 1390 676
f 1392 1391 673
f 673 1391 674
f 1399 1392 675
f 675 1392 673
f 1398 1399 681
f 681 1399 675
f 1397 1398 679
f 679 1398 681
f 1396 1397 678
f 678 1397 679
f 1394 1396 680
f 680 1396 678
f 1395 1394 683
f 683 1394 680
f 1393 1395 682
f 682 1395 683
f 693 1388 1393
f 693 1393 682
f 1389 1388 691
f 691 1388 693
f 676 1390 691
f 691 1390 1389
f 1400 1401 1353
f 1401 1402 1353
f 1353 1402 1403
f 696 1400 702
f 702 1400 1403
f 702 1403 1404
f 1404 1403 1402
f 1404 1402 1405
f 1405 1402 1401
f 1405 1401 700
f 700 1401 697
f 701 1404 1405
f 701 1405 700
f 702 1404 701
f 1400 697 1401
f 1406 1407 1354
f 1407 1408 1354
f 1354 1408 1409
f 1409 1408 1413
f 1413 1408 1407
f 1412 1406 1410
f 1412 1414 1415
f 1412 1415 1416
f 1412 1416 1411
f 1414 1412 1410
f 1413 720 1409
f 1409 720 1410
f 1416 1413 1411
f 1411 1413 1407
f 1411 1407 1406
f 1411 1406 1412
f 1416 1415 719
f 719 1415 1414
f 718 1413 1416
f 718 1416 719
f 720 1413 721
f 721 1413 718
f 1417 1418 1419
f 1419 1418 1420
f 1421 1422 1423
f 1423 1422 1424
f 1424 1425 1419
f 1424 1419 1423
f 1423 1419 1420
f 1420 1418 707
f 707 1418 715
f 1421 1423 706
f 706 1423 1420
f 1422 1421 713
f 713 1421 706
f 1424 1422 705
f 705 1422 713
f 704 1425 1424
f 704 1424 705
f 716 1425 704
f 709 1419 716
f 716 1419 1425
f 1417 1419 708
f 708 1419 709
f 1418 1417 715
f 715 1417 708
f 67 70 68
f 68 70 67
f 78 64 69
f 69 64 56
f 78 56 64
f 272 307 205
f 205 307 206
f 209 210 268
f 268 210 310
f 1434 1432 1426
f 1427 1428 1429
f 1429 1428 1430
f 1429 1430 1431
f 1431 1430 1432
f 1428 1427 1435
f 1434 1435 1427
f 1434 1427 1432
f 1435 1434 1436
f 1435 1436 1426
f 1434 1432 1436
f 1434 1426 1432
f 1436 1432 1426
f 1426 1432 1430
f 1426 1430 1428
f 1426 1428 1435
f 1436 1432 1427
f 1436 1427 1429
f 1436 1429 1431
f 1436 1431 1432
f 1448 1477 1438
f 1440 1490 1509
f 1440 1489 1490
f 1439 1489 1440
f 1439 1506 1441
f 1445 1483 1444
f 1443 1444 1483
f 1445 1444 1478
f 1445 1478 1446
f 1448 1438 1447
f 1448 1447 1465
f 1477 1454 1449
f 1450 1449 1454
f 1472 120 1471
f 1451 120 1472
f 1471 120 1451
f 1451 1452 1509
f 1451 1472 1452
f 1509 1452 1472
f 1465 1491 1454
f 1456 1493 1453
f 1457 1456 1458
f 1458 1456 1453
f 1458 1453 1461
f 1433 1509 1472
f 1506 1439 1492
f 1471 1451 1461
f 1442 1441 1506
f 1451 1460 1461
f 1460 1462 1461
f 1461 1462 1437
f 1439 1459 1492
f 1492 1459 1433
f 1440 1509 1459
f 1459 1509 1433
f 1433 1471 1492
f 1461 1453 1491
f 1461 1491 1471
f 1493 1491 1453
f 1491 1493 1455
f 1486 1506 1492
f 1486 1492 1443
f 1443 1492 1463
f 1443 1463 1444
f 1496 1463 1491
f 1455 1450 1491
f 1491 1450 1454
f 1448 1465 1454
f 1448 1454 1477
f 1463 137 1444
f 1444 137 1478
f 1463 1464 137
f 137 1464 1478
f 1496 1491 1500
f 1500 1491 1465
f 1465 1447 1466
f 1465 1466 1500
f 1463 1496 1464
f 1461 1469 1470
f 1474 1452 1472
f 1452 1474 1509
f 112 114 1473
f 1473 114 116
f 1473 116 1472
f 1508 120 112
f 1472 116 118
f 1472 118 1474
f 1437 1469 1461
f 110 108 1502
f 1502 108 109
f 1502 109 1475
f 1475 109 110
f 1449 110 1477
f 1449 1475 110
f 1476 1438 1502
f 1502 1438 1477
f 1502 1477 110
f 1476 1448 1468
f 1502 1448 1476
f 1468 1448 132
f 1481 1478 1480
f 1481 1480 1482
f 187 1483 1480
f 183 1484 1483
f 183 1483 188
f 1484 183 1479
f 1479 183 185
f 1479 185 186
f 186 187 1479
f 1479 187 1480
f 194 190 1484
f 1484 190 192
f 192 193 1484
f 1484 193 1483
f 1483 193 195
f 1483 195 1486
f 1486 195 1485
f 194 1486 1485
f 1486 1492 1506
f 1467 1487 1492
f 1492 1487 1506
f 1490 1489 172
f 1490 172 166
f 1440 166 1488
f 1488 166 167
f 1488 167 1489
f 1440 1490 166
f 1433 1492 1471
f 1478 1504 1495
f 1498 138 1495
f 1495 138 137
f 137 139 1495
f 1495 139 140
f 1495 140 1478
f 1478 140 137
f 1478 137 1480
f 1504 149 1495
f 1499 145 147
f 147 149 1499
f 1499 149 1504
f 149 142 1495
f 1495 142 1498
f 1498 142 143
f 1463 1504 1496
f 1468 132 133
f 1468 133 1497
f 133 131 1497
f 1497 131 129
f 1497 129 1501
f 1501 129 130
f 1501 130 132
f 1491 1463 1496
f 1449 104 1475
f 1502 132 1448
f 1475 104 100
f 1475 100 1503
f 1503 100 101
f 1503 101 103
f 103 104 1503
f 1449 1505 1503
f 1449 1503 104
f 1463 1499 1504
f 1505 1491 1500
f 1505 1455 1491
f 1501 1505 1500
f 1501 1500 1497
f 194 1484 1463
f 1463 1484 1479
f 1463 1479 1480
f 1463 1480 1498
f 1498 1480 137
f 1498 137 138
f 1492 1486 194
f 1492 194 1463
f 1463 1498 1499
f 1499 1498 143
f 1499 143 145
f 1503 1505 1475
f 1475 1505 1502
f 1502 1505 1501
f 1502 1501 132
f 1491 1496 1500
f 1494 1461 1493
f 1449 1455 1505
f 1470 1508 1461
f 1488 1467 1492
f 175 1488 1492
f 1492 1433 1507
f 112 1473 1508
f 118 120 1474
f 1474 120 1508
f 1488 175 1440
f 175 1492 1507
f 175 1507 1459
f 1440 1459 1507
f 1440 1507 1433
f 1440 1433 1509
f 1455 1493 1491
f 1491 1493 1461
f 1491 1461 1471
f 1461 1508 1471
f 1471 1508 1473
f 1471 1473 1472
f 1490 1440 1509
f 1509 1472 1452
f 1509 1433 1472
f 1451 1509 1474
f 1451 1474 1508
f 1451 1508 1460
f 1460 1508 1470
f 1460 1470 1462
f 1462 1470 1469
f 1462 1469 1437
f 1450 1455 1449
f 1438 1476 1447
f 1478 1464 1504
f 1504 1464 1496
f 1500 1466 1497
f 1497 1466 1468
f 1468 1466 1447
f 1468 1447 1476
f 1478 1481 1446
f 1445 1446 1482
f 1482 1446 1481
f 1445 1482 1480
f 1445 1480 1483
f 1443 1483 1486
f 1442 1506 1487
f 1442 1487 1441
f 1441 1487 1467
f 1441 1467 1439
f 1439 1467 1488
f 1439 1488 1489
f 1443 193 192
f 1443 192 190
f 1443 190 194
f 193 1443 195
f 1443 1485 195
f 1485 1443 194
f 1489 167 166
f 1489 166 1440
f 1489 1440 172
f 172 1440 166
f 1465 132 130
f 1465 130 129
f 1465 131 133
f 1465 133 132
f 131 1465 129
f 1450 104 103
f 1450 103 101
f 1450 101 100
f 1450 100 104
f 1454 110 109
f 1454 109 108
f 1454 108 110
f 120 118 116
f 120 116 114
f 120 114 112
f 1439 175 1459
f 1440 175 1439
f 1444 187 186
f 1444 186 185
f 1444 185 183
f 1444 183 188
f 1444 188 1483
f 1444 1483 187
f 137 140 139
f 1464 149 147
f 1464 147 145
f 1464 145 143
f 1464 143 142
f 1464 142 149
f 1461 1494 1458
f 1458 1494 1457
f 1493 1456 1457
f 1493 1457 1494
f 1517 1516 1510
f 1511 1512 1513
f 1513 1512 1514
f 1513 1514 1515
f 1515 1514 1516
f 1512 1511 1518
f 1517 1518 1511
f 1517 1511 1516
f 1518 1517 1519
f 1518 1519 1510
f 1517 1516 1519
f 1517 1510 1516
f 1519 1516 1510
f 1510 1516 1514
f 1510 1514 1512
f 1510 1512 1518
f 1519 1516 1511
f 1519 1511 1513
f 1519 1513 1515
f 1519 1515 1516
f 1522 1523 1524
f 1524 1523 1525
f 1524 1525 1532
f 1523 1522 1526
f 1526 1522 1540
f 1527 1528 1529
f 1529 1528 1526
f 1529 1526 1540
f 1533 1534 1535
f 1536 1537 1538
f 1522 1524 1539
f 1524 1532 1539
f 1539 1532 1530
f 1539 1530 1540
f 1530 1532 1531
f 1522 1539 1540
f 1543 1540 1530
f 1538 1531 1541
f 1538 1541 1536
f 1527 1529 1540
f 1542 1530 1531
f 1542 1531 1538
f 1542 1538 1535
f 1535 1538 1537
f 1535 1537 1533
f 1543 1530 1544
f 1544 1530 1545
f 1545 1530 1542
f 1542 1535 1546
f 1546 1535 1534
f 1546 1534 1547
f 1550 1566 1548
f 1551 1548 1552
f 1553 1797 1548
f 1548 1797 1550
f 1797 1554 1550
f 1550 1554 1555
f 1554 1556 1555
f 1555 1556 1557
f 1555 1557 1558
f 1559 1560 1561
f 1561 1560 1558
f 1561 1558 1562
f 1562 1558 1557
f 1566 1550 1555
f 1565 1566 1567
f 1567 1566 1568
f 1560 1566 1558
f 1558 1566 1555
f 1548 1566 1565
f 1548 1565 1552
f 1552 1564 1551
f 1569 1551 1570
f 1570 1551 1564
f 1564 1571 1570
f 1564 1552 1571
f 1571 1552 1563
f 1548 1551 1549
f 1549 1551 1569
f 1778 1553 1548
f 1553 1778 1572
f 1572 1778 1549
f 1572 1549 1573
f 1549 1569 1573
f 1573 1569 1574
f 1573 1574 1575
f 1575 1574 1576
f 1576 1574 1577
f 1576 1577 1578
f 1578 1577 1579
f 1579 1577 1580
f 1579 1580 1581
f 1581 1580 1582
f 1581 1582 1583
f 1570 1571 1563
f 1584 1585 1563
f 1569 1570 1574
f 1574 1570 1563
f 1574 1563 1577
f 1577 1563 1580
f 1580 1563 1585
f 1580 1585 1582
f 1585 1586 1582
f 1587 1520 1588
f 1596 1582 1586
f 1598 1599 1600
f 1600 1599 1601
f 1600 1601 1602
f 1603 1584 1597
f 1597 1584 1563
f 1593 1596 1604
f 1604 1596 1586
f 1604 1586 1603
f 1603 1586 1585
f 1603 1585 1584
f 1597 1563 1605
f 1597 1605 1603
f 1603 1605 1606
f 1603 1606 1604
f 1604 1606 1595
f 1604 1595 1593
f 1563 1607 1605
f 1605 1607 1608
f 1605 1608 1606
f 1606 1608 1609
f 1606 1609 1595
f 1595 1609 1594
f 1595 1594 1593
f 1775 1593 1610
f 1610 1593 1594
f 1610 1594 1611
f 1611 1594 1609
f 1611 1609 1612
f 1612 1609 1608
f 1612 1608 1613
f 1613 1608 1607
f 1613 1614 1612
f 1612 1614 1615
f 1612 1615 1611
f 1611 1615 1616
f 1611 1616 1610
f 1610 1616 1592
f 1610 1592 1775
f 1614 1617 1615
f 1615 1617 1618
f 1615 1618 1616
f 1616 1618 1619
f 1616 1619 1592
f 1592 1619 1591
f 1592 1591 1775
f 1617 1620 1618
f 1618 1620 1621
f 1618 1621 1619
f 1619 1621 1622
f 1619 1622 1591
f 1591 1622 1590
f 1591 1590 1775
f 1623 1775 1590
f 1623 1590 1624
f 1624 1590 1622
f 1624 1622 1625
f 1625 1622 1621
f 1625 1621 1626
f 1626 1621 1620
f 1626 1627 1625
f 1625 1627 1628
f 1625 1628 1624
f 1624 1628 1629
f 1624 1629 1623
f 1623 1629 1589
f 1623 1589 1775
f 1627 1630 1628
f 1628 1630 1631
f 1628 1631 1629
f 1629 1631 1632
f 1629 1632 1589
f 1589 1632 1588
f 1589 1588 1775
f 1775 1588 1520
f 1633 1587 1634
f 1634 1587 1588
f 1634 1588 1635
f 1635 1588 1632
f 1635 1632 1636
f 1636 1632 1631
f 1636 1631 1637
f 1637 1631 1630
f 1637 1598 1636
f 1636 1598 1600
f 1636 1600 1635
f 1635 1600 1602
f 1635 1602 1634
f 1634 1602 1638
f 1634 1638 1633
f 1633 1638 1639
f 1601 1640 1602
f 1602 1640 1638
f 1638 1640 1641
f 1638 1641 1639
f 1639 1641 1642
f 1642 1641 1643
f 1641 1640 1650
f 1640 1601 1650
f 1650 1601 1599
f 1644 1645 1647
f 1647 1645 1646
f 1599 1648 1650
f 1650 1648 1649
f 1643 1641 1650
f 1651 1650 1652
f 1652 1650 1647
f 1649 1644 1650
f 1650 1644 1647
f 1531 1647 1541
f 1541 1647 1646
f 1541 1646 1536
f 1536 1646 1645
f 1536 1645 1537
f 1537 1645 1644
f 1537 1644 1533
f 1533 1644 1649
f 1533 1649 1534
f 1534 1649 1648
f 1534 1648 1547
f 1547 1648 1599
f 1653 1647 1531
f 1654 1780 1643
f 1643 1650 1654
f 1654 1650 1651
f 1654 1651 1655
f 1655 1651 1652
f 1655 1652 1656
f 1647 1653 1652
f 1652 1653 1657
f 1652 1657 1656
f 1658 1659 1660
f 1661 1662 1663
f 1663 1964 1780
f 1662 1964 1663
f 1659 1658 1663
f 1663 1658 1664
f 1663 1664 1661
f 1665 1666 1660
f 1660 1666 1667
f 1660 1667 1658
f 1780 1654 1663
f 1663 1654 1655
f 1663 1655 1659
f 1659 1655 1656
f 1659 1656 1660
f 1660 1656 1657
f 1660 1657 1665
f 1653 1521 1657
f 1657 1521 1532
f 1657 1532 1665
f 1521 1653 1531
f 1521 1531 1532
f 1532 1525 1665
f 1665 1525 1668
f 1665 1668 1666
f 1666 1668 1667
f 1667 1668 1669
f 1667 1669 1658
f 1658 1669 1664
f 1664 1669 1670
f 1664 1670 1661
f 1661 1670 1662
f 1662 1670 1671
f 1662 1671 1964
f 1523 1526 1674
f 1672 1673 1674
f 1685 1674 1526
f 1685 1526 1528
f 1525 1523 1668
f 1668 1523 1674
f 1668 1674 1669
f 1669 1674 1670
f 1670 1674 1673
f 1670 1673 1671
f 1673 1675 1671
f 1676 1966 1677
f 1966 1965 1679
f 1684 1671 1675
f 1687 1688 1689
f 1689 1688 1690
f 1689 1690 1691
f 1692 1672 1686
f 1686 1672 1674
f 1686 1674 1685
f 1964 1684 1693
f 1693 1684 1675
f 1693 1675 1692
f 1692 1675 1673
f 1692 1673 1672
f 1685 1694 1686
f 1686 1694 1695
f 1686 1695 1692
f 1692 1695 1696
f 1692 1696 1693
f 1693 1696 1683
f 1693 1683 1964
f 1694 1697 1695
f 1695 1697 1698
f 1695 1698 1696
f 1696 1698 1699
f 1696 1699 1683
f 1683 1699 1682
f 1683 1682 1964
f 1700 1964 1682
f 1700 1682 1701
f 1701 1682 1699
f 1701 1699 1702
f 1702 1699 1698
f 1702 1698 1703
f 1703 1698 1697
f 1703 1704 1702
f 1702 1704 1705
f 1702 1705 1701
f 1701 1705 1706
f 1701 1706 1700
f 1700 1706 1681
f 1700 1681 1964
f 1964 1681 1965
f 1704 1707 1705
f 1705 1707 1708
f 1705 1708 1706
f 1706 1708 1709
f 1706 1709 1681
f 1681 1709 1680
f 1681 1680 1965
f 1707 1710 1708
f 1708 1710 1711
f 1708 1711 1709
f 1709 1711 1712
f 1709 1712 1680
f 1680 1712 1679
f 1680 1679 1965
f 1713 1966 1679
f 1713 1679 1714
f 1714 1679 1712
f 1714 1712 1715
f 1715 1712 1711
f 1715 1711 1716
f 1716 1711 1710
f 1716 1717 1715
f 1715 1717 1718
f 1715 1718 1714
f 1714 1718 1719
f 1714 1719 1713
f 1713 1719 1678
f 1713 1678 1966
f 1717 1720 1718
f 1718 1720 1721
f 1718 1721 1719
f 1719 1721 1722
f 1719 1722 1678
f 1678 1722 1677
f 1678 1677 1966
f 1723 1676 1724
f 1724 1676 1677
f 1724 1677 1725
f 1725 1677 1722
f 1725 1722 1726
f 1726 1722 1721
f 1726 1721 1727
f 1727 1721 1720
f 1727 1687 1726
f 1726 1687 1689
f 1726 1689 1725
f 1725 1689 1691
f 1725 1691 1724
f 1724 1691 1728
f 1724 1728 1723
f 1723 1728 1729
f 1690 1730 1691
f 1691 1730 1728
f 1728 1730 1731
f 1728 1731 1729
f 1729 1731 1732
f 1732 1731 1733
f 1734 1781 1773
f 1736 1748 1756
f 1756 1748 1735
f 1737 1966 1733
f 1733 1747 1737
f 1737 1747 1738
f 1737 1738 1739
f 1739 1738 1740
f 1739 1740 1741
f 1748 1736 1740
f 1740 1736 1742
f 1740 1742 1741
f 1731 1730 1747
f 1730 1690 1747
f 1747 1690 1688
f 1744 1745 1748
f 1688 1746 1747
f 1744 1748 1747
f 1733 1731 1747
f 1738 1747 1740
f 1740 1747 1748
f 1747 1743 1744
f 1748 1745 1735
f 1735 1745 1749
f 1745 1744 1749
f 1749 1744 1743
f 1749 1743 1750
f 1688 1751 1746
f 1746 1751 1750
f 1746 1750 1747
f 1747 1750 1743
f 1756 1735 1749
f 1753 1734 1773
f 1753 1773 1754
f 1754 1773 1755
f 1751 1756 1750
f 1750 1756 1749
f 1734 1757 1761
f 1734 1753 1757
f 1757 1753 1752
f 1757 1752 1758
f 1757 1758 1759
f 1761 1757 1759
f 1761 1759 1760
f 1762 1761 1763
f 1763 1761 1934
f 1760 1934 1761
f 1781 1734 1761
f 1781 1761 1764
f 1764 1761 1762
f 1764 1762 1765
f 1765 1762 1766
f 1766 1762 1763
f 1766 1763 1767
f 1767 1763 1934
f 1767 1934 1940
f 1765 1768 1769
f 1770 1940 1966
f 1767 1940 1770
f 1768 1765 1770
f 1770 1765 1766
f 1770 1766 1767
f 1769 1781 1764
f 1769 1764 1765
f 1966 1737 1770
f 1770 1737 1739
f 1770 1739 1768
f 1768 1739 1741
f 1768 1741 1769
f 1769 1741 1742
f 1769 1742 1781
f 1756 1771 1736
f 1736 1771 1742
f 1742 1771 1781
f 1773 1781 1756
f 1781 1771 1756
f 1776 1781 1773
f 1781 1772 1773
f 2021 1783 1782
f 1775 1532 1776
f 1776 1773 1862
f 1862 1773 1777
f 1777 1773 1772
f 1862 1548 1776
f 1775 1776 1548
f 1862 1782 1548
f 1548 1782 1783
f 1783 1778 1548
f 1548 1549 1775
f 1780 1965 1532
f 1520 1780 1775
f 1549 1779 1775
f 1775 1780 1532
f 1781 1776 1965
f 1965 1776 1532
f 1779 1775 1520
f 1862 1777 1782
f 1549 1778 1783
f 1781 1777 1772
f 1593 1779 1549
f 1671 1684 1964
f 1964 1965 1780
f 1582 1596 1583
f 1583 1596 1549
f 1596 1593 1549
f 1779 1593 1775
f 1587 1780 1520
f 1587 1633 1780
f 1780 1633 1639
f 1780 1639 1642
f 1780 1642 1643
f 1676 1723 1966
f 1966 1723 1729
f 1966 1729 1732
f 1966 1732 1733
f 1578 1784 1785
f 1786 1549 1787
f 1581 1583 1786
f 1786 1583 1549
f 1784 1578 1786
f 1786 1578 1579
f 1786 1579 1581
f 1573 1575 1785
f 1785 1575 1576
f 1785 1576 1578
f 1787 1789 1786
f 1786 1789 1790
f 1786 1790 1784
f 1784 1790 1788
f 1784 1788 1785
f 1785 1788 1572
f 1785 1572 1573
f 1789 1787 1791
f 1791 1562 1789
f 1789 1562 1792
f 1789 1792 1790
f 1790 1792 1793
f 1790 1793 1788
f 1797 1553 1793
f 1793 1553 1572
f 1793 1572 1788
f 1794 1795 1562
f 1795 1796 1562
f 1562 1796 1559
f 1556 1554 1797
f 1559 1561 1562
f 1556 1797 1562
f 1791 1794 1562
f 1792 1562 1793
f 1793 1562 1797
f 1562 1557 1556
f 1798 1783 1799
f 1806 1807 1808
f 1810 1559 1811
f 1811 1559 1796
f 1811 1796 1812
f 1782 1806 1814
f 1814 1806 1808
f 1814 1808 1813
f 1813 1808 1815
f 1815 1816 1817
f 1815 1817 1813
f 1813 1817 1818
f 1813 1818 1814
f 1814 1818 1805
f 1814 1805 1782
f 1816 1819 1817
f 1817 1819 1820
f 1817 1820 1818
f 1818 1820 1821
f 1818 1821 1805
f 1805 1821 1804
f 1805 1804 1782
f 1822 1782 1804
f 1822 1804 1823
f 1823 1804 1821
f 1823 1821 1824
f 1824 1821 1820
f 1824 1820 1825
f 1825 1820 1819
f 1825 1826 1824
f 1824 1826 1827
f 1824 1827 1823
f 1823 1827 1828
f 1823 1828 1822
f 1822 1828 1803
f 1822 1803 1782
f 1782 1803 1783
f 1826 1829 1827
f 1827 1829 1830
f 1827 1830 1828
f 1828 1830 1831
f 1828 1831 1803
f 1803 1831 1802
f 1803 1802 1783
f 1829 1832 1830
f 1830 1832 1833
f 1830 1833 1831
f 1831 1833 1834
f 1831 1834 1802
f 1802 1834 1801
f 1802 1801 1783
f 1835 1783 1801
f 1835 1801 1836
f 1836 1801 1834
f 1836 1834 1837
f 1837 1834 1833
f 1837 1833 1838
f 1838 1833 1832
f 1838 1839 1837
f 1837 1839 1840
f 1837 1840 1836
f 1836 1840 1841
f 1836 1841 1835
f 1835 1841 1800
f 1835 1800 1783
f 1839 1842 1840
f 1840 1842 1843
f 1840 1843 1841
f 1841 1843 1844
f 1841 1844 1800
f 1800 1844 1799
f 1800 1799 1783
f 1845 1798 1846
f 1846 1798 1799
f 1846 1799 1847
f 1847 1799 1844
f 1847 1844 1848
f 1848 1844 1843
f 1848 1843 1849
f 1849 1843 1842
f 1849 1810 1848
f 1848 1810 1811
f 1848 1811 1847
f 1847 1811 1812
f 1847 1812 1846
f 1846 1812 1850
f 1846 1850 1845
f 1845 1850 1851
f 1796 1795 1812
f 1812 1795 1850
f 1850 1795 1794
f 1850 1794 1851
f 1851 1794 1852
f 1852 1794 1791
f 1853 1854 1815
f 1816 1815 1854
f 1816 1854 1809
f 1855 1853 1856
f 1856 1853 1815
f 1856 1815 1857
f 1857 1815 1858
f 1858 1815 1807
f 1815 1808 1807
f 1859 1860 1862
f 1862 1863 1861
f 1864 1865 1866
f 1867 1868 1869
f 1875 1862 1871
f 1870 1863 1872
f 1869 1875 1871
f 1869 1871 1867
f 1873 1874 1872
f 1863 1862 1875
f 1875 1869 1866
f 1866 1869 1868
f 1866 1868 1864
f 1873 1872 1876
f 1876 1872 1863
f 1876 1863 1877
f 1877 1863 1878
f 1878 1863 1875
f 1878 1875 1879
f 1879 1875 1880
f 1880 1875 1881
f 1881 1875 1866
f 1881 1866 1882
f 1882 1866 1865
f 1882 1865 1883
f 1855 1861 1853
f 1853 1861 1863
f 1853 1863 1870
f 1853 1870 1854
f 1854 1870 1872
f 1873 1809 1874
f 1874 1809 1854
f 1874 1854 1872
f 1862 1861 1774
f 1774 1861 1855
f 1859 1862 1774
f 1774 1884 1885
f 1885 1859 1774
f 1774 1855 1884
f 1884 1855 1856
f 1884 1856 1886
f 1886 1856 1887
f 1887 1856 1857
f 1887 1857 1888
f 1888 1857 1889
f 1889 1857 1858
f 1889 1858 1890
f 1890 1858 1807
f 1890 1807 1782
f 1888 1891 1892
f 1893 1782 1777
f 1890 1782 1893
f 1891 1888 1893
f 1893 1888 1889
f 1893 1889 1890
f 1884 1886 1892
f 1892 1886 1887
f 1892 1887 1888
f 1777 1895 1893
f 1893 1895 1896
f 1893 1896 1891
f 1891 1896 1894
f 1891 1894 1892
f 1892 1894 1885
f 1892 1885 1884
f 1895 1777 1897
f 1897 1909 1895
f 1895 1909 1898
f 1895 1898 1896
f 1896 1898 1899
f 1896 1899 1894
f 1860 1859 1899
f 1899 1859 1885
f 1899 1885 1894
f 1900 1901 1909
f 1901 1902 1909
f 1909 1902 1903
f 1904 1905 1860
f 1860 1905 1906
f 1903 1907 1909
f 1909 1907 1908
f 1897 1900 1909
f 1898 1909 1899
f 1899 1909 1860
f 1908 1904 1909
f 1909 1904 1860
f 1862 1860 1871
f 1871 1860 1906
f 1871 1906 1867
f 1867 1906 1905
f 1867 1905 1868
f 1868 1905 1904
f 1868 1904 1864
f 1864 1904 1908
f 1864 1908 1865
f 1865 1908 1907
f 1865 1907 1883
f 1883 1907 1903
f 1816 1809 1873
f 1839 1838 1876
f 1876 1838 1832
f 1876 1832 1873
f 1685 1528 1527
f 1910 1911 1882
f 1560 1559 1810
f 1912 1758 1752
f 1883 1903 1913
f 1832 1829 1873
f 1873 1829 1826
f 1873 1826 1825
f 1542 1620 1878
f 1542 1878 1545
f 1545 1878 1879
f 1545 1879 1544
f 1544 1879 1880
f 1544 1880 1543
f 1543 1880 1707
f 1543 1707 1540
f 1912 1752 1914
f 1773 1880 1755
f 1755 1880 1881
f 1755 1881 1754
f 1754 1881 1882
f 1754 1882 1753
f 1825 1819 1873
f 1873 1819 1816
f 1810 1849 1560
f 1560 1849 1842
f 1560 1842 1839
f 1613 1607 1563
f 1547 1599 1598
f 1880 1773 1707
f 1707 1773 1756
f 1915 1916 1883
f 1883 1916 1917
f 1883 1917 1882
f 1882 1917 1918
f 1882 1918 1910
f 1565 1620 1552
f 1552 1620 1617
f 1552 1617 1563
f 1563 1617 1614
f 1563 1614 1613
f 1540 1707 1527
f 1527 1707 1704
f 1527 1704 1703
f 1703 1697 1527
f 1527 1697 1694
f 1527 1694 1685
f 1753 1882 1911
f 1753 1911 1752
f 1752 1911 1919
f 1752 1919 1914
f 1913 1920 1883
f 1883 1920 1921
f 1883 1921 1915
f 1620 1565 1878
f 1542 1546 1620
f 1620 1546 1547
f 1620 1547 1626
f 1626 1547 1627
f 1878 1565 1567
f 1878 1567 1877
f 1877 1567 1568
f 1877 1568 1876
f 1876 1568 1566
f 1876 1566 1839
f 1839 1566 1560
f 1598 1637 1547
f 1547 1637 1630
f 1547 1630 1627
f 1688 1687 1751
f 1751 1687 1727
f 1751 1727 1720
f 1720 1717 1751
f 1751 1717 1716
f 1751 1716 1756
f 1756 1716 1710
f 1756 1710 1707
f 1922 1777 1923
f 1758 1912 1930
f 1913 1903 1931
f 1931 1903 1902
f 1931 1902 1932
f 1933 1940 1934
f 1758 1930 1759
f 1759 1930 1935
f 1759 1935 1760
f 1760 1935 1933
f 1760 1933 1934
f 1912 1914 1930
f 1930 1914 1936
f 1930 1936 1935
f 1935 1936 1937
f 1935 1937 1933
f 1933 1937 1929
f 1933 1929 1940
f 1914 1919 1936
f 1936 1919 1938
f 1936 1938 1937
f 1937 1938 1939
f 1937 1939 1929
f 1929 1939 1928
f 1929 1928 1940
f 1941 1940 1928
f 1941 1928 1942
f 1942 1928 1939
f 1942 1939 1943
f 1943 1939 1938
f 1943 1938 1911
f 1911 1938 1919
f 1911 1910 1943
f 1943 1910 1944
f 1943 1944 1942
f 1942 1944 1945
f 1942 1945 1941
f 1941 1945 1927
f 1941 1927 1940
f 1940 1927 1777
f 1910 1918 1944
f 1944 1918 1946
f 1944 1946 1945
f 1945 1946 1947
f 1945 1947 1927
f 1927 1947 1926
f 1927 1926 1777
f 1925 1777 1926
f 1925 1926 1948
f 1948 1926 1947
f 1948 1947 1949
f 1949 1947 1946
f 1949 1946 1917
f 1917 1946 1918
f 1950 1777 1925
f 1950 1925 1951
f 1951 1925 1948
f 1951 1948 1952
f 1952 1948 1949
f 1952 1949 1916
f 1916 1949 1917
f 1916 1915 1952
f 1952 1915 1953
f 1952 1953 1951
f 1951 1953 1954
f 1951 1954 1950
f 1950 1954 1924
f 1950 1924 1777
f 1915 1921 1953
f 1953 1921 1955
f 1953 1955 1954
f 1954 1955 1956
f 1954 1956 1924
f 1924 1956 1923
f 1924 1923 1777
f 1957 1922 1958
f 1958 1922 1923
f 1958 1923 1959
f 1959 1923 1956
f 1959 1956 1960
f 1960 1956 1955
f 1960 1955 1920
f 1920 1955 1921
f 1920 1913 1960
f 1960 1913 1931
f 1960 1931 1959
f 1959 1931 1932
f 1959 1932 1958
f 1958 1932 1961
f 1958 1961 1957
f 1957 1961 1962
f 1902 1901 1932
f 1932 1901 1961
f 1961 1901 1900
f 1961 1900 1962
f 1962 1900 1963
f 1963 1900 1897
f 1787 1549 1783
f 1787 1783 1791
f 1807 1806 1782
f 1922 1957 1777
f 1777 1957 1962
f 1777 1962 1963
f 1777 1963 1897
f 2021 1782 1783
f 1798 1845 1783
f 1783 1845 1851
f 1783 1851 1852
f 1783 1852 1791
f 1781 1966 1940
f 1781 1940 1777
f 1781 1965 1966
f 1775 1999 1993
f 1775 1779 1999
f 1968 1969 1980
f 1980 1969 1967
f 1969 1968 1970
f 1973 1971 1970
f 1970 1971 1972
f 1970 1972 1969
f 1968 1973 1970
f 1974 1973 1975
f 1975 1973 1968
f 1975 1968 1976
f 1976 1977 1978
f 1979 1974 1978
f 1978 1974 1975
f 1978 1975 1976
f 1977 1979 1978
f 1971 1979 1972
f 1972 1979 1977
f 1972 1977 1969
f 1980 1995 1996
f 1993 1997 1520
f 1983 1981 1982
f 1984 1981 1985
f 1985 1981 1983
f 1985 1983 1986
f 1986 1987 1988
f 1989 1984 1988
f 1988 1984 1985
f 1988 1985 1986
f 1987 1989 1988
f 1990 1989 1991
f 1991 1989 1987
f 1991 1987 1992
f 1992 1983 1982
f 1981 1990 1982
f 1982 1990 1991
f 1982 1991 1992
f 1983 1992 1520
f 1993 1994 1984
f 1984 1989 1993
f 1993 1989 1520
f 1520 1989 1990
f 1520 1990 1981
f 1520 1981 1994
f 1994 1981 1984
f 1992 1987 1520
f 1987 1993 1520
f 1987 1986 1993
f 1993 1986 1994
f 1986 1983 1994
f 1994 1983 1520
f 1993 1994 1520
f 1994 1993 1520
f 1995 1980 1996
f 1995 1779 1967
f 1997 1995 1996
f 1997 1996 1998
f 1998 1996 1974
f 1974 1979 1998
f 1998 1979 1967
f 1967 1979 1971
f 1967 1971 1980
f 1980 1971 1973
f 1980 1973 1996
f 1996 1973 1974
f 1969 1977 1967
f 1967 1997 1995
f 1779 1980 1967
f 1977 1998 1967
f 1967 1998 1996
f 1967 1996 1997
f 1977 1976 1998
f 1998 1976 1996
f 1779 1995 1980
f 1995 1997 1996
f 1976 1968 1996
f 1996 1968 1980
f 1995 1779 1980
f 1997 1998 1520
f 1520 1998 1967
f 1520 1967 1980
f 1779 1520 1980
f 1995 1999 1779
f 1999 1995 1997
f 1999 1997 1993
f 1993 1520 1775
f 2000 2001 2002
f 2002 2001 2003
f 2003 2001 2004
f 2003 2004 2005
f 2005 2004 2006
f 2006 2004 2007
f 2006 2007 2008
f 2008 2007 2009
f 2009 2007 2010
f 2009 2010 2011
f 2011 2010 2012
f 2012 2010 2013
f 2012 2013 2014
f 2014 2013 2015
f 2015 2013 2532
f 2015 2532 2016
f 2016 2532 2000
f 2000 2532 2001
f 2017 2033 2018
f 2017 2018 2019
f 2019 2018 2020
f 2020 2018 2021
f 2020 2021 2022
f 2022 2021 2023
f 2023 2021 2024
f 2023 2024 2025
f 2025 2024 2026
f 2026 2024 2027
f 2026 2027 2028
f 2028 2027 2029
f 2029 2027 2030
f 2029 2030 2031
f 2031 2030 2032
f 2032 2030 2033
f 2032 2033 2034
f 2034 2033 2017
f 2035 2036 2037
f 2037 2036 2038
f 2038 2036 2533
f 2038 2533 2039
f 2039 2533 2040
f 2040 2533 2041
f 2041 2533 2042
f 2041 2042 2043
f 2043 2042 2044
f 2044 2042 2045
f 2044 2045 2046
f 2046 2045 2047
f 2047 2045 2048
f 2047 2048 2049
f 2049 2048 2050
f 2050 2048 2051
f 2051 2048 2035
f 2035 2048 2036
f 2052 2053 2534
f 2534 2053 2054
f 2534 2054 2055
f 2534 2055 2056
f 2534 2056 2057
f 2534 2057 2059
f 2059 2057 2058
f 2059 2058 2060
f 2059 2060 2062
f 2062 2060 2061
f 2062 2061 2063
f 2062 2063 2066
f 2066 2063 2064
f 2066 2064 2065
f 2066 2065 2067
f 2066 2067 2052
f 2052 2067 2068
f 2052 2068 2053
f 2069 2070 2072
f 2072 2070 2071
f 2072 2071 2073
f 2072 2073 2076
f 2076 2073 2074
f 2076 2074 2075
f 2076 2075 2077
f 2076 2077 2078
f 2069 2072 2441
f 2069 2441 2079
f 2079 2441 2080
f 2080 2441 2535
f 2080 2535 2081
f 2081 2535 2082
f 2082 2535 2083
f 2083 2535 2078
f 2083 2078 2084
f 2084 2078 2077
f 2085 2086 2528
f 2528 2086 2087
f 2528 2087 2088
f 2528 2088 2090
f 2090 2088 2089
f 2090 2089 2091
f 2090 2091 2093
f 2093 2091 2092
f 2093 2092 2094
f 2093 2094 2442
f 2442 2094 2095
f 2442 2095 2096
f 2442 2096 2099
f 2099 2096 2097
f 2099 2097 2098
f 2099 2098 2100
f 2099 2100 2085
f 2085 2100 2101
f 2085 2101 2086
f 2102 2103 2105
f 2105 2103 2104
f 2105 2104 2106
f 2105 2106 2529
f 2529 2106 2107
f 2529 2107 2108
f 2529 2108 2110
f 2110 2108 2109
f 2110 2109 2111
f 2110 2111 2113
f 2113 2111 2112
f 2113 2112 2114
f 2113 2114 2116
f 2116 2114 2115
f 2116 2115 2117
f 2116 2117 2102
f 2102 2117 2118
f 2102 2118 2119
f 2102 2119 2103
f 2120 2121 2122
f 2122 2121 2123
f 2122 2123 2125
f 2125 2123 2124
f 2125 2124 2126
f 2125 2126 2443
f 2443 2126 2127
f 2443 2127 2128
f 2443 2128 2130
f 2130 2128 2129
f 2130 2129 2131
f 2130 2131 2536
f 2536 2131 2132
f 2536 2132 2133
f 2536 2133 2136
f 2136 2133 2134
f 2136 2134 2135
f 2136 2135 2120
f 2136 2120 2122
f 2137 2445 2138
f 2138 2445 2139
f 2139 2445 2444
f 2139 2444 2140
f 2140 2444 2141
f 2141 2444 2142
f 2141 2142 2143
f 2143 2142 2144
f 2144 2142 2530
f 2144 2530 2145
f 2145 2530 2146
f 2146 2530 2147
f 2146 2147 2148
f 2148 2147 2149
f 2149 2147 2150
f 2149 2150 2151
f 2151 2150 2137
f 2137 2150 2445
f 2154 2152 2153
f 2154 2153 2155
f 2154 2155 2156
f 2156 2155 2157
f 2156 2157 2476
f 2476 2157 2158
f 2476 2158 2160
f 2160 2158 2159
f 2160 2159 2161
f 2160 2161 2163
f 2163 2161 2162
f 2163 2162 2164
f 2163 2164 2166
f 2166 2164 2165
f 2166 2165 2167
f 2166 2167 2168
f 2168 2167 2169
f 2168 2169 2487
f 2487 2169 2170
f 2487 2170 2171
f 2174 2173 2172
f 2172 2173 2171
f 2173 2174 2495
f 2495 2174 2175
f 2495 2175 2176
f 2177 2497 2176
f 2176 2497 2495
f 2182 2185 2508
f 2508 2185 2448
f 2178 2508 2448
f 2181 2508 2179
f 2179 2508 2178
f 2181 2179 2180
f 2181 2180 2152
f 2181 2152 2154
f 2182 2183 2185
f 2183 2526 2184
f 2183 2184 2185
f 2184 2403 2185
f 2189 2188 2190
f 2190 2188 2191
f 2191 2188 2192
f 2192 2188 2193
f 2188 2186 2371
f 2371 2186 2187
f 2371 2187 2194
f 2194 2187 2195
f 2194 2195 2196
f 2196 2195 2197
f 2199 2200 2192
f 2192 2200 2191
f 2191 2200 2201
f 2191 2201 2190
f 2190 2201 2189
f 2189 2201 2202
f 2189 2202 2188
f 2202 2186 2188
f 2196 2197 2203
f 2203 2197 2204
f 2203 2204 2205
f 2205 2204 2206
f 2205 2206 2207
f 2207 2206 2208
f 2207 2208 2209
f 2209 2208 2210
f 2209 2210 2211
f 2211 2210 2212
f 2211 2212 2198
f 2198 2212 2199
f 2198 2199 2193
f 2193 2199 2192
f 2213 2214 2215
f 2216 2217 2218
f 2217 2219 2220
f 2221 2219 2222
f 2222 2219 2223
f 2218 2213 2216
f 2216 2213 2215
f 2216 2215 2224
f 2224 2215 2225
f 2224 2225 2226
f 2226 2225 2227
f 2223 2219 2228
f 2229 2230 2222
f 2222 2230 2221
f 2221 2230 2231
f 2221 2231 2219
f 2219 2231 2220
f 2220 2231 2232
f 2220 2232 2217
f 2217 2232 2218
f 2218 2232 2214
f 2218 2214 2213
f 2226 2227 2233
f 2233 2227 2234
f 2233 2234 2235
f 2235 2234 2236
f 2235 2236 2237
f 2237 2236 2238
f 2237 2238 2239
f 2239 2238 2240
f 2239 2240 2241
f 2241 2240 2242
f 2241 2242 2228
f 2228 2242 2229
f 2228 2229 2223
f 2223 2229 2222
f 2022 2243 2020
f 2020 2243 2244
f 2020 2244 2019
f 2019 2244 2245
f 2019 2245 2017
f 2017 2245 2246
f 2017 2246 2034
f 2034 2246 2247
f 2034 2247 2032
f 2032 2247 2248
f 2032 2248 2031
f 2031 2248 2249
f 2031 2249 2029
f 2029 2249 2250
f 2029 2250 2028
f 2028 2250 2251
f 2028 2251 2026
f 2026 2251 2252
f 2026 2252 2025
f 2025 2252 2253
f 2025 2253 2023
f 2023 2253 2254
f 2023 2254 2022
f 2022 2254 2243
f 2049 2255 2047
f 2047 2255 2256
f 2047 2256 2046
f 2046 2256 2257
f 2046 2257 2044
f 2044 2257 2258
f 2044 2258 2043
f 2043 2258 2259
f 2043 2259 2041
f 2041 2259 2260
f 2041 2260 2040
f 2040 2260 2261
f 2040 2261 2039
f 2039 2261 2262
f 2039 2262 2038
f 2038 2262 2263
f 2038 2263 2037
f 2037 2263 2264
f 2037 2264 2035
f 2035 2264 2265
f 2035 2265 2051
f 2051 2265 2266
f 2051 2266 2050
f 2050 2266 2267
f 2050 2267 2049
f 2049 2267 2255
f 2063 2268 2064
f 2064 2268 2269
f 2064 2269 2065
f 2065 2269 2270
f 2065 2270 2067
f 2067 2270 2271
f 2067 2271 2068
f 2068 2271 2272
f 2068 2272 2053
f 2053 2272 2273
f 2053 2273 2054
f 2054 2273 2274
f 2054 2274 2055
f 2055 2274 2275
f 2055 2275 2056
f 2056 2275 2276
f 2056 2276 2057
f 2057 2276 2277
f 2057 2277 2058
f 2058 2277 2278
f 2058 2278 2060
f 2060 2278 2279
f 2060 2279 2061
f 2061 2279 2280
f 2061 2280 2063
f 2063 2280 2268
f 2073 2281 2074
f 2074 2281 2282
f 2074 2282 2075
f 2075 2282 2283
f 2075 2283 2077
f 2077 2283 2284
f 2077 2284 2084
f 2084 2284 2285
f 2084 2285 2083
f 2083 2285 2286
f 2083 2286 2082
f 2082 2286 2287
f 2082 2287 2081
f 2081 2287 2288
f 2081 2288 2080
f 2080 2288 2289
f 2080 2289 2079
f 2079 2289 2290
f 2079 2290 2069
f 2069 2290 2291
f 2069 2291 2070
f 2070 2291 2292
f 2070 2292 2071
f 2071 2292 2293
f 2071 2293 2073
f 2073 2293 2281
f 2088 2294 2089
f 2089 2294 2295
f 2089 2295 2091
f 2091 2295 2296
f 2091 2296 2092
f 2092 2296 2297
f 2092 2297 2094
f 2094 2297 2298
f 2094 2298 2095
f 2095 2298 2299
f 2095 2299 2096
f 2096 2299 2300
f 2096 2300 2097
f 2097 2300 2301
f 2097 2301 2098
f 2098 2301 2302
f 2098 2302 2100
f 2100 2302 2303
f 2100 2303 2101
f 2101 2303 2304
f 2101 2304 2086
f 2086 2304 2305
f 2086 2305 2087
f 2087 2305 2306
f 2087 2306 2088
f 2088 2306 2294
f 2114 2307 2115
f 2115 2307 2308
f 2115 2308 2117
f 2117 2308 2309
f 2117 2309 2118
f 2118 2309 2310
f 2118 2310 2119
f 2119 2310 2311
f 2119 2311 2103
f 2103 2311 2312
f 2103 2312 2104
f 2104 2312 2313
f 2104 2313 2106
f 2106 2313 2314
f 2106 2314 2107
f 2107 2314 2315
f 2107 2315 2108
f 2108 2315 2316
f 2108 2316 2109
f 2109 2316 2317
f 2109 2317 2111
f 2111 2317 2318
f 2111 2318 2112
f 2112 2318 2319
f 2112 2319 2114
f 2114 2319 2307
f 2133 2320 2134
f 2134 2320 2321
f 2134 2321 2135
f 2135 2321 2322
f 2135 2322 2120
f 2120 2322 2323
f 2120 2323 2121
f 2121 2323 2324
f 2121 2324 2123
f 2123 2324 2325
f 2123 2325 2124
f 2124 2325 2326
f 2124 2326 2126
f 2126 2326 2327
f 2126 2327 2127
f 2127 2327 2328
f 2127 2328 2128
f 2128 2328 2329
f 2128 2329 2129
f 2129 2329 2330
f 2129 2330 2131
f 2131 2330 2331
f 2131 2331 2132
f 2132 2331 2332
f 2132 2332 2133
f 2133 2332 2320
f 2151 2333 2149
f 2149 2333 2334
f 2149 2334 2148
f 2148 2334 2335
f 2148 2335 2146
f 2146 2335 2336
f 2146 2336 2145
f 2145 2336 2337
f 2145 2337 2144
f 2144 2337 2338
f 2144 2338 2143
f 2143 2338 2339
f 2143 2339 2141
f 2141 2339 2340
f 2141 2340 2140
f 2140 2340 2341
f 2140 2341 2139
f 2139 2341 2342
f 2139 2342 2138
f 2138 2342 2343
f 2138 2343 2137
f 2137 2343 2344
f 2137 2344 2151
f 2151 2344 2333
f 2014 2345 2012
f 2012 2345 2346
f 2012 2346 2011
f 2011 2346 2347
f 2011 2347 2009
f 2009 2347 2348
f 2009 2348 2008
f 2008 2348 2349
f 2008 2349 2006
f 2006 2349 2350
f 2006 2350 2005
f 2005 2350 2351
f 2005 2351 2003
f 2003 2351 2352
f 2003 2352 2002
f 2002 2352 2353
f 2002 2353 2000
f 2000 2353 2354
f 2000 2354 2016
f 2016 2354 2355
f 2016 2355 2015
f 2015 2355 2356
f 2015 2356 2014
f 2014 2356 2345
f 2283 2282 2359
f 2332 2331 2358
f 2243 2254 2365
f 2267 2266 2366
f 2263 2426 2264
f 2264 2426 2429
f 2264 2429 2265
f 2265 2429 2266
f 2266 2429 2366
f 2258 2257 2367
f 2367 2257 2256
f 2367 2256 2255
f 2263 2262 2426
f 2426 2262 2261
f 2426 2261 2424
f 2424 2261 2260
f 2424 2260 2259
f 2207 2365 2205
f 2205 2365 2368
f 2205 2368 2203
f 2203 2368 2369
f 2193 2188 2370
f 2370 2188 2424
f 2370 2424 2367
f 2367 2424 2259
f 2367 2259 2258
f 2207 2209 2365
f 2365 2209 2211
f 2365 2211 2370
f 2370 2211 2198
f 2370 2198 2193
f 2188 2371 2424
f 2371 2194 2369
f 2369 2194 2196
f 2369 2196 2203
f 2372 2368 2252
f 2365 2254 2368
f 2368 2254 2253
f 2368 2253 2252
f 2252 2251 2372
f 2372 2251 2250
f 2372 2250 2373
f 2373 2250 2249
f 2373 2249 2248
f 2245 2244 2365
f 2245 2365 2246
f 2246 2365 2373
f 2246 2373 2247
f 2247 2373 2248
f 2339 2425 2340
f 2340 2425 2439
f 2340 2439 2341
f 2439 2342 2341
f 2334 2333 2404
f 2404 2333 2344
f 2404 2344 2439
f 2439 2344 2343
f 2439 2343 2342
f 2339 2338 2425
f 2425 2338 2337
f 2425 2337 2377
f 2377 2337 2336
f 2377 2336 2335
f 2364 2378 2379
f 2379 2378 2380
f 2381 2382 2363
f 2363 2382 2383
f 2363 2383 2364
f 2364 2383 2384
f 2364 2384 2378
f 2381 2363 2385
f 2385 2363 2386
f 2385 2386 2387
f 2386 2425 2388
f 2388 2425 2377
f 2380 2389 2379
f 2379 2389 2390
f 2379 2390 2377
f 2377 2390 2388
f 2391 2364 2330
f 2391 2330 2329
f 2332 2358 2320
f 2320 2358 2357
f 2320 2357 2321
f 2329 2328 2391
f 2391 2328 2327
f 2391 2327 2392
f 2392 2327 2326
f 2325 2324 2392
f 2324 2323 2357
f 2357 2323 2322
f 2357 2322 2321
f 2326 2325 2392
f 2324 2357 2392
f 2392 2357 2393
f 2430 2437 2394
f 2300 2299 2361
f 2306 2362 2294
f 2294 2362 2395
f 2361 2299 2405
f 2405 2299 2298
f 2405 2298 2297
f 2297 2296 2395
f 2395 2296 2295
f 2395 2295 2294
f 2435 2302 2361
f 2361 2302 2301
f 2361 2301 2300
f 2306 2305 2362
f 2362 2305 2304
f 2362 2304 2435
f 2435 2304 2303
f 2435 2303 2302
f 2360 2434 2216
f 2434 2402 2219
f 2434 2219 2217
f 2434 2217 2216
f 2427 2235 2237
f 2216 2224 2360
f 2360 2224 2226
f 2360 2226 2427
f 2427 2226 2233
f 2427 2233 2235
f 2239 2241 2396
f 2241 2228 2396
f 2396 2228 2219
f 2396 2219 2402
f 2359 2282 2397
f 2289 2398 2290
f 2290 2398 2427
f 2290 2427 2291
f 2282 2281 2397
f 2397 2281 2293
f 2397 2293 2292
f 2427 2397 2292
f 2427 2292 2291
f 2289 2288 2398
f 2398 2288 2287
f 2398 2287 2433
f 2287 2286 2433
f 2433 2286 2285
f 2433 2285 2359
f 2359 2285 2284
f 2359 2284 2283
f 2359 2428 2433
f 2268 2280 2400
f 2400 2280 2428
f 2400 2428 2526
f 2280 2279 2428
f 2428 2279 2278
f 2428 2278 2399
f 2399 2278 2277
f 2399 2277 2276
f 2376 2353 2352
f 2352 2351 2376
f 2376 2351 2440
f 2351 2350 2440
f 2440 2350 2349
f 2440 2349 2348
f 2440 2348 2401
f 2353 2376 2354
f 2354 2376 2375
f 2354 2375 2355
f 2355 2375 2374
f 2355 2374 2356
f 2348 2347 2401
f 2401 2347 2346
f 2401 2346 2374
f 2374 2346 2345
f 2374 2345 2356
f 2269 2268 2400
f 2275 2274 2432
f 2432 2274 2273
f 2273 2272 2432
f 2432 2272 2271
f 2432 2271 2400
f 2400 2271 2270
f 2400 2270 2269
f 2527 2185 2358
f 2358 2185 2403
f 2526 2365 2367
f 2436 2318 2317
f 2436 2392 2393
f 2436 2393 2318
f 2318 2393 2319
f 2314 2437 2315
f 2315 2437 2436
f 2315 2436 2316
f 2316 2436 2317
f 2309 2308 2393
f 2393 2308 2307
f 2393 2307 2319
f 2314 2313 2437
f 2437 2313 2312
f 2437 2312 2394
f 2394 2312 2311
f 2394 2311 2310
f 2403 2435 2393
f 2393 2435 2394
f 2394 2435 2430
f 2310 2309 2394
f 2394 2309 2393
f 2393 2357 2403
f 2403 2357 2358
f 2362 2403 2395
f 2395 2403 2402
f 2402 2403 2184
f 2402 2184 2526
f 2362 2435 2403
f 2335 2334 2377
f 2377 2334 2404
f 2377 2404 2379
f 2379 2404 2440
f 2428 2359 2526
f 2526 2359 2397
f 2397 2427 2396
f 2396 2427 2237
f 2396 2237 2239
f 2439 2440 2404
f 2526 2397 2396
f 2526 2396 2402
f 2297 2395 2405
f 2405 2395 2402
f 2400 2526 2367
f 2400 2367 2432
f 2276 2275 2399
f 2399 2275 2432
f 2432 2367 2366
f 2373 2365 2375
f 2375 2365 2526
f 2375 2526 2374
f 2374 2526 2527
f 2374 2527 2401
f 2401 2527 2440
f 2440 2527 2379
f 2379 2527 2358
f 2379 2358 2364
f 2364 2358 2331
f 2364 2331 2330
f 2244 2243 2365
f 2367 2365 2370
f 2366 2367 2255
f 2366 2255 2267
f 2387 2386 2388
f 2408 2388 2409
f 2409 2388 2410
f 2410 2388 2411
f 2411 2388 2390
f 2388 2406 2387
f 2387 2406 2407
f 2387 2407 2385
f 2385 2407 2412
f 2385 2412 2381
f 2381 2412 2413
f 2414 2415 2411
f 2411 2415 2410
f 2410 2415 2416
f 2410 2416 2409
f 2409 2416 2408
f 2408 2416 2417
f 2408 2417 2388
f 2417 2406 2388
f 2381 2413 2382
f 2382 2413 2418
f 2382 2418 2383
f 2383 2418 2419
f 2383 2419 2384
f 2384 2419 2420
f 2384 2420 2378
f 2378 2420 2421
f 2378 2421 2380
f 2380 2421 2422
f 2380 2422 2389
f 2389 2422 2414
f 2389 2414 2390
f 2390 2414 2411
f 2369 2368 2423
f 2369 2423 2371
f 2371 2423 2424
f 2429 2432 2366
f 2431 2429 2426
f 2402 2434 2405
f 2425 2363 2438
f 2438 2363 2364
f 2405 2435 2361
f 2425 2386 2363
f 2534 2538 2428
f 2428 2538 2433
f 2433 2538 2535
f 2433 2535 2398
f 2398 2535 2427
f 2427 2535 2441
f 2427 2441 2360
f 2360 2441 2434
f 2434 2441 2405
f 2405 2441 2442
f 2405 2442 2435
f 2435 2442 2099
f 2435 2099 2430
f 2430 2099 2529
f 2529 2437 2430
f 2125 2436 2529
f 2529 2436 2437
f 2125 2392 2436
f 2443 2392 2125
f 2443 2364 2391
f 2443 2391 2392
f 2530 2438 2443
f 2443 2438 2364
f 2530 2425 2438
f 2445 2439 2444
f 2444 2439 2425
f 2444 2425 2530
f 2446 2440 2445
f 2445 2440 2439
f 2446 2376 2440
f 2446 2375 2376
f 2021 2373 2446
f 2446 2373 2375
f 2021 2372 2373
f 2533 2423 2021
f 2021 2423 2368
f 2021 2368 2372
f 2533 2424 2423
f 2534 2431 2533
f 2533 2431 2426
f 2533 2426 2424
f 2534 2429 2431
f 2534 2432 2429
f 2534 2399 2432
f 2428 2399 2534
f 2176 2447 2177
f 2177 2447 2182
f 2182 2447 2492
f 2185 2491 2448
f 2448 2449 2450
f 2448 2450 2178
f 2178 2450 2451
f 2178 2451 2179
f 2451 2452 2179
f 2179 2452 2525
f 2179 2525 2180
f 2180 2525 2453
f 2180 2453 2152
f 2171 2454 2172
f 2172 2454 2455
f 2172 2455 2174
f 2455 2456 2174
f 2174 2456 2457
f 2174 2457 2175
f 2175 2457 2458
f 2175 2458 2176
f 2176 2458 2459
f 2176 2459 2447
f 2152 2453 2474
f 2152 2474 2153
f 2460 2157 2155
f 2153 2474 2461
f 2153 2461 2155
f 2155 2461 2460
f 2462 2159 2158
f 2463 2165 2164
f 2170 2169 2486
f 2157 2460 2464
f 2157 2464 2158
f 2158 2464 2462
f 2159 2462 2465
f 2159 2465 2161
f 2167 2466 2169
f 2169 2466 2486
f 2170 2486 2489
f 2170 2489 2171
f 2171 2489 2467
f 2171 2467 2454
f 2161 2465 2468
f 2161 2468 2162
f 2165 2463 2469
f 2165 2469 2167
f 2167 2469 2466
f 2162 2468 2470
f 2162 2470 2164
f 2164 2470 2463
f 2183 2182 2492
f 2183 2492 2527
f 2491 2185 2527
f 2527 2526 2183
f 2471 2472 2473
f 2474 2453 2471
f 2471 2473 2474
f 2475 2476 2477
f 2486 2485 2487
f 2486 2487 2488
f 2487 2485 2484
f 2487 2484 2168
f 2168 2484 2483
f 2168 2483 2166
f 2166 2483 2482
f 2166 2482 2481
f 2166 2481 2163
f 2163 2481 2480
f 2163 2480 2479
f 2163 2479 2160
f 2160 2479 2478
f 2160 2478 2477
f 2160 2477 2476
f 2476 2475 2156
f 2154 2156 2474
f 2154 2474 2473
f 2154 2473 2472
f 2487 2171 2488
f 2488 2171 2489
f 2474 2156 2461
f 2461 2156 2475
f 2461 2475 2460
f 2460 2475 2477
f 2460 2477 2464
f 2464 2477 2478
f 2464 2478 2462
f 2462 2478 2479
f 2462 2479 2465
f 2465 2479 2480
f 2465 2480 2468
f 2468 2480 2481
f 2468 2481 2470
f 2470 2481 2482
f 2470 2482 2463
f 2463 2482 2483
f 2463 2483 2469
f 2469 2483 2484
f 2469 2484 2466
f 2466 2484 2485
f 2466 2485 2486
f 2486 2488 2489
f 2490 2472 2471
f 2177 2182 2492
f 2493 2173 2495
f 2493 2495 2496
f 2497 2494 2495
f 2492 2182 2491
f 2491 2182 2508
f 2498 2508 2181
f 2498 2181 2499
f 2154 2472 2181
f 2181 2472 2490
f 2181 2490 2499
f 2171 2173 2500
f 2500 2173 2501
f 2501 2173 2493
f 2501 2493 2502
f 2502 2493 2496
f 2502 2496 2503
f 2503 2496 2495
f 2503 2495 2504
f 2504 2495 2494
f 2504 2494 2505
f 2505 2494 2497
f 2505 2497 2506
f 2506 2497 2177
f 2506 2177 2507
f 2509 2508 2498
f 2509 2498 2510
f 2510 2498 2499
f 2510 2499 2511
f 2511 2499 2490
f 2511 2490 2512
f 2512 2490 2471
f 2512 2471 2453
f 2513 2489 2171
f 2171 2500 2513
f 2513 2500 2501
f 2513 2501 2514
f 2514 2501 2502
f 2514 2502 2515
f 2515 2502 2503
f 2515 2503 2516
f 2516 2503 2504
f 2516 2504 2517
f 2517 2504 2505
f 2517 2505 2518
f 2518 2505 2506
f 2518 2506 2519
f 2519 2506 2507
f 2519 2507 2520
f 2491 2508 2448
f 2448 2508 2521
f 2521 2508 2509
f 2521 2509 2522
f 2522 2509 2510
f 2522 2510 2523
f 2523 2510 2511
f 2523 2511 2524
f 2524 2511 2512
f 2524 2512 2525
f 2525 2512 2453
f 2492 2447 2520
f 2520 2447 2519
f 2519 2447 2459
f 2519 2459 2518
f 2518 2459 2458
f 2518 2458 2517
f 2517 2458 2457
f 2517 2457 2516
f 2516 2457 2456
f 2516 2456 2515
f 2515 2456 2455
f 2515 2455 2514
f 2514 2455 2454
f 2514 2454 2513
f 2513 2454 2467
f 2513 2467 2489
f 2177 2492 2507
f 2507 2492 2520
f 2524 2525 2452
f 2524 2452 2523
f 2523 2452 2451
f 2523 2451 2522
f 2522 2451 2450
f 2522 2450 2521
f 2521 2450 2449
f 2521 2449 2448
f 2491 2527 2492
f 2536 2530 2443
f 2116 2099 2085
f 2090 2540 2528
f 2528 2116 2085
f 2105 2529 2099
f 2105 2099 2102
f 2102 2099 2116
f 2125 2529 2116
f 2125 2116 2136
f 2445 2531 2446
f 2446 2531 2532
f 2446 2532 2021
f 2021 2532 2531
f 2539 2534 2048
f 2048 2534 2533
f 2066 2538 2062
f 2066 2534 2539
f 2441 2540 2442
f 2442 2540 2090
f 2540 2441 2076
f 2076 2535 2538
f 2538 2534 2062
f 2533 2021 2045
f 2150 2530 2445
f 2142 2444 2530
f 2147 2530 2150
f 2130 2536 2443
f 2122 2125 2136
f 2113 2116 2529
f 2113 2529 2110
f 2093 2442 2090
f 2072 2076 2441
f 2078 2535 2076
f 2059 2062 2534
f 2052 2534 2066
f 2048 2045 2539
f 2036 2048 2533
f 2042 2533 2045
f 2024 2021 2027
f 2027 2021 2030
f 2030 2021 2033
f 2033 2021 2018
f 2013 2531 2532
f 2001 2532 2531
f 2001 2531 2004
f 2004 2531 2007
f 2007 2531 2010
f 2010 2531 2013
f 2413 2412 2422
f 2412 2407 2422
f 2422 2407 2406
f 2422 2406 2417
f 2422 2421 2420
f 2417 2416 2422
f 2422 2416 2415
f 2422 2415 2414
f 2413 2422 2418
f 2418 2422 2420
f 2418 2420 2419
f 2215 2214 2238
f 2227 2225 2234
f 2234 2225 2215
f 2234 2215 2236
f 2236 2215 2238
f 2231 2230 2229
f 2214 2232 2238
f 2238 2232 2231
f 2238 2231 2240
f 2240 2231 2229
f 2240 2229 2242
f 2197 2195 2212
f 2212 2195 2187
f 2212 2187 2186
f 2212 2210 2208
f 2200 2199 2201
f 2201 2199 2212
f 2201 2212 2202
f 2202 2212 2186
f 2197 2212 2204
f 2204 2212 2208
f 2204 2208 2206
f 2536 2136 2116
f 2536 2116 2537
f 2537 2116 2528
f 2538 2066 2539
f 2539 2045 2021
f 2541 2021 2531
f 2541 2531 2445
f 2445 2530 2536
f 2540 2076 2538
f 2528 2542 2537
f 2536 2537 2542
f 2536 2542 2445
f 2542 2021 2541
f 2538 2539 2540
f 2528 2540 2542
f 2540 2539 2542
f 2542 2539 2021
f 2541 2445 2542
f 2543 2547 2544
f 2548 2551 2550
f 2550 2552 2545
f 2545 2553 2549
f 2549 2554 2546
f 2546 2554 2547
f 3029 2556 3040
f 3040 2557 2558
f 3040 2558 2548
f 2560 2559 2561
f 2559 2562 2561
f 2561 2562 2563
f 2559 2560 2565
f 2565 2560 2564
f 2565 2564 2566
f 2565 2566 2567
f 2568 2569 2570
f 2570 2569 2571
f 2572 2573 2574
f 2574 2573 2575
f 2576 2577 2578
f 2578 2577 2579
f 2580 2581 2582
f 2582 2581 2583
f 2584 2585 2586
f 2586 2585 2587
f 2588 2589 2590
f 2590 2589 2591
f 2592 2593 2594
f 2594 2593 2595
f 2596 2597 2598
f 2598 2597 2599
f 2600 2601 2602
f 2602 2601 2603
f 3016 2604 2998
f 2998 2604 2605
f 2674 2998 2606
f 2606 2998 2605
f 2607 2608 2609
f 2609 2608 2610
f 2609 2610 2611
f 2611 2610 2612
f 2611 2612 2613
f 2613 2612 2614
f 2613 2614 2615
f 2615 2614 2616
f 2608 2607 2617
f 2620 2619 2621
f 2622 2623 2624
f 2624 2623 2625
f 2624 2625 2626
f 2626 2625 2627
f 2626 2627 2628
f 2628 2627 2629
f 2628 2629 2620
f 2620 2629 2619
f 2623 2622 2630
f 2630 2622 2631
f 2630 2631 2632
f 2632 2631 2633
f 2632 2633 2634
f 2634 2633 2635
f 2634 2635 2636
f 2636 2635 2637
f 2636 2637 2638
f 2638 2637 2639
f 2638 2639 2640
f 2642 2641 2643
f 2644 2645 2646
f 2646 2645 2647
f 2646 2647 2648
f 2648 2647 2649
f 2648 2649 2650
f 2650 2649 2651
f 2650 2651 2642
f 2642 2651 2641
f 2645 2644 2652
f 2652 2644 2653
f 2654 2655 2656
f 2656 2655 2657
f 2656 2657 2658
f 2658 2657 2659
f 2658 2659 2660
f 2660 2659 2661
f 2660 2661 2653
f 2653 2661 2652
f 2655 2654 2662
f 2663 2664 2665
f 2665 2664 2666
f 2665 2666 2667
f 2667 2666 2668
f 2667 2668 2669
f 2669 2668 2670
f 2669 2670 2671
f 2671 2670 2563
f 2664 2663 2672
f 2672 2663 2673
f 2674 2675 2676
f 2676 2675 2677
f 2676 2677 2678
f 2678 2677 2679
f 2678 2679 2680
f 2680 2679 2681
f 2680 2681 2673
f 2673 2681 2672
f 2682 2683 2975
f 2683 2682 2684
f 2685 2686 2687
f 2687 2686 2688
f 2687 2688 2689
f 2689 2688 2690
f 2689 2690 2691
f 2691 2690 2692
f 2691 2692 2684
f 2684 2692 2683
f 2686 2685 2693
f 2695 2694 2696
f 2697 2698 2699
f 2699 2698 2700
f 2699 2700 2701
f 2701 2700 2702
f 2701 2702 2703
f 2703 2702 2704
f 2703 2704 2695
f 2695 2704 2694
f 2698 2697 2705
f 2705 2697 2706
f 2705 2706 2707
f 2707 2706 2708
f 2707 2708 2709
f 2709 2708 2710
f 2709 2710 2711
f 2711 2710 2712
f 2711 2712 2713
f 2713 2712 2714
f 2713 2714 2715
f 2717 2716 2718
f 2719 2720 2721
f 2721 2720 2722
f 2721 2722 2723
f 2723 2722 2724
f 2723 2724 2725
f 2725 2724 2726
f 2725 2726 2717
f 2717 2726 2716
f 2720 2719 2727
f 2727 2719 2728
f 2729 2730 2731
f 2731 2730 2732
f 2731 2732 2733
f 2733 2732 2734
f 2733 2734 2735
f 2735 2734 2736
f 2735 2736 2728
f 2728 2736 2727
f 2730 2729 2737
f 2936 2738 2739
f 2740 2741 2742
f 2742 2741 2743
f 2742 2743 2744
f 2744 2743 2745
f 2744 2745 2936
f 2936 2745 2738
f 2741 2740 2746
f 2749 2750 2751
f 2751 2750 2752
f 2751 2752 2753
f 2753 2752 2754
f 2753 2754 2755
f 2755 2754 2756
f 2755 2756 2748
f 2748 2756 2747
f 2757 2758 2759
f 2759 2758 2760
f 2759 2760 2761
f 2761 2760 2762
f 2761 2762 2763
f 2763 2762 2764
f 2763 2764 2765
f 2765 2764 2850
f 2758 2757 2766
f 2766 2757 2767
f 2766 2767 2768
f 2768 2767 2769
f 2768 2769 2770
f 2770 2769 2771
f 2770 2771 2772
f 2772 2771 2773
f 2772 2773 2774
f 2774 2773 2775
f 2774 2775 2776
f 2778 2777 2779
f 2780 2781 2782
f 2782 2781 2783
f 2782 2783 2784
f 2784 2783 2785
f 2784 2785 2786
f 2786 2785 2787
f 2786 2787 2778
f 2778 2787 2777
f 2781 2780 2616
f 2616 2780 2615
f 2750 2749 2788
f 2789 2790 2791
f 2791 2790 2792
f 2679 2677 2675
f 2668 2666 2670
f 2670 2666 2664
f 2670 2664 2563
f 2563 2664 2672
f 2681 2679 2672
f 2672 2679 2675
f 2672 2675 2605
f 2605 2675 2606
f 2793 2794 2795
f 2560 2796 2797
f 2796 2604 2798
f 2796 2798 2799
f 2800 2801 2802
f 2750 2788 2747
f 2803 2804 2805
f 2598 2560 2596
f 2596 2560 2801
f 2803 2806 2807
f 2794 2793 2640
f 2640 2793 2619
f 2640 2619 2638
f 2638 2619 2636
f 2619 2629 2627
f 2662 2808 2809
f 2809 2808 2810
f 2811 2554 2549
f 2812 2805 2813
f 2632 2634 2630
f 2630 2634 2636
f 2630 2636 2623
f 2623 2636 2619
f 2623 2619 2625
f 2625 2619 2627
f 2814 2815 2566
f 2566 2815 2809
f 2566 2809 2816
f 2816 2809 2810
f 2563 2672 2561
f 2561 2672 2605
f 2561 2605 2560
f 2560 2605 2796
f 2796 2605 2604
f 2686 2693 2683
f 2817 2818 2819
f 2651 2655 2641
f 2641 2655 2662
f 2641 2662 2809
f 2797 2603 2560
f 2560 2603 2601
f 2560 2601 2801
f 2801 2601 2820
f 2801 2820 2802
f 2821 2584 2790
f 2790 2584 2586
f 2790 2586 2822
f 2822 2586 2823
f 2824 2564 2825
f 2825 2564 2560
f 2825 2560 2826
f 2826 2560 2598
f 2826 2598 2827
f 2747 2788 2828
f 2828 2788 2829
f 2828 2829 2830
f 2830 2829 2831
f 2830 2831 2832
f 2754 2752 2756
f 2756 2752 2750
f 2756 2750 2747
f 2811 2805 2554
f 2554 2805 2804
f 2554 2804 2547
f 2618 2833 2834
f 2834 2833 2575
f 2834 2575 2807
f 2807 2575 2573
f 2807 2573 2803
f 2652 2661 2659
f 2800 2802 2835
f 2835 2802 2836
f 2835 2836 2715
f 2837 2838 2790
f 2790 2838 2839
f 2790 2839 2821
f 2827 2840 2826
f 2826 2840 2841
f 2826 2841 2737
f 2811 2549 2553
f 2811 2553 2581
f 2581 2553 2545
f 2581 2545 2583
f 2583 2545 2552
f 2583 2552 2842
f 2842 2552 2550
f 2842 2550 2551
f 2795 2843 2793
f 2793 2843 2568
f 2793 2568 2566
f 2566 2568 2570
f 2566 2570 2814
f 2649 2647 2651
f 2651 2647 2645
f 2651 2645 2655
f 2655 2645 2652
f 2655 2652 2657
f 2657 2652 2659
f 2823 2844 2822
f 2822 2844 2845
f 2822 2845 2617
f 2617 2845 2777
f 2617 2777 2608
f 2608 2777 2610
f 2819 2818 2746
f 2746 2818 2739
f 2746 2739 2741
f 2564 2547 2566
f 2566 2547 2804
f 2566 2804 2793
f 2812 2846 2805
f 2805 2846 2579
f 2805 2579 2803
f 2803 2579 2577
f 2803 2577 2806
f 2690 2688 2692
f 2692 2688 2686
f 2692 2686 2683
f 2683 2693 2799
f 2799 2693 2847
f 2799 2847 2796
f 2704 2702 2700
f 2837 2848 2838
f 2838 2848 2849
f 2838 2849 2776
f 2776 2849 2850
f 2776 2850 2774
f 2774 2850 2772
f 2777 2787 2785
f 2720 2727 2730
f 3029 2851 2556
f 2556 2851 2852
f 2556 2852 3040
f 2822 2853 2790
f 2790 2853 2830
f 2790 2830 2792
f 2792 2830 2832
f 2700 2698 2704
f 2704 2698 2713
f 2704 2713 2694
f 2694 2713 2715
f 2694 2715 2836
f 2850 2764 2762
f 2614 2612 2616
f 2616 2612 2610
f 2616 2610 2781
f 2781 2610 2777
f 2781 2777 2783
f 2783 2777 2785
f 2726 2724 2722
f 3029 2824 2555
f 2555 2824 2595
f 2555 2595 2593
f 2853 2842 2830
f 2830 2842 2551
f 2830 2551 2854
f 2854 2551 2548
f 2854 2548 2558
f 2768 2770 2766
f 2766 2770 2772
f 2766 2772 2758
f 2758 2772 2850
f 2758 2850 2760
f 2760 2850 2762
f 2722 2720 2726
f 2726 2720 2730
f 2726 2730 2716
f 2716 2730 2737
f 2716 2737 2841
f 2727 2736 2730
f 2730 2736 2734
f 2730 2734 2732
f 2741 2738 2745
f 2741 2745 2743
f 2738 2741 2739
f 3029 2555 2851
f 2851 2555 2593
f 2851 2593 2819
f 2819 2593 2855
f 2819 2855 2817
f 2824 3029 2544
f 2824 2544 2564
f 2564 2544 2547
f 2709 2711 2707
f 2707 2711 2713
f 2707 2713 2705
f 2705 2713 2698
f 3040 2852 2557
f 2557 2852 2591
f 2557 2591 2558
f 2558 2591 2589
f 2558 2589 2854
f 2765 2850 2856
f 2585 2857 2858
f 2585 2858 2587
f 2587 2858 2859
f 2587 2859 2860
f 2861 2580 2862
f 2862 2580 2582
f 2862 2582 2863
f 2863 2582 2864
f 2578 2865 2866
f 2578 2866 2576
f 2576 2866 2867
f 2576 2867 2868
f 2574 2869 2572
f 2572 2869 2870
f 2572 2870 2871
f 2872 2571 2873
f 2873 2571 2569
f 2873 2569 2874
f 2874 2569 2875
f 2565 2562 2559
f 2876 2877 2567
f 2567 2877 3009
f 3009 2565 2567
f 2671 2563 2562
f 2565 2671 2562
f 2979 2878 2879
f 2878 2979 3009
f 2816 2810 2877
f 2877 2876 2816
f 2816 2876 2567
f 2816 2567 2566
f 3009 2877 2878
f 2878 2877 2810
f 2878 2810 2879
f 2879 2810 2808
f 2879 2808 2880
f 2880 2808 2662
f 2880 2662 2654
f 2996 2881 2882
f 2815 2882 2809
f 2809 2882 2883
f 2996 2882 2873
f 2873 2882 2815
f 2873 2815 2872
f 2815 2814 2872
f 2872 2814 2570
f 2872 2570 2571
f 2809 2883 2643
f 2809 2643 2641
f 2881 2982 2882
f 2882 2982 2883
f 3000 2884 2982
f 2982 2884 2885
f 2982 2885 2883
f 2843 2795 2874
f 2874 2875 2843
f 2843 2875 2569
f 2843 2569 2568
f 3000 2874 2884
f 2884 2874 2795
f 2884 2795 2885
f 2885 2795 2794
f 2885 2794 2886
f 2886 2794 2640
f 2886 2640 2639
f 2995 2984 2887
f 2804 2887 2793
f 2793 2887 2888
f 2995 2887 2870
f 2870 2887 2804
f 2870 2804 2871
f 2804 2803 2871
f 2871 2803 2573
f 2871 2573 2572
f 2793 2888 2621
f 2793 2621 2619
f 2887 2984 2888
f 2889 2890 2984
f 2984 2890 2888
f 2833 2618 2869
f 2833 2869 2574
f 2833 2574 2575
f 2889 2869 2890
f 2890 2869 2618
f 2807 2891 2834
f 2834 2891 2892
f 3017 2891 2867
f 2867 2891 2807
f 2867 2807 2868
f 2807 2806 2868
f 2868 2806 2577
f 2868 2577 2576
f 2834 2892 2618
f 3017 2893 2891
f 2891 2893 2892
f 2893 2894 2892
f 2846 2812 2866
f 2866 2865 2846
f 2846 2865 2578
f 2846 2578 2579
f 3017 2866 2893
f 2893 2866 2812
f 2893 2812 2894
f 2894 2812 2813
f 3001 2895 2862
f 2805 2811 2861
f 2861 2811 2581
f 2861 2581 2580
f 2861 2862 2805
f 2805 2862 2895
f 2805 2895 2813
f 3001 2896 2895
f 2896 2897 2895
f 2842 2853 2863
f 2863 2864 2842
f 2842 2864 2582
f 2842 2582 2583
f 3001 2863 2896
f 2896 2863 2853
f 2896 2853 2897
f 2897 2853 2822
f 2897 2822 2898
f 2898 2822 2617
f 2898 2617 2607
f 2994 2899 2900
f 2844 2900 2845
f 2845 2900 2901
f 2994 2900 2859
f 2859 2900 2844
f 2859 2844 2860
f 2844 2823 2860
f 2860 2823 2586
f 2860 2586 2587
f 2901 2902 2845
f 2845 2902 2779
f 2845 2779 2777
f 2899 2903 2900
f 2900 2903 2901
f 2997 2904 2903
f 2903 2904 2905
f 2903 2905 2901
f 2821 2839 2858
f 2858 2857 2821
f 2821 2857 2585
f 2821 2585 2584
f 2997 2858 2904
f 2904 2858 2839
f 2904 2839 2905
f 2905 2839 2838
f 2905 2838 2906
f 2906 2838 2776
f 2906 2776 2775
f 3016 2907 2908
f 2909 2600 2910
f 2910 2600 2602
f 2910 2602 2911
f 2911 2602 2912
f 2597 2913 2914
f 2597 2914 2599
f 2599 2914 2915
f 2599 2915 2916
f 2594 2917 2918
f 2594 2918 2592
f 2592 2918 2919
f 2592 2919 2920
f 2590 2921 2922
f 2590 2922 2588
f 2588 2922 2923
f 2588 2923 2924
f 3010 2925 2926
f 3010 2926 2923
f 2830 2854 2924
f 2924 2854 2589
f 2924 2589 2588
f 2924 2923 2830
f 2830 2923 2926
f 2830 2926 2828
f 2828 2926 2927
f 2828 2927 2747
f 2925 2928 2926
f 2926 2928 2927
f 2929 2930 2928
f 2928 2930 2931
f 2928 2931 2927
f 2930 2929 2932
f 2852 2851 2922
f 2922 2921 2852
f 2852 2921 2590
f 2852 2590 2591
f 2932 2922 2930
f 2930 2922 2851
f 2930 2851 2931
f 2931 2851 2819
f 2931 2819 2933
f 2933 2819 2746
f 2933 2746 2740
f 3004 2934 2935
f 3004 2935 2919
f 2817 2855 2920
f 2920 2855 2593
f 2920 2593 2592
f 2920 2919 2817
f 2817 2919 2935
f 2817 2935 2818
f 2818 2935 2936
f 2818 2936 2739
f 2934 2981 2935
f 2935 2981 2936
f 2937 2938 2981
f 2981 2938 2939
f 2981 2939 2936
f 2824 2825 2918
f 2918 2917 2824
f 2824 2917 2594
f 2824 2594 2595
f 2937 2918 2938
f 2938 2918 2825
f 2938 2825 2939
f 2939 2825 2826
f 2939 2826 2940
f 2940 2826 2737
f 2940 2737 2729
f 3003 2941 2942
f 2840 2942 2841
f 2841 2942 2943
f 3003 2942 2915
f 2915 2942 2840
f 2915 2840 2916
f 2840 2827 2916
f 2916 2827 2598
f 2916 2598 2599
f 2943 2944 2841
f 2841 2944 2718
f 2841 2718 2716
f 2941 2974 2942
f 2942 2974 2943
f 2945 2946 2974
f 2974 2946 2947
f 2974 2947 2943
f 2801 2800 2914
f 2914 2913 2801
f 2801 2913 2597
f 2801 2597 2596
f 2945 2914 2946
f 2946 2914 2800
f 2946 2800 2947
f 2947 2800 2835
f 2947 2835 2948
f 2948 2835 2715
f 2948 2715 2714
f 3002 2949 2950
f 3002 2950 2910
f 2802 2820 2909
f 2909 2820 2601
f 2909 2601 2600
f 2909 2910 2802
f 2802 2910 2950
f 2802 2950 2836
f 2836 2950 2951
f 2836 2951 2696
f 2836 2696 2694
f 2949 2977 2950
f 2950 2977 2951
f 2952 2953 2977
f 2977 2953 2954
f 2977 2954 2951
f 2953 2952 3011
f 2797 2796 2911
f 2911 2912 2797
f 2797 2912 2602
f 2797 2602 2603
f 3011 2911 2953
f 2953 2911 2796
f 2953 2796 2954
f 2954 2796 2847
f 2954 2847 2955
f 2955 2847 2693
f 2955 2693 2685
f 3016 2956 2957
f 3016 2957 2907
f 2798 2604 2908
f 2908 2604 3016
f 2908 2907 2798
f 2798 2907 2957
f 2798 2957 2799
f 2799 2957 2975
f 2799 2975 2683
f 2956 2975 2957
f 2606 2675 2674
f 2998 2674 2958
f 2680 2673 2959
f 2671 2673 2663
f 2927 2961 2748
f 2748 2961 2962
f 2748 2962 2755
f 2665 2667 2663
f 2663 2667 2669
f 2663 2669 2671
f 2674 2676 2959
f 2959 2676 2678
f 2959 2678 2680
f 2779 2902 2898
f 2963 2927 2931
f 2963 2931 2964
f 2718 2944 2940
f 2966 2901 2903
f 2903 2901 2905
f 2903 2905 2967
f 2902 2901 2898
f 2898 2901 2966
f 2898 2966 2897
f 2897 2966 2896
f 2897 2896 2895
f 2895 2896 3001
f 2856 2968 2967
f 2967 2968 2969
f 2969 2968 2970
f 2969 2970 2962
f 2962 2970 2971
f 2962 2971 2749
f 2749 2751 2962
f 2962 2751 2753
f 2962 2753 2755
f 2931 2933 2964
f 2964 2933 2740
f 2964 2740 2972
f 2973 2943 2974
f 2974 2943 2947
f 2974 2947 2960
f 2960 2947 2948
f 2960 2948 2714
f 2674 2959 2958
f 2956 2958 2975
f 2892 2965 2618
f 2894 2893 2892
f 2892 2893 2965
f 2609 2611 2613
f 2773 2771 2769
f 2747 2927 2748
f 2936 2976 2972
f 2731 2717 2729
f 2729 2717 2718
f 2729 2718 2940
f 2960 2951 2977
f 2977 2951 2954
f 2977 2954 2978
f 2978 2954 2955
f 2978 2955 2685
f 2673 2671 2959
f 2959 2671 2565
f 2979 2879 2980
f 2894 2813 2895
f 2613 2615 2609
f 2609 2615 2778
f 2609 2778 2607
f 2607 2778 2779
f 2607 2779 2898
f 2769 2767 2773
f 2773 2767 2765
f 2773 2765 2775
f 2775 2765 2856
f 2775 2856 2967
f 2775 2967 2906
f 2906 2967 2905
f 2944 2943 2940
f 2940 2943 2973
f 2940 2973 2939
f 2939 2973 2981
f 2939 2981 2936
f 2936 2981 2976
f 2972 2740 2936
f 2951 2960 2696
f 2696 2960 2714
f 2696 2714 2695
f 2695 2714 2703
f 2643 2883 2980
f 2980 2883 2982
f 2982 2883 2885
f 2982 2885 2983
f 2621 2888 2983
f 2983 2888 2984
f 2984 2888 2890
f 2984 2890 2965
f 2618 2965 2890
f 2733 2735 2731
f 2731 2735 2728
f 2731 2728 2717
f 2717 2728 2719
f 2714 2712 2710
f 2656 2642 2654
f 2654 2642 2643
f 2654 2643 2980
f 2654 2980 2880
f 2880 2980 2879
f 2784 2786 2782
f 2782 2786 2778
f 2782 2778 2780
f 2780 2778 2615
f 2761 2763 2759
f 2759 2763 2765
f 2759 2765 2757
f 2757 2765 2767
f 2742 2744 2740
f 2740 2744 2936
f 2719 2721 2717
f 2717 2721 2723
f 2717 2723 2725
f 2699 2701 2697
f 2697 2701 2703
f 2697 2703 2706
f 2706 2703 2714
f 2706 2714 2708
f 2708 2714 2710
f 2975 2985 2682
f 2685 2687 2689
f 2637 2635 2633
f 2985 2978 2682
f 2682 2978 2685
f 2682 2685 2684
f 2684 2685 2689
f 2684 2689 2691
f 2644 2646 2648
f 2633 2631 2637
f 2637 2631 2620
f 2637 2620 2639
f 2639 2620 2621
f 2639 2621 2983
f 2639 2983 2886
f 2886 2983 2885
f 2626 2628 2624
f 2624 2628 2620
f 2624 2620 2622
f 2622 2620 2631
f 2658 2660 2656
f 2656 2660 2653
f 2656 2653 2642
f 2642 2653 2644
f 2642 2644 2650
f 2650 2644 2648
f 2986 2969 2987
f 2987 2969 2968
f 2988 2989 2969
f 2969 2989 2970
f 2969 2970 2968
f 2832 2831 2990
f 2990 2991 2832
f 2832 2991 2791
f 2832 2791 2792
f 2988 2990 2989
f 2989 2990 2831
f 2989 2831 2970
f 2970 2831 2829
f 2970 2829 2971
f 2971 2829 2788
f 2971 2788 2749
f 2992 2789 2993
f 2993 2789 2791
f 2993 2791 2990
f 2990 2791 2991
f 3008 2986 2987
f 3008 2987 2993
f 2848 2837 2992
f 2992 2837 2790
f 2992 2790 2789
f 2992 2993 2848
f 2848 2993 2987
f 2848 2987 2849
f 2849 2987 2968
f 2849 2968 2856
f 2849 2856 2850
f 2994 2859 2858
f 2994 2858 2997
f 3001 2862 2863
f 3017 2867 2866
f 2995 2870 2869
f 2995 2869 2889
f 2996 2873 2874
f 2996 2874 3000
f 3008 2997 2986
f 2986 2997 2967
f 2986 2967 2969
f 2565 2998 2959
f 2979 2980 3009
f 2980 2982 2881
f 3009 2980 2999
f 2999 2980 2881
f 2999 2881 2996
f 3000 2982 2983
f 3000 2983 2984
f 3000 2984 2995
f 2889 2984 2965
f 2965 2893 3017
f 3017 2893 2894
f 3001 2896 2966
f 2899 2966 2903
f 3001 2966 2899
f 3001 2899 2994
f 2967 2997 2903
f 3017 2894 2895
f 3002 2910 2911
f 3002 2911 3011
f 3003 2915 2914
f 3003 2914 2945
f 3004 2919 2918
f 3004 2918 2937
f 3010 2923 2922
f 3010 2922 2932
f 2927 2963 2925
f 2925 2963 2928
f 2928 2963 2929
f 2929 2963 2964
f 2929 2964 2932
f 2976 2981 2934
f 2937 2981 2973
f 2973 2974 2941
f 2937 2973 3005
f 3005 2973 2941
f 3005 2941 3003
f 2945 2974 2960
f 2960 2977 2949
f 2945 2960 3006
f 3006 2960 2949
f 3006 2949 3002
f 2952 2977 2978
f 2952 2978 3011
f 2958 2956 2975
f 2959 2998 2958
f 2988 2969 2962
f 3011 2978 2985
f 3011 2985 2975
f 3011 2975 3012
f 3012 2975 2956
f 3012 2956 3016
f 2932 2964 3007
f 3007 2964 2972
f 3007 2972 2976
f 3007 2976 2934
f 3007 2934 3004
f 2988 2962 2961
f 2961 2927 3013
f 3013 2927 2925
f 3013 2925 3010
f 3008 2993 2990
f 3008 2990 2988
f 3009 2999 2996
f 2988 2961 3013
f 3010 2932 3014
f 2932 3007 3014
f 3014 3007 3004
f 2937 3005 3003
f 2945 3006 3002
f 3002 3011 3015
f 3015 3011 3012
f 2997 3001 2994
f 2997 3008 2988
f 3013 3010 3014
f 3014 3004 2937
f 2945 2937 3003
f 3015 2945 3002
f 3015 3012 3016
f 3000 2565 3009
f 3000 3009 2996
f 2889 3000 2995
f 3017 2895 3001
f 3019 2549 2546
f 3019 2546 3018
f 3018 2546 2547
f 3018 2547 2543
f 2543 2544 3029
f 3028 2548 2550
f 3028 2550 2545
f 3028 2545 3019
f 3019 2545 2549
f 3018 3020 3021
f 3018 3021 3022
f 3018 3022 3023
f 3018 3023 3024
f 3018 3024 3019
f 3019 3024 3025
f 3019 3025 3026
f 3019 3026 3027
f 3019 3027 3028
f 2543 3029 3020
f 2543 3020 3018
f 3026 3045 3027
f 3029 3030 3020
f 3020 3030 3031
f 3020 3031 3021
f 3021 3031 3032
f 3021 3032 3022
f 3022 3032 3033
f 3022 3033 3023
f 3023 3033 3034
f 3023 3034 3024
f 3024 3034 3035
f 3024 3035 3025
f 3025 3035 3036
f 3025 3036 3026
f 3026 3036 3045
f 3032 3037 3033
f 3033 3037 3041
f 3033 3041 3034
f 3034 3041 3035
f 3035 3041 3045
f 3035 3045 3036
f 3027 3045 3028
f 3028 3045 3044
f 3028 3044 2548
f 3029 3039 3030
f 3030 3039 3031
f 3031 3039 3037
f 3031 3037 3032
f 3037 3039 3041
f 3041 3039 3042
f 3045 3038 3044
f 2565 3043 2998
f 2998 3043 3016
f 3016 3043 3015
f 3015 3043 2945
f 2945 3043 3044
f 2945 3044 2937
f 2937 3044 3014
f 3014 3044 3013
f 3013 3044 2988
f 2988 3044 2997
f 2997 3044 3045
f 2997 3045 3001
f 3001 3045 3017
f 3017 3045 2965
f 2965 3045 3046
f 2965 3046 2889
f 2889 3046 3000
f 3000 3046 3043
f 3000 3043 2565
f 2548 3044 3040
f 3040 3044 3029
f 3029 3044 3043
f 3039 3043 3046
f 3039 3046 3042
f 3029 3043 3039
f 3044 3038 3045
f 3042 3046 3041
f 3041 3046 3045
f 3047 3051 3048
f 3047 3048 3050
f 3050 3048 3053
f 3052 3051 3047
f 3054 3052 3047
f 3054 3047 3050
f 3054 3049 3051
f 3054 3051 3052
f 3050 3053 3048
f 3050 3048 3054
f 3054 3048 3051
f 3054 3051 3049
f 3057 3058 3059
f 3059 3058 3060
f 3059 3060 3313
f 3058 3057 3061
f 3061 3057 3074
f 3062 3063 3064
f 3064 3063 3061
f 3064 3061 3074
f 3067 3068 3069
f 3070 3071 3072
f 3057 3059 3073
f 3059 3313 3073
f 3073 3313 3065
f 3073 3065 3074
f 3065 3313 3066
f 3057 3073 3074
f 3077 3074 3065
f 3072 3066 3075
f 3072 3075 3070
f 3062 3064 3074
f 3076 3065 3066
f 3076 3066 3072
f 3076 3072 3069
f 3069 3072 3071
f 3069 3071 3067
f 3077 3065 3078
f 3078 3065 3079
f 3079 3065 3076
f 3076 3069 3080
f 3080 3069 3068
f 3080 3068 3081
f 3084 3100 3082
f 3085 3082 3086
f 3087 3331 3082
f 3082 3331 3084
f 3331 3088 3084
f 3084 3088 3089
f 3088 3090 3089
f 3089 3090 3091
f 3089 3091 3092
f 3093 3094 3095
f 3095 3094 3092
f 3095 3092 3096
f 3096 3092 3091
f 3100 3084 3089
f 3099 3100 3101
f 3101 3100 3102
f 3094 3100 3092
f 3092 3100 3089
f 3082 3100 3099
f 3082 3099 3086
f 3086 3098 3085
f 3103 3085 3104
f 3104 3085 3098
f 3098 3105 3104
f 3098 3086 3105
f 3105 3086 3097
f 3082 3085 3083
f 3083 3085 3103
f 3314 3087 3082
f 3087 3314 3106
f 3106 3314 3083
f 3106 3083 3107
f 3083 3103 3107
f 3107 3103 3108
f 3107 3108 3109
f 3109 3108 3110
f 3110 3108 3111
f 3110 3111 3112
f 3112 3111 3113
f 3113 3111 3114
f 3113 3114 3115
f 3115 3114 3116
f 3115 3116 3117
f 3104 3105 3097
f 3118 3119 3097
f 3103 3104 3108
f 3108 3104 3097
f 3108 3097 3111
f 3111 3097 3114
f 3114 3097 3119
f 3114 3119 3116
f 3119 3120 3116
f 3121 3055 3122
f 3131 3116 3120
f 3133 3134 3135
f 3135 3134 3136
f 3135 3136 3137
f 3138 3118 3132
f 3132 3118 3097
f 3128 3131 3139
f 3139 3131 3120
f 3139 3120 3138
f 3138 3120 3119
f 3138 3119 3118
f 3132 3097 3140
f 3132 3140 3138
f 3138 3140 3141
f 3138 3141 3139
f 3139 3141 3130
f 3139 3130 3128
f 3097 3142 3140
f 3140 3142 3143
f 3140 3143 3141
f 3141 3143 3144
f 3141 3144 3130
f 3130 3144 3129
f 3130 3129 3128
f 3124 3128 3145
f 3145 3128 3129
f 3145 3129 3146
f 3146 3129 3144
f 3146 3144 3147
f 3147 3144 3143
f 3147 3143 3148
f 3148 3143 3142
f 3148 3149 3147
f 3147 3149 3150
f 3147 3150 3146
f 3146 3150 3151
f 3146 3151 3145
f 3145 3151 3127
f 3145 3127 3124
f 3149 3152 3150
f 3150 3152 3153
f 3150 3153 3151
f 3151 3153 3154
f 3151 3154 3127
f 3127 3154 3126
f 3127 3126 3124
f 3152 3155 3153
f 3153 3155 3156
f 3153 3156 3154
f 3154 3156 3157
f 3154 3157 3126
f 3126 3157 3125
f 3126 3125 3124
f 3536 3124 3158
f 3158 3124 3125
f 3158 3125 3159
f 3159 3125 3157
f 3159 3157 3160
f 3160 3157 3156
f 3160 3156 3161
f 3161 3156 3155
f 3161 3162 3160
f 3160 3162 3163
f 3160 3163 3159
f 3159 3163 3164
f 3159 3164 3158
f 3158 3164 3123
f 3158 3123 3536
f 3162 3165 3163
f 3163 3165 3166
f 3163 3166 3164
f 3164 3166 3167
f 3164 3167 3123
f 3123 3167 3122
f 3123 3122 3536
f 3536 3122 3055
f 3168 3121 3169
f 3169 3121 3122
f 3169 3122 3170
f 3170 3122 3167
f 3170 3167 3171
f 3171 3167 3166
f 3171 3166 3172
f 3172 3166 3165
f 3172 3133 3171
f 3171 3133 3135
f 3171 3135 3170
f 3170 3135 3137
f 3170 3137 3169
f 3169 3137 3173
f 3169 3173 3168
f 3168 3173 3174
f 3136 3175 3137
f 3137 3175 3173
f 3173 3175 3176
f 3173 3176 3174
f 3174 3176 3177
f 3177 3176 3178
f 3176 3175 3185
f 3175 3136 3185
f 3185 3136 3134
f 3179 3180 3182
f 3182 3180 3181
f 3134 3183 3185
f 3185 3183 3184
f 3178 3176 3185
f 3186 3185 3187
f 3187 3185 3182
f 3184 3179 3185
f 3185 3179 3182
f 3066 3182 3075
f 3075 3182 3181
f 3075 3181 3070
f 3070 3181 3180
f 3070 3180 3071
f 3071 3180 3179
f 3071 3179 3067
f 3067 3179 3184
f 3067 3184 3068
f 3068 3184 3183
f 3068 3183 3081
f 3081 3183 3134
f 3188 3182 3066
f 3189 3315 3178
f 3178 3185 3189
f 3189 3185 3186
f 3189 3186 3190
f 3190 3186 3187
f 3190 3187 3191
f 3182 3188 3187
f 3187 3188 3192
f 3187 3192 3191
f 3193 3194 3195
f 3196 3197 3198
f 3198 3499 3315
f 3197 3499 3198
f 3194 3193 3198
f 3198 3193 3199
f 3198 3199 3196
f 3200 3201 3195
f 3195 3201 3202
f 3195 3202 3193
f 3315 3189 3198
f 3198 3189 3190
f 3198 3190 3194
f 3194 3190 3191
f 3194 3191 3195
f 3195 3191 3192
f 3195 3192 3200
f 3188 3056 3192
f 3192 3056 3313
f 3192 3313 3200
f 3056 3188 3066
f 3056 3066 3313
f 3313 3060 3200
f 3200 3060 3203
f 3200 3203 3201
f 3201 3203 3202
f 3202 3203 3204
f 3202 3204 3193
f 3193 3204 3199
f 3199 3204 3205
f 3199 3205 3196
f 3196 3205 3197
f 3197 3205 3206
f 3197 3206 3499
f 3058 3061 3209
f 3207 3208 3209
f 3220 3209 3061
f 3220 3061 3063
f 3060 3058 3203
f 3203 3058 3209
f 3203 3209 3204
f 3204 3209 3205
f 3205 3209 3208
f 3205 3208 3206
f 3208 3210 3206
f 3211 3501 3212
f 3501 3500 3214
f 3219 3206 3210
f 3222 3223 3224
f 3224 3223 3225
f 3224 3225 3226
f 3227 3207 3221
f 3221 3207 3209
f 3221 3209 3220
f 3499 3219 3228
f 3228 3219 3210
f 3228 3210 3227
f 3227 3210 3208
f 3227 3208 3207
f 3220 3229 3221
f 3221 3229 3230
f 3221 3230 3227
f 3227 3230 3231
f 3227 3231 3228
f 3228 3231 3218
f 3228 3218 3499
f 3229 3232 3230
f 3230 3232 3233
f 3230 3233 3231
f 3231 3233 3234
f 3231 3234 3218
f 3218 3234 3217
f 3218 3217 3499
f 3235 3499 3217
f 3235 3217 3236
f 3236 3217 3234
f 3236 3234 3237
f 3237 3234 3233
f 3237 3233 3238
f 3238 3233 3232
f 3238 3239 3237
f 3237 3239 3240
f 3237 3240 3236
f 3236 3240 3241
f 3236 3241 3235
f 3235 3241 3216
f 3235 3216 3499
f 3499 3216 3500
f 3239 3242 3240
f 3240 3242 3243
f 3240 3243 3241
f 3241 3243 3244
f 3241 3244 3216
f 3216 3244 3215
f 3216 3215 3500
f 3242 3245 3243
f 3243 3245 3246
f 3243 3246 3244
f 3244 3246 3247
f 3244 3247 3215
f 3215 3247 3214
f 3215 3214 3500
f 3248 3501 3214
f 3248 3214 3249
f 3249 3214 3247
f 3249 3247 3250
f 3250 3247 3246
f 3250 3246 3251
f 3251 3246 3245
f 3251 3252 3250
f 3250 3252 3253
f 3250 3253 3249
f 3249 3253 3254
f 3249 3254 3248
f 3248 3254 3213
f 3248 3213 3501
f 3252 3255 3253
f 3253 3255 3256
f 3253 3256 3254
f 3254 3256 3257
f 3254 3257 3213
f 3213 3257 3212
f 3213 3212 3501
f 3258 3211 3259
f 3259 3211 3212
f 3259 3212 3260
f 3260 3212 3257
f 3260 3257 3261
f 3261 3257 3256
f 3261 3256 3262
f 3262 3256 3255
f 3262 3222 3261
f 3261 3222 3224
f 3261 3224 3260
f 3260 3224 3226
f 3260 3226 3259
f 3259 3226 3263
f 3259 3263 3258
f 3258 3263 3264
f 3225 3265 3226
f 3226 3265 3263
f 3263 3265 3266
f 3263 3266 3264
f 3264 3266 3267
f 3267 3266 3268
f 3269 3316 3308
f 3271 3283 3291
f 3291 3283 3270
f 3272 3501 3268
f 3268 3282 3272
f 3272 3282 3273
f 3272 3273 3274
f 3274 3273 3275
f 3274 3275 3276
f 3283 3271 3275
f 3275 3271 3277
f 3275 3277 3276
f 3266 3265 3282
f 3265 3225 3282
f 3282 3225 3223
f 3279 3280 3283
f 3223 3281 3282
f 3279 3283 3282
f 3268 3266 3282
f 3273 3282 3275
f 3275 3282 3283
f 3282 3278 3279
f 3283 3280 3270
f 3270 3280 3284
f 3280 3279 3284
f 3284 3279 3278
f 3284 3278 3285
f 3223 3286 3281
f 3281 3286 3285
f 3281 3285 3282
f 3282 3285 3278
f 3291 3270 3284
f 3288 3269 3308
f 3288 3308 3289
f 3289 3308 3290
f 3286 3291 3285
f 3285 3291 3284
f 3269 3292 3296
f 3269 3288 3292
f 3292 3288 3287
f 3292 3287 3293
f 3292 3293 3294
f 3296 3292 3294
f 3296 3294 3295
f 3297 3296 3298
f 3298 3296 3469
f 3295 3469 3296
f 3316 3269 3296
f 3316 3296 3299
f 3299 3296 3297
f 3299 3297 3300
f 3300 3297 3301
f 3301 3297 3298
f 3301 3298 3302
f 3302 3298 3469
f 3302 3469 3475
f 3300 3303 3304
f 3305 3475 3501
f 3302 3475 3305
f 3303 3300 3305
f 3305 3300 3301
f 3305 3301 3302
f 3304 3316 3299
f 3304 3299 3300
f 3501 3272 3305
f 3305 3272 3274
f 3305 3274 3303
f 3303 3274 3276
f 3303 3276 3304
f 3304 3276 3277
f 3304 3277 3316
f 3291 3306 3271
f 3271 3306 3277
f 3277 3306 3316
f 3308 3316 3291
f 3316 3306 3291
f 3311 3316 3308
f 3316 3307 3308
f 3124 3313 3310
f 3310 3083 3124
f 3310 3313 3311
f 3311 3308 3396
f 3396 3308 3312
f 3312 3308 3307
f 3396 3082 3311
f 3310 3311 3082
f 3396 3317 3082
f 3317 3314 3082
f 3082 3083 3310
f 3315 3499 3313
f 3055 3315 3536
f 3083 3503 3502
f 3083 3502 3124
f 3124 3536 3313
f 3313 3536 3315
f 3316 3311 3500
f 3500 3311 3313
f 3500 3313 3499
f 3536 3055 3503
f 3396 3312 3317
f 3083 3314 3321
f 3316 3312 3307
f 3317 3321 3314
f 3128 3503 3083
f 3206 3219 3499
f 3116 3131 3117
f 3117 3131 3083
f 3131 3128 3083
f 3503 3128 3124
f 3121 3315 3055
f 3121 3168 3315
f 3315 3168 3174
f 3315 3174 3177
f 3315 3177 3178
f 3211 3258 3501
f 3501 3258 3264
f 3501 3264 3267
f 3501 3267 3268
f 3112 3318 3319
f 3320 3083 3321
f 3115 3117 3320
f 3320 3117 3083
f 3318 3112 3320
f 3320 3112 3113
f 3320 3113 3115
f 3107 3109 3319
f 3319 3109 3110
f 3319 3110 3112
f 3321 3323 3320
f 3320 3323 3324
f 3320 3324 3318
f 3318 3324 3322
f 3318 3322 3319
f 3319 3322 3106
f 3319 3106 3107
f 3323 3321 3325
f 3325 3096 3323
f 3323 3096 3326
f 3323 3326 3324
f 3324 3326 3327
f 3324 3327 3322
f 3331 3087 3327
f 3327 3087 3106
f 3327 3106 3322
f 3328 3329 3096
f 3329 3330 3096
f 3096 3330 3093
f 3090 3088 3331
f 3093 3095 3096
f 3090 3331 3096
f 3325 3328 3096
f 3326 3096 3327
f 3327 3096 3331
f 3096 3091 3090
f 3332 3321 3333
f 3340 3341 3342
f 3344 3093 3345
f 3345 3093 3330
f 3345 3330 3346
f 3425 3340 3348
f 3348 3340 3342
f 3348 3342 3347
f 3347 3342 3349
f 3349 3350 3351
f 3349 3351 3347
f 3347 3351 3352
f 3347 3352 3348
f 3348 3352 3339
f 3348 3339 3425
f 3350 3353 3351
f 3351 3353 3354
f 3351 3354 3352
f 3352 3354 3355
f 3352 3355 3339
f 3339 3355 3338
f 3339 3338 3425
f 3356 3425 3338
f 3356 3338 3357
f 3357 3338 3355
f 3357 3355 3358
f 3358 3355 3354
f 3358 3354 3359
f 3359 3354 3353
f 3359 3360 3358
f 3358 3360 3361
f 3358 3361 3357
f 3357 3361 3362
f 3357 3362 3356
f 3356 3362 3337
f 3356 3337 3425
f 3425 3337 3317
f 3360 3363 3361
f 3361 3363 3364
f 3361 3364 3362
f 3362 3364 3365
f 3362 3365 3337
f 3337 3365 3336
f 3337 3336 3317
f 3363 3366 3364
f 3364 3366 3367
f 3364 3367 3365
f 3365 3367 3368
f 3365 3368 3336
f 3336 3368 3335
f 3336 3335 3317
f 3369 3317 3335
f 3369 3335 3370
f 3370 3335 3368
f 3370 3368 3371
f 3371 3368 3367
f 3371 3367 3372
f 3372 3367 3366
f 3372 3373 3371
f 3371 3373 3374
f 3371 3374 3370
f 3370 3374 3375
f 3370 3375 3369
f 3369 3375 3334
f 3369 3334 3317
f 3317 3334 3321
f 3373 3376 3374
f 3374 3376 3377
f 3374 3377 3375
f 3375 3377 3378
f 3375 3378 3334
f 3334 3378 3333
f 3334 3333 3321
f 3379 3332 3380
f 3380 3332 3333
f 3380 3333 3381
f 3381 3333 3378
f 3381 3378 3382
f 3382 3378 3377
f 3382 3377 3383
f 3383 3377 3376
f 3383 3344 3382
f 3382 3344 3345
f 3382 3345 3381
f 3381 3345 3346
f 3381 3346 3380
f 3380 3346 3384
f 3380 3384 3379
f 3379 3384 3385
f 3330 3329 3346
f 3346 3329 3384
f 3384 3329 3328
f 3384 3328 3385
f 3385 3328 3386
f 3386 3328 3325
f 3387 3388 3349
f 3350 3349 3388
f 3350 3388 3343
f 3389 3387 3390
f 3390 3387 3349
f 3390 3349 3391
f 3391 3349 3392
f 3392 3349 3341
f 3349 3342 3341
f 3393 3394 3396
f 3396 3397 3395
f 3398 3399 3400
f 3401 3402 3403
f 3409 3396 3405
f 3404 3397 3406
f 3403 3409 3405
f 3403 3405 3401
f 3407 3408 3406
f 3397 3396 3409
f 3409 3403 3400
f 3400 3403 3402
f 3400 3402 3398
f 3407 3406 3410
f 3410 3406 3397
f 3410 3397 3411
f 3411 3397 3412
f 3412 3397 3409
f 3412 3409 3413
f 3413 3409 3414
f 3414 3409 3415
f 3415 3409 3400
f 3415 3400 3416
f 3416 3400 3399
f 3416 3399 3417
f 3389 3395 3387
f 3387 3395 3397
f 3387 3397 3404
f 3387 3404 3388
f 3388 3404 3406
f 3407 3343 3408
f 3408 3343 3388
f 3408 3388 3406
f 3396 3395 3309
f 3309 3395 3389
f 3393 3396 3309
f 3309 3418 3419
f 3419 3393 3309
f 3309 3389 3418
f 3418 3389 3390
f 3418 3390 3420
f 3420 3390 3421
f 3421 3390 3391
f 3421 3391 3422
f 3422 3391 3423
f 3423 3391 3392
f 3423 3392 3424
f 3424 3392 3341
f 3424 3341 3425
f 3422 3426 3427
f 3428 3425 3312
f 3424 3425 3428
f 3426 3422 3428
f 3428 3422 3423
f 3428 3423 3424
f 3418 3420 3427
f 3427 3420 3421
f 3427 3421 3422
f 3312 3430 3428
f 3428 3430 3431
f 3428 3431 3426
f 3426 3431 3429
f 3426 3429 3427
f 3427 3429 3419
f 3427 3419 3418
f 3430 3312 3432
f 3432 3444 3430
f 3430 3444 3433
f 3430 3433 3431
f 3431 3433 3434
f 3431 3434 3429
f 3394 3393 3434
f 3434 3393 3419
f 3434 3419 3429
f 3435 3436 3444
f 3436 3437 3444
f 3444 3437 3438
f 3439 3440 3394
f 3394 3440 3441
f 3438 3442 3444
f 3444 3442 3443
f 3432 3435 3444
f 3433 3444 3434
f 3434 3444 3394
f 3443 3439 3444
f 3444 3439 3394
f 3396 3394 3405
f 3405 3394 3441
f 3405 3441 3401
f 3401 3441 3440
f 3401 3440 3402
f 3402 3440 3439
f 3402 3439 3398
f 3398 3439 3443
f 3398 3443 3399
f 3399 3443 3442
f 3399 3442 3417
f 3417 3442 3438
f 3350 3343 3407
f 3373 3372 3410
f 3410 3372 3366
f 3410 3366 3407
f 3220 3063 3062
f 3445 3446 3416
f 3094 3093 3344
f 3447 3293 3287
f 3417 3438 3448
f 3366 3363 3407
f 3407 3363 3360
f 3407 3360 3359
f 3076 3155 3412
f 3076 3412 3079
f 3079 3412 3413
f 3079 3413 3078
f 3078 3413 3414
f 3078 3414 3077
f 3077 3414 3242
f 3077 3242 3074
f 3447 3287 3449
f 3308 3414 3290
f 3290 3414 3415
f 3290 3415 3289
f 3289 3415 3416
f 3289 3416 3288
f 3359 3353 3407
f 3407 3353 3350
f 3344 3383 3094
f 3094 3383 3376
f 3094 3376 3373
f 3148 3142 3097
f 3081 3134 3133
f 3414 3308 3242
f 3242 3308 3291
f 3450 3451 3417
f 3417 3451 3452
f 3417 3452 3416
f 3416 3452 3453
f 3416 3453 3445
f 3099 3155 3086
f 3086 3155 3152
f 3086 3152 3097
f 3097 3152 3149
f 3097 3149 3148
f 3074 3242 3062
f 3062 3242 3239
f 3062 3239 3238
f 3238 3232 3062
f 3062 3232 3229
f 3062 3229 3220
f 3288 3416 3446
f 3288 3446 3287
f 3287 3446 3454
f 3287 3454 3449
f 3448 3455 3417
f 3417 3455 3456
f 3417 3456 3450
f 3155 3099 3412
f 3076 3080 3155
f 3155 3080 3081
f 3155 3081 3161
f 3161 3081 3162
f 3412 3099 3101
f 3412 3101 3411
f 3411 3101 3102
f 3411 3102 3410
f 3410 3102 3100
f 3410 3100 3373
f 3373 3100 3094
f 3133 3172 3081
f 3081 3172 3165
f 3081 3165 3162
f 3223 3222 3286
f 3286 3222 3262
f 3286 3262 3255
f 3255 3252 3286
f 3286 3252 3251
f 3286 3251 3291
f 3291 3251 3245
f 3291 3245 3242
f 3457 3312 3458
f 3293 3447 3465
f 3448 3438 3466
f 3466 3438 3437
f 3466 3437 3467
f 3468 3475 3469
f 3293 3465 3294
f 3294 3465 3470
f 3294 3470 3295
f 3295 3470 3468
f 3295 3468 3469
f 3447 3449 3465
f 3465 3449 3471
f 3465 3471 3470
f 3470 3471 3472
f 3470 3472 3468
f 3468 3472 3464
f 3468 3464 3475
f 3449 3454 3471
f 3471 3454 3473
f 3471 3473 3472
f 3472 3473 3474
f 3472 3474 3464
f 3464 3474 3463
f 3464 3463 3475
f 3476 3475 3463
f 3476 3463 3477
f 3477 3463 3474
f 3477 3474 3478
f 3478 3474 3473
f 3478 3473 3446
f 3446 3473 3454
f 3446 3445 3478
f 3478 3445 3479
f 3478 3479 3477
f 3477 3479 3480
f 3477 3480 3476
f 3476 3480 3462
f 3476 3462 3475
f 3475 3462 3312
f 3445 3453 3479
f 3479 3453 3481
f 3479 3481 3480
f 3480 3481 3482
f 3480 3482 3462
f 3462 3482 3461
f 3462 3461 3312
f 3460 3312 3461
f 3460 3461 3483
f 3483 3461 3482
f 3483 3482 3484
f 3484 3482 3481
f 3484 3481 3452
f 3452 3481 3453
f 3485 3312 3460
f 3485 3460 3486
f 3486 3460 3483
f 3486 3483 3487
f 3487 3483 3484
f 3487 3484 3451
f 3451 3484 3452
f 3451 3450 3487
f 3487 3450 3488
f 3487 3488 3486
f 3486 3488 3489
f 3486 3489 3485
f 3485 3489 3459
f 3485 3459 3312
f 3450 3456 3488
f 3488 3456 3490
f 3488 3490 3489
f 3489 3490 3491
f 3489 3491 3459
f 3459 3491 3458
f 3459 3458 3312
f 3492 3457 3493
f 3493 3457 3458
f 3493 3458 3494
f 3494 3458 3491
f 3494 3491 3495
f 3495 3491 3490
f 3495 3490 3455
f 3455 3490 3456
f 3455 3448 3495
f 3495 3448 3466
f 3495 3466 3494
f 3494 3466 3467
f 3494 3467 3493
f 3493 3467 3496
f 3493 3496 3492
f 3492 3496 3497
f 3437 3436 3467
f 3467 3436 3496
f 3496 3436 3435
f 3496 3435 3497
f 3497 3435 3498
f 3498 3435 3432
f 3341 3340 3425
f 3457 3492 3312
f 3312 3492 3497
f 3312 3497 3498
f 3312 3498 3432
f 3332 3379 3321
f 3321 3379 3385
f 3321 3385 3386
f 3321 3386 3325
f 3425 3317 3312
f 3316 3501 3475
f 3316 3475 3312
f 3316 3500 3501
f 3536 3124 3532
f 3124 3535 3532
f 3124 3502 3535
f 3124 3536 3503
f 3504 3505 3516
f 3516 3505 3503
f 3505 3504 3506
f 3509 3507 3506
f 3506 3507 3508
f 3506 3508 3505
f 3504 3509 3506
f 3510 3509 3511
f 3511 3509 3504
f 3511 3504 3512
f 3512 3513 3514
f 3515 3510 3514
f 3514 3510 3511
f 3514 3511 3512
f 3513 3515 3514
f 3507 3515 3508
f 3508 3515 3513
f 3508 3513 3505
f 3516 3517 3533
f 3532 3518 3055
f 3055 3518 3503
f 3521 3519 3520
f 3522 3519 3523
f 3523 3519 3521
f 3523 3521 3524
f 3524 3525 3526
f 3527 3522 3526
f 3526 3522 3523
f 3526 3523 3524
f 3525 3527 3526
f 3528 3527 3529
f 3529 3527 3525
f 3529 3525 3530
f 3530 3521 3520
f 3519 3528 3520
f 3520 3528 3529
f 3520 3529 3530
f 3521 3530 3518
f 3532 3531 3522
f 3522 3527 3532
f 3532 3527 3518
f 3518 3527 3528
f 3518 3528 3519
f 3518 3519 3531
f 3531 3519 3522
f 3530 3525 3518
f 3525 3532 3518
f 3525 3524 3532
f 3532 3524 3531
f 3524 3521 3531
f 3531 3521 3518
f 3517 3516 3533
f 3517 3503 3516
f 3535 3517 3533
f 3535 3533 3534
f 3534 3533 3510
f 3510 3515 3534
f 3534 3515 3503
f 3503 3515 3507
f 3503 3507 3516
f 3516 3507 3509
f 3516 3509 3533
f 3533 3509 3510
f 3505 3513 3503
f 3503 3535 3517
f 3513 3534 3503
f 3503 3534 3533
f 3503 3533 3535
f 3513 3512 3534
f 3534 3512 3533
f 3516 3503 3517
f 3517 3535 3533
f 3512 3504 3533
f 3533 3504 3516
f 3532 3535 3518
f 3502 3517 3535
f 3535 3534 3518
f 3518 3534 3503
f 3503 3517 3502
f 3532 3055 3536
f 3537 3538 3539
f 3539 3538 3540
f 3540 3538 3541
f 3540 3541 3542
f 3542 3541 3543
f 3543 3541 3544
f 3543 3544 3545
f 3545 3544 3546
f 3546 3544 4074
f 3546 4074 3547
f 3547 4074 3548
f 3548 4074 3549
f 3548 3549 3550
f 3550 3549 3551
f 3551 3549 3552
f 3552 3549 3537
f 3537 3549 3538
f 3553 3979 3554
f 3553 3554 3555
f 3555 3554 3556
f 3556 3554 3557
f 3556 3557 3558
f 3558 3557 3559
f 3559 3557 4075
f 3559 4075 3560
f 3560 4075 3561
f 3561 4075 3562
f 3561 3562 3563
f 3563 3562 3564
f 3564 3562 3565
f 3564 3565 3566
f 3566 3565 3567
f 3567 3565 3979
f 3567 3979 3568
f 3568 3979 3553
f 3569 3570 3571
f 3571 3570 3572
f 3572 3570 4076
f 3572 4076 3573
f 3573 4076 3574
f 3574 4076 3575
f 3575 4076 3576
f 3575 3576 3577
f 3577 3576 3578
f 3578 3576 3579
f 3578 3579 3580
f 3580 3579 3581
f 3581 3579 3582
f 3581 3582 3583
f 3583 3582 3584
f 3584 3582 3585
f 3585 3582 3569
f 3569 3582 3570
f 3586 3587 4078
f 4078 3587 3588
f 4078 3588 3589
f 4078 3589 3590
f 4078 3590 3591
f 4078 3591 3593
f 3593 3591 3592
f 3593 3592 3594
f 3593 3594 3596
f 3596 3594 3595
f 3596 3595 3597
f 3596 3597 4080
f 4080 3597 3598
f 4080 3598 3599
f 4080 3599 3600
f 4080 3600 3586
f 3586 3600 3601
f 3586 3601 3587
f 3602 3603 3605
f 3605 3603 3604
f 3605 3604 3606
f 3605 3606 3609
f 3609 3606 3607
f 3609 3607 3608
f 3609 3608 3610
f 3609 3610 3611
f 3602 3605 4079
f 3602 4079 3612
f 3612 4079 3613
f 3613 4079 3614
f 3613 3614 3615
f 3615 3614 3616
f 3616 3614 3617
f 3617 3614 3611
f 3617 3611 3618
f 3618 3611 3610
f 3619 3620 3621
f 3619 3621 3622
f 3619 3622 3624
f 3624 3622 3623
f 3624 3623 3625
f 3624 3625 3627
f 3627 3625 3626
f 3627 3626 3628
f 3627 3628 4071
f 4071 3628 3629
f 4071 3629 3630
f 4071 3630 3633
f 3633 3630 3631
f 3633 3631 3632
f 3633 3632 3634
f 3633 3634 3619
f 3619 3634 3635
f 3619 3635 3620
f 3636 3637 3639
f 3639 3637 3638
f 3639 3638 3640
f 3639 3640 4072
f 4072 3640 3641
f 4072 3641 3642
f 4072 3642 3644
f 3644 3642 3643
f 3644 3643 3645
f 3644 3645 3647
f 3647 3645 3646
f 3647 3646 3648
f 3647 3648 3650
f 3650 3648 3649
f 3650 3649 3651
f 3650 3651 3636
f 3636 3651 3652
f 3636 3652 3653
f 3636 3653 3637
f 3654 3655 3656
f 3656 3655 3657
f 3656 3657 3659
f 3659 3657 3658
f 3659 3658 3660
f 3659 3660 3977
f 3977 3660 3661
f 3977 3661 3662
f 3977 3662 3664
f 3664 3662 3663
f 3664 3663 3665
f 3664 3665 3667
f 3667 3665 3666
f 3667 3666 3668
f 3667 3668 3671
f 3671 3668 3669
f 3671 3669 3670
f 3671 3670 3654
f 3671 3654 3656
f 3672 3673 3674
f 3674 3673 3675
f 3675 3673 3676
f 3675 3676 3677
f 3677 3676 3678
f 3678 3676 4073
f 3678 4073 3679
f 3679 4073 3680
f 3680 4073 3681
f 3680 3681 3682
f 3682 3681 3683
f 3683 3681 3684
f 3683 3684 3685
f 3685 3684 3686
f 3686 3684 3687
f 3686 3687 3688
f 3688 3687 3672
f 3672 3687 3673
f 3691 3689 3690
f 3691 3690 3692
f 3691 3692 3693
f 3693 3692 3694
f 3693 3694 4010
f 4010 3694 3695
f 4010 3695 3697
f 3697 3695 3696
f 3697 3696 3698
f 3697 3698 3700
f 3700 3698 3699
f 3700 3699 3701
f 3700 3701 3703
f 3703 3701 3702
f 3703 3702 3704
f 3703 3704 3705
f 3705 3704 3706
f 3705 3706 4021
f 4021 3706 3707
f 4021 3707 3708
f 3711 3710 3709
f 3709 3710 3708
f 3710 3711 4028
f 4028 3711 3712
f 4028 3712 3713
f 3714 4030 3713
f 3713 4030 4028
f 4065 3715 3714
f 3715 4065 3716
f 3715 3716 4032
f 4032 3716 3717
f 3718 4032 3717
f 3721 4032 3719
f 3719 4032 3718
f 3721 3719 3720
f 3721 3720 3689
f 3721 3689 3691
f 4065 3722 3723
f 4065 3723 3716
f 3723 4067 3716
f 3727 3726 3728
f 3728 3726 3729
f 3729 3726 3730
f 3730 3726 3731
f 3726 3724 3908
f 3908 3724 3725
f 3908 3725 3732
f 3732 3725 3733
f 3732 3733 3734
f 3734 3733 3735
f 3737 3738 3730
f 3730 3738 3729
f 3729 3738 3739
f 3729 3739 3728
f 3728 3739 3727
f 3727 3739 3740
f 3727 3740 3726
f 3740 3724 3726
f 3734 3735 3741
f 3741 3735 3742
f 3741 3742 3743
f 3743 3742 3744
f 3743 3744 3745
f 3745 3744 3746
f 3745 3746 3747
f 3747 3746 3748
f 3747 3748 3749
f 3749 3748 3750
f 3749 3750 3736
f 3736 3750 3737
f 3736 3737 3731
f 3731 3737 3730
f 3751 3752 3753
f 3754 3755 3756
f 3755 3757 3758
f 3759 3757 3760
f 3760 3757 3761
f 3756 3751 3754
f 3754 3751 3753
f 3754 3753 3762
f 3762 3753 3763
f 3762 3763 3764
f 3764 3763 3765
f 3761 3757 3766
f 3767 3768 3760
f 3760 3768 3759
f 3759 3768 3769
f 3759 3769 3757
f 3757 3769 3758
f 3758 3769 3770
f 3758 3770 3755
f 3755 3770 3756
f 3756 3770 3752
f 3756 3752 3751
f 3764 3765 3771
f 3771 3765 3772
f 3771 3772 3773
f 3773 3772 3774
f 3773 3774 3775
f 3775 3774 3776
f 3775 3776 3777
f 3777 3776 3778
f 3777 3778 3779
f 3779 3778 3780
f 3779 3780 3766
f 3766 3780 3767
f 3766 3767 3761
f 3761 3767 3760
f 3558 3781 3556
f 3556 3781 3782
f 3556 3782 3555
f 3555 3782 3783
f 3555 3783 3553
f 3553 3783 3784
f 3553 3784 3568
f 3568 3784 3785
f 3568 3785 3567
f 3567 3785 3786
f 3567 3786 3566
f 3566 3786 3787
f 3566 3787 3564
f 3564 3787 3788
f 3564 3788 3563
f 3563 3788 3789
f 3563 3789 3561
f 3561 3789 3790
f 3561 3790 3560
f 3560 3790 3791
f 3560 3791 3559
f 3559 3791 3792
f 3559 3792 3558
f 3558 3792 3781
f 3583 3793 3581
f 3581 3793 3794
f 3581 3794 3580
f 3580 3794 3795
f 3580 3795 3578
f 3578 3795 3796
f 3578 3796 3577
f 3577 3796 3797
f 3577 3797 3575
f 3575 3797 3798
f 3575 3798 3574
f 3574 3798 3799
f 3574 3799 3573
f 3573 3799 3800
f 3573 3800 3572
f 3572 3800 3801
f 3572 3801 3571
f 3571 3801 3802
f 3571 3802 3569
f 3569 3802 3803
f 3569 3803 3585
f 3585 3803 3804
f 3585 3804 3584
f 3584 3804 3805
f 3584 3805 3583
f 3583 3805 3793
f 3597 3806 3598
f 3598 3806 3807
f 3598 3807 3599
f 3599 3807 3808
f 3599 3808 3600
f 3600 3808 3809
f 3600 3809 3601
f 3601 3809 3810
f 3601 3810 3587
f 3587 3810 3811
f 3587 3811 3588
f 3588 3811 3812
f 3588 3812 3589
f 3589 3812 3813
f 3589 3813 3590
f 3590 3813 3814
f 3590 3814 3591
f 3591 3814 3815
f 3591 3815 3592
f 3592 3815 3816
f 3592 3816 3594
f 3594 3816 3817
f 3594 3817 3595
f 3595 3817 3818
f 3595 3818 3597
f 3597 3818 3806
f 3606 3819 3607
f 3607 3819 3820
f 3607 3820 3608
f 3608 3820 3821
f 3608 3821 3610
f 3610 3821 3822
f 3610 3822 3618
f 3618 3822 3823
f 3618 3823 3617
f 3617 3823 3824
f 3617 3824 3616
f 3616 3824 3825
f 3616 3825 3615
f 3615 3825 3826
f 3615 3826 3613
f 3613 3826 3827
f 3613 3827 3612
f 3612 3827 3828
f 3612 3828 3602
f 3602 3828 3829
f 3602 3829 3603
f 3603 3829 3830
f 3603 3830 3604
f 3604 3830 3831
f 3604 3831 3606
f 3606 3831 3819
f 3622 3832 3623
f 3623 3832 3833
f 3623 3833 3625
f 3625 3833 3834
f 3625 3834 3626
f 3626 3834 3835
f 3626 3835 3628
f 3628 3835 3836
f 3628 3836 3629
f 3629 3836 3837
f 3629 3837 3630
f 3630 3837 3838
f 3630 3838 3631
f 3631 3838 3839
f 3631 3839 3632
f 3632 3839 3840
f 3632 3840 3634
f 3634 3840 3841
f 3634 3841 3635
f 3635 3841 3842
f 3635 3842 3620
f 3620 3842 3843
f 3620 3843 3621
f 3621 3843 3844
f 3621 3844 3622
f 3622 3844 3832
f 3648 3845 3649
f 3649 3845 3846
f 3649 3846 3651
f 3651 3846 3847
f 3651 3847 3652
f 3652 3847 3848
f 3652 3848 3653
f 3653 3848 3849
f 3653 3849 3637
f 3637 3849 3850
f 3637 3850 3638
f 3638 3850 3851
f 3638 3851 3640
f 3640 3851 3852
f 3640 3852 3641
f 3641 3852 3853
f 3641 3853 3642
f 3642 3853 3854
f 3642 3854 3643
f 3643 3854 3855
f 3643 3855 3645
f 3645 3855 3856
f 3645 3856 3646
f 3646 3856 3857
f 3646 3857 3648
f 3648 3857 3845
f 3668 3858 3669
f 3669 3858 3859
f 3669 3859 3670
f 3670 3859 3860
f 3670 3860 3654
f 3654 3860 3861
f 3654 3861 3655
f 3655 3861 3862
f 3655 3862 3657
f 3657 3862 3863
f 3657 3863 3658
f 3658 3863 3864
f 3658 3864 3660
f 3660 3864 3865
f 3660 3865 3661
f 3661 3865 3866
f 3661 3866 3662
f 3662 3866 3867
f 3662 3867 3663
f 3663 3867 3868
f 3663 3868 3665
f 3665 3868 3869
f 3665 3869 3666
f 3666 3869 3870
f 3666 3870 3668
f 3668 3870 3858
f 3688 3871 3686
f 3686 3871 3872
f 3686 3872 3685
f 3685 3872 3873
f 3685 3873 3683
f 3683 3873 3874
f 3683 3874 3682
f 3682 3874 3875
f 3682 3875 3680
f 3680 3875 3876
f 3680 3876 3679
f 3679 3876 3877
f 3679 3877 3678
f 3678 3877 3878
f 3678 3878 3677
f 3677 3878 3879
f 3677 3879 3675
f 3675 3879 3880
f 3675 3880 3674
f 3674 3880 3881
f 3674 3881 3672
f 3672 3881 3882
f 3672 3882 3688
f 3688 3882 3871
f 3550 3883 3548
f 3548 3883 3884
f 3548 3884 3547
f 3547 3884 3885
f 3547 3885 3546
f 3546 3885 3886
f 3546 3886 3545
f 3545 3886 3887
f 3545 3887 3543
f 3543 3887 3888
f 3543 3888 3542
f 3542 3888 3889
f 3542 3889 3540
f 3540 3889 3890
f 3540 3890 3539
f 3539 3890 3891
f 3539 3891 3537
f 3537 3891 3892
f 3537 3892 3552
f 3552 3892 3893
f 3552 3893 3551
f 3551 3893 3894
f 3551 3894 3550
f 3550 3894 3883
f 3821 3820 3897
f 3870 3869 3896
f 3974 3901 3896
f 3781 3792 3902
f 3805 3804 3903
f 3801 3961 3802
f 3802 3961 3964
f 3802 3964 3803
f 3803 3964 3804
f 3804 3964 3903
f 3796 3795 3904
f 3904 3795 3794
f 3904 3794 3793
f 3801 3800 3961
f 3961 3800 3799
f 3961 3799 3960
f 3960 3799 3798
f 3960 3798 3797
f 3745 3902 3743
f 3743 3902 3905
f 3743 3905 3741
f 3741 3905 3906
f 3731 3726 3907
f 3907 3726 3960
f 3907 3960 3904
f 3904 3960 3797
f 3904 3797 3796
f 3745 3747 3902
f 3902 3747 3749
f 3902 3749 3907
f 3907 3749 3736
f 3907 3736 3731
f 3726 3908 3960
f 3908 3732 3906
f 3906 3732 3734
f 3906 3734 3741
f 3909 3905 3790
f 3902 3792 3905
f 3905 3792 3791
f 3905 3791 3790
f 3790 3789 3909
f 3909 3789 3788
f 3909 3788 3976
f 3976 3788 3787
f 3976 3787 3786
f 3783 3782 3902
f 3783 3910 3784
f 3784 3910 3976
f 3784 3976 3785
f 3785 3976 3786
f 3912 3911 3940
f 3877 3970 3878
f 3878 3970 3975
f 3878 3975 3879
f 3975 3880 3879
f 3872 3871 3939
f 3939 3871 3882
f 3939 3882 3975
f 3975 3882 3881
f 3975 3881 3880
f 3877 3876 3970
f 3970 3876 3875
f 3970 3875 3915
f 3915 3875 3874
f 3915 3874 3873
f 3896 3916 3917
f 3917 3916 3918
f 3919 3920 3901
f 3901 3920 3921
f 3901 3921 3896
f 3896 3921 3922
f 3896 3922 3916
f 3919 3901 3923
f 3923 3901 3924
f 3923 3924 3925
f 3924 3970 3926
f 3926 3970 3915
f 3918 3927 3917
f 3917 3927 3928
f 3917 3928 3915
f 3915 3928 3926
f 3974 3868 3867
f 3870 3896 3858
f 3858 3896 3895
f 3858 3895 3859
f 3867 3866 3974
f 3974 3866 3865
f 3974 3865 3929
f 3929 3865 3864
f 3863 3862 3929
f 3862 3861 3895
f 3895 3861 3860
f 3895 3860 3859
f 3864 3863 3929
f 3862 3895 3929
f 3929 3895 3930
f 3972 3973 3931
f 3838 3837 3899
f 3844 3900 3832
f 3832 3900 3932
f 3899 3837 3967
f 3967 3837 3836
f 3967 3836 3835
f 3835 3834 3932
f 3932 3834 3833
f 3932 3833 3832
f 3969 3840 3899
f 3899 3840 3839
f 3899 3839 3838
f 3844 3843 3900
f 3900 3843 3842
f 3900 3842 3969
f 3969 3842 3841
f 3969 3841 3840
f 3898 3967 3754
f 3967 3757 3755
f 3967 3755 3754
f 3962 3773 3775
f 3754 3762 3898
f 3898 3762 3764
f 3898 3764 3962
f 3962 3764 3771
f 3962 3771 3773
f 3777 3779 3933
f 3779 3766 3933
f 3933 3766 3757
f 3933 3757 3967
f 3897 3820 3942
f 3827 3934 3828
f 3828 3934 3962
f 3828 3962 3829
f 3820 3819 3942
f 3942 3819 3831
f 3942 3831 3830
f 3962 3942 3830
f 3962 3830 3829
f 3827 3826 3934
f 3934 3826 3825
f 3934 3825 3966
f 3825 3824 3966
f 3966 3824 3823
f 3966 3823 3897
f 3897 3823 3822
f 3897 3822 3821
f 3897 3963 3966
f 3806 3818 3936
f 3936 3818 3963
f 3818 3817 3963
f 3963 3817 3816
f 3963 3816 3935
f 3935 3816 3815
f 3935 3815 3814
f 3913 3891 3890
f 3890 3889 3913
f 3913 3889 3914
f 3889 3888 3914
f 3914 3888 3887
f 3914 3887 3937
f 3937 3887 3886
f 3891 3913 3892
f 3892 3913 3912
f 3892 3912 3893
f 3893 3912 3940
f 3893 3940 3894
f 3886 3885 3937
f 3937 3885 3884
f 3937 3884 3940
f 3940 3884 3883
f 3940 3883 3894
f 3807 3806 3938
f 3813 3812 3941
f 3941 3812 3811
f 3811 3810 3941
f 3941 3810 3809
f 3941 3809 3938
f 3938 3809 3808
f 3938 3808 3807
f 3936 3942 4068
f 3942 3722 4068
f 3932 3723 3722
f 3939 4067 3723
f 3940 4067 3939
f 4068 3902 3941
f 3971 3856 3855
f 3971 3929 3930
f 3971 3930 3856
f 3856 3930 3857
f 3852 3973 3853
f 3853 3973 3971
f 3853 3971 3854
f 3854 3971 3855
f 3847 3846 3930
f 3930 3846 3845
f 3930 3845 3857
f 3852 3851 3973
f 3973 3851 3850
f 3973 3850 3931
f 3931 3850 3849
f 3931 3849 3848
f 3931 3723 3969
f 3931 3969 3972
f 3848 3847 3931
f 3931 3847 3930
f 3931 3930 3723
f 3723 3930 3895
f 3723 3895 3896
f 3900 3723 3932
f 3900 3969 3723
f 3873 3872 3915
f 3915 3872 3939
f 3915 3939 3917
f 3963 3897 3936
f 3936 3897 3942
f 3942 3962 3933
f 3933 3962 3775
f 3933 3775 3777
f 3939 3975 3914
f 3939 3914 3937
f 3806 3936 3938
f 3835 3932 3967
f 3967 3932 3722
f 3967 3722 3933
f 3933 3722 3942
f 3936 4068 3938
f 3938 4068 3941
f 3814 3813 3935
f 3935 3813 3941
f 3783 3902 3910
f 3910 3902 4068
f 3940 4068 4067
f 3911 3910 4068
f 3911 4068 3940
f 3940 3939 3937
f 3939 3723 3917
f 3917 3723 3896
f 3974 3896 3869
f 3974 3869 3868
f 3782 3781 3902
f 3941 3902 3907
f 3941 3907 3904
f 3941 3904 3903
f 3903 3904 3793
f 3903 3793 3805
f 3925 3924 3926
f 3945 3926 3946
f 3946 3926 3947
f 3947 3926 3948
f 3948 3926 3928
f 3926 3943 3925
f 3925 3943 3944
f 3925 3944 3923
f 3923 3944 3949
f 3923 3949 3919
f 3919 3949 3950
f 3951 3952 3948
f 3948 3952 3947
f 3947 3952 3953
f 3947 3953 3946
f 3946 3953 3945
f 3945 3953 3954
f 3945 3954 3926
f 3954 3943 3926
f 3919 3950 3920
f 3920 3950 3955
f 3920 3955 3921
f 3921 3955 3956
f 3921 3956 3922
f 3922 3956 3957
f 3922 3957 3916
f 3916 3957 3958
f 3916 3958 3918
f 3918 3958 3959
f 3918 3959 3927
f 3927 3959 3951
f 3927 3951 3928
f 3928 3951 3948
f 3906 3905 3980
f 3906 3980 3908
f 3908 3980 3960
f 3964 3941 3903
f 3965 3964 3961
f 3967 3968 3899
f 3899 3968 3969
f 3970 3924 3901
f 3911 3976 3910
f 4078 4077 3963
f 3963 4077 3966
f 3966 4077 3934
f 3934 4077 3962
f 3962 4077 4079
f 3962 4079 3898
f 3898 4079 3967
f 3967 4079 3968
f 3968 4079 3633
f 3968 3633 3969
f 3969 3633 4072
f 3969 4072 3972
f 3659 3971 4072
f 4072 3971 3973
f 4072 3973 3972
f 3659 3929 3971
f 3977 3929 3659
f 3977 3901 3974
f 3977 3974 3929
f 4073 3901 3977
f 4073 3970 3901
f 4073 3975 3970
f 3538 3914 4073
f 4073 3914 3975
f 3538 3913 3914
f 3538 3912 3913
f 3538 3911 3912
f 3978 3976 3979
f 3979 3976 3538
f 3538 3976 3911
f 3978 3909 3976
f 3978 3980 3905
f 3978 3905 3909
f 4076 3960 3980
f 4078 3965 4076
f 4076 3965 3961
f 4076 3961 3960
f 4078 3964 3965
f 4078 3941 3964
f 4078 3935 3941
f 3963 3935 4078
f 3713 3981 3714
f 3714 3981 4065
f 3716 4031 3982
f 3716 3982 3717
f 3982 3983 3717
f 3717 3983 3984
f 3717 3984 3718
f 3718 3984 3985
f 3718 3985 3719
f 3985 3986 3719
f 3719 3986 4064
f 3719 4064 3720
f 3720 4064 3987
f 3720 3987 3689
f 3708 3988 3709
f 3709 3988 3989
f 3709 3989 3711
f 3989 3990 3711
f 3711 3990 3991
f 3711 3991 3712
f 3712 3991 3992
f 3712 3992 3713
f 3713 3992 3993
f 3713 3993 3981
f 3689 3987 4008
f 3689 4008 3690
f 3994 3694 3692
f 3690 4008 3995
f 3690 3995 3692
f 3692 3995 3994
f 3996 3696 3695
f 3997 3702 3701
f 3707 3706 4020
f 3694 3994 3998
f 3694 3998 3695
f 3695 3998 3996
f 3696 3996 3999
f 3696 3999 3698
f 3704 4000 3706
f 3706 4000 4020
f 3707 4020 4023
f 3707 4023 3708
f 3708 4023 4001
f 3708 4001 3988
f 3698 3999 4002
f 3698 4002 3699
f 3702 3997 4003
f 3702 4003 3704
f 3704 4003 4000
f 3699 4002 4004
f 3699 4004 3701
f 3701 4004 3997
f 4031 3716 4066
f 4066 3716 4067
f 4068 3722 4065
f 4005 4006 4007
f 4008 3987 4005
f 4005 4007 4008
f 4009 4010 4011
f 4020 4019 4021
f 4020 4021 4022
f 4021 4019 4018
f 4021 4018 3705
f 3705 4018 4017
f 3705 4017 3703
f 3703 4017 4016
f 3703 4016 4015
f 3703 4015 3700
f 3700 4015 4014
f 3700 4014 4013
f 3700 4013 3697
f 3697 4013 4012
f 3697 4012 4011
f 3697 4011 4010
f 4010 4009 3693
f 3691 3693 4008
f 3691 4008 4007
f 3691 4007 4006
f 4021 3708 4022
f 4022 3708 4023
f 4008 3693 3995
f 3995 3693 4009
f 3995 4009 3994
f 3994 4009 4011
f 3994 4011 3998
f 3998 4011 4012
f 3998 4012 3996
f 3996 4012 4013
f 3996 4013 3999
f 3999 4013 4014
f 3999 4014 4002
f 4002 4014 4015
f 4002 4015 4004
f 4004 4015 4016
f 4004 4016 3997
f 3997 4016 4017
f 3997 4017 4003
f 4003 4017 4018
f 4003 4018 4000
f 4000 4018 4019
f 4000 4019 4020
f 4020 4022 4023
f 4024 4006 4005
f 3714 3715 4025
f 4026 3710 4028
f 4026 4028 4029
f 4030 4027 4028
f 4065 3715 4031
f 4031 3715 4032
f 4033 4032 3721
f 4033 3721 4034
f 3691 4006 3721
f 3721 4006 4024
f 3721 4024 4034
f 3708 3710 4035
f 4035 3710 4036
f 4036 3710 4026
f 4036 4026 4037
f 4037 4026 4029
f 4037 4029 4038
f 4038 4029 4028
f 4038 4028 4039
f 4039 4028 4027
f 4039 4027 4040
f 4040 4027 4030
f 4040 4030 4041
f 4041 4030 3714
f 4041 3714 4042
f 4043 4031 4032
f 4043 4032 4044
f 4044 4032 4045
f 4045 4032 4046
f 4046 4032 4033
f 4046 4033 4047
f 4047 4033 4034
f 4047 4034 4048
f 4048 4034 4024
f 4048 4024 4049
f 4049 4024 4005
f 4049 4005 3987
f 4050 4023 3708
f 3708 4035 4050
f 4050 4035 4036
f 4050 4036 4051
f 4051 4036 4037
f 4051 4037 4052
f 4052 4037 4038
f 4052 4038 4053
f 4053 4038 4039
f 4053 4039 4054
f 4054 4039 4040
f 4054 4040 4055
f 4055 4040 4041
f 4055 4041 4056
f 4056 4041 4042
f 4056 4042 4057
f 4031 4043 4058
f 4058 4043 4044
f 4058 4044 4059
f 4059 4044 4045
f 4059 4045 4060
f 4060 4045 4046
f 4060 4046 4061
f 4061 4046 4047
f 4061 4047 4062
f 4062 4047 4048
f 4062 4048 4063
f 4063 4048 4049
f 4063 4049 4064
f 4064 4049 3987
f 4065 3981 4057
f 4057 3981 4056
f 4056 3981 3993
f 4056 3993 4055
f 4055 3993 3992
f 4055 3992 4054
f 4054 3992 3991
f 4054 3991 4053
f 4053 3991 3990
f 4053 3990 4052
f 4052 3990 3989
f 4052 3989 4051
f 4051 3989 3988
f 4051 3988 4050
f 4050 3988 4001
f 4050 4001 4023
f 3714 4025 4042
f 4042 4025 4065
f 4042 4065 4057
f 4025 3715 4065
f 4063 4064 3986
f 4063 3986 4062
f 4062 3986 3985
f 4062 3985 4061
f 4061 3985 3984
f 4061 3984 4060
f 4060 3984 3983
f 4060 3983 4059
f 4059 3983 3982
f 4059 3982 4058
f 4058 3982 4031
f 4031 4066 4065
f 4066 4067 4065
f 4065 4067 4068
f 3667 4073 3977
f 3650 3633 3619
f 4079 4071 3633
f 4070 3650 3619
f 3639 4072 3633
f 3639 3633 3636
f 3636 3633 3650
f 3659 4072 3650
f 3659 3650 3671
f 4073 3667 3687
f 4074 3538 4073
f 4074 4073 3687
f 4075 4076 3980
f 4075 3980 3978
f 3579 4076 4075
f 4069 4078 3582
f 3582 4078 4076
f 4080 4077 3596
f 4080 4078 4069
f 4071 4079 3624
f 4077 4078 3596
f 4075 4069 3579
f 4075 3979 4069
f 4069 3979 3538
f 4069 3538 3549
f 3673 3687 4073
f 3673 4073 3676
f 3681 4073 3684
f 3684 4073 3687
f 3664 3667 3977
f 3656 3659 3671
f 3647 3650 4072
f 3647 4072 3644
f 3619 3624 4070
f 3627 4071 3624
f 3605 3609 4079
f 4079 4077 3614
f 3614 4077 3611
f 3611 4077 3609
f 3593 3596 4078
f 3586 4078 4080
f 3582 3579 4069
f 3570 3582 4076
f 3576 4076 3579
f 3557 3979 4075
f 3562 4075 3978
f 3562 3978 3565
f 3565 3978 3979
f 3554 3979 3557
f 3541 3538 3544
f 3544 3538 4074
f 3950 3949 3959
f 3949 3944 3959
f 3959 3944 3943
f 3959 3943 3954
f 3959 3958 3957
f 3954 3953 3959
f 3959 3953 3952
f 3959 3952 3951
f 3950 3959 3955
f 3955 3959 3957
f 3955 3957 3956
f 3753 3752 3776
f 3765 3763 3772
f 3772 3763 3753
f 3772 3753 3774
f 3774 3753 3776
f 3769 3768 3767
f 3752 3770 3776
f 3776 3770 3769
f 3776 3769 3778
f 3778 3769 3767
f 3778 3767 3780
f 3735 3733 3750
f 3750 3733 3725
f 3750 3725 3724
f 3750 3748 3746
f 3738 3737 3739
f 3739 3737 3750
f 3739 3750 3740
f 3740 3750 3724
f 3735 3750 3742
f 3742 3750 3746
f 3742 3746 3744
f 3667 3671 3650
f 3667 3650 4082
f 4082 3650 4070
f 4070 3624 4079
f 4079 3609 4077
f 4069 3549 3317
f 4081 4074 3687
f 4081 3687 3667
f 4083 4079 4077
f 4079 4083 4070
f 4070 4083 4082
f 3667 4082 4083
f 4074 4081 3549
f 3549 4083 3317
f 3317 4083 4069
f 4077 4080 4083
f 4080 4069 4083
f 4083 4081 3667
f 4081 4083 3549
f 4556 4085 4084
f 4086 4090 4088
f 4088 4091 4553
f 4553 4092 4087
f 4087 4093 4559
f 4559 4093 4085
f 4089 4094 4095
f 4095 4096 4554
f 4554 4097 4098
f 4554 4098 4086
f 4100 4099 4101
f 4099 4102 4101
f 4101 4102 4103
f 4099 4100 4105
f 4105 4100 4104
f 4105 4104 4106
f 4105 4106 4107
f 4108 4109 4110
f 4110 4109 4111
f 4112 4113 4114
f 4114 4113 4115
f 4116 4117 4118
f 4118 4117 4119
f 4120 4121 4122
f 4122 4121 4123
f 4124 4125 4126
f 4126 4125 4127
f 4128 4129 4130
f 4130 4129 4131
f 4132 4133 4134
f 4134 4133 4135
f 4136 4137 4138
f 4138 4137 4139
f 4140 4141 4142
f 4142 4141 4143
f 4540 4144 4536
f 4536 4144 4145
f 4214 4536 4146
f 4146 4536 4145
f 4147 4148 4149
f 4149 4148 4150
f 4149 4150 4151
f 4151 4150 4152
f 4151 4152 4153
f 4153 4152 4154
f 4153 4154 4155
f 4155 4154 4156
f 4148 4147 4157
f 4160 4159 4161
f 4162 4163 4164
f 4164 4163 4165
f 4164 4165 4166
f 4166 4165 4167
f 4166 4167 4168
f 4168 4167 4169
f 4168 4169 4160
f 4160 4169 4159
f 4163 4162 4170
f 4170 4162 4171
f 4170 4171 4172
f 4172 4171 4173
f 4172 4173 4174
f 4174 4173 4175
f 4174 4175 4176
f 4176 4175 4177
f 4176 4177 4178
f 4178 4177 4179
f 4178 4179 4180
f 4182 4181 4183
f 4184 4185 4186
f 4186 4185 4187
f 4186 4187 4188
f 4188 4187 4189
f 4188 4189 4190
f 4190 4189 4191
f 4190 4191 4182
f 4182 4191 4181
f 4185 4184 4192
f 4192 4184 4193
f 4194 4195 4196
f 4196 4195 4197
f 4196 4197 4198
f 4198 4197 4199
f 4198 4199 4200
f 4200 4199 4201
f 4200 4201 4193
f 4193 4201 4192
f 4195 4194 4202
f 4203 4204 4205
f 4205 4204 4206
f 4205 4206 4207
f 4207 4206 4208
f 4207 4208 4209
f 4209 4208 4210
f 4209 4210 4211
f 4211 4210 4103
f 4204 4203 4212
f 4212 4203 4213
f 4214 4215 4216
f 4216 4215 4217
f 4216 4217 4218
f 4218 4217 4219
f 4218 4219 4220
f 4220 4219 4221
f 4220 4221 4213
f 4213 4221 4212
f 4224 4225 4226
f 4226 4225 4227
f 4226 4227 4228
f 4228 4227 4229
f 4228 4229 4230
f 4230 4229 4231
f 4230 4231 4223
f 4223 4231 4222
f 4225 4224 4232
f 4234 4233 4235
f 4236 4237 4238
f 4238 4237 4239
f 4238 4239 4240
f 4240 4239 4241
f 4240 4241 4242
f 4242 4241 4243
f 4242 4243 4234
f 4234 4243 4233
f 4237 4236 4244
f 4244 4236 4245
f 4244 4245 4246
f 4246 4245 4247
f 4246 4247 4248
f 4248 4247 4249
f 4248 4249 4250
f 4250 4249 4251
f 4250 4251 4252
f 4252 4251 4253
f 4252 4253 4254
f 4256 4255 4257
f 4258 4259 4260
f 4260 4259 4261
f 4260 4261 4262
f 4262 4261 4263
f 4262 4263 4264
f 4264 4263 4265
f 4264 4265 4256
f 4256 4265 4255
f 4259 4258 4266
f 4266 4258 4267
f 4268 4269 4270
f 4270 4269 4271
f 4270 4271 4272
f 4272 4271 4273
f 4272 4273 4274
f 4274 4273 4275
f 4274 4275 4267
f 4267 4275 4266
f 4269 4268 4276
f 4473 4277 4278
f 4279 4280 4281
f 4281 4280 4282
f 4281 4282 4283
f 4283 4282 4284
f 4283 4284 4473
f 4473 4284 4277
f 4280 4279 4285
f 4288 4289 4290
f 4290 4289 4291
f 4290 4291 4292
f 4292 4291 4293
f 4292 4293 4294
f 4294 4293 4295
f 4294 4295 4287
f 4287 4295 4286
f 4296 4297 4298
f 4298 4297 4299
f 4298 4299 4300
f 4300 4299 4301
f 4300 4301 4302
f 4302 4301 4303
f 4302 4303 4304
f 4304 4303 4389
f 4297 4296 4305
f 4305 4296 4306
f 4305 4306 4307
f 4307 4306 4308
f 4307 4308 4309
f 4309 4308 4310
f 4309 4310 4311
f 4311 4310 4312
f 4311 4312 4313
f 4313 4312 4314
f 4313 4314 4315
f 4317 4316 4318
f 4319 4320 4321
f 4321 4320 4322
f 4321 4322 4323
f 4323 4322 4324
f 4323 4324 4325
f 4325 4324 4326
f 4325 4326 4317
f 4317 4326 4316
f 4320 4319 4156
f 4156 4319 4155
f 4289 4288 4327
f 4328 4329 4330
f 4330 4329 4331
f 4219 4217 4215
f 4208 4206 4210
f 4210 4206 4204
f 4210 4204 4103
f 4103 4204 4212
f 4221 4219 4212
f 4212 4219 4215
f 4212 4215 4145
f 4145 4215 4146
f 4332 4333 4334
f 4100 4335 4336
f 4144 4337 4335
f 4335 4337 4338
f 4335 4338 4339
f 4340 4341 4342
f 4289 4327 4286
f 4343 4344 4345
f 4138 4100 4136
f 4136 4100 4341
f 4343 4346 4347
f 4333 4332 4180
f 4180 4332 4159
f 4180 4159 4178
f 4178 4159 4176
f 4159 4169 4167
f 4202 4348 4349
f 4349 4348 4350
f 4351 4093 4087
f 4172 4174 4170
f 4170 4174 4176
f 4170 4176 4163
f 4163 4176 4159
f 4163 4159 4165
f 4165 4159 4167
f 4353 4354 4106
f 4106 4354 4349
f 4106 4349 4355
f 4355 4349 4350
f 4103 4212 4101
f 4101 4212 4145
f 4101 4145 4100
f 4100 4145 4335
f 4335 4145 4144
f 4225 4232 4222
f 4356 4357 4358
f 4191 4195 4181
f 4181 4195 4202
f 4181 4202 4349
f 4336 4143 4100
f 4100 4143 4141
f 4100 4141 4341
f 4341 4141 4359
f 4341 4359 4342
f 4360 4124 4329
f 4329 4124 4126
f 4329 4126 4361
f 4361 4126 4362
f 4363 4104 4364
f 4364 4104 4100
f 4364 4100 4365
f 4365 4100 4138
f 4365 4138 4366
f 4286 4327 4367
f 4367 4327 4368
f 4367 4368 4369
f 4369 4368 4370
f 4369 4370 4371
f 4293 4291 4295
f 4295 4291 4289
f 4295 4289 4286
f 4351 4345 4093
f 4093 4345 4344
f 4093 4344 4085
f 4158 4372 4373
f 4373 4372 4115
f 4373 4115 4347
f 4347 4115 4113
f 4347 4113 4343
f 4192 4201 4199
f 4340 4342 4374
f 4374 4342 4375
f 4374 4375 4254
f 4376 4377 4329
f 4329 4377 4378
f 4329 4378 4360
f 4366 4379 4365
f 4365 4379 4380
f 4365 4380 4276
f 4351 4087 4092
f 4351 4092 4121
f 4121 4092 4553
f 4121 4553 4123
f 4123 4553 4091
f 4123 4091 4381
f 4381 4091 4088
f 4381 4088 4090
f 4334 4382 4332
f 4332 4382 4108
f 4332 4108 4106
f 4106 4108 4110
f 4106 4110 4353
f 4189 4187 4191
f 4191 4187 4185
f 4191 4185 4195
f 4195 4185 4192
f 4195 4192 4197
f 4197 4192 4199
f 4362 4383 4361
f 4361 4383 4384
f 4361 4384 4157
f 4157 4384 4316
f 4157 4316 4148
f 4148 4316 4150
f 4358 4357 4285
f 4285 4357 4278
f 4285 4278 4280
f 4104 4085 4106
f 4106 4085 4344
f 4106 4344 4332
f 4352 4385 4345
f 4345 4385 4119
f 4345 4119 4343
f 4343 4119 4117
f 4343 4117 4346
f 4229 4227 4231
f 4231 4227 4225
f 4231 4225 4222
f 4222 4232 4339
f 4339 4232 4386
f 4339 4386 4335
f 4243 4241 4239
f 4376 4387 4377
f 4377 4387 4388
f 4377 4388 4315
f 4315 4388 4389
f 4315 4389 4313
f 4313 4389 4311
f 4316 4326 4324
f 4259 4266 4269
f 4095 4390 4096
f 4096 4390 4391
f 4096 4391 4554
f 4361 4392 4329
f 4329 4392 4369
f 4329 4369 4331
f 4331 4369 4371
f 4239 4237 4243
f 4243 4237 4252
f 4243 4252 4233
f 4233 4252 4254
f 4233 4254 4375
f 4389 4303 4301
f 4154 4152 4156
f 4156 4152 4150
f 4156 4150 4320
f 4320 4150 4316
f 4320 4316 4322
f 4322 4316 4324
f 4265 4263 4261
f 4089 4363 4094
f 4094 4363 4135
f 4094 4135 4133
f 4392 4381 4369
f 4369 4381 4090
f 4369 4090 4393
f 4393 4090 4086
f 4393 4086 4098
f 4307 4309 4305
f 4305 4309 4311
f 4305 4311 4297
f 4297 4311 4389
f 4297 4389 4299
f 4299 4389 4301
f 4261 4259 4265
f 4265 4259 4269
f 4265 4269 4255
f 4255 4269 4276
f 4255 4276 4380
f 4266 4275 4269
f 4269 4275 4273
f 4269 4273 4271
f 4280 4277 4284
f 4280 4284 4282
f 4277 4280 4278
f 4095 4094 4390
f 4390 4094 4133
f 4390 4133 4358
f 4358 4133 4394
f 4358 4394 4356
f 4363 4089 4084
f 4363 4084 4104
f 4104 4084 4085
f 4248 4250 4246
f 4246 4250 4252
f 4246 4252 4244
f 4244 4252 4237
f 4554 4391 4097
f 4097 4391 4131
f 4097 4131 4098
f 4098 4131 4129
f 4098 4129 4393
f 4304 4389 4395
f 4125 4396 4397
f 4125 4397 4127
f 4127 4397 4398
f 4127 4398 4399
f 4400 4120 4401
f 4401 4120 4122
f 4401 4122 4402
f 4402 4122 4403
f 4118 4404 4116
f 4116 4404 4405
f 4116 4405 4406
f 4114 4407 4112
f 4112 4407 4408
f 4112 4408 4409
f 4410 4111 4411
f 4411 4111 4109
f 4411 4109 4412
f 4412 4109 4413
f 4105 4102 4099
f 4414 4415 4107
f 4107 4415 4546
f 4546 4105 4107
f 4211 4103 4102
f 4105 4211 4102
f 4517 4416 4417
f 4416 4517 4546
f 4355 4350 4415
f 4415 4414 4355
f 4355 4414 4107
f 4355 4107 4106
f 4546 4415 4416
f 4416 4415 4350
f 4416 4350 4417
f 4417 4350 4348
f 4417 4348 4418
f 4418 4348 4202
f 4418 4202 4194
f 4534 4419 4420
f 4354 4420 4349
f 4349 4420 4421
f 4534 4420 4411
f 4411 4420 4354
f 4411 4354 4410
f 4354 4353 4410
f 4410 4353 4110
f 4410 4110 4111
f 4349 4421 4183
f 4349 4183 4181
f 4419 4520 4420
f 4420 4520 4421
f 4538 4422 4520
f 4520 4422 4423
f 4520 4423 4421
f 4382 4334 4412
f 4412 4413 4382
f 4382 4413 4109
f 4382 4109 4108
f 4538 4412 4422
f 4422 4412 4334
f 4422 4334 4423
f 4423 4334 4333
f 4423 4333 4424
f 4424 4333 4180
f 4424 4180 4179
f 4533 4522 4425
f 4344 4425 4332
f 4332 4425 4426
f 4533 4425 4408
f 4408 4425 4344
f 4408 4344 4409
f 4344 4343 4409
f 4409 4343 4113
f 4409 4113 4112
f 4332 4426 4161
f 4332 4161 4159
f 4425 4522 4426
f 4427 4428 4522
f 4522 4428 4426
f 4372 4158 4407
f 4372 4407 4114
f 4372 4114 4115
f 4427 4407 4428
f 4428 4407 4158
f 4547 4513 4429
f 4347 4429 4373
f 4373 4429 4502
f 4547 4429 4405
f 4405 4429 4347
f 4405 4347 4406
f 4347 4346 4406
f 4406 4346 4117
f 4406 4117 4116
f 4373 4502 4158
f 4429 4513 4502
f 4430 4431 4513
f 4513 4431 4502
f 4385 4352 4404
f 4385 4404 4118
f 4385 4118 4119
f 4430 4404 4431
f 4431 4404 4352
f 4539 4432 4401
f 4345 4351 4400
f 4400 4351 4121
f 4400 4121 4120
f 4400 4401 4345
f 4345 4401 4432
f 4345 4432 4352
f 4539 4433 4432
f 4433 4434 4432
f 4381 4392 4402
f 4402 4403 4381
f 4381 4403 4122
f 4381 4122 4123
f 4539 4402 4433
f 4433 4402 4392
f 4433 4392 4434
f 4434 4392 4361
f 4434 4361 4435
f 4435 4361 4157
f 4435 4157 4147
f 4532 4436 4437
f 4383 4437 4384
f 4384 4437 4438
f 4532 4437 4398
f 4398 4437 4383
f 4398 4383 4399
f 4383 4362 4399
f 4399 4362 4126
f 4399 4126 4127
f 4438 4439 4384
f 4384 4439 4318
f 4384 4318 4316
f 4436 4440 4437
f 4437 4440 4438
f 4535 4441 4440
f 4440 4441 4442
f 4440 4442 4438
f 4360 4378 4397
f 4397 4396 4360
f 4360 4396 4125
f 4360 4125 4124
f 4535 4397 4441
f 4441 4397 4378
f 4441 4378 4442
f 4442 4378 4377
f 4442 4377 4443
f 4443 4377 4315
f 4443 4315 4314
f 4540 4444 4445
f 4446 4140 4447
f 4447 4140 4142
f 4447 4142 4448
f 4448 4142 4449
f 4137 4450 4451
f 4137 4451 4139
f 4139 4451 4452
f 4139 4452 4453
f 4134 4454 4455
f 4134 4455 4132
f 4132 4455 4456
f 4132 4456 4457
f 4130 4458 4459
f 4130 4459 4128
f 4128 4459 4460
f 4128 4460 4461
f 4548 4462 4463
f 4548 4463 4460
f 4369 4393 4461
f 4461 4393 4129
f 4461 4129 4128
f 4461 4460 4369
f 4369 4460 4463
f 4369 4463 4367
f 4367 4463 4464
f 4367 4464 4286
f 4462 4465 4463
f 4463 4465 4464
f 4466 4467 4465
f 4465 4467 4468
f 4465 4468 4464
f 4467 4466 4469
f 4391 4390 4459
f 4459 4458 4391
f 4391 4458 4130
f 4391 4130 4131
f 4469 4459 4467
f 4467 4459 4390
f 4467 4390 4468
f 4468 4390 4358
f 4468 4358 4470
f 4470 4358 4285
f 4470 4285 4279
f 4549 4471 4472
f 4549 4472 4456
f 4356 4394 4457
f 4457 4394 4133
f 4457 4133 4132
f 4457 4456 4356
f 4356 4456 4472
f 4356 4472 4357
f 4357 4472 4473
f 4357 4473 4278
f 4471 4519 4472
f 4472 4519 4473
f 4474 4475 4519
f 4519 4475 4476
f 4519 4476 4473
f 4363 4364 4455
f 4455 4454 4363
f 4363 4454 4134
f 4363 4134 4135
f 4474 4455 4475
f 4475 4455 4364
f 4475 4364 4476
f 4476 4364 4365
f 4476 4365 4477
f 4477 4365 4276
f 4477 4276 4268
f 4542 4478 4479
f 4379 4479 4380
f 4380 4479 4480
f 4542 4479 4452
f 4452 4479 4379
f 4452 4379 4453
f 4379 4366 4453
f 4453 4366 4138
f 4453 4138 4139
f 4480 4481 4380
f 4380 4481 4257
f 4380 4257 4255
f 4478 4510 4479
f 4479 4510 4480
f 4552 4482 4510
f 4510 4482 4483
f 4510 4483 4480
f 4341 4340 4451
f 4451 4450 4341
f 4341 4450 4137
f 4341 4137 4136
f 4552 4451 4482
f 4482 4451 4340
f 4482 4340 4483
f 4483 4340 4374
f 4483 4374 4484
f 4484 4374 4254
f 4484 4254 4253
f 4541 4485 4486
f 4541 4486 4447
f 4342 4359 4446
f 4446 4359 4141
f 4446 4141 4140
f 4446 4447 4342
f 4342 4447 4486
f 4342 4486 4375
f 4375 4486 4487
f 4375 4487 4235
f 4375 4235 4233
f 4485 4515 4486
f 4486 4515 4487
f 4488 4489 4515
f 4515 4489 4490
f 4515 4490 4487
f 4489 4488 4491
f 4336 4335 4448
f 4448 4449 4336
f 4336 4449 4142
f 4336 4142 4143
f 4491 4448 4489
f 4489 4448 4335
f 4489 4335 4490
f 4490 4335 4386
f 4490 4386 4492
f 4492 4386 4232
f 4492 4232 4224
f 4540 4493 4494
f 4540 4494 4444
f 4338 4337 4445
f 4445 4337 4144
f 4445 4144 4540
f 4445 4444 4338
f 4338 4444 4494
f 4338 4494 4339
f 4339 4494 4511
f 4339 4511 4222
f 4493 4511 4494
f 4146 4215 4214
f 4536 4214 4495
f 4220 4213 4496
f 4211 4213 4203
f 4464 4498 4287
f 4287 4498 4499
f 4287 4499 4294
f 4205 4207 4203
f 4203 4207 4209
f 4203 4209 4211
f 4214 4216 4496
f 4496 4216 4218
f 4496 4218 4220
f 4318 4439 4435
f 4500 4464 4468
f 4500 4468 4501
f 4257 4481 4477
f 4502 4430 4158
f 4503 4438 4440
f 4440 4438 4442
f 4440 4442 4504
f 4439 4438 4435
f 4435 4438 4503
f 4435 4503 4434
f 4434 4503 4433
f 4434 4433 4432
f 4432 4433 4539
f 4395 4505 4504
f 4504 4505 4506
f 4506 4505 4507
f 4506 4507 4499
f 4499 4507 4508
f 4499 4508 4288
f 4288 4290 4499
f 4499 4290 4292
f 4499 4292 4294
f 4468 4470 4501
f 4501 4470 4279
f 4501 4279 4551
f 4509 4480 4510
f 4510 4480 4483
f 4510 4483 4497
f 4497 4483 4484
f 4497 4484 4253
f 4214 4496 4495
f 4493 4495 4511
f 4352 4512 4431
f 4431 4512 4513
f 4431 4513 4502
f 4149 4151 4153
f 4312 4310 4308
f 4286 4464 4287
f 4473 4514 4551
f 4270 4256 4268
f 4268 4256 4257
f 4268 4257 4477
f 4497 4487 4515
f 4515 4487 4490
f 4515 4490 4516
f 4516 4490 4492
f 4516 4492 4224
f 4213 4211 4496
f 4496 4211 4105
f 4517 4417 4518
f 4512 4352 4432
f 4153 4155 4149
f 4149 4155 4317
f 4149 4317 4147
f 4147 4317 4318
f 4147 4318 4435
f 4308 4306 4312
f 4312 4306 4304
f 4312 4304 4314
f 4314 4304 4395
f 4314 4395 4504
f 4314 4504 4443
f 4443 4504 4442
f 4481 4480 4477
f 4477 4480 4509
f 4477 4509 4476
f 4476 4509 4519
f 4476 4519 4473
f 4473 4519 4514
f 4551 4279 4473
f 4487 4497 4235
f 4235 4497 4253
f 4235 4253 4234
f 4234 4253 4242
f 4183 4421 4518
f 4518 4421 4520
f 4520 4421 4423
f 4520 4423 4521
f 4161 4426 4521
f 4521 4426 4522
f 4522 4426 4428
f 4522 4428 4430
f 4158 4430 4428
f 4272 4274 4270
f 4270 4274 4267
f 4270 4267 4256
f 4256 4267 4258
f 4253 4251 4249
f 4196 4182 4194
f 4194 4182 4183
f 4194 4183 4518
f 4194 4518 4418
f 4418 4518 4417
f 4323 4325 4321
f 4321 4325 4317
f 4321 4317 4319
f 4319 4317 4155
f 4300 4302 4298
f 4298 4302 4304
f 4298 4304 4296
f 4296 4304 4306
f 4281 4283 4279
f 4279 4283 4473
f 4258 4260 4256
f 4256 4260 4262
f 4256 4262 4264
f 4238 4240 4236
f 4236 4240 4242
f 4236 4242 4245
f 4245 4242 4253
f 4245 4253 4247
f 4247 4253 4249
f 4511 4523 4222
f 4224 4226 4228
f 4177 4175 4173
f 4523 4516 4222
f 4222 4516 4224
f 4222 4224 4223
f 4223 4224 4228
f 4223 4228 4230
f 4184 4186 4188
f 4173 4171 4177
f 4177 4171 4160
f 4177 4160 4179
f 4179 4160 4161
f 4179 4161 4521
f 4179 4521 4424
f 4424 4521 4423
f 4166 4168 4164
f 4164 4168 4160
f 4164 4160 4162
f 4162 4160 4171
f 4198 4200 4196
f 4196 4200 4193
f 4196 4193 4182
f 4182 4193 4184
f 4182 4184 4190
f 4190 4184 4188
f 4524 4506 4525
f 4525 4506 4505
f 4526 4527 4506
f 4506 4527 4507
f 4506 4507 4505
f 4371 4370 4528
f 4528 4529 4371
f 4371 4529 4330
f 4371 4330 4331
f 4526 4528 4527
f 4527 4528 4370
f 4527 4370 4507
f 4507 4370 4368
f 4507 4368 4508
f 4508 4368 4327
f 4508 4327 4288
f 4530 4328 4531
f 4531 4328 4330
f 4531 4330 4528
f 4528 4330 4529
f 4545 4524 4525
f 4545 4525 4531
f 4387 4376 4530
f 4530 4376 4329
f 4530 4329 4328
f 4530 4531 4387
f 4387 4531 4525
f 4387 4525 4388
f 4388 4525 4505
f 4388 4505 4395
f 4388 4395 4389
f 4532 4398 4397
f 4532 4397 4535
f 4539 4401 4402
f 4547 4405 4404
f 4547 4404 4430
f 4533 4408 4407
f 4533 4407 4427
f 4534 4411 4412
f 4534 4412 4538
f 4545 4535 4524
f 4524 4535 4504
f 4524 4504 4506
f 4105 4536 4496
f 4517 4518 4546
f 4518 4520 4419
f 4546 4518 4537
f 4537 4518 4419
f 4537 4419 4534
f 4538 4520 4521
f 4538 4521 4522
f 4538 4522 4533
f 4427 4522 4430
f 4430 4513 4512
f 4539 4433 4503
f 4436 4503 4440
f 4539 4503 4436
f 4539 4436 4532
f 4504 4535 4440
f 4430 4512 4432
f 4430 4502 4513
f 4430 4513 4547
f 4541 4447 4448
f 4541 4448 4491
f 4542 4452 4451
f 4542 4451 4552
f 4549 4456 4455
f 4549 4455 4474
f 4548 4460 4469
f 4469 4460 4459
f 4464 4500 4462
f 4462 4500 4465
f 4465 4500 4466
f 4466 4500 4501
f 4466 4501 4469
f 4514 4519 4471
f 4474 4519 4509
f 4509 4510 4478
f 4474 4509 4543
f 4543 4509 4478
f 4543 4478 4542
f 4552 4510 4497
f 4497 4515 4485
f 4552 4497 4544
f 4544 4497 4485
f 4544 4485 4541
f 4488 4515 4516
f 4488 4516 4491
f 4495 4493 4511
f 4496 4536 4495
f 4526 4506 4499
f 4491 4516 4523
f 4523 4511 4493
f 4523 4493 4540
f 4469 4501 4551
f 4551 4514 4471
f 4551 4471 4549
f 4526 4499 4498
f 4498 4464 4550
f 4550 4464 4462
f 4550 4462 4548
f 4545 4531 4528
f 4545 4528 4526
f 4546 4537 4534
f 4526 4498 4550
f 4474 4543 4542
f 4552 4544 4541
f 4541 4491 4523
f 4536 4523 4540
f 4535 4539 4532
f 4535 4545 4526
f 4550 4548 4469
f 4551 4549 4474
f 4552 4474 4542
f 4552 4541 4523
f 4538 4105 4546
f 4538 4546 4534
f 4427 4538 4533
f 4539 4430 4432
f 4559 4085 4556
f 4556 4084 4089
f 4089 4095 4554
f 4554 4086 4553
f 4553 4086 4088
f 4559 4553 4087
f 4554 4557 4089
f 4089 4555 4556
f 4556 4558 4559
f 4553 4557 4554
f 4557 4555 4089
f 4555 4558 4556
f 4553 4559 4562
f 4105 4558 4536
f 4536 4558 4523
f 4523 4558 4560
f 4523 4560 4552
f 4552 4560 4474
f 4474 4560 4551
f 4551 4560 4469
f 4469 4560 4550
f 4550 4560 4526
f 4526 4560 4561
f 4526 4561 4535
f 4535 4561 4539
f 4539 4561 4430
f 4430 4561 4559
f 4430 4559 4427
f 4427 4559 4538
f 4538 4559 4558
f 4538 4558 4105
f 4553 4561 4557
f 4561 4560 4557
f 4557 4560 4555
f 4555 4560 4558
f 4561 4553 4562
f 4562 4559 4561
f 4563 4567 4564
f 4563 4564 4566
f 4566 4564 4569
f 4568 4567 4563
f 4570 4568 4563
f 4570 4563 4566
f 4570 4565 4567
f 4570 4567 4568
f 4566 4569 4564
f 4566 4564 4570
f 4570 4564 4567
f 4570 4567 4565
f 4572 4573 4574
f 4574 4573 4575
f 4574 4575 4826
f 4573 4572 4576
f 4576 4572 4589
f 4577 4578 4579
f 4579 4578 4576
f 4579 4576 4589
f 4582 4583 4584
f 4585 4586 4587
f 4572 4574 4588
f 4574 4826 4588
f 4588 4826 4580
f 4588 4580 4589
f 4580 4826 4581
f 4572 4588 4589
f 4592 4589 4580
f 4587 4581 4590
f 4587 4590 4585
f 4577 4579 4589
f 4591 4580 4581
f 4591 4581 4587
f 4591 4587 4584
f 4584 4587 4586
f 4584 4586 4582
f 4592 4580 4593
f 4593 4580 4594
f 4594 4580 4591
f 4591 4584 4595
f 4595 4584 4583
f 4595 4583 4596
f 4599 4615 4597
f 4600 4597 4601
f 4602 4844 4597
f 4597 4844 4599
f 4844 4603 4599
f 4599 4603 4604
f 4603 4605 4604
f 4604 4605 4606
f 4604 4606 4607
f 4608 4609 4610
f 4610 4609 4607
f 4610 4607 4611
f 4611 4607 4606
f 4615 4599 4604
f 4614 4615 4616
f 4616 4615 4617
f 4609 4615 4607
f 4607 4615 4604
f 4597 4615 4614
f 4597 4614 4601
f 4601 4613 4600
f 4618 4600 4619
f 4619 4600 4613
f 4613 4620 4619
f 4613 4601 4620
f 4620 4601 4612
f 4597 4600 4598
f 4598 4600 4618
f 4827 4602 4597
f 4602 4827 4621
f 4621 4827 4598
f 4621 4598 4622
f 4598 4618 4622
f 4622 4618 4623
f 4622 4623 4624
f 4624 4623 4625
f 4625 4623 4626
f 4625 4626 4627
f 4627 4626 4628
f 4628 4626 4629
f 4628 4629 4630
f 4630 4629 4631
f 4630 4631 4632
f 4619 4620 4612
f 4633 4634 4612
f 4618 4619 4623
f 4623 4619 4612
f 4623 4612 4626
f 4626 4612 4629
f 4629 4612 4634
f 4629 4634 4631
f 4634 4635 4631
f 4636 5026 4637
f 4645 4631 4635
f 4647 4648 4649
f 4649 4648 4650
f 4649 4650 4651
f 4652 4633 4646
f 4646 4633 4612
f 4642 4645 4653
f 4653 4645 4635
f 4653 4635 4652
f 4652 4635 4634
f 4652 4634 4633
f 4646 4612 4654
f 4646 4654 4652
f 4652 4654 4655
f 4652 4655 4653
f 4653 4655 4644
f 4653 4644 4642
f 4612 4656 4654
f 4654 4656 4657
f 4654 4657 4655
f 4655 4657 4658
f 4655 4658 4644
f 4644 4658 4643
f 4644 4643 4642
f 5043 4642 4659
f 4659 4642 4643
f 4659 4643 4660
f 4660 4643 4658
f 4660 4658 4661
f 4661 4658 4657
f 4661 4657 4662
f 4662 4657 4656
f 4662 4663 4661
f 4661 4663 4664
f 4661 4664 4660
f 4660 4664 4665
f 4660 4665 4659
f 4659 4665 4641
f 4659 4641 5043
f 4663 4666 4664
f 4664 4666 4667
f 4664 4667 4665
f 4665 4667 4668
f 4665 4668 4641
f 4641 4668 4640
f 4641 4640 5043
f 4666 4669 4667
f 4667 4669 4670
f 4667 4670 4668
f 4668 4670 4671
f 4668 4671 4640
f 4640 4671 4639
f 4640 4639 5043
f 4672 5043 4639
f 4672 4639 4673
f 4673 4639 4671
f 4673 4671 4674
f 4674 4671 4670
f 4674 4670 4675
f 4675 4670 4669
f 4675 4676 4674
f 4674 4676 4677
f 4674 4677 4673
f 4673 4677 4678
f 4673 4678 4672
f 4672 4678 4638
f 4672 4638 5043
f 4676 4679 4677
f 4677 4679 4680
f 4677 4680 4678
f 4678 4680 4681
f 4678 4681 4638
f 4638 4681 4637
f 4638 4637 5043
f 5043 4637 5026
f 4682 4636 4683
f 4683 4636 4637
f 4683 4637 4684
f 4684 4637 4681
f 4684 4681 4685
f 4685 4681 4680
f 4685 4680 4686
f 4686 4680 4679
f 4686 4647 4685
f 4685 4647 4649
f 4685 4649 4684
f 4684 4649 4651
f 4684 4651 4683
f 4683 4651 4687
f 4683 4687 4682
f 4682 4687 4688
f 4650 4689 4651
f 4651 4689 4687
f 4687 4689 4690
f 4687 4690 4688
f 4688 4690 4691
f 4691 4690 4692
f 4690 4689 4699
f 4689 4650 4699
f 4699 4650 4648
f 4693 4694 4696
f 4696 4694 4695
f 4648 4697 4699
f 4699 4697 4698
f 4692 4690 4699
f 4700 4699 4701
f 4701 4699 4696
f 4698 4693 4699
f 4699 4693 4696
f 4581 4696 4590
f 4590 4696 4695
f 4590 4695 4585
f 4585 4695 4694
f 4585 4694 4586
f 4586 4694 4693
f 4586 4693 4582
f 4582 4693 4698
f 4582 4698 4583
f 4583 4698 4697
f 4583 4697 4596
f 4596 4697 4648
f 4702 4696 4581
f 4703 4828 4692
f 4692 4699 4703
f 4703 4699 4700
f 4703 4700 4704
f 4704 4700 4701
f 4704 4701 4705
f 4696 4702 4701
f 4701 4702 4706
f 4701 4706 4705
f 4707 4708 4709
f 4710 4711 4712
f 4712 5011 4828
f 4711 5011 4712
f 4708 4707 4712
f 4712 4707 4713
f 4712 4713 4710
f 4714 4715 4709
f 4709 4715 4716
f 4709 4716 4707
f 4828 4703 4712
f 4712 4703 4704
f 4712 4704 4708
f 4708 4704 4705
f 4708 4705 4709
f 4709 4705 4706
f 4709 4706 4714
f 4702 4571 4706
f 4706 4571 4826
f 4706 4826 4714
f 4571 4702 4581
f 4571 4581 4826
f 4826 4575 4714
f 4714 4575 4717
f 4714 4717 4715
f 4715 4717 4716
f 4716 4717 4718
f 4716 4718 4707
f 4707 4718 4713
f 4713 4718 4719
f 4713 4719 4710
f 4710 4719 4711
f 4711 4719 4720
f 4711 4720 5011
f 4573 4576 4723
f 4721 4722 4723
f 4734 4723 4576
f 4734 4576 4578
f 4575 4573 4717
f 4717 4573 4723
f 4717 4723 4718
f 4718 4723 4719
f 4719 4723 4722
f 4719 4722 4720
f 4722 4724 4720
f 4725 5013 4726
f 5013 5012 4728
f 4733 4720 4724
f 4736 4737 4738
f 4738 4737 4739
f 4738 4739 4740
f 4741 4721 4735
f 4735 4721 4723
f 4735 4723 4734
f 5011 4733 4742
f 4742 4733 4724
f 4742 4724 4741
f 4741 4724 4722
f 4741 4722 4721
f 4734 4743 4735
f 4735 4743 4744
f 4735 4744 4741
f 4741 4744 4745
f 4741 4745 4742
f 4742 4745 4732
f 4742 4732 5011
f 4743 4746 4744
f 4744 4746 4747
f 4744 4747 4745
f 4745 4747 4748
f 4745 4748 4732
f 4732 4748 4731
f 4732 4731 5011
f 4749 5011 4731
f 4749 4731 4750
f 4750 4731 4748
f 4750 4748 4751
f 4751 4748 4747
f 4751 4747 4752
f 4752 4747 4746
f 4752 4753 4751
f 4751 4753 4754
f 4751 4754 4750
f 4750 4754 4755
f 4750 4755 4749
f 4749 4755 4730
f 4749 4730 5011
f 5011 4730 5012
f 4753 4756 4754
f 4754 4756 4757
f 4754 4757 4755
f 4755 4757 4758
f 4755 4758 4730
f 4730 4758 4729
f 4730 4729 5012
f 4756 4759 4757
f 4757 4759 4760
f 4757 4760 4758
f 4758 4760 4761
f 4758 4761 4729
f 4729 4761 4728
f 4729 4728 5012
f 4762 5013 4728
f 4762 4728 4763
f 4763 4728 4761
f 4763 4761 4764
f 4764 4761 4760
f 4764 4760 4765
f 4765 4760 4759
f 4765 4766 4764
f 4764 4766 4767
f 4764 4767 4763
f 4763 4767 4768
f 4763 4768 4762
f 4762 4768 4727
f 4762 4727 5013
f 4766 4769 4767
f 4767 4769 4770
f 4767 4770 4768
f 4768 4770 4771
f 4768 4771 4727
f 4727 4771 4726
f 4727 4726 5013
f 4772 4725 4773
f 4773 4725 4726
f 4773 4726 4774
f 4774 4726 4771
f 4774 4771 4775
f 4775 4771 4770
f 4775 4770 4776
f 4776 4770 4769
f 4776 4736 4775
f 4775 4736 4738
f 4775 4738 4774
f 4774 4738 4740
f 4774 4740 4773
f 4773 4740 4777
f 4773 4777 4772
f 4772 4777 4778
f 4739 4779 4740
f 4740 4779 4777
f 4777 4779 4780
f 4777 4780 4778
f 4778 4780 4781
f 4781 4780 4782
f 4783 4829 4822
f 4785 4797 4805
f 4805 4797 4784
f 4786 5013 4782
f 4782 4796 4786
f 4786 4796 4787
f 4786 4787 4788
f 4788 4787 4789
f 4788 4789 4790
f 4797 4785 4789
f 4789 4785 4791
f 4789 4791 4790
f 4780 4779 4796
f 4779 4739 4796
f 4796 4739 4737
f 4793 4794 4797
f 4737 4795 4796
f 4793 4797 4796
f 4782 4780 4796
f 4787 4796 4789
f 4789 4796 4797
f 4796 4792 4793
f 4797 4794 4784
f 4784 4794 4798
f 4794 4793 4798
f 4798 4793 4792
f 4798 4792 4799
f 4737 4800 4795
f 4795 4800 4799
f 4795 4799 4796
f 4796 4799 4792
f 4805 4784 4798
f 4802 4783 4822
f 4802 4822 4803
f 4803 4822 4804
f 4800 4805 4799
f 4799 4805 4798
f 4783 4806 4810
f 4783 4802 4806
f 4806 4802 4801
f 4806 4801 4807
f 4806 4807 4808
f 4810 4806 4808
f 4810 4808 4809
f 4811 4810 4812
f 4812 4810 4981
f 4809 4981 4810
f 4829 4783 4810
f 4829 4810 4813
f 4813 4810 4811
f 4813 4811 4814
f 4814 4811 4815
f 4815 4811 4812
f 4815 4812 4816
f 4816 4812 4981
f 4816 4981 4987
f 4814 4817 4818
f 4819 4987 5013
f 4816 4987 4819
f 4817 4814 4819
f 4819 4814 4815
f 4819 4815 4816
f 4818 4829 4813
f 4818 4813 4814
f 5013 4786 4819
f 4819 4786 4788
f 4819 4788 4817
f 4817 4788 4790
f 4817 4790 4818
f 4818 4790 4791
f 4818 4791 4829
f 4805 4820 4785
f 4785 4820 4791
f 4791 4820 4829
f 4822 4829 4805
f 4829 4820 4805
f 4824 4829 4822
f 4829 4821 4822
f 5065 4831 4830
f 5043 4826 4824
f 4824 4822 4909
f 4909 4822 4825
f 4825 4822 4821
f 4909 4597 4824
f 5043 4824 4597
f 4909 4830 4597
f 4597 4830 4831
f 4831 4827 4597
f 4597 4598 5043
f 4828 5011 4826
f 5026 4828 5043
f 4598 5041 5043
f 4826 5043 4828
f 4829 4824 5012
f 5012 4824 4826
f 5012 4826 5011
f 5043 5026 5041
f 4909 4825 4830
f 4598 4827 4831
f 4829 4825 4821
f 4642 5041 4598
f 4720 4733 5011
f 4631 4645 4632
f 4632 4645 4598
f 4645 4642 4598
f 5041 4642 5043
f 4636 4828 5026
f 4636 4682 4828
f 4828 4682 4688
f 4828 4688 4691
f 4828 4691 4692
f 4725 4772 5013
f 5013 4772 4778
f 5013 4778 4781
f 5013 4781 4782
f 4627 4832 4833
f 4834 4598 4831
f 4630 4632 4834
f 4834 4632 4598
f 4832 4627 4834
f 4834 4627 4628
f 4834 4628 4630
f 4622 4624 4833
f 4833 4624 4625
f 4833 4625 4627
f 4831 4836 4834
f 4834 4836 4837
f 4834 4837 4832
f 4832 4837 4835
f 4832 4835 4833
f 4833 4835 4621
f 4833 4621 4622
f 4836 4831 4838
f 4838 4611 4836
f 4836 4611 4839
f 4836 4839 4837
f 4837 4839 4840
f 4837 4840 4835
f 4844 4602 4840
f 4840 4602 4621
f 4840 4621 4835
f 4841 4842 4611
f 4842 4843 4611
f 4611 4843 4608
f 4605 4603 4844
f 4608 4610 4611
f 4605 4844 4611
f 4838 4841 4611
f 4839 4611 4840
f 4840 4611 4844
f 4611 4606 4605
f 4845 4831 4846
f 4853 4854 4855
f 4857 4608 4858
f 4858 4608 4843
f 4858 4843 4859
f 4830 4853 4861
f 4861 4853 4855
f 4861 4855 4860
f 4860 4855 4862
f 4862 4863 4864
f 4862 4864 4860
f 4860 4864 4865
f 4860 4865 4861
f 4861 4865 4852
f 4861 4852 4830
f 4863 4866 4864
f 4864 4866 4867
f 4864 4867 4865
f 4865 4867 4868
f 4865 4868 4852
f 4852 4868 4851
f 4852 4851 4830
f 4869 4830 4851
f 4869 4851 4870
f 4870 4851 4868
f 4870 4868 4871
f 4871 4868 4867
f 4871 4867 4872
f 4872 4867 4866
f 4872 4873 4871
f 4871 4873 4874
f 4871 4874 4870
f 4870 4874 4875
f 4870 4875 4869
f 4869 4875 4850
f 4869 4850 4830
f 4830 4850 5065
f 4873 4876 4874
f 4874 4876 4877
f 4874 4877 4875
f 4875 4877 4878
f 4875 4878 4850
f 4850 4878 4849
f 4850 4849 5065
f 4876 4879 4877
f 4877 4879 4880
f 4877 4880 4878
f 4878 4880 4881
f 4878 4881 4849
f 4849 4881 4848
f 4849 4848 5065
f 4882 5065 4848
f 4882 4848 4883
f 4883 4848 4881
f 4883 4881 4884
f 4884 4881 4880
f 4884 4880 4885
f 4885 4880 4879
f 4885 4886 4884
f 4884 4886 4887
f 4884 4887 4883
f 4883 4887 4888
f 4883 4888 4882
f 4882 4888 4847
f 4882 4847 5065
f 5065 4847 4831
f 4886 4889 4887
f 4887 4889 4890
f 4887 4890 4888
f 4888 4890 4891
f 4888 4891 4847
f 4847 4891 4846
f 4847 4846 4831
f 4892 4845 4893
f 4893 4845 4846
f 4893 4846 4894
f 4894 4846 4891
f 4894 4891 4895
f 4895 4891 4890
f 4895 4890 4896
f 4896 4890 4889
f 4896 4857 4895
f 4895 4857 4858
f 4895 4858 4894
f 4894 4858 4859
f 4894 4859 4893
f 4893 4859 4897
f 4893 4897 4892
f 4892 4897 4898
f 4843 4842 4859
f 4859 4842 4897
f 4897 4842 4841
f 4897 4841 4898
f 4898 4841 4899
f 4899 4841 4838
f 4900 4901 4862
f 4863 4862 4901
f 4863 4901 4856
f 4902 4900 4903
f 4903 4900 4862
f 4903 4862 4904
f 4904 4862 4905
f 4905 4862 4854
f 4862 4855 4854
f 4906 4907 4909
f 4909 4910 4908
f 4911 4912 4913
f 4914 4915 4916
f 4922 4909 4918
f 4917 4910 4919
f 4916 4922 4918
f 4916 4918 4914
f 4920 4921 4919
f 4910 4909 4922
f 4922 4916 4913
f 4913 4916 4915
f 4913 4915 4911
f 4920 4919 4923
f 4923 4919 4910
f 4923 4910 4924
f 4924 4910 4925
f 4925 4910 4922
f 4925 4922 4926
f 4926 4922 4927
f 4927 4922 4928
f 4928 4922 4913
f 4928 4913 4929
f 4929 4913 4912
f 4929 4912 4930
f 4902 4908 4900
f 4900 4908 4910
f 4900 4910 4917
f 4900 4917 4901
f 4901 4917 4919
f 4920 4856 4921
f 4921 4856 4901
f 4921 4901 4919
f 4909 4908 4823
f 4823 4908 4902
f 4906 4909 4823
f 4823 4931 4932
f 4932 4906 4823
f 4823 4902 4931
f 4931 4902 4903
f 4931 4903 4933
f 4933 4903 4934
f 4934 4903 4904
f 4934 4904 4935
f 4935 4904 4936
f 4936 4904 4905
f 4936 4905 4937
f 4937 4905 4854
f 4937 4854 4830
f 4935 4938 4939
f 4940 4830 4825
f 4937 4830 4940
f 4938 4935 4940
f 4940 4935 4936
f 4940 4936 4937
f 4931 4933 4939
f 4939 4933 4934
f 4939 4934 4935
f 4825 4942 4940
f 4940 4942 4943
f 4940 4943 4938
f 4938 4943 4941
f 4938 4941 4939
f 4939 4941 4932
f 4939 4932 4931
f 4942 4825 4944
f 4944 4956 4942
f 4942 4956 4945
f 4942 4945 4943
f 4943 4945 4946
f 4943 4946 4941
f 4907 4906 4946
f 4946 4906 4932
f 4946 4932 4941
f 4947 4948 4956
f 4948 4949 4956
f 4956 4949 4950
f 4951 4952 4907
f 4907 4952 4953
f 4950 4954 4956
f 4956 4954 4955
f 4944 4947 4956
f 4945 4956 4946
f 4946 4956 4907
f 4955 4951 4956
f 4956 4951 4907
f 4909 4907 4918
f 4918 4907 4953
f 4918 4953 4914
f 4914 4953 4952
f 4914 4952 4915
f 4915 4952 4951
f 4915 4951 4911
f 4911 4951 4955
f 4911 4955 4912
f 4912 4955 4954
f 4912 4954 4930
f 4930 4954 4950
f 4863 4856 4920
f 4886 4885 4923
f 4923 4885 4879
f 4923 4879 4920
f 4734 4578 4577
f 4957 4958 4929
f 4609 4608 4857
f 4959 4807 4801
f 4930 4950 4960
f 4879 4876 4920
f 4920 4876 4873
f 4920 4873 4872
f 4591 4669 4925
f 4591 4925 4594
f 4594 4925 4926
f 4594 4926 4593
f 4593 4926 4927
f 4593 4927 4592
f 4592 4927 4756
f 4592 4756 4589
f 4959 4801 4961
f 4822 4927 4804
f 4804 4927 4928
f 4804 4928 4803
f 4803 4928 4929
f 4803 4929 4802
f 4872 4866 4920
f 4920 4866 4863
f 4857 4896 4609
f 4609 4896 4889
f 4609 4889 4886
f 4662 4656 4612
f 4596 4648 4647
f 4927 4822 4756
f 4756 4822 4805
f 4962 4963 4930
f 4930 4963 4964
f 4930 4964 4929
f 4929 4964 4965
f 4929 4965 4957
f 4614 4669 4601
f 4601 4669 4666
f 4601 4666 4612
f 4612 4666 4663
f 4612 4663 4662
f 4589 4756 4577
f 4577 4756 4753
f 4577 4753 4752
f 4752 4746 4577
f 4577 4746 4743
f 4577 4743 4734
f 4802 4929 4958
f 4802 4958 4801
f 4801 4958 4966
f 4801 4966 4961
f 4960 4967 4930
f 4930 4967 4968
f 4930 4968 4962
f 4669 4614 4925
f 4591 4595 4669
f 4669 4595 4596
f 4669 4596 4675
f 4675 4596 4676
f 4925 4614 4616
f 4925 4616 4924
f 4924 4616 4617
f 4924 4617 4923
f 4923 4617 4615
f 4923 4615 4886
f 4886 4615 4609
f 4647 4686 4596
f 4596 4686 4679
f 4596 4679 4676
f 4737 4736 4800
f 4800 4736 4776
f 4800 4776 4769
f 4769 4766 4800
f 4800 4766 4765
f 4800 4765 4805
f 4805 4765 4759
f 4805 4759 4756
f 4969 4825 4970
f 4807 4959 4977
f 4960 4950 4978
f 4978 4950 4949
f 4978 4949 4979
f 4980 4987 4981
f 4807 4977 4808
f 4808 4977 4982
f 4808 4982 4809
f 4809 4982 4980
f 4809 4980 4981
f 4959 4961 4977
f 4977 4961 4983
f 4977 4983 4982
f 4982 4983 4984
f 4982 4984 4980
f 4980 4984 4976
f 4980 4976 4987
f 4961 4966 4983
f 4983 4966 4985
f 4983 4985 4984
f 4984 4985 4986
f 4984 4986 4976
f 4976 4986 4975
f 4976 4975 4987
f 4988 4987 4975
f 4988 4975 4989
f 4989 4975 4986
f 4989 4986 4990
f 4990 4986 4985
f 4990 4985 4958
f 4958 4985 4966
f 4958 4957 4990
f 4990 4957 4991
f 4990 4991 4989
f 4989 4991 4992
f 4989 4992 4988
f 4988 4992 4974
f 4988 4974 4987
f 4987 4974 4825
f 4957 4965 4991
f 4991 4965 4993
f 4991 4993 4992
f 4992 4993 4994
f 4992 4994 4974
f 4974 4994 4973
f 4974 4973 4825
f 4972 4825 4973
f 4972 4973 4995
f 4995 4973 4994
f 4995 4994 4996
f 4996 4994 4993
f 4996 4993 4964
f 4964 4993 4965
f 4997 4825 4972
f 4997 4972 4998
f 4998 4972 4995
f 4998 4995 4999
f 4999 4995 4996
f 4999 4996 4963
f 4963 4996 4964
f 4963 4962 4999
f 4999 4962 5000
f 4999 5000 4998
f 4998 5000 5001
f 4998 5001 4997
f 4997 5001 4971
f 4997 4971 4825
f 4962 4968 5000
f 5000 4968 5002
f 5000 5002 5001
f 5001 5002 5003
f 5001 5003 4971
f 4971 5003 4970
f 4971 4970 4825
f 5004 4969 5005
f 5005 4969 4970
f 5005 4970 5006
f 5006 4970 5003
f 5006 5003 5007
f 5007 5003 5002
f 5007 5002 4967
f 4967 5002 4968
f 4967 4960 5007
f 5007 4960 4978
f 5007 4978 5006
f 5006 4978 4979
f 5006 4979 5005
f 5005 4979 5008
f 5005 5008 5004
f 5004 5008 5009
f 4949 4948 4979
f 4979 4948 5008
f 5008 4948 4947
f 5008 4947 5009
f 5009 4947 5010
f 5010 4947 4944
f 4854 4853 4830
f 4969 5004 4825
f 4825 5004 5009
f 4825 5009 5010
f 4825 5010 4944
f 4845 4892 4831
f 4831 4892 4898
f 4831 4898 4899
f 4831 4899 4838
f 4829 5013 4987
f 4829 4987 4825
f 4829 5012 5013
f 5043 5042 5039
f 5043 5041 5042
f 5014 5015 5041
f 5015 5014 5016
f 5019 5017 5016
f 5016 5017 5018
f 5016 5018 5015
f 5014 5019 5016
f 5020 5019 5021
f 5021 5019 5014
f 5021 5014 5022
f 5022 5023 5024
f 5025 5020 5024
f 5024 5020 5021
f 5024 5021 5022
f 5023 5025 5024
f 5017 5025 5018
f 5018 5025 5023
f 5018 5023 5015
f 5039 5042 5026
f 5029 5027 5028
f 5030 5027 5031
f 5031 5027 5029
f 5031 5029 5032
f 5032 5033 5034
f 5035 5030 5034
f 5034 5030 5031
f 5034 5031 5032
f 5033 5035 5034
f 5036 5035 5037
f 5037 5035 5033
f 5037 5033 5038
f 5038 5029 5028
f 5027 5036 5028
f 5028 5036 5037
f 5028 5037 5038
f 5029 5038 5026
f 5039 5040 5030
f 5030 5035 5039
f 5039 5035 5026
f 5026 5035 5036
f 5026 5036 5027
f 5026 5027 5040
f 5040 5027 5030
f 5038 5033 5026
f 5033 5039 5026
f 5033 5032 5039
f 5039 5032 5040
f 5032 5029 5040
f 5040 5029 5026
f 5039 5040 5026
f 5040 5039 5026
f 5020 5025 5042
f 5042 5025 5041
f 5041 5025 5017
f 5041 5017 5019
f 5041 5019 5042
f 5042 5019 5020
f 5015 5023 5041
f 5023 5042 5041
f 5023 5022 5042
f 5022 5014 5042
f 5042 5014 5041
f 5026 5042 5041
f 5039 5026 5043
f 5044 5045 5046
f 5046 5045 5047
f 5047 5045 5048
f 5047 5048 5049
f 5049 5048 5050
f 5050 5048 5051
f 5050 5051 5052
f 5052 5051 5053
f 5053 5051 5054
f 5053 5054 5055
f 5055 5054 5056
f 5056 5054 5057
f 5056 5057 5058
f 5058 5057 5059
f 5059 5057 5582
f 5059 5582 5060
f 5060 5582 5044
f 5044 5582 5045
f 5061 5077 5062
f 5061 5062 5063
f 5063 5062 5064
f 5064 5062 5065
f 5064 5065 5066
f 5066 5065 5067
f 5067 5065 5068
f 5067 5068 5069
f 5069 5068 5070
f 5070 5068 5071
f 5070 5071 5072
f 5072 5071 5073
f 5073 5071 5074
f 5073 5074 5075
f 5075 5074 5076
f 5076 5074 5077
f 5076 5077 5078
f 5078 5077 5061
f 5079 5080 5081
f 5081 5080 5082
f 5082 5080 5583
f 5082 5583 5083
f 5083 5583 5084
f 5084 5583 5085
f 5085 5583 5086
f 5085 5086 5087
f 5087 5086 5088
f 5088 5086 5089
f 5088 5089 5090
f 5090 5089 5091
f 5091 5089 5092
f 5091 5092 5093
f 5093 5092 5094
f 5094 5092 5095
f 5095 5092 5079
f 5079 5092 5080
f 5096 5097 5584
f 5584 5097 5098
f 5584 5098 5099
f 5584 5099 5100
f 5584 5100 5101
f 5584 5101 5103
f 5103 5101 5102
f 5103 5102 5104
f 5103 5104 5106
f 5106 5104 5105
f 5106 5105 5107
f 5106 5107 5110
f 5110 5107 5108
f 5110 5108 5109
f 5110 5109 5111
f 5110 5111 5096
f 5096 5111 5112
f 5096 5112 5097
f 5113 5114 5116
f 5116 5114 5115
f 5116 5115 5117
f 5116 5117 5120
f 5120 5117 5118
f 5120 5118 5119
f 5120 5119 5121
f 5120 5121 5122
f 5113 5116 5585
f 5113 5585 5123
f 5123 5585 5124
f 5124 5585 5125
f 5124 5125 5126
f 5126 5125 5127
f 5127 5125 5128
f 5128 5125 5122
f 5128 5122 5129
f 5129 5122 5121
f 5130 5131 5132
f 5130 5132 5133
f 5130 5133 5135
f 5135 5133 5134
f 5135 5134 5136
f 5135 5136 5138
f 5138 5136 5137
f 5138 5137 5139
f 5138 5139 5578
f 5578 5139 5140
f 5578 5140 5141
f 5578 5141 5144
f 5144 5141 5142
f 5144 5142 5143
f 5144 5143 5145
f 5144 5145 5130
f 5130 5145 5146
f 5130 5146 5131
f 5147 5148 5150
f 5150 5148 5149
f 5150 5149 5151
f 5150 5151 5579
f 5579 5151 5152
f 5579 5152 5153
f 5579 5153 5155
f 5155 5153 5154
f 5155 5154 5156
f 5155 5156 5158
f 5158 5156 5157
f 5158 5157 5159
f 5158 5159 5161
f 5161 5159 5160
f 5161 5160 5162
f 5161 5162 5147
f 5147 5162 5163
f 5147 5163 5164
f 5147 5164 5148
f 5165 5166 5167
f 5167 5166 5168
f 5167 5168 5170
f 5170 5168 5169
f 5170 5169 5171
f 5170 5171 5491
f 5491 5171 5172
f 5491 5172 5173
f 5491 5173 5175
f 5175 5173 5174
f 5175 5174 5176
f 5175 5176 5586
f 5586 5176 5177
f 5586 5177 5178
f 5586 5178 5181
f 5181 5178 5179
f 5181 5179 5180
f 5181 5180 5165
f 5181 5165 5167
f 5182 5589 5183
f 5183 5589 5184
f 5184 5589 5492
f 5184 5492 5185
f 5185 5492 5186
f 5186 5492 5187
f 5186 5187 5188
f 5188 5187 5189
f 5189 5187 5580
f 5189 5580 5190
f 5190 5580 5191
f 5191 5580 5192
f 5191 5192 5193
f 5193 5192 5194
f 5194 5192 5195
f 5194 5195 5196
f 5196 5195 5182
f 5182 5195 5589
f 5199 5197 5198
f 5199 5198 5200
f 5199 5200 5201
f 5201 5200 5202
f 5201 5202 5524
f 5524 5202 5203
f 5524 5203 5205
f 5205 5203 5204
f 5205 5204 5206
f 5205 5206 5208
f 5208 5206 5207
f 5208 5207 5209
f 5208 5209 5211
f 5211 5209 5210
f 5211 5210 5212
f 5211 5212 5213
f 5213 5212 5214
f 5213 5214 5535
f 5535 5214 5215
f 5535 5215 5216
f 5219 5218 5217
f 5217 5218 5216
f 5218 5219 5542
f 5542 5219 5220
f 5542 5220 5221
f 5222 5544 5221
f 5221 5544 5542
f 5228 5223 5555
f 5555 5223 5495
f 5224 5555 5495
f 5227 5555 5225
f 5225 5555 5224
f 5227 5225 5226
f 5227 5226 5197
f 5227 5197 5199
f 5228 5229 5223
f 5229 5231 5403
f 5229 5403 5223
f 5403 5575 5223
f 5235 5234 5236
f 5236 5234 5237
f 5237 5234 5238
f 5238 5234 5239
f 5234 5232 5416
f 5416 5232 5233
f 5416 5233 5240
f 5240 5233 5241
f 5240 5241 5242
f 5242 5241 5243
f 5245 5246 5238
f 5238 5246 5237
f 5237 5246 5247
f 5237 5247 5236
f 5236 5247 5235
f 5235 5247 5248
f 5235 5248 5234
f 5248 5232 5234
f 5242 5243 5249
f 5249 5243 5250
f 5249 5250 5251
f 5251 5250 5252
f 5251 5252 5253
f 5253 5252 5254
f 5253 5254 5255
f 5255 5254 5256
f 5255 5256 5257
f 5257 5256 5258
f 5257 5258 5244
f 5244 5258 5245
f 5244 5245 5239
f 5239 5245 5238
f 5259 5260 5261
f 5262 5263 5264
f 5263 5265 5266
f 5267 5265 5268
f 5268 5265 5269
f 5264 5259 5262
f 5262 5259 5261
f 5262 5261 5270
f 5270 5261 5271
f 5270 5271 5272
f 5272 5271 5273
f 5269 5265 5274
f 5275 5276 5268
f 5268 5276 5267
f 5267 5276 5277
f 5267 5277 5265
f 5265 5277 5266
f 5266 5277 5278
f 5266 5278 5263
f 5263 5278 5264
f 5264 5278 5260
f 5264 5260 5259
f 5272 5273 5279
f 5279 5273 5280
f 5279 5280 5281
f 5281 5280 5282
f 5281 5282 5283
f 5283 5282 5284
f 5283 5284 5285
f 5285 5284 5286
f 5285 5286 5287
f 5287 5286 5288
f 5287 5288 5274
f 5274 5288 5275
f 5274 5275 5269
f 5269 5275 5268
f 5066 5289 5064
f 5064 5289 5290
f 5064 5290 5063
f 5063 5290 5291
f 5063 5291 5061
f 5061 5291 5292
f 5061 5292 5078
f 5078 5292 5293
f 5078 5293 5076
f 5076 5293 5294
f 5076 5294 5075
f 5075 5294 5295
f 5075 5295 5073
f 5073 5295 5296
f 5073 5296 5072
f 5072 5296 5297
f 5072 5297 5070
f 5070 5297 5298
f 5070 5298 5069
f 5069 5298 5299
f 5069 5299 5067
f 5067 5299 5300
f 5067 5300 5066
f 5066 5300 5289
f 5093 5301 5091
f 5091 5301 5302
f 5091 5302 5090
f 5090 5302 5303
f 5090 5303 5088
f 5088 5303 5304
f 5088 5304 5087
f 5087 5304 5305
f 5087 5305 5085
f 5085 5305 5306
f 5085 5306 5084
f 5084 5306 5307
f 5084 5307 5083
f 5083 5307 5308
f 5083 5308 5082
f 5082 5308 5309
f 5082 5309 5081
f 5081 5309 5310
f 5081 5310 5079
f 5079 5310 5311
f 5079 5311 5095
f 5095 5311 5312
f 5095 5312 5094
f 5094 5312 5313
f 5094 5313 5093
f 5093 5313 5301
f 5107 5314 5108
f 5108 5314 5315
f 5108 5315 5109
f 5109 5315 5316
f 5109 5316 5111
f 5111 5316 5317
f 5111 5317 5112
f 5112 5317 5318
f 5112 5318 5097
f 5097 5318 5319
f 5097 5319 5098
f 5098 5319 5320
f 5098 5320 5099
f 5099 5320 5321
f 5099 5321 5100
f 5100 5321 5322
f 5100 5322 5101
f 5101 5322 5323
f 5101 5323 5102
f 5102 5323 5324
f 5102 5324 5104
f 5104 5324 5325
f 5104 5325 5105
f 5105 5325 5326
f 5105 5326 5107
f 5107 5326 5314
f 5117 5327 5118
f 5118 5327 5328
f 5118 5328 5119
f 5119 5328 5329
f 5119 5329 5121
f 5121 5329 5330
f 5121 5330 5129
f 5129 5330 5331
f 5129 5331 5128
f 5128 5331 5332
f 5128 5332 5127
f 5127 5332 5333
f 5127 5333 5126
f 5126 5333 5334
f 5126 5334 5124
f 5124 5334 5335
f 5124 5335 5123
f 5123 5335 5336
f 5123 5336 5113
f 5113 5336 5337
f 5113 5337 5114
f 5114 5337 5338
f 5114 5338 5115
f 5115 5338 5339
f 5115 5339 5117
f 5117 5339 5327
f 5133 5340 5134
f 5134 5340 5341
f 5134 5341 5136
f 5136 5341 5342
f 5136 5342 5137
f 5137 5342 5343
f 5137 5343 5139
f 5139 5343 5344
f 5139 5344 5140
f 5140 5344 5345
f 5140 5345 5141
f 5141 5345 5346
f 5141 5346 5142
f 5142 5346 5347
f 5142 5347 5143
f 5143 5347 5348
f 5143 5348 5145
f 5145 5348 5349
f 5145 5349 5146
f 5146 5349 5350
f 5146 5350 5131
f 5131 5350 5351
f 5131 5351 5132
f 5132 5351 5352
f 5132 5352 5133
f 5133 5352 5340
f 5159 5353 5160
f 5160 5353 5354
f 5160 5354 5162
f 5162 5354 5355
f 5162 5355 5163
f 5163 5355 5356
f 5163 5356 5164
f 5164 5356 5357
f 5164 5357 5148
f 5148 5357 5358
f 5148 5358 5149
f 5149 5358 5359
f 5149 5359 5151
f 5151 5359 5360
f 5151 5360 5152
f 5152 5360 5361
f 5152 5361 5153
f 5153 5361 5362
f 5153 5362 5154
f 5154 5362 5363
f 5154 5363 5156
f 5156 5363 5364
f 5156 5364 5157
f 5157 5364 5365
f 5157 5365 5159
f 5159 5365 5353
f 5178 5366 5179
f 5179 5366 5367
f 5179 5367 5180
f 5180 5367 5368
f 5180 5368 5165
f 5165 5368 5369
f 5165 5369 5166
f 5166 5369 5370
f 5166 5370 5168
f 5168 5370 5371
f 5168 5371 5169
f 5169 5371 5372
f 5169 5372 5171
f 5171 5372 5373
f 5171 5373 5172
f 5172 5373 5374
f 5172 5374 5173
f 5173 5374 5375
f 5173 5375 5174
f 5174 5375 5376
f 5174 5376 5176
f 5176 5376 5377
f 5176 5377 5177
f 5177 5377 5378
f 5177 5378 5178
f 5178 5378 5366
f 5196 5379 5194
f 5194 5379 5380
f 5194 5380 5193
f 5193 5380 5381
f 5193 5381 5191
f 5191 5381 5382
f 5191 5382 5190
f 5190 5382 5383
f 5190 5383 5189
f 5189 5383 5384
f 5189 5384 5188
f 5188 5384 5385
f 5188 5385 5186
f 5186 5385 5386
f 5186 5386 5185
f 5185 5386 5387
f 5185 5387 5184
f 5184 5387 5388
f 5184 5388 5183
f 5183 5388 5389
f 5183 5389 5182
f 5182 5389 5390
f 5182 5390 5196
f 5196 5390 5379
f 5058 5391 5056
f 5056 5391 5392
f 5056 5392 5055
f 5055 5392 5393
f 5055 5393 5053
f 5053 5393 5394
f 5053 5394 5052
f 5052 5394 5395
f 5052 5395 5050
f 5050 5395 5396
f 5050 5396 5049
f 5049 5396 5397
f 5049 5397 5047
f 5047 5397 5398
f 5047 5398 5046
f 5046 5398 5399
f 5046 5399 5044
f 5044 5399 5400
f 5044 5400 5060
f 5060 5400 5401
f 5060 5401 5059
f 5059 5401 5402
f 5059 5402 5058
f 5058 5402 5391
f 5329 5328 5404
f 5378 5377 5409
f 5289 5300 5410
f 5313 5312 5411
f 5309 5473 5310
f 5310 5473 5475
f 5310 5475 5311
f 5311 5475 5312
f 5312 5475 5411
f 5304 5303 5412
f 5412 5303 5302
f 5412 5302 5301
f 5309 5308 5473
f 5473 5308 5307
f 5473 5307 5472
f 5472 5307 5306
f 5472 5306 5305
f 5253 5410 5251
f 5251 5410 5413
f 5251 5413 5249
f 5249 5413 5414
f 5239 5234 5415
f 5415 5234 5472
f 5415 5472 5412
f 5412 5472 5305
f 5412 5305 5304
f 5253 5255 5410
f 5410 5255 5257
f 5410 5257 5415
f 5415 5257 5244
f 5415 5244 5239
f 5234 5416 5472
f 5416 5240 5414
f 5414 5240 5242
f 5414 5242 5249
f 5417 5413 5298
f 5410 5300 5413
f 5413 5300 5299
f 5413 5299 5298
f 5298 5297 5417
f 5417 5297 5296
f 5417 5296 5419
f 5419 5296 5295
f 5419 5295 5294
f 5291 5290 5420
f 5291 5418 5292
f 5292 5418 5419
f 5292 5419 5293
f 5293 5419 5294
f 5385 5425 5386
f 5386 5425 5423
f 5386 5423 5387
f 5423 5388 5387
f 5380 5379 5426
f 5426 5379 5390
f 5426 5390 5423
f 5423 5390 5389
f 5423 5389 5388
f 5385 5384 5425
f 5425 5384 5383
f 5425 5383 5424
f 5424 5383 5382
f 5424 5382 5381
f 5425 5424 5486
f 5409 5427 5428
f 5428 5427 5429
f 5430 5431 5408
f 5408 5431 5432
f 5408 5432 5409
f 5409 5432 5433
f 5409 5433 5427
f 5430 5408 5434
f 5434 5408 5435
f 5434 5435 5436
f 5435 5486 5437
f 5429 5438 5428
f 5428 5438 5439
f 5428 5439 5486
f 5486 5439 5437
f 5408 5409 5482
f 5440 5482 5376
f 5440 5376 5375
f 5378 5409 5366
f 5366 5409 5452
f 5366 5452 5367
f 5375 5374 5440
f 5440 5374 5373
f 5440 5373 5441
f 5441 5373 5372
f 5371 5370 5441
f 5370 5369 5452
f 5452 5369 5368
f 5452 5368 5367
f 5372 5371 5441
f 5370 5452 5441
f 5441 5452 5442
f 5484 5485 5453
f 5346 5345 5406
f 5352 5407 5340
f 5340 5407 5443
f 5406 5345 5479
f 5479 5345 5344
f 5479 5344 5343
f 5343 5342 5443
f 5443 5342 5341
f 5443 5341 5340
f 5481 5348 5406
f 5406 5348 5347
f 5406 5347 5346
f 5352 5351 5407
f 5407 5351 5350
f 5407 5350 5481
f 5481 5350 5349
f 5481 5349 5348
f 5405 5479 5262
f 5479 5265 5263
f 5479 5263 5262
f 5474 5281 5283
f 5262 5270 5405
f 5405 5270 5272
f 5405 5272 5474
f 5474 5272 5279
f 5474 5279 5281
f 5285 5287 5444
f 5287 5274 5444
f 5444 5274 5265
f 5444 5265 5479
f 5404 5328 5445
f 5335 5446 5336
f 5336 5446 5474
f 5336 5474 5337
f 5328 5327 5445
f 5445 5327 5339
f 5445 5339 5338
f 5474 5445 5338
f 5474 5338 5337
f 5335 5334 5446
f 5446 5334 5333
f 5446 5333 5478
f 5333 5332 5478
f 5478 5332 5331
f 5478 5331 5404
f 5404 5331 5330
f 5404 5330 5329
f 5404 5447 5478
f 5314 5326 5449
f 5449 5326 5447
f 5326 5325 5447
f 5447 5325 5324
f 5447 5324 5448
f 5448 5324 5323
f 5448 5323 5322
f 5490 5399 5398
f 5398 5397 5490
f 5490 5397 5489
f 5397 5396 5489
f 5489 5396 5395
f 5489 5395 5394
f 5489 5394 5450
f 5399 5490 5400
f 5400 5490 5422
f 5400 5422 5401
f 5401 5422 5421
f 5401 5421 5402
f 5394 5393 5450
f 5450 5393 5392
f 5450 5392 5421
f 5421 5392 5391
f 5421 5391 5402
f 5315 5314 5451
f 5321 5320 5477
f 5477 5320 5319
f 5319 5318 5477
f 5477 5318 5317
f 5477 5317 5451
f 5451 5317 5316
f 5451 5316 5315
f 5443 5231 5479
f 5483 5364 5363
f 5483 5441 5442
f 5483 5442 5364
f 5364 5442 5365
f 5360 5485 5361
f 5361 5485 5483
f 5361 5483 5362
f 5362 5483 5363
f 5355 5354 5442
f 5442 5354 5353
f 5442 5353 5365
f 5360 5359 5485
f 5485 5359 5358
f 5485 5358 5453
f 5453 5358 5357
f 5453 5357 5356
f 5453 5481 5484
f 5356 5355 5453
f 5453 5355 5442
f 5453 5442 5452
f 5407 5403 5443
f 5443 5403 5231
f 5407 5481 5453
f 5407 5453 5403
f 5403 5453 5452
f 5403 5452 5575
f 5381 5380 5424
f 5424 5380 5426
f 5424 5426 5486
f 5486 5426 5428
f 5428 5426 5575
f 5447 5404 5449
f 5449 5404 5445
f 5445 5474 5444
f 5444 5474 5283
f 5444 5283 5285
f 5423 5489 5426
f 5426 5489 5575
f 5575 5489 5450
f 5314 5449 5451
f 5449 5445 5231
f 5231 5445 5444
f 5231 5444 5479
f 5343 5443 5479
f 5449 5231 5451
f 5451 5231 5477
f 5322 5321 5448
f 5448 5321 5477
f 5477 5231 5574
f 5477 5574 5411
f 5291 5420 5418
f 5418 5420 5230
f 5421 5230 5575
f 5419 5418 5422
f 5422 5418 5230
f 5422 5230 5421
f 5450 5421 5575
f 5428 5575 5452
f 5428 5452 5409
f 5482 5409 5377
f 5482 5377 5376
f 5290 5289 5420
f 5420 5289 5410
f 5420 5410 5230
f 5230 5410 5415
f 5230 5415 5574
f 5574 5415 5412
f 5574 5412 5411
f 5411 5412 5301
f 5411 5301 5313
f 5436 5435 5437
f 5456 5437 5457
f 5457 5437 5439
f 5457 5439 5458
f 5458 5439 5459
f 5437 5454 5436
f 5436 5454 5455
f 5436 5455 5434
f 5434 5455 5460
f 5434 5460 5430
f 5430 5460 5461
f 5462 5463 5459
f 5459 5463 5458
f 5458 5463 5464
f 5458 5464 5457
f 5457 5464 5456
f 5456 5464 5465
f 5456 5465 5437
f 5465 5454 5437
f 5430 5461 5431
f 5431 5461 5466
f 5431 5466 5432
f 5432 5466 5467
f 5432 5467 5433
f 5433 5467 5468
f 5433 5468 5427
f 5427 5468 5469
f 5427 5469 5429
f 5429 5469 5470
f 5429 5470 5438
f 5438 5470 5462
f 5438 5462 5439
f 5439 5462 5459
f 5414 5413 5471
f 5414 5471 5416
f 5416 5471 5472
f 5475 5477 5411
f 5476 5475 5473
f 5486 5408 5482
f 5479 5480 5406
f 5406 5480 5481
f 5486 5435 5408
f 5425 5486 5487
f 5425 5487 5423
f 5423 5487 5488
f 5423 5488 5489
f 5584 5588 5447
f 5447 5588 5478
f 5478 5588 5585
f 5478 5585 5446
f 5446 5585 5474
f 5474 5585 5405
f 5405 5585 5479
f 5479 5585 5480
f 5480 5585 5144
f 5480 5144 5481
f 5481 5144 5579
f 5481 5579 5484
f 5170 5483 5579
f 5579 5483 5485
f 5579 5485 5484
f 5170 5441 5483
f 5491 5441 5170
f 5491 5482 5440
f 5491 5440 5441
f 5580 5482 5491
f 5580 5486 5482
f 5589 5487 5492
f 5492 5487 5580
f 5580 5487 5486
f 5589 5488 5487
f 5493 5489 5589
f 5589 5489 5488
f 5493 5490 5489
f 5493 5422 5490
f 5065 5419 5493
f 5493 5419 5422
f 5065 5417 5419
f 5583 5471 5065
f 5065 5471 5413
f 5065 5413 5417
f 5583 5472 5471
f 5584 5476 5583
f 5583 5476 5473
f 5583 5473 5472
f 5584 5475 5476
f 5584 5477 5475
f 5584 5448 5477
f 5447 5448 5584
f 5221 5494 5222
f 5222 5494 5228
f 5228 5494 5539
f 5495 5496 5497
f 5495 5497 5224
f 5224 5497 5498
f 5224 5498 5225
f 5498 5499 5225
f 5225 5499 5572
f 5225 5572 5226
f 5226 5572 5500
f 5226 5500 5197
f 5216 5501 5217
f 5217 5501 5502
f 5217 5502 5219
f 5502 5503 5219
f 5219 5503 5504
f 5219 5504 5220
f 5220 5504 5505
f 5220 5505 5221
f 5221 5505 5506
f 5221 5506 5494
f 5197 5500 5522
f 5197 5522 5198
f 5507 5202 5200
f 5198 5522 5508
f 5198 5508 5200
f 5200 5508 5507
f 5509 5204 5203
f 5510 5210 5209
f 5215 5214 5534
f 5202 5507 5511
f 5202 5511 5203
f 5203 5511 5509
f 5204 5509 5512
f 5204 5512 5206
f 5212 5513 5214
f 5214 5513 5534
f 5215 5534 5537
f 5215 5537 5216
f 5216 5537 5514
f 5216 5514 5501
f 5206 5512 5515
f 5206 5515 5207
f 5210 5510 5516
f 5210 5516 5212
f 5212 5516 5513
f 5207 5515 5517
f 5207 5517 5209
f 5209 5517 5510
f 5229 5228 5539
f 5229 5539 5518
f 5574 5575 5230
f 5518 5231 5229
f 5519 5520 5521
f 5522 5500 5519
f 5519 5521 5522
f 5523 5524 5525
f 5534 5533 5535
f 5534 5535 5536
f 5535 5533 5532
f 5535 5532 5213
f 5213 5532 5531
f 5213 5531 5211
f 5211 5531 5530
f 5211 5530 5529
f 5211 5529 5208
f 5208 5529 5528
f 5208 5528 5527
f 5208 5527 5205
f 5205 5527 5526
f 5205 5526 5525
f 5205 5525 5524
f 5524 5523 5201
f 5199 5201 5522
f 5199 5522 5521
f 5199 5521 5520
f 5535 5216 5536
f 5536 5216 5537
f 5522 5201 5508
f 5508 5201 5523
f 5508 5523 5507
f 5507 5523 5525
f 5507 5525 5511
f 5511 5525 5526
f 5511 5526 5509
f 5509 5526 5527
f 5509 5527 5512
f 5512 5527 5528
f 5512 5528 5515
f 5515 5528 5529
f 5515 5529 5517
f 5517 5529 5530
f 5517 5530 5510
f 5510 5530 5531
f 5510 5531 5516
f 5516 5531 5532
f 5516 5532 5513
f 5513 5532 5533
f 5513 5533 5534
f 5534 5536 5537
f 5538 5520 5519
f 5222 5228 5539
f 5540 5218 5542
f 5540 5542 5543
f 5544 5541 5542
f 5539 5228 5223
f 5223 5228 5555
f 5545 5555 5227
f 5545 5227 5546
f 5199 5520 5227
f 5227 5520 5538
f 5227 5538 5546
f 5216 5218 5547
f 5547 5218 5548
f 5548 5218 5540
f 5548 5540 5549
f 5549 5540 5543
f 5549 5543 5550
f 5550 5543 5542
f 5550 5542 5551
f 5551 5542 5541
f 5551 5541 5552
f 5552 5541 5544
f 5552 5544 5553
f 5553 5544 5222
f 5553 5222 5554
f 5556 5555 5545
f 5556 5545 5557
f 5557 5545 5546
f 5557 5546 5558
f 5558 5546 5538
f 5558 5538 5559
f 5559 5538 5519
f 5559 5519 5500
f 5560 5537 5216
f 5216 5547 5560
f 5560 5547 5548
f 5560 5548 5561
f 5561 5548 5549
f 5561 5549 5562
f 5562 5549 5550
f 5562 5550 5563
f 5563 5550 5551
f 5563 5551 5564
f 5564 5551 5552
f 5564 5552 5565
f 5565 5552 5553
f 5565 5553 5566
f 5566 5553 5554
f 5566 5554 5567
f 5223 5555 5495
f 5495 5555 5568
f 5568 5555 5556
f 5568 5556 5569
f 5569 5556 5557
f 5569 5557 5570
f 5570 5557 5558
f 5570 5558 5571
f 5571 5558 5559
f 5571 5559 5572
f 5572 5559 5500
f 5539 5494 5567
f 5567 5494 5566
f 5566 5494 5506
f 5566 5506 5565
f 5565 5506 5505
f 5565 5505 5564
f 5564 5505 5504
f 5564 5504 5563
f 5563 5504 5503
f 5563 5503 5562
f 5562 5503 5502
f 5562 5502 5561
f 5561 5502 5501
f 5561 5501 5560
f 5560 5501 5514
f 5560 5514 5537
f 5222 5539 5554
f 5554 5539 5567
f 5571 5572 5499
f 5571 5499 5570
f 5570 5499 5498
f 5570 5498 5569
f 5569 5498 5497
f 5569 5497 5568
f 5568 5497 5496
f 5568 5496 5495
f 5223 5518 5539
f 5223 5231 5518
f 5223 5575 5231
f 5575 5576 5573
f 5573 5576 5574
f 5576 5575 5574
f 5231 5573 5574
f 5231 5575 5573
f 5586 5580 5491
f 5161 5144 5130
f 5585 5578 5144
f 5577 5161 5130
f 5150 5579 5144
f 5150 5144 5147
f 5147 5144 5161
f 5170 5579 5161
f 5170 5161 5181
f 5589 5581 5493
f 5493 5581 5582
f 5493 5582 5065
f 5065 5582 5581
f 5593 5584 5092
f 5092 5584 5583
f 5110 5588 5106
f 5110 5584 5593
f 5585 5592 5578
f 5578 5592 5135
f 5592 5585 5120
f 5120 5585 5588
f 5588 5584 5106
f 5583 5065 5089
f 5195 5580 5589
f 5187 5492 5580
f 5192 5580 5195
f 5175 5586 5491
f 5167 5170 5181
f 5158 5161 5579
f 5158 5579 5155
f 5130 5135 5577
f 5138 5578 5135
f 5116 5120 5585
f 5125 5585 5122
f 5122 5585 5120
f 5103 5106 5584
f 5096 5584 5110
f 5092 5089 5593
f 5080 5092 5583
f 5086 5583 5089
f 5068 5065 5071
f 5071 5065 5074
f 5074 5065 5077
f 5077 5065 5062
f 5057 5581 5582
f 5045 5582 5581
f 5045 5581 5048
f 5048 5581 5051
f 5051 5581 5054
f 5054 5581 5057
f 5461 5460 5470
f 5460 5455 5470
f 5470 5455 5454
f 5470 5454 5465
f 5470 5469 5468
f 5465 5464 5470
f 5470 5464 5463
f 5470 5463 5462
f 5461 5470 5466
f 5466 5470 5468
f 5466 5468 5467
f 5261 5260 5284
f 5273 5271 5280
f 5280 5271 5261
f 5280 5261 5282
f 5282 5261 5284
f 5277 5276 5275
f 5260 5278 5284
f 5284 5278 5277
f 5284 5277 5286
f 5286 5277 5275
f 5286 5275 5288
f 5243 5241 5258
f 5258 5241 5233
f 5258 5233 5232
f 5258 5256 5254
f 5246 5245 5247
f 5247 5245 5258
f 5247 5258 5248
f 5248 5258 5232
f 5243 5258 5250
f 5250 5258 5254
f 5250 5254 5252
f 5586 5181 5161
f 5586 5161 5587
f 5587 5161 5577
f 5577 5135 5592
f 5588 5110 5593
f 5593 5089 5065
f 5591 5065 5581
f 5591 5581 5589
f 5589 5580 5586
f 5592 5120 5588
f 5577 5592 5587
f 5587 5590 5586
f 5586 5590 5589
f 5592 5588 5590
f 5588 5593 5590
f 5587 5592 5590
f 5593 5065 5590
f 5590 5065 5591
f 5591 5589 5590
f 5594 5598 5595
f 6078 5602 5600
f 5600 5603 5596
f 5596 5604 5599
f 5599 5605 5597
f 5597 5605 5598
f 6080 5607 5601
f 5601 5608 5609
f 5601 5609 6078
f 5611 5610 5612
f 5610 5613 5612
f 5612 5613 5614
f 5610 5611 6065
f 6065 5611 5615
f 6065 5615 5616
f 6065 5616 5617
f 5618 5619 5620
f 5620 5619 5621
f 5622 5623 5624
f 5624 5623 5625
f 5626 5627 5628
f 5628 5627 5629
f 5630 5631 5632
f 5632 5631 5633
f 5634 5635 5636
f 5636 5635 5637
f 5638 5639 5640
f 5640 5639 5641
f 5642 5643 5644
f 5644 5643 5645
f 5646 5647 5648
f 5648 5647 5649
f 5650 5651 5652
f 5652 5651 5653
f 5654 5655 6050
f 6050 5655 5656
f 5725 6050 5657
f 5657 6050 5656
f 5658 5659 5660
f 5660 5659 5661
f 5660 5661 5662
f 5662 5661 5663
f 5662 5663 5664
f 5664 5663 5665
f 5664 5665 5666
f 5666 5665 5667
f 5659 5658 5668
f 5671 5670 5672
f 5673 5674 5675
f 5675 5674 5676
f 5675 5676 5677
f 5677 5676 5678
f 5677 5678 5679
f 5679 5678 5680
f 5679 5680 5671
f 5671 5680 5670
f 5674 5673 5681
f 5681 5673 5682
f 5681 5682 5683
f 5683 5682 5684
f 5683 5684 5685
f 5685 5684 5686
f 5685 5686 5687
f 5687 5686 5688
f 5687 5688 5689
f 5689 5688 5690
f 5689 5690 5691
f 5693 5692 5694
f 5695 5696 5697
f 5697 5696 5698
f 5697 5698 5699
f 5699 5698 5700
f 5699 5700 5701
f 5701 5700 5702
f 5701 5702 5693
f 5693 5702 5692
f 5696 5695 5703
f 5703 5695 5704
f 5705 5706 5707
f 5707 5706 5708
f 5707 5708 5709
f 5709 5708 5710
f 5709 5710 5711
f 5711 5710 5712
f 5711 5712 5704
f 5704 5712 5703
f 5706 5705 5713
f 5714 5715 5716
f 5716 5715 5717
f 5716 5717 5718
f 5718 5717 5719
f 5718 5719 5720
f 5720 5719 5721
f 5720 5721 5722
f 5722 5721 5614
f 5715 5714 5723
f 5723 5714 5724
f 5725 5726 5727
f 5727 5726 5728
f 5727 5728 5729
f 5729 5728 5730
f 5729 5730 5731
f 5731 5730 5732
f 5731 5732 5724
f 5724 5732 5723
f 5735 5736 5737
f 5737 5736 5738
f 5737 5738 5739
f 5739 5738 5740
f 5739 5740 5741
f 5741 5740 5742
f 5741 5742 5734
f 5734 5742 5733
f 5736 5735 5743
f 5745 5744 5746
f 5747 5748 5749
f 5749 5748 5750
f 5749 5750 5751
f 5751 5750 5752
f 5751 5752 5753
f 5753 5752 5754
f 5753 5754 5745
f 5745 5754 5744
f 5748 5747 5755
f 5755 5747 5756
f 5755 5756 5757
f 5757 5756 5758
f 5757 5758 5759
f 5759 5758 5760
f 5759 5760 5761
f 5761 5760 5762
f 5761 5762 5763
f 5763 5762 5764
f 5763 5764 5765
f 5767 5766 5768
f 5769 5770 5771
f 5771 5770 5772
f 5771 5772 5773
f 5773 5772 5774
f 5773 5774 5775
f 5775 5774 5776
f 5775 5776 5767
f 5767 5776 5766
f 5770 5769 5777
f 5777 5769 5778
f 5779 5780 5781
f 5781 5780 5782
f 5781 5782 5783
f 5783 5782 5784
f 5783 5784 5785
f 5785 5784 5786
f 5785 5786 5778
f 5778 5786 5777
f 5780 5779 5787
f 5988 5788 5789
f 5790 5791 5792
f 5792 5791 5793
f 5792 5793 5794
f 5794 5793 5795
f 5794 5795 5988
f 5988 5795 5788
f 5791 5790 5796
f 5798 5799 5800
f 5800 5799 5801
f 5800 5801 5802
f 5802 5801 5803
f 5802 5803 5804
f 5804 5803 5805
f 5804 5805 5797
f 5806 5807 5808
f 5808 5807 5809
f 5808 5809 5810
f 5810 5809 5811
f 5810 5811 5812
f 5812 5811 5813
f 5812 5813 5814
f 5814 5813 5900
f 5807 5806 5815
f 5815 5806 5816
f 5815 5816 5817
f 5817 5816 5818
f 5817 5818 5819
f 5819 5818 5820
f 5819 5820 5821
f 5821 5820 5822
f 5821 5822 5823
f 5823 5822 5824
f 5823 5824 5825
f 5827 5826 5828
f 5829 5830 5831
f 5831 5830 5832
f 5831 5832 5833
f 5833 5832 5834
f 5833 5834 5835
f 5835 5834 5836
f 5835 5836 5827
f 5827 5836 5826
f 5830 5829 5667
f 5667 5829 5666
f 5799 5798 5837
f 5838 5839 5840
f 5840 5839 5841
f 5730 5728 5726
f 5719 5717 5721
f 5721 5717 5715
f 5721 5715 5614
f 5614 5715 5723
f 5732 5730 5723
f 5723 5730 5726
f 5723 5726 5656
f 5656 5726 5657
f 5842 5843 5844
f 5611 5845 5846
f 5655 5847 5845
f 5845 5847 5848
f 5845 5848 5849
f 5850 5851 5852
f 5799 5837 5797
f 5853 5854 5855
f 5648 5611 5646
f 5646 5611 5851
f 5853 5856 5857
f 5843 5842 5691
f 5691 5842 5670
f 5691 5670 5689
f 5689 5670 5687
f 5670 5680 5678
f 5713 5858 5859
f 5859 5858 5860
f 5861 5605 5599
f 5862 5855 5863
f 5683 5685 5681
f 5681 5685 5687
f 5681 5687 5674
f 5674 5687 5670
f 5674 5670 5676
f 5676 5670 5678
f 5864 5865 5616
f 5616 5865 5859
f 5616 5859 5866
f 5866 5859 5860
f 5614 5723 5612
f 5612 5723 5656
f 5612 5656 5611
f 5611 5656 5845
f 5845 5656 5655
f 5736 5743 5733
f 5867 5868 5869
f 5702 5706 5692
f 5692 5706 5713
f 5692 5713 5859
f 5846 5653 5611
f 5611 5653 5651
f 5611 5651 5851
f 5851 5651 5870
f 5851 5870 5852
f 5871 5634 5839
f 5839 5634 5636
f 5839 5636 5872
f 5872 5636 5873
f 5874 5615 5875
f 5875 5615 5611
f 5875 5611 5876
f 5876 5611 5648
f 5876 5648 5877
f 5797 5837 5878
f 5878 5837 5879
f 5878 5879 5880
f 5880 5879 5881
f 5880 5881 5882
f 5803 5801 5805
f 5805 5801 5799
f 5805 5799 5797
f 5861 5855 5605
f 5605 5855 5854
f 5605 5854 5598
f 5669 5883 5884
f 5884 5883 5625
f 5884 5625 5857
f 5857 5625 5623
f 5857 5623 5853
f 5703 5712 5710
f 5850 5852 5885
f 5885 5852 5886
f 5885 5886 5765
f 5887 5888 5839
f 5839 5888 5889
f 5839 5889 5871
f 5877 5890 5876
f 5876 5890 5891
f 5876 5891 5787
f 5861 5599 5604
f 5861 5604 5631
f 5631 5604 5596
f 5631 5596 5633
f 5633 5596 5603
f 5633 5603 5892
f 5892 5603 5600
f 5892 5600 5602
f 5844 5893 5842
f 5842 5893 5618
f 5842 5618 5616
f 5616 5618 5620
f 5616 5620 5864
f 5700 5698 5702
f 5702 5698 5696
f 5702 5696 5706
f 5706 5696 5703
f 5706 5703 5708
f 5708 5703 5710
f 5873 5894 5872
f 5872 5894 5895
f 5872 5895 5668
f 5668 5895 5826
f 5668 5826 5659
f 5659 5826 5661
f 5869 5868 5796
f 5796 5868 5789
f 5796 5789 5791
f 5615 5598 5616
f 5616 5598 5854
f 5616 5854 5842
f 5862 5896 5855
f 5855 5896 5629
f 5855 5629 5853
f 5853 5629 5627
f 5853 5627 5856
f 5740 5738 5742
f 5742 5738 5736
f 5742 5736 5733
f 5733 5743 5849
f 5849 5743 5897
f 5849 5897 5845
f 5754 5752 5750
f 5887 5898 5888
f 5888 5898 5899
f 5888 5899 5825
f 5825 5899 5900
f 5825 5900 5823
f 5823 5900 5821
f 5826 5836 5834
f 5770 5777 5780
f 6080 5901 5607
f 5607 5901 5902
f 5607 5902 5601
f 5872 5903 5839
f 5839 5903 5880
f 5839 5880 5841
f 5841 5880 5882
f 5750 5748 5754
f 5754 5748 5763
f 5754 5763 5744
f 5744 5763 5765
f 5744 5765 5886
f 5900 5813 5811
f 5665 5663 5667
f 5667 5663 5661
f 5667 5661 5830
f 5830 5661 5826
f 5830 5826 5832
f 5832 5826 5834
f 5776 5774 5772
f 6080 5874 5606
f 5606 5874 5645
f 5606 5645 5643
f 5903 5892 5880
f 5880 5892 5602
f 5880 5602 5904
f 5904 5602 6078
f 5904 6078 5609
f 5817 5819 5815
f 5815 5819 5821
f 5815 5821 5807
f 5807 5821 5900
f 5807 5900 5809
f 5809 5900 5811
f 5772 5770 5776
f 5776 5770 5780
f 5776 5780 5766
f 5766 5780 5787
f 5766 5787 5891
f 5777 5786 5780
f 5780 5786 5784
f 5780 5784 5782
f 5791 5788 5795
f 5791 5795 5793
f 5788 5791 5789
f 6080 5606 5901
f 5901 5606 5643
f 5901 5643 5869
f 5869 5643 5905
f 5869 5905 5867
f 5874 6080 5595
f 5874 5595 5615
f 5615 5595 5598
f 5759 5761 5757
f 5757 5761 5763
f 5757 5763 5755
f 5755 5763 5748
f 5601 5902 5608
f 5608 5902 5641
f 5608 5641 5609
f 5609 5641 5639
f 5609 5639 5904
f 5814 5900 5906
f 5635 5907 5908
f 5635 5908 5637
f 5637 5908 5909
f 5637 5909 5910
f 5911 5630 5912
f 5912 5630 5632
f 5912 5632 5913
f 5913 5632 5914
f 5628 5915 5916
f 5628 5916 5626
f 5626 5916 5917
f 5626 5917 5918
f 5624 5919 5622
f 5622 5919 5920
f 5622 5920 5921
f 5922 5621 5923
f 5923 5621 5619
f 5923 5619 5924
f 5924 5619 5925
f 6065 5613 5610
f 5926 5927 5617
f 5617 5927 6059
f 6059 6065 5617
f 5722 5614 5613
f 6065 5722 5613
f 6033 5928 5929
f 5928 6033 6059
f 5866 5860 5927
f 5927 5926 5866
f 5866 5926 5617
f 5866 5617 5616
f 6059 5927 5928
f 5928 5927 5860
f 5928 5860 5929
f 5929 5860 5858
f 5929 5858 5930
f 5930 5858 5713
f 5930 5713 5705
f 6049 5931 5932
f 5865 5932 5859
f 5859 5932 5933
f 6049 5932 5923
f 5923 5932 5865
f 5923 5865 5922
f 5865 5864 5922
f 5922 5864 5620
f 5922 5620 5621
f 5859 5933 5694
f 5859 5694 5692
f 5931 6036 5932
f 5932 6036 5933
f 6052 5934 6036
f 6036 5934 5935
f 6036 5935 5933
f 5893 5844 5924
f 5924 5925 5893
f 5893 5925 5619
f 5893 5619 5618
f 6052 5924 5934
f 5934 5924 5844
f 5934 5844 5935
f 5935 5844 5843
f 5935 5843 5936
f 5936 5843 5691
f 5936 5691 5690
f 6048 6038 5937
f 5854 5937 5842
f 5842 5937 5938
f 6048 5937 5920
f 5920 5937 5854
f 5920 5854 5921
f 5854 5853 5921
f 5921 5853 5623
f 5921 5623 5622
f 5842 5938 5672
f 5842 5672 5670
f 5937 6038 5938
f 5939 5940 6038
f 6038 5940 5938
f 5883 5669 5919
f 5883 5919 5624
f 5883 5624 5625
f 5939 5919 5940
f 5940 5919 5669
f 5857 5941 5884
f 5884 5941 5942
f 6066 5941 5917
f 5917 5941 5857
f 5917 5857 5918
f 5857 5856 5918
f 5918 5856 5627
f 5918 5627 5626
f 5884 5942 5669
f 6066 5943 5941
f 5941 5943 5942
f 5943 5944 5942
f 5896 5862 5916
f 5916 5915 5896
f 5896 5915 5628
f 5896 5628 5629
f 6066 5916 5943
f 5943 5916 5862
f 5943 5862 5944
f 5944 5862 5863
f 6053 5945 5912
f 5855 5861 5911
f 5911 5861 5631
f 5911 5631 5630
f 5911 5912 5855
f 5855 5912 5945
f 5855 5945 5863
f 6053 5946 5945
f 5946 5947 5945
f 5892 5903 5913
f 5913 5914 5892
f 5892 5914 5632
f 5892 5632 5633
f 6053 5913 5946
f 5946 5913 5903
f 5946 5903 5947
f 5947 5903 5872
f 5947 5872 5948
f 5948 5872 5668
f 5948 5668 5658
f 6047 5949 5950
f 5894 5950 5895
f 5895 5950 5951
f 6047 5950 5909
f 5909 5950 5894
f 5909 5894 5910
f 5894 5873 5910
f 5910 5873 5636
f 5910 5636 5637
f 5951 5952 5895
f 5895 5952 5828
f 5895 5828 5826
f 5949 5953 5950
f 5950 5953 5951
f 5954 5955 5953
f 5953 5955 5956
f 5953 5956 5951
f 5871 5889 5908
f 5908 5907 5871
f 5871 5907 5635
f 5871 5635 5634
f 5954 5908 5955
f 5955 5908 5889
f 5955 5889 5956
f 5956 5889 5888
f 5956 5888 5957
f 5957 5888 5825
f 5957 5825 5824
f 6050 5958 5654
f 5654 5958 5959
f 5654 5959 5960
f 5961 5650 5962
f 5962 5650 5652
f 5962 5652 5963
f 5963 5652 5964
f 5647 5965 5966
f 5647 5966 5649
f 5649 5966 5967
f 5649 5967 5968
f 5644 5969 5970
f 5644 5970 5642
f 5642 5970 5971
f 5642 5971 5972
f 5640 5973 5974
f 5640 5974 5638
f 5638 5974 5975
f 5638 5975 5976
f 6062 5977 5978
f 6062 5978 5975
f 5880 5904 5976
f 5976 5904 5639
f 5976 5639 5638
f 5976 5975 5880
f 5880 5975 5978
f 5880 5978 5878
f 5878 5978 5979
f 5878 5979 5797
f 5977 5980 5978
f 5978 5980 5979
f 5981 5982 5980
f 5980 5982 5983
f 5980 5983 5979
f 5982 5981 5984
f 5902 5901 5974
f 5974 5973 5902
f 5902 5973 5640
f 5902 5640 5641
f 5984 5974 5982
f 5982 5974 5901
f 5982 5901 5983
f 5983 5901 5869
f 5983 5869 5985
f 5985 5869 5796
f 5985 5796 5790
f 6058 5986 5987
f 6058 5987 5971
f 5867 5905 5972
f 5972 5905 5643
f 5972 5643 5642
f 5972 5971 5867
f 5867 5971 5987
f 5867 5987 5868
f 5868 5987 5988
f 5868 5988 5789
f 5986 6035 5987
f 5987 6035 5988
f 5989 5990 6035
f 6035 5990 5991
f 6035 5991 5988
f 5990 5989 6063
f 5874 5875 5970
f 5970 5969 5874
f 5874 5969 5644
f 5874 5644 5645
f 6063 5970 5990
f 5990 5970 5875
f 5990 5875 5991
f 5991 5875 5876
f 5991 5876 5992
f 5992 5876 5787
f 5992 5787 5779
f 6055 5993 5994
f 5890 5994 5891
f 5891 5994 5995
f 6055 5994 5967
f 5967 5994 5890
f 5967 5890 5968
f 5890 5877 5968
f 5968 5877 5648
f 5968 5648 5649
f 5995 5996 5891
f 5891 5996 5768
f 5891 5768 5766
f 5993 6028 5994
f 5994 6028 5995
f 5997 5998 6028
f 6028 5998 5999
f 6028 5999 5995
f 5851 5850 5966
f 5966 5965 5851
f 5851 5965 5647
f 5851 5647 5646
f 5997 5966 5998
f 5998 5966 5850
f 5998 5850 5999
f 5999 5850 5885
f 5999 5885 6000
f 6000 5885 5765
f 6000 5765 5764
f 6054 6001 6002
f 6054 6002 5962
f 5852 5870 5961
f 5961 5870 5651
f 5961 5651 5650
f 5961 5962 5852
f 5852 5962 6002
f 5852 6002 5886
f 5886 6002 6003
f 5886 6003 5746
f 5886 5746 5744
f 6001 6031 6002
f 6002 6031 6003
f 6004 6005 6031
f 6031 6005 6006
f 6031 6006 6003
f 6005 6004 6007
f 5846 5845 5963
f 5963 5964 5846
f 5846 5964 5652
f 5846 5652 5653
f 6007 5963 6005
f 6005 5963 5845
f 6005 5845 6006
f 6006 5845 5897
f 6006 5897 6008
f 6008 5897 5743
f 6008 5743 5735
f 6009 6010 6011
f 6009 6011 5959
f 5848 5847 5960
f 5960 5847 5655
f 5960 5655 5654
f 5960 5959 5848
f 5848 5959 6011
f 5848 6011 5849
f 5849 6011 6029
f 5849 6029 5733
f 6010 6029 6011
f 5657 5726 5725
f 6050 5725 6012
f 5731 5724 6013
f 5722 5724 5714
f 5979 6015 5797
f 5797 6015 6016
f 5797 6016 5804
f 5716 5718 5714
f 5714 5718 5720
f 5714 5720 5722
f 5725 5727 6013
f 6013 5727 5729
f 6013 5729 5731
f 5828 5952 5948
f 6017 5979 5983
f 6017 5983 6018
f 5768 5996 5992
f 6020 5951 5953
f 5953 5951 5956
f 5953 5956 6021
f 5952 5951 5948
f 5948 5951 6020
f 5948 6020 5947
f 5947 6020 5946
f 5947 5946 5945
f 5945 5946 6053
f 5906 6022 6021
f 6021 6022 6023
f 6023 6022 6024
f 6023 6024 6016
f 6016 6024 6025
f 6016 6025 5798
f 5798 5800 6016
f 6016 5800 5802
f 6016 5802 5804
f 5983 5985 6018
f 6018 5985 5790
f 6018 5790 6026
f 6027 5995 6028
f 6028 5995 5999
f 6028 5999 6014
f 6014 5999 6000
f 6014 6000 5764
f 5725 6013 6012
f 6010 6012 6029
f 5942 6019 5669
f 5944 5943 5942
f 5942 5943 6019
f 5660 5662 5664
f 5822 5820 5818
f 5988 6030 6026
f 5781 5767 5779
f 5779 5767 5768
f 5779 5768 5992
f 6014 6003 6031
f 6031 6003 6006
f 6031 6006 6032
f 6032 6006 6008
f 6032 6008 5735
f 5724 5722 6013
f 6013 5722 6065
f 6033 5929 6034
f 5944 5863 5945
f 5664 5666 5660
f 5660 5666 5827
f 5660 5827 5658
f 5658 5827 5828
f 5658 5828 5948
f 5818 5816 5822
f 5822 5816 5814
f 5822 5814 5824
f 5824 5814 5906
f 5824 5906 6021
f 5824 6021 5957
f 5957 6021 5956
f 5996 5995 5992
f 5992 5995 6027
f 5992 6027 5991
f 5991 6027 6035
f 5991 6035 5988
f 5988 6035 6030
f 6026 5790 5988
f 6003 6014 5746
f 5746 6014 5764
f 5746 5764 5745
f 5745 5764 5753
f 5694 5933 6034
f 6034 5933 6036
f 6036 5933 5935
f 6036 5935 6037
f 5672 5938 6037
f 6037 5938 6038
f 6038 5938 5940
f 6038 5940 6019
f 5669 6019 5940
f 5783 5785 5781
f 5781 5785 5778
f 5781 5778 5767
f 5767 5778 5769
f 5764 5762 5760
f 5707 5693 5705
f 5705 5693 5694
f 5705 5694 6034
f 5705 6034 5930
f 5930 6034 5929
f 5833 5835 5831
f 5831 5835 5827
f 5831 5827 5829
f 5829 5827 5666
f 5810 5812 5808
f 5808 5812 5814
f 5808 5814 5806
f 5806 5814 5816
f 5792 5794 5790
f 5790 5794 5988
f 5769 5771 5767
f 5767 5771 5773
f 5767 5773 5775
f 5749 5751 5747
f 5747 5751 5753
f 5747 5753 5756
f 5756 5753 5764
f 5756 5764 5758
f 5758 5764 5760
f 6029 6039 5733
f 5735 5737 5739
f 5688 5686 5684
f 6039 6032 5733
f 5733 6032 5735
f 5733 5735 5734
f 5734 5735 5739
f 5734 5739 5741
f 5695 5697 5699
f 5684 5682 5688
f 5688 5682 5671
f 5688 5671 5690
f 5690 5671 5672
f 5690 5672 6037
f 5690 6037 5936
f 5936 6037 5935
f 5677 5679 5675
f 5675 5679 5671
f 5675 5671 5673
f 5673 5671 5682
f 5709 5711 5707
f 5707 5711 5704
f 5707 5704 5693
f 5693 5704 5695
f 5693 5695 5701
f 5701 5695 5699
f 6064 6023 6040
f 6040 6023 6022
f 6041 6042 6023
f 6023 6042 6024
f 6023 6024 6022
f 6042 6041 6060
f 5882 5881 6043
f 6043 6044 5882
f 5882 6044 5840
f 5882 5840 5841
f 6060 6043 6042
f 6042 6043 5881
f 6042 5881 6024
f 6024 5881 5879
f 6024 5879 6025
f 6025 5879 5837
f 6025 5837 5798
f 6045 5838 6046
f 6046 5838 5840
f 6046 5840 6043
f 6043 5840 6044
f 6064 6040 6046
f 5898 5887 6045
f 6045 5887 5839
f 6045 5839 5838
f 6045 6046 5898
f 5898 6046 6040
f 5898 6040 5899
f 5899 6040 6022
f 5899 6022 5906
f 5899 5906 5900
f 6047 5909 5908
f 6047 5908 5954
f 6053 5912 5913
f 6066 5917 5916
f 6048 5920 5919
f 6048 5919 5939
f 6049 5923 5924
f 6049 5924 6052
f 6064 6021 6023
f 6065 6050 6013
f 6033 6034 6059
f 6034 6036 5931
f 6059 6034 6051
f 6051 6034 5931
f 6051 5931 6049
f 6052 6036 6037
f 6052 6037 6038
f 6052 6038 6048
f 5939 6038 6019
f 6019 5943 6066
f 6066 5943 5944
f 6053 5946 6020
f 5949 6020 5953
f 6053 6020 5949
f 6053 5949 6047
f 6021 5954 5953
f 6066 5944 5945
f 6050 6009 5959
f 6050 5959 5958
f 6054 5962 5963
f 6054 5963 6007
f 6055 5967 5966
f 6055 5966 5997
f 6058 5971 6063
f 6063 5971 5970
f 6062 5975 5974
f 6062 5974 5984
f 5979 6017 5977
f 5977 6017 5980
f 5980 6017 5981
f 5981 6017 6018
f 5981 6018 5984
f 6030 6035 5986
f 5989 6035 6027
f 5989 6027 6063
f 6027 6028 5993
f 6063 6027 6056
f 6056 6027 5993
f 6056 5993 6055
f 5997 6028 6014
f 6014 6031 6001
f 5997 6014 6057
f 6057 6014 6001
f 6057 6001 6054
f 6004 6031 6032
f 6004 6032 6007
f 6012 6010 6029
f 6013 6050 6012
f 6041 6023 6016
f 6041 6016 6060
f 6007 6032 6039
f 6009 6039 6029
f 6009 6029 6010
f 5984 6018 6026
f 6058 6026 6030
f 6058 6030 5986
f 6060 6016 6015
f 6060 6015 5979
f 6060 5979 6061
f 6061 5979 5977
f 6061 5977 6062
f 6064 6046 6043
f 6064 6043 6060
f 6059 6051 6049
f 5954 6021 6064
f 6064 6060 6061
f 6062 5984 6026
f 6026 6058 6063
f 6063 6056 6055
f 5997 6057 6054
f 6054 6007 6039
f 6039 6009 6050
f 5954 6053 6047
f 6064 6061 6062
f 6026 6063 5997
f 5997 6063 6055
f 5997 6054 6039
f 6052 6065 6059
f 6052 6059 6049
f 5939 6052 6048
f 6066 5945 6053
f 6069 5599 5597
f 6069 5597 6067
f 6067 5597 5598
f 6067 5598 5594
f 5594 5595 6080
f 6080 5601 6078
f 6068 6078 5600
f 6068 5600 5596
f 6068 5596 6069
f 6069 5596 5599
f 6067 6070 6071
f 6067 6071 6072
f 6067 6072 6073
f 6067 6073 6074
f 6067 6074 6069
f 6069 6074 6075
f 6069 6075 6076
f 6069 6076 6077
f 6069 6077 6068
f 6080 6078 6079
f 5594 6080 6070
f 5594 6070 6067
f 6076 6092 6077
f 6080 6091 6081
f 6080 6081 6070
f 6070 6081 6082
f 6070 6082 6071
f 6071 6082 6083
f 6071 6083 6072
f 6072 6083 6084
f 6072 6084 6073
f 6073 6084 6085
f 6073 6085 6074
f 6074 6085 6086
f 6074 6086 6075
f 6075 6086 6087
f 6075 6087 6076
f 6076 6087 6092
f 6083 6088 6084
f 6084 6088 6093
f 6084 6093 6085
f 6085 6093 6086
f 6086 6093 6092
f 6086 6092 6087
f 6077 6092 6068
f 6068 6092 6078
f 6081 6091 6082
f 6082 6091 6088
f 6082 6088 6083
f 6078 6092 6089
f 6093 6088 6091
f 6090 6093 6091
f 6065 6095 6050
f 6050 6095 6039
f 6039 6095 6094
f 6039 6094 5997
f 5997 6094 6026
f 6026 6094 6078
f 6026 6078 6062
f 6062 6078 6064
f 6064 6078 5954
f 5954 6078 6092
f 5954 6092 6053
f 6053 6092 6066
f 6066 6092 6019
f 6019 6092 6095
f 6019 6095 5939
f 5939 6095 6052
f 6052 6095 6065
f 6078 6094 6079
f 6079 6094 6080
f 6091 6095 6090
f 6090 6095 6093
f 6080 6094 6091
f 6091 6094 6095
f 6078 6089 6092
f 6093 6095 6092
f 6096 6100 6097
f 6096 6097 6099
f 6099 6097 6102
f 6101 6100 6096
f 6103 6101 6096
f 6103 6096 6099
f 6103 6098 6100
f 6103 6100 6101
f 6099 6102 6097
f 6099 6097 6103
f 6103 6097 6100
f 6103 6100 6098
f 6105 6104 6106
f 6106 6104 6107
f 6108 6109 6110
f 6110 6109 6111
f 6110 6111 6112
f 6113 6114 6115
f 6115 6114 6116
f 6115 6116 6104
f 6104 6116 6117
f 6104 6117 6118
f 6104 6118 6107
f 6119 6120 6121
f 6121 6120 6122
f 6121 6122 6123
f 6124 6125 6126
f 6126 6125 6127
f 6123 6128 6121
f 6121 6128 6129
f 6121 6129 6130
f 6130 6129 6131
f 6131 6132 6130
f 6130 6132 6133
f 6130 6133 6134
f 6112 6113 6110
f 6110 6113 6115
f 6110 6115 6135
f 6135 6115 6136
f 6135 6136 6137
f 6137 6136 6130
f 6137 6130 6125
f 6125 6130 6134
f 6125 6134 6127
f 6139 6138 6140
f 6140 6138 6141
f 6142 6143 6144
f 6144 6143 6145
f 6145 6143 6146
f 6146 6143 6402
f 6141 6138 6142
f 6429 6148 6149
f 6149 6148 6150
f 6150 6148 6151
f 6152 6153 6154
f 6154 6153 6155
f 6155 6153 6156
f 6156 6153 6147
f 6151 6148 6152
f 6460 6158 6159
f 6159 6158 6160
f 6160 6158 6161
f 6162 6163 6164
f 6164 6163 6165
f 6165 6163 6166
f 6166 6163 6157
f 6161 6158 6162
f 6170 6169 6171
f 6171 6169 6172
f 6172 6169 6167
f 6167 6169 6168
f 6168 6173 6174
f 6174 6173 6175
f 6175 6173 6176
f 6178 6177 6179
f 6179 6177 6180
f 6180 6177 6181
f 6181 6177 6182
f 6182 6183 6184
f 6184 6183 6185
f 6185 6183 6186
f 6186 6183 6187
f 6325 6191 6192
f 6192 6191 6193
f 6193 6191 6189
f 6189 6191 6190
f 6190 6194 6195
f 6195 6194 6196
f 6196 6194 6197
f 6197 6194 6188
f 6202 6199 6200
f 6200 6199 6201
f 6201 6199 6198
f 6198 6199 6203
f 6204 6203 6205
f 6205 6203 6206
f 6206 6203 6207
f 6210 6323 6211
f 6211 6323 6212
f 6212 6323 6208
f 6208 6323 6209
f 6213 6209 6214
f 6214 6209 6215
f 6214 6215 6216
f 6216 6215 6324
f 6220 6320 6221
f 6221 6320 6222
f 6222 6320 6218
f 6218 6320 6219
f 6223 6219 6224
f 6224 6219 6225
f 6225 6219 6217
f 6318 6227 6228
f 6228 6227 6229
f 6229 6227 6230
f 6231 6232 6233
f 6233 6232 6234
f 6234 6232 6235
f 6235 6232 6226
f 6230 6227 6231
f 6236 6238 6239
f 6239 6238 6240
f 6240 6238 6241
f 6316 6242 6243
f 6243 6242 6244
f 6244 6242 6245
f 6245 6242 6237
f 6241 6238 6316
f 6247 6246 6248
f 6248 6246 6249
f 6249 6246 6250
f 6252 6253 6254
f 6254 6253 6255
f 6255 6253 6256
f 6256 6253 6251
f 6250 6246 6252
f 6252 6246 6253
f 6257 6258 6259
f 6259 6258 6260
f 6260 6258 6261
f 6261 6258 6266
f 6262 6322 6263
f 6263 6322 6264
f 6264 6322 6265
f 6265 6322 6257
f 6257 6322 6258
f 6269 6270 6271
f 6271 6270 6272
f 6272 6270 6273
f 6273 6270 6268
f 6267 6274 6275
f 6275 6274 6276
f 6276 6274 6277
f 6277 6274 6269
f 6313 6278 6279
f 6279 6278 6280
f 6280 6278 6281
f 6281 6278 6315
f 6314 6283 6284
f 6284 6283 6285
f 6285 6283 6282
f 6282 6283 6313
f 6312 6287 6288
f 6288 6287 6289
f 6289 6287 6290
f 6290 6287 6931
f 6931 6291 6292
f 6292 6291 6293
f 6293 6291 6294
f 6294 6291 6286
f 6300 6295 6296
f 6296 6295 6297
f 6297 6295 6298
f 6298 6295 6948
f 6299 6300 6301
f 6301 6300 6302
f 6302 6300 6303
f 6305 6311 6306
f 6306 6311 6304
f 6974 6310 6307
f 6307 6310 6308
f 6308 6310 6309
f 6309 6310 6311
f 6314 6315 6283
f 6236 6317 6238
f 6237 6242 6317
f 6237 6317 6236
f 6318 6319 6227
f 6231 6227 6232
f 6226 6319 6318
f 6220 6321 6320
f 6220 6217 6321
f 6267 6268 6274
f 6247 6251 6246
f 6253 6246 6251
f 6210 6324 6323
f 6326 6191 6325
f 6188 6194 6326
f 6188 6326 6325
f 6177 6327 6182
f 6178 6327 6177
f 6178 6187 6327
f 6169 6170 6168
f 6460 6328 6158
f 6162 6158 6163
f 6157 6163 6328
f 6157 6328 6460
f 6429 6329 6148
f 6152 6148 6153
f 6147 6153 6329
f 6147 6329 6429
f 6331 6330 6138
f 6331 6138 6402
f 6331 6402 6329
f 6331 6329 6332
f 6332 6329 6328
f 6332 6328 6333
f 6333 6328 6327
f 6333 6327 6334
f 6334 6327 6335
f 6334 6335 6336
f 6336 6335 6337
f 6336 6337 6338
f 6338 6337 6339
f 6338 6339 6340
f 6340 6339 6341
f 6340 6341 6342
f 6342 6341 6343
f 6342 6343 6344
f 6344 6343 6345
f 6344 6345 6346
f 6346 6345 6347
f 6346 6347 6348
f 6348 6347 6268
f 6348 6268 6349
f 6349 6268 6315
f 6349 6315 6350
f 6350 6315 6312
f 6350 6312 6351
f 6351 6312 6352
f 6351 6352 6137
f 6137 6352 6135
f 6352 6299 6948
f 6353 6300 6352
f 6352 6300 6299
f 6310 6974 6948
f 6948 6974 6352
f 6295 6310 6948
f 6974 6304 6135
f 6135 6304 6110
f 6110 6304 6311
f 6110 6311 6310
f 6110 6300 6353
f 6352 6974 6135
f 6310 6295 6110
f 6110 6295 6300
f 6312 6286 6352
f 6352 6286 6353
f 6353 6286 6291
f 6354 6287 6312
f 6353 6291 6931
f 6353 6931 6354
f 6354 6931 6287
f 6312 6315 6354
f 6354 6315 6278
f 6354 6278 6313
f 6354 6313 6355
f 6313 6283 6355
f 6355 6283 6315
f 6356 6274 6268
f 6270 6269 6355
f 6315 6268 6355
f 6355 6268 6270
f 6355 6269 6356
f 6356 6269 6274
f 6357 6322 6347
f 6347 6322 6262
f 6347 6262 6266
f 6347 6266 6268
f 6268 6266 6258
f 6268 6258 6356
f 6258 6322 6356
f 6356 6322 6357
f 6358 6251 6345
f 6251 6246 6357
f 6357 6246 6358
f 6358 6246 6251
f 6345 6251 6347
f 6347 6251 6357
f 6359 6238 6343
f 6343 6238 6317
f 6358 6242 6316
f 6358 6316 6359
f 6359 6316 6238
f 6343 6317 6345
f 6345 6317 6242
f 6345 6242 6358
f 6341 6227 6319
f 6360 6227 6341
f 6232 6359 6343
f 6232 6343 6226
f 6226 6343 6319
f 6341 6319 6343
f 6359 6232 6227
f 6359 6227 6360
f 6215 6320 6321
f 6215 6321 6324
f 6320 6215 6209
f 6361 6323 6339
f 6339 6323 6324
f 6217 6219 6360
f 6320 6209 6361
f 6361 6209 6323
f 6339 6324 6341
f 6360 6219 6361
f 6361 6219 6320
f 6341 6217 6360
f 6324 6321 6341
f 6341 6321 6217
f 6207 6203 6361
f 6362 6199 6337
f 6337 6199 6202
f 6361 6203 6362
f 6362 6203 6199
f 6339 6202 6207
f 6339 6207 6361
f 6337 6202 6339
f 6363 6190 6335
f 6335 6190 6191
f 6335 6191 6326
f 6337 6326 6194
f 6337 6194 6362
f 6362 6194 6190
f 6362 6190 6363
f 6335 6326 6337
f 6335 6187 6363
f 6363 6187 6183
f 6335 6327 6187
f 6183 6182 6363
f 6363 6182 6364
f 6364 6182 6327
f 6168 6365 6364
f 6328 6170 6327
f 6327 6170 6173
f 6364 6173 6168
f 6168 6170 6365
f 6365 6170 6328
f 6327 6173 6364
f 6366 6158 6329
f 6329 6158 6328
f 6328 6163 6365
f 6365 6163 6158
f 6365 6158 6366
f 6367 6148 6402
f 6402 6148 6329
f 6329 6153 6366
f 6366 6153 6148
f 6366 6148 6367
f 6143 6367 6402
f 6367 6142 6368
f 6143 6142 6367
f 6330 6369 6138
f 6138 6369 6368
f 6138 6368 6142
f 6110 6353 6108
f 6108 6353 6354
f 6108 6354 6355
f 6366 6367 6370
f 6370 6367 6368
f 6370 6368 6369
f 6355 6356 6108
f 6108 6356 6357
f 6108 6357 6358
f 6358 6359 6108
f 6108 6359 6360
f 6108 6360 6370
f 6360 6361 6370
f 6370 6361 6362
f 6370 6362 6363
f 6363 6364 6370
f 6370 6364 6365
f 6370 6365 6366
f 6108 6370 6109
f 6109 6370 6371
f 6372 6331 6332
f 6351 6137 6125
f 6332 6333 6372
f 6372 6333 6334
f 6372 6334 6336
f 6336 6338 6372
f 6372 6338 6340
f 6372 6340 6125
f 6125 6340 6342
f 6342 6344 6125
f 6125 6344 6346
f 6125 6346 6348
f 6348 6349 6125
f 6125 6349 6350
f 6125 6350 6351
f 6373 6106 6374
f 6374 6106 6107
f 6374 6107 6375
f 6375 6107 6118
f 6375 6118 6376
f 6376 6118 6117
f 6376 6117 6377
f 6377 6117 6116
f 6377 6116 6378
f 6378 6116 6114
f 6378 6114 6379
f 6379 6114 6113
f 6379 6113 6380
f 6380 6113 6112
f 6380 6112 6381
f 6381 6112 6111
f 6381 6111 6371
f 6371 6111 6109
f 6382 6383 6384
f 6384 6383 6390
f 6385 6386 6387
f 6387 6388 6385
f 6385 6388 6389
f 6385 6389 6383
f 6383 6389 6390
f 6391 6392 6393
f 6393 6392 6394
f 6393 6394 6386
f 6386 6394 6395
f 6386 6395 6387
f 6393 6396 6391
f 6391 6396 6397
f 6391 6397 6400
f 6398 6399 6397
f 6397 6399 6400
f 6138 6401 6402
f 6403 6404 6405
f 6400 6399 6401
f 6139 6401 6138
f 6141 6390 6389
f 6395 6140 6387
f 6387 6140 6141
f 6387 6141 6388
f 6388 6141 6389
f 6395 6394 6140
f 6140 6394 6392
f 6140 6392 6139
f 6139 6392 6391
f 6139 6391 6401
f 6401 6391 6400
f 6412 6406 6145
f 6145 6406 6407
f 6145 6407 6144
f 6144 6407 6408
f 6408 6409 6144
f 6144 6409 6410
f 6144 6410 6411
f 6412 6145 6146
f 6412 6146 6413
f 6146 6402 6414
f 6146 6414 6413
f 6413 6414 6415
f 6411 6403 6144
f 6144 6403 6405
f 6144 6405 6142
f 6142 6405 6416
f 6142 6416 6141
f 6141 6416 6390
f 6390 6416 6384
f 6413 6419 6417
f 6415 6418 6413
f 6413 6418 6419
f 6406 6412 6417
f 6417 6412 6413
f 6417 6420 6406
f 6406 6420 6421
f 6406 6421 6407
f 6407 6421 6408
f 6421 6422 6408
f 6408 6422 6423
f 6408 6423 6409
f 6423 6424 6409
f 6409 6424 6425
f 6409 6425 6410
f 6410 6425 6411
f 6425 6426 6411
f 6411 6426 6427
f 6411 6427 6403
f 6403 6427 6428
f 6403 6428 6404
f 6430 6431 6432
f 6419 6418 6433
f 6149 6433 6429
f 6427 6426 6151
f 6151 6426 6425
f 6422 6150 6423
f 6423 6150 6151
f 6423 6151 6424
f 6424 6151 6425
f 6422 6421 6150
f 6150 6421 6420
f 6150 6420 6149
f 6149 6420 6417
f 6149 6417 6433
f 6433 6417 6419
f 6440 6434 6155
f 6155 6434 6435
f 6155 6435 6154
f 6154 6435 6436
f 6436 6437 6154
f 6154 6437 6438
f 6154 6438 6439
f 6440 6155 6156
f 6440 6156 6441
f 6156 6147 6442
f 6156 6442 6441
f 6441 6442 6443
f 6439 6430 6154
f 6154 6430 6432
f 6154 6432 6152
f 6152 6432 6444
f 6152 6444 6445
f 6152 6445 6446
f 6152 6446 6151
f 6151 6446 6447
f 6151 6447 6427
f 6427 6447 6428
f 6441 6450 6448
f 6443 6449 6441
f 6441 6449 6450
f 6434 6440 6448
f 6448 6440 6441
f 6448 6451 6434
f 6434 6451 6452
f 6434 6452 6435
f 6435 6452 6436
f 6452 6453 6436
f 6436 6453 6454
f 6436 6454 6437
f 6454 6455 6437
f 6437 6455 6456
f 6437 6456 6438
f 6438 6456 6439
f 6456 6457 6439
f 6439 6457 6458
f 6439 6458 6430
f 6430 6458 6459
f 6430 6459 6431
f 6157 6460 6461
f 6157 6461 6462
f 6463 6464 6465
f 6450 6449 6466
f 6159 6466 6460
f 6458 6457 6161
f 6161 6457 6456
f 6453 6160 6454
f 6454 6160 6161
f 6454 6161 6455
f 6455 6161 6456
f 6453 6452 6160
f 6160 6452 6451
f 6160 6451 6159
f 6159 6451 6448
f 6159 6448 6466
f 6466 6448 6450
f 6473 6467 6165
f 6165 6467 6468
f 6165 6468 6164
f 6164 6468 6469
f 6469 6470 6164
f 6164 6470 6471
f 6164 6471 6472
f 6473 6165 6166
f 6473 6166 6474
f 6157 6462 6166
f 6166 6462 6474
f 6474 6462 6475
f 6472 6463 6164
f 6164 6463 6465
f 6164 6465 6162
f 6162 6465 6476
f 6162 6476 6477
f 6162 6477 6161
f 6161 6477 6478
f 6161 6478 6458
f 6458 6478 6459
f 6474 6481 6479
f 6475 6480 6474
f 6474 6480 6481
f 6467 6473 6479
f 6479 6473 6474
f 6479 6482 6467
f 6467 6482 6483
f 6467 6483 6468
f 6468 6483 6469
f 6483 6484 6469
f 6469 6484 6485
f 6469 6485 6470
f 6485 6486 6470
f 6470 6486 6487
f 6470 6487 6471
f 6471 6487 6472
f 6487 6488 6472
f 6472 6488 6489
f 6472 6489 6463
f 6463 6489 6490
f 6463 6490 6464
f 6170 6491 6492
f 6170 6492 6493
f 6170 6493 6494
f 6170 6494 6176
f 6170 6176 6173
f 6481 6480 6491
f 6171 6491 6170
f 6489 6488 6167
f 6167 6488 6487
f 6484 6172 6485
f 6485 6172 6167
f 6485 6167 6486
f 6486 6167 6487
f 6484 6483 6172
f 6172 6483 6482
f 6172 6482 6171
f 6171 6482 6479
f 6171 6479 6491
f 6491 6479 6481
f 6503 6497 6175
f 6175 6497 6498
f 6175 6498 6174
f 6174 6498 6499
f 6499 6500 6174
f 6174 6500 6501
f 6174 6501 6502
f 6503 6175 6176
f 6503 6176 6504
f 6176 6495 6505
f 6176 6505 6504
f 6504 6505 6506
f 6502 6496 6174
f 6174 6496 6507
f 6174 6507 6168
f 6168 6507 6167
f 6167 6507 6508
f 6167 6508 6489
f 6489 6508 6490
f 6504 6511 6509
f 6506 6510 6504
f 6504 6510 6511
f 6497 6503 6509
f 6509 6503 6504
f 6509 6512 6497
f 6497 6512 6513
f 6497 6513 6498
f 6498 6513 6499
f 6513 6514 6499
f 6499 6514 6515
f 6499 6515 6500
f 6515 6516 6500
f 6500 6516 6517
f 6500 6517 6501
f 6501 6517 6502
f 6517 6518 6502
f 6502 6518 6519
f 6502 6519 6496
f 6496 6519 6520
f 6496 6520 6507
f 6178 6521 6522
f 6178 6522 6523
f 6178 6523 6524
f 6178 6524 6525
f 6178 6525 6187
f 6187 6525 6526
f 6187 6526 6527
f 6187 6527 6528
f 6529 6530 6531
f 6511 6510 6532
f 6179 6532 6178
f 6178 6532 6521
f 6519 6518 6181
f 6181 6518 6517
f 6514 6180 6515
f 6515 6180 6181
f 6515 6181 6516
f 6516 6181 6517
f 6514 6513 6180
f 6180 6513 6512
f 6180 6512 6179
f 6179 6512 6509
f 6179 6509 6532
f 6532 6509 6511
f 6539 6533 6185
f 6185 6533 6534
f 6185 6534 6184
f 6184 6534 6535
f 6535 6536 6184
f 6184 6536 6537
f 6184 6537 6538
f 6539 6185 6186
f 6539 6186 6540
f 6187 6528 6186
f 6186 6528 6541
f 6186 6541 6540
f 6540 6541 6542
f 6538 6529 6184
f 6184 6529 6531
f 6184 6531 6182
f 6182 6531 6543
f 6182 6543 6181
f 6181 6543 6519
f 6519 6543 6520
f 6540 6546 6544
f 6542 6545 6540
f 6540 6545 6546
f 6533 6539 6544
f 6544 6539 6540
f 6544 6547 6533
f 6533 6547 6548
f 6533 6548 6534
f 6534 6548 6535
f 6548 6549 6535
f 6535 6549 6550
f 6535 6550 6536
f 6550 6551 6536
f 6536 6551 6552
f 6536 6552 6537
f 6537 6552 6538
f 6552 6553 6538
f 6538 6553 6554
f 6538 6554 6529
f 6529 6554 6555
f 6529 6555 6530
f 6325 6556 6557
f 6325 6557 6558
f 6325 6558 6559
f 6325 6559 6560
f 6325 6560 6188
f 6188 6560 6561
f 6188 6561 6562
f 6188 6562 6563
f 6188 6563 6564
f 6565 6566 6567
f 6546 6545 6568
f 6192 6568 6325
f 6325 6568 6556
f 6554 6553 6189
f 6189 6553 6552
f 6549 6193 6550
f 6550 6193 6189
f 6550 6189 6551
f 6551 6189 6552
f 6549 6548 6193
f 6193 6548 6547
f 6193 6547 6192
f 6192 6547 6544
f 6192 6544 6568
f 6568 6544 6546
f 6575 6569 6196
f 6196 6569 6570
f 6196 6570 6195
f 6195 6570 6571
f 6571 6572 6195
f 6195 6572 6573
f 6195 6573 6574
f 6575 6196 6197
f 6575 6197 6576
f 6188 6564 6197
f 6197 6564 6577
f 6197 6577 6576
f 6576 6577 6578
f 6574 6565 6195
f 6195 6565 6567
f 6195 6567 6190
f 6190 6567 6579
f 6190 6579 6580
f 6190 6580 6581
f 6190 6581 6189
f 6189 6581 6582
f 6189 6582 6554
f 6554 6582 6555
f 6576 6603 6583
f 6578 6584 6576
f 6576 6584 6603
f 6569 6575 6583
f 6583 6575 6576
f 6583 6585 6569
f 6569 6585 6586
f 6569 6586 6570
f 6570 6586 6571
f 6586 6587 6571
f 6571 6587 6588
f 6571 6588 6572
f 6588 6589 6572
f 6572 6589 6590
f 6572 6590 6573
f 6573 6590 6574
f 6590 6591 6574
f 6574 6591 6592
f 6574 6592 6565
f 6565 6592 6593
f 6565 6593 6566
f 6202 6594 6595
f 6202 6595 6596
f 6202 6596 6597
f 6202 6597 6598
f 6202 6598 6599
f 6202 6599 6207
f 6207 6599 6600
f 6207 6600 6601
f 6200 6603 6202
f 6202 6603 6594
f 6592 6591 6198
f 6198 6591 6590
f 6587 6201 6588
f 6588 6201 6198
f 6588 6198 6589
f 6589 6198 6590
f 6587 6586 6201
f 6201 6586 6585
f 6201 6585 6200
f 6200 6585 6583
f 6200 6583 6603
f 6610 6604 6205
f 6205 6604 6605
f 6205 6605 6204
f 6204 6605 6606
f 6606 6607 6204
f 6204 6607 6608
f 6204 6608 6609
f 6610 6205 6206
f 6610 6206 6611
f 6207 6601 6206
f 6206 6601 6612
f 6206 6612 6611
f 6611 6612 6613
f 6609 6602 6204
f 6204 6602 6614
f 6204 6614 6203
f 6203 6614 6198
f 6198 6614 6615
f 6198 6615 6592
f 6592 6615 6593
f 6611 6618 6616
f 6613 6617 6611
f 6611 6617 6618
f 6604 6610 6616
f 6616 6610 6611
f 6616 6619 6604
f 6604 6619 6620
f 6604 6620 6605
f 6605 6620 6606
f 6620 6621 6606
f 6606 6621 6622
f 6606 6622 6607
f 6622 6623 6607
f 6607 6623 6624
f 6607 6624 6608
f 6608 6624 6609
f 6624 6625 6609
f 6609 6625 6626
f 6609 6626 6602
f 6602 6626 6627
f 6602 6627 6614
f 6210 6628 6629
f 6210 6629 6630
f 6210 6630 6631
f 6210 6631 6632
f 6210 6632 6324
f 6324 6632 6633
f 6324 6633 6634
f 6324 6634 6635
f 6636 6637 6638
f 6618 6617 6639
f 6211 6639 6210
f 6210 6639 6628
f 6626 6625 6208
f 6208 6625 6624
f 6621 6212 6622
f 6622 6212 6208
f 6622 6208 6623
f 6623 6208 6624
f 6621 6620 6212
f 6212 6620 6619
f 6212 6619 6211
f 6211 6619 6616
f 6211 6616 6639
f 6639 6616 6618
f 6646 6640 6214
f 6214 6640 6641
f 6214 6641 6213
f 6213 6641 6642
f 6642 6643 6213
f 6213 6643 6644
f 6213 6644 6645
f 6646 6214 6216
f 6646 6216 6647
f 6324 6635 6216
f 6216 6635 6648
f 6216 6648 6647
f 6647 6648 6649
f 6645 6636 6213
f 6213 6636 6638
f 6213 6638 6209
f 6209 6638 6650
f 6209 6650 6651
f 6209 6651 6208
f 6208 6651 6626
f 6626 6651 6627
f 6647 6654 6652
f 6649 6653 6647
f 6647 6653 6654
f 6640 6646 6652
f 6652 6646 6647
f 6652 6655 6640
f 6640 6655 6656
f 6640 6656 6641
f 6641 6656 6642
f 6656 6657 6642
f 6642 6657 6658
f 6642 6658 6643
f 6658 6659 6643
f 6643 6659 6660
f 6643 6660 6644
f 6644 6660 6645
f 6660 6661 6645
f 6645 6661 6662
f 6645 6662 6636
f 6636 6662 6663
f 6636 6663 6637
f 6220 6664 6665
f 6220 6665 6666
f 6220 6666 6667
f 6220 6667 6668
f 6220 6668 6217
f 6217 6668 6669
f 6670 6671 6672
f 6654 6653 6673
f 6221 6673 6220
f 6220 6673 6664
f 6662 6661 6218
f 6218 6661 6660
f 6657 6222 6658
f 6658 6222 6218
f 6658 6218 6659
f 6659 6218 6660
f 6657 6656 6222
f 6222 6656 6655
f 6222 6655 6221
f 6221 6655 6652
f 6221 6652 6673
f 6673 6652 6654
f 6680 6674 6224
f 6224 6674 6675
f 6224 6675 6223
f 6223 6675 6676
f 6676 6677 6223
f 6223 6677 6678
f 6223 6678 6679
f 6680 6224 6225
f 6680 6225 6681
f 6217 6669 6225
f 6225 6669 6682
f 6225 6682 6681
f 6681 6682 6683
f 6679 6670 6223
f 6223 6670 6672
f 6223 6672 6219
f 6219 6672 6684
f 6219 6684 6685
f 6219 6685 6218
f 6218 6685 6686
f 6218 6686 6662
f 6662 6686 6663
f 6681 6708 6687
f 6683 6688 6681
f 6681 6688 6708
f 6674 6680 6687
f 6687 6680 6681
f 6687 6689 6674
f 6674 6689 6690
f 6674 6690 6675
f 6675 6690 6676
f 6690 6691 6676
f 6676 6691 6692
f 6676 6692 6677
f 6692 6693 6677
f 6677 6693 6694
f 6677 6694 6678
f 6678 6694 6679
f 6694 6695 6679
f 6679 6695 6696
f 6679 6696 6670
f 6670 6696 6697
f 6670 6697 6671
f 6318 6698 6699
f 6318 6699 6700
f 6318 6700 6701
f 6318 6701 6702
f 6318 6702 6226
f 6226 6702 6703
f 6226 6703 6704
f 6226 6704 6705
f 6228 6708 6318
f 6318 6708 6698
f 6696 6695 6230
f 6230 6695 6694
f 6691 6229 6692
f 6692 6229 6230
f 6692 6230 6693
f 6693 6230 6694
f 6691 6690 6229
f 6229 6690 6689
f 6229 6689 6228
f 6228 6689 6687
f 6228 6687 6708
f 6715 6709 6234
f 6234 6709 6710
f 6234 6710 6233
f 6233 6710 6711
f 6711 6712 6233
f 6233 6712 6713
f 6233 6713 6714
f 6715 6234 6235
f 6715 6235 6716
f 6226 6705 6235
f 6235 6705 6717
f 6235 6717 6716
f 6716 6717 6718
f 6714 6706 6233
f 6233 6706 6707
f 6233 6707 6231
f 6231 6707 6719
f 6231 6719 6720
f 6231 6720 6721
f 6231 6721 6230
f 6230 6721 6722
f 6230 6722 6696
f 6696 6722 6697
f 6716 6725 6723
f 6718 6724 6716
f 6716 6724 6725
f 6709 6715 6723
f 6723 6715 6716
f 6723 6726 6709
f 6709 6726 6727
f 6709 6727 6710
f 6710 6727 6711
f 6727 6728 6711
f 6711 6728 6729
f 6711 6729 6712
f 6729 6730 6712
f 6712 6730 6731
f 6712 6731 6713
f 6713 6731 6714
f 6731 6732 6714
f 6714 6732 6733
f 6714 6733 6706
f 6706 6733 6734
f 6706 6734 6707
f 6236 6735 6736
f 6236 6736 6737
f 6236 6737 6738
f 6236 6738 6237
f 6237 6738 6739
f 6237 6739 6740
f 6237 6740 6741
f 6237 6741 6742
f 6751 6743 6756
f 6725 6724 6744
f 6239 6744 6236
f 6236 6744 6735
f 6733 6732 6241
f 6241 6732 6731
f 6728 6240 6729
f 6729 6240 6241
f 6729 6241 6730
f 6730 6241 6731
f 6728 6727 6240
f 6240 6727 6726
f 6240 6726 6239
f 6239 6726 6723
f 6239 6723 6744
f 6744 6723 6725
f 6752 6745 6244
f 6244 6745 6746
f 6244 6746 6243
f 6243 6746 6747
f 6243 6747 6748
f 6748 6749 6243
f 6243 6749 6750
f 6243 6750 6751
f 6752 6244 6245
f 6752 6245 6753
f 6237 6742 6245
f 6245 6742 6754
f 6245 6754 6753
f 6753 6754 6755
f 6243 6751 6756
f 6243 6756 6316
f 6316 6756 6241
f 6241 6756 6757
f 6241 6757 6733
f 6733 6757 6734
f 6751 6758 6743
f 6743 6758 6793
f 6758 6751 6750
f 6758 6750 6759
f 6759 6750 6760
f 6760 6750 6749
f 6760 6749 6748
f 6761 6762 6747
f 6747 6762 6763
f 6747 6763 6748
f 6748 6763 6764
f 6748 6764 6760
f 6745 6752 6765
f 6747 6746 6761
f 6761 6746 6745
f 6761 6745 6766
f 6766 6745 6765
f 6765 6752 6753
f 6765 6753 6768
f 6755 6767 6753
f 6753 6767 6768
f 6247 6769 6770
f 6247 6770 6771
f 6247 6771 6251
f 6251 6771 6772
f 6251 6772 6773
f 6251 6773 6774
f 6251 6774 6775
f 6251 6775 6776
f 6777 6778 6779
f 6768 6767 6780
f 6248 6780 6247
f 6247 6780 6769
f 6758 6759 6250
f 6250 6759 6760
f 6762 6249 6763
f 6763 6249 6250
f 6763 6250 6764
f 6764 6250 6760
f 6762 6761 6249
f 6249 6761 6766
f 6249 6766 6248
f 6248 6766 6765
f 6248 6765 6780
f 6780 6765 6768
f 6787 6781 6255
f 6255 6781 6782
f 6255 6782 6254
f 6254 6782 6783
f 6783 6784 6254
f 6254 6784 6785
f 6254 6785 6786
f 6787 6255 6256
f 6787 6256 6788
f 6251 6776 6256
f 6256 6776 6789
f 6256 6789 6788
f 6788 6789 6790
f 6786 6777 6254
f 6254 6777 6779
f 6254 6779 6252
f 6252 6779 6791
f 6252 6791 6792
f 6252 6792 6793
f 6252 6793 6250
f 6250 6793 6758
f 6788 6815 6794
f 6790 6795 6788
f 6788 6795 6815
f 6781 6787 6794
f 6794 6787 6788
f 6794 6796 6781
f 6781 6796 6797
f 6781 6797 6782
f 6782 6797 6783
f 6797 6798 6783
f 6783 6798 6799
f 6783 6799 6784
f 6799 6800 6784
f 6784 6800 6801
f 6784 6801 6785
f 6785 6801 6786
f 6801 6802 6786
f 6786 6802 6803
f 6786 6803 6777
f 6777 6803 6804
f 6777 6804 6778
f 6262 6805 6806
f 6262 6806 6807
f 6262 6807 6266
f 6266 6807 6808
f 6266 6808 6809
f 6266 6809 6810
f 6266 6810 6811
f 6812 6813 6814
f 6263 6815 6262
f 6262 6815 6805
f 6803 6802 6265
f 6265 6802 6801
f 6798 6264 6799
f 6799 6264 6265
f 6799 6265 6800
f 6800 6265 6801
f 6798 6797 6264
f 6264 6797 6796
f 6264 6796 6263
f 6263 6796 6794
f 6263 6794 6815
f 6822 6816 6260
f 6260 6816 6817
f 6260 6817 6259
f 6259 6817 6818
f 6818 6819 6259
f 6259 6819 6820
f 6259 6820 6821
f 6822 6260 6261
f 6822 6261 6823
f 6266 6811 6261
f 6261 6811 6824
f 6261 6824 6823
f 6823 6824 6825
f 6821 6812 6259
f 6259 6812 6814
f 6259 6814 6257
f 6257 6814 6826
f 6257 6826 6827
f 6257 6827 6828
f 6257 6828 6265
f 6265 6828 6829
f 6265 6829 6803
f 6803 6829 6804
f 6823 6832 6830
f 6825 6831 6823
f 6823 6831 6832
f 6816 6822 6830
f 6830 6822 6823
f 6830 6833 6816
f 6816 6833 6834
f 6816 6834 6817
f 6817 6834 6818
f 6834 6835 6818
f 6818 6835 6836
f 6818 6836 6819
f 6836 6837 6819
f 6819 6837 6838
f 6819 6838 6820
f 6820 6838 6821
f 6838 6839 6821
f 6821 6839 6840
f 6821 6840 6812
f 6812 6840 6841
f 6812 6841 6813
f 6267 6842 6843
f 6267 6843 6844
f 6267 6844 6845
f 6267 6845 6268
f 6268 6845 6846
f 6268 6846 6847
f 6268 6847 6848
f 6832 6831 6851
f 6275 6851 6267
f 6267 6851 6842
f 6840 6839 6277
f 6277 6839 6838
f 6835 6276 6836
f 6836 6276 6277
f 6836 6277 6837
f 6837 6277 6838
f 6835 6834 6276
f 6276 6834 6833
f 6276 6833 6275
f 6275 6833 6830
f 6275 6830 6851
f 6851 6830 6832
f 6858 6852 6272
f 6272 6852 6853
f 6272 6853 6271
f 6271 6853 6854
f 6854 6855 6271
f 6271 6855 6856
f 6271 6856 6857
f 6858 6272 6273
f 6858 6273 6859
f 6268 6848 6273
f 6273 6848 6860
f 6273 6860 6859
f 6859 6860 6861
f 6857 6849 6271
f 6271 6849 6850
f 6271 6850 6269
f 6269 6850 6862
f 6269 6862 6863
f 6269 6863 6277
f 6277 6863 6864
f 6277 6864 6840
f 6840 6864 6841
f 6859 6867 6865
f 6861 6866 6859
f 6859 6866 6867
f 6852 6858 6865
f 6865 6858 6859
f 6865 6868 6852
f 6852 6868 6869
f 6852 6869 6853
f 6853 6869 6854
f 6869 6870 6854
f 6854 6870 6871
f 6854 6871 6855
f 6871 6872 6855
f 6855 6872 6873
f 6855 6873 6856
f 6856 6873 6857
f 6873 6874 6857
f 6857 6874 6875
f 6857 6875 6849
f 6849 6875 6876
f 6849 6876 6850
f 6314 6877 6878
f 6314 6878 6879
f 6314 6879 6880
f 6314 6880 6881
f 6314 6881 6315
f 6315 6881 6882
f 6315 6882 6883
f 6315 6883 6884
f 6885 6886 6887
f 6867 6866 6888
f 6284 6888 6314
f 6314 6888 6877
f 6875 6874 6282
f 6282 6874 6873
f 6870 6285 6871
f 6871 6285 6282
f 6871 6282 6872
f 6872 6282 6873
f 6870 6869 6285
f 6285 6869 6868
f 6285 6868 6284
f 6284 6868 6865
f 6284 6865 6888
f 6888 6865 6867
f 6895 6889 6280
f 6280 6889 6890
f 6280 6890 6279
f 6279 6890 6891
f 6891 6892 6279
f 6279 6892 6893
f 6279 6893 6894
f 6895 6280 6281
f 6895 6281 6896
f 6315 6884 6281
f 6281 6884 6897
f 6281 6897 6896
f 6896 6897 6898
f 6894 6885 6279
f 6279 6885 6887
f 6279 6887 6313
f 6313 6887 6899
f 6313 6899 6282
f 6282 6899 6875
f 6875 6899 6876
f 6896 6920 6900
f 6898 6901 6896
f 6896 6901 6920
f 6889 6895 6900
f 6900 6895 6896
f 6900 6902 6889
f 6889 6902 6903
f 6889 6903 6890
f 6890 6903 6891
f 6903 6904 6891
f 6891 6904 6905
f 6891 6905 6892
f 6905 6906 6892
f 6892 6906 6907
f 6892 6907 6893
f 6893 6907 6894
f 6907 6908 6894
f 6894 6908 6909
f 6894 6909 6885
f 6885 6909 6910
f 6885 6910 6886
f 6312 6911 6912
f 6312 6912 6913
f 6312 6913 6914
f 6312 6914 6286
f 6286 6914 6915
f 6286 6915 6916
f 6917 6918 6919
f 6288 6920 6312
f 6312 6920 6911
f 6909 6908 6290
f 6290 6908 6907
f 6904 6289 6905
f 6905 6289 6290
f 6905 6290 6906
f 6906 6290 6907
f 6904 6903 6289
f 6289 6903 6902
f 6289 6902 6288
f 6288 6902 6900
f 6288 6900 6920
f 6927 6921 6293
f 6293 6921 6922
f 6293 6922 6292
f 6292 6922 6923
f 6923 6924 6292
f 6292 6924 6925
f 6292 6925 6926
f 6927 6293 6294
f 6927 6294 6928
f 6286 6916 6294
f 6294 6916 6929
f 6294 6929 6928
f 6928 6929 6930
f 6926 6917 6292
f 6292 6917 6919
f 6292 6919 6931
f 6290 6931 6932
f 6290 6932 6909
f 6909 6932 6910
f 6928 6935 6933
f 6930 6934 6928
f 6928 6934 6935
f 6921 6927 6933
f 6933 6927 6928
f 6933 6936 6921
f 6921 6936 6937
f 6921 6937 6922
f 6922 6937 6923
f 6937 6938 6923
f 6923 6938 6939
f 6923 6939 6924
f 6939 6940 6924
f 6924 6940 6941
f 6924 6941 6925
f 6925 6941 6926
f 6941 6942 6926
f 6926 6942 6943
f 6926 6943 6917
f 6917 6943 6944
f 6917 6944 6918
f 6299 6945 6946
f 6299 6946 6947
f 6299 6947 6948
f 6935 6934 6950
f 6301 6950 6299
f 6299 6950 6945
f 6943 6942 6303
f 6303 6942 6941
f 6938 6302 6939
f 6939 6302 6303
f 6939 6303 6940
f 6940 6303 6941
f 6938 6937 6302
f 6302 6937 6936
f 6302 6936 6301
f 6301 6936 6933
f 6301 6933 6950
f 6950 6933 6935
f 6957 6951 6297
f 6297 6951 6952
f 6297 6952 6296
f 6296 6952 6953
f 6953 6954 6296
f 6296 6954 6955
f 6296 6955 6956
f 6957 6297 6298
f 6957 6298 6958
f 6298 6948 6959
f 6298 6959 6958
f 6958 6959 6960
f 6956 6949 6296
f 6296 6949 6961
f 6296 6961 6300
f 6300 6961 6303
f 6303 6961 6962
f 6303 6962 6943
f 6943 6962 6944
f 6958 6976 6963
f 6960 6964 6958
f 6958 6964 6976
f 6951 6957 6963
f 6963 6957 6958
f 6963 6965 6951
f 6951 6965 6966
f 6951 6966 6952
f 6952 6966 6953
f 6966 6967 6953
f 6953 6967 6968
f 6953 6968 6954
f 6968 6969 6954
f 6954 6969 6970
f 6954 6970 6955
f 6955 6970 6956
f 6970 6971 6956
f 6956 6971 6972
f 6956 6972 6949
f 6949 6972 6973
f 6949 6973 6961
f 6974 6975 6304
f 6307 6976 6974
f 6972 6971 6309
f 6309 6971 6970
f 6967 6308 6968
f 6968 6308 6309
f 6968 6309 6969
f 6969 6309 6970
f 6967 6966 6308
f 6308 6966 6965
f 6308 6965 6307
f 6307 6965 6963
f 6307 6963 6976
f 6980 6977 6305
f 6305 6977 6978
f 6305 6978 6311
f 6311 6978 6979
f 6980 6305 6306
f 6980 6306 6981
f 6304 6975 6306
f 6306 6975 6981
f 6981 6975 6982
f 6311 6979 6309
f 6309 6979 6972
f 6972 6979 6973
f 6130 6980 6981
f 6130 6981 6121
f 6121 6981 6982
f 6121 6982 6119
f 6980 6130 6977
f 6977 6130 6136
f 6977 6136 6978
f 6978 6136 6115
f 6978 6115 6979
f 6979 6115 6104
f 6596 6595 6562
f 6562 6595 6563
f 6563 6595 6594
f 6563 6594 6564
f 6634 6665 6664
f 6525 6558 6526
f 6526 6558 6557
f 6475 6491 6480
f 6584 6578 6577
f 6524 6523 6983
f 6847 6846 6878
f 6983 6523 6522
f 6510 6506 6532
f 6532 6506 6505
f 6532 6505 6521
f 6521 6505 6495
f 6521 6495 6522
f 6522 6495 6176
f 6564 6594 6577
f 6577 6594 6603
f 6577 6603 6584
f 6525 6524 6558
f 6558 6524 6983
f 6558 6983 6559
f 6462 6492 6475
f 6475 6492 6491
f 6492 6462 6461
f 6492 6461 6493
f 6493 6461 6460
f 6653 6649 6673
f 6673 6649 6648
f 6673 6648 6664
f 6664 6648 6635
f 6664 6635 6634
f 6844 6843 6810
f 6810 6843 6842
f 6418 6415 6433
f 6433 6415 6414
f 6433 6414 6429
f 6429 6414 6402
f 6398 6983 6401
f 6120 6975 6974
f 6120 6974 6948
f 6882 6913 6912
f 6882 6912 6883
f 6881 6880 6120
f 6806 6775 6774
f 6806 6774 6807
f 6398 6401 6399
f 6982 6975 6119
f 6119 6975 6120
f 6914 6913 6120
f 6913 6882 6120
f 6120 6882 6881
f 6880 6879 6846
f 6846 6879 6878
f 6880 6846 6120
f 6120 6846 6845
f 6120 6845 6844
f 6831 6825 6851
f 6851 6825 6824
f 6851 6824 6842
f 6842 6824 6811
f 6842 6811 6810
f 6704 6736 6735
f 6545 6542 6568
f 6568 6542 6541
f 6568 6541 6556
f 6556 6541 6528
f 6556 6528 6557
f 6557 6528 6527
f 6557 6527 6526
f 6449 6443 6466
f 6466 6443 6442
f 6466 6442 6460
f 6460 6442 6147
f 6460 6147 6429
f 6983 6402 6401
f 6844 6810 6120
f 6120 6810 6809
f 6600 6629 6628
f 6688 6683 6682
f 6795 6790 6789
f 6522 6176 6494
f 6522 6494 6983
f 6983 6494 6493
f 6983 6493 6460
f 6964 6960 6959
f 6120 6948 6914
f 6914 6948 6947
f 6901 6898 6897
f 6773 6772 6739
f 6739 6772 6771
f 6739 6771 6740
f 6699 6668 6667
f 6699 6667 6700
f 6120 6560 6983
f 6983 6560 6559
f 6460 6429 6983
f 6983 6429 6402
f 6934 6930 6950
f 6950 6930 6929
f 6950 6929 6945
f 6945 6929 6916
f 6945 6916 6946
f 6946 6916 6915
f 6946 6915 6947
f 6947 6915 6914
f 6668 6699 6669
f 6669 6699 6698
f 6669 6698 6682
f 6682 6698 6708
f 6682 6708 6688
f 6775 6806 6776
f 6776 6806 6805
f 6776 6805 6789
f 6789 6805 6815
f 6789 6815 6795
f 6948 6974 6959
f 6959 6974 6976
f 6959 6976 6964
f 6883 6912 6884
f 6884 6912 6911
f 6884 6911 6897
f 6897 6911 6920
f 6897 6920 6901
f 6724 6718 6744
f 6744 6718 6717
f 6744 6717 6735
f 6735 6717 6705
f 6735 6705 6704
f 6599 6630 6600
f 6600 6630 6629
f 6866 6861 6888
f 6888 6861 6860
f 6888 6860 6877
f 6877 6860 6848
f 6877 6848 6878
f 6878 6848 6847
f 6774 6773 6120
f 6617 6613 6639
f 6639 6613 6612
f 6639 6612 6628
f 6628 6612 6601
f 6628 6601 6600
f 6703 6737 6704
f 6704 6737 6736
f 6120 6809 6808
f 6120 6808 6774
f 6774 6808 6807
f 6740 6771 6741
f 6741 6771 6770
f 6741 6770 6769
f 6633 6666 6634
f 6634 6666 6665
f 6561 6597 6562
f 6562 6597 6596
f 6632 6631 6120
f 6120 6631 6630
f 6773 6739 6120
f 6120 6739 6738
f 6120 6738 6737
f 6630 6599 6598
f 6630 6598 6120
f 6120 6598 6597
f 6120 6597 6560
f 6560 6597 6561
f 6767 6755 6780
f 6780 6755 6754
f 6780 6754 6769
f 6769 6754 6742
f 6769 6742 6741
f 6633 6632 6666
f 6666 6632 6120
f 6666 6120 6667
f 6737 6703 6702
f 6737 6702 6120
f 6120 6702 6701
f 6120 6701 6667
f 6667 6701 6700
f 6124 6984 6125
f 6125 6984 6372
f 6985 6986 6396
f 6983 6398 6987
f 6987 6398 6397
f 6987 6397 6988
f 6988 6397 6989
f 6990 6373 6991
f 6991 6373 6383
f 6991 6383 6382
f 6372 6984 6992
f 6396 6986 6397
f 6397 6986 6993
f 6397 6993 6989
f 6992 6994 6372
f 6372 6994 6995
f 6372 6995 6396
f 6396 6995 6996
f 6396 6996 6985
f 6371 6370 6381
f 6381 6370 6369
f 6381 6369 6380
f 6380 6369 6379
f 6373 6374 6383
f 6383 6374 6375
f 6383 6375 6385
f 6385 6375 6376
f 6385 6376 6386
f 6386 6376 6377
f 6386 6377 6378
f 6378 6379 6386
f 6386 6379 6369
f 6386 6369 6393
f 6393 6369 6330
f 6393 6330 6396
f 6396 6330 6331
f 6396 6331 6372
f 6120 6983 6122
f 6122 6983 6987
f 6984 6124 6992
f 6992 6124 6126
f 6992 6126 6994
f 6994 6126 6127
f 6994 6127 6995
f 6995 6127 6134
f 6995 6134 6996
f 6996 6134 6133
f 6996 6133 6985
f 6985 6133 6132
f 6985 6132 6986
f 6986 6132 6131
f 6986 6131 6993
f 6993 6131 6129
f 6993 6129 6989
f 6989 6129 6128
f 6989 6128 6988
f 6988 6128 6123
f 6122 6987 6123
f 6123 6987 6988
f 6106 6373 6105
f 6105 6373 6990
f 6918 6944 6919
f 6919 6944 6962
f 6919 6962 6961
f 6973 6979 6997
f 6997 6979 6104
f 6961 6973 6997
f 6886 6910 6887
f 6887 6910 6932
f 6887 6932 6899
f 6899 6932 6931
f 6899 6931 6997
f 6997 6931 6961
f 6961 6931 6919
f 6826 6997 6827
f 6827 6997 6998
f 6827 6998 6828
f 6899 6997 6876
f 6876 6997 6850
f 6814 6813 6841
f 6778 6804 6779
f 6779 6804 6829
f 6779 6829 6791
f 6791 6829 6828
f 6791 6828 6792
f 6792 6828 6998
f 6792 6998 6793
f 6841 6864 6814
f 6814 6864 6863
f 6814 6863 6826
f 6826 6863 6862
f 6826 6862 6997
f 6997 6862 6850
f 6998 6756 6743
f 6998 6743 6793
f 6627 6651 6999
f 6651 6650 6999
f 6999 6650 6685
f 6999 6685 6998
f 6998 6685 6684
f 6998 6684 6720
f 6756 6998 6720
f 6756 6720 6757
f 6757 6720 6719
f 6757 6719 6734
f 6734 6719 6707
f 6637 6663 6638
f 6638 6663 6686
f 6638 6686 6650
f 6650 6686 6685
f 6671 6697 6672
f 6672 6697 6722
f 6672 6722 6684
f 6684 6722 6721
f 6684 6721 6720
f 6543 6581 7000
f 7000 6581 6580
f 7000 6580 6999
f 6999 6580 6579
f 6999 6579 6614
f 6531 6530 6555
f 6614 6627 6999
f 6581 6543 6531
f 6581 6531 6582
f 6582 6531 6555
f 6566 6593 6567
f 6567 6593 6615
f 6567 6615 6579
f 6579 6615 6614
f 6520 6543 7000
f 6382 6384 6991
f 6991 6384 6416
f 6476 7000 6477
f 6477 7000 6444
f 6444 7000 6445
f 6445 7000 6991
f 6445 6991 6446
f 7000 6507 6520
f 6405 6404 6428
f 6431 6459 6432
f 6432 6459 6478
f 6432 6478 6444
f 6444 6478 6477
f 6464 6490 6465
f 6465 6490 6508
f 6465 6508 6476
f 6476 6508 6507
f 6476 6507 7000
f 6991 6416 6446
f 6446 6416 6405
f 6446 6405 6447
f 6447 6405 6428
f 6997 6104 6105
f 6991 7000 6990
f 6990 7000 6999
f 6990 6999 6105
f 6105 6999 6998
f 6105 6998 6997
f 7001 7002 7003
f 7003 7002 7004
f 7005 7006 7007
f 7007 7006 7008
f 7009 7010 7011
f 7011 7010 7012
f 7013 7014 7015
f 7015 7014 7016
f 7017 7018 7019
f 7019 7018 7020
f 7021 7022 7023
f 7023 7022 7024
f 7025 7026 7027
f 7027 7026 7028
f 7031 7032 7033
f 7033 7032 7034
f 7033 7034 7035
f 7035 7034 7036
f 7039 7040 7041
f 7041 7040 7042
f 7043 7044 7045
f 7045 7044 7046
f 7047 7048 7049
f 7049 7048 7050
f 7052 7053 7054
f 7054 7053 7055
f 7057 7056 7058
f 7059 7060 7061
f 7061 7060 7062
f 7061 7062 7063
f 7063 7062 7064
f 7066 7067 7068
f 7068 7067 7069
f 7071 7070 7072
f 7073 7074 7075
f 7075 7074 7076
f 7078 7079 7080
f 7080 7079 7081
f 7083 7082 7084
f 7085 7086 7087
f 7087 7086 7088
f 7090 7091 7092
f 7092 7091 7093
f 7095 7094 7096
f 7097 7098 7099
f 7099 7098 7100
f 7101 7102 7103
f 7103 7102 7104
f 7105 7106 7107
f 7107 7106 7108
f 7110 7111 7112
f 7112 7111 7113
f 7115 7116 7117
f 7117 7116 7118
f 7120 7119 7121
f 7122 7123 7124
f 7124 7123 7125
f 7127 7128 7129
f 7129 7128 7130
f 7132 7131 7133
f 7134 7135 7136
f 7136 7135 7137
f 7139 7140 7141
f 7141 7140 7142
f 7144 7143 7145
f 7146 7147 7148
f 7148 7147 7149
f 7151 7152 7153
f 7153 7152 7154
f 7157 7158 7159
f 7159 7158 7160
f 7161 7162 7163
f 7163 7162 7164
f 7165 7166 7167
f 7167 7166 7168
f 7169 7170 7171
f 7171 7170 7172
f 7173 7174 7175
f 7175 7174 7176
f 7177 7178 7179
f 7179 7178 7180
f 7181 7182 7183
f 7183 7182 7184
f 7185 7186 7187
f 7187 7186 7188
f 7189 7190 7191
f 7191 7190 7192
f 7194 7195 7196
f 7196 7195 7197
f 7200 7201 7202
f 7202 7201 7203
f 7205 7206 7207
f 7207 7206 7208
f 7211 7212 7213
f 7213 7212 7214
f 7216 7217 7218
f 7218 7217 7219
f 7221 7220 7222
f 7223 7224 7225
f 7225 7224 7226
f 7227 7228 7229
f 7229 7228 7230
f 7231 7232 7233
f 7233 7232 7234
f 7235 7236 7237
f 7237 7236 7238
f 7239 7240 7241
f 7241 7240 7242
f 7243 7244 7245
f 7245 7244 7246
f 7247 7248 7249
f 7249 7248 7250
f 7251 7252 7253
f 7253 7252 7254
f 7255 7256 7257
f 7257 7256 7258
f 7259 7260 7261
f 7262 7263 7264
f 7264 7263 7265
f 7266 7267 7268
f 7268 7267 7269
f 7270 7271 7272
f 7272 7271 7273
f 7274 7275 7276
f 7276 7275 7277
f 7278 7279 7280
f 7280 7279 7281
f 7282 7283 7284
f 7284 7283 7285
f 7286 7287 7288
f 7288 7287 7289
f 7290 7291 7292
f 7292 7291 7293
f 7294 7295 7296
f 7296 7295 7297
f 7298 7299 7300
f 7300 7299 7301
f 7302 7303 7304
f 7304 7303 7305
f 7307 7308 7309
f 7309 7308 7310
f 7311 7312 7313
f 7313 7312 7314
f 7315 7316 7317
f 7317 7316 7318
f 7320 7321 7322
f 7322 7321 7323
f 7325 7324 7326
f 7327 7328 7329
f 7329 7328 7330
f 7331 7332 7333
f 7334 7335 7336
f 7336 7335 7337
f 7338 7339 7340
f 7340 7339 7341
f 7342 7343 7344
f 7344 7343 7345
f 7346 7347 7348
f 7348 7347 7349
f 7350 7351 7352
f 7352 7351 7353
f 7354 7355 7356
f 7356 7355 7357
f 7358 7359 7360
f 7360 7359 7361
f 7363 7364 7365
f 7365 7364 7366
f 7369 7370 7371
f 7371 7370 7372
f 7373 7374 7375
f 7376 7377 7378
f 7378 7377 7379
f 7380 7381 7382
f 7382 7381 7383
f 7384 7385 7386
f 7386 7385 7387
f 7388 7389 7390
f 7391 7392 7393
f 7393 7392 7394
f 7395 7396 7397
f 7397 7396 7398
f 7399 7400 7401
f 7401 7400 7402
f 7403 7404 7405
f 7405 7404 7406
f 7407 7408 7409
f 7409 7408 7410
f 7411 7412 7413
f 7413 7412 7414
f 7415 7416 7417
f 7417 7416 7418
f 7420 7421 7422
f 7422 7421 7423
f 7426 7427 7428
f 7428 7427 7429
f 7430 7431 7432
f 7432 7431 7433
f 7434 7435 7436
f 7436 7435 7437
f 7438 7439 7440
f 7440 7439 7441
f 7442 7443 7444
f 7444 7443 7445
f 7446 7447 7448
f 7448 7447 7449
f 7450 7451 7452
f 7452 7451 7453
f 7454 7455 7456
f 7456 7455 7457
f 7458 7459 7460
f 7460 7459 7461
f 7463 7464 7465
f 7465 7464 7466
f 7468 7467 7469
f 7470 7471 7472
f 7472 7471 7473
f 7474 7475 7476
f 7476 7475 7477
f 7478 7479 7480
f 7480 7479 7481
f 7482 7483 7484
f 7484 7483 7485
f 7486 7487 7488
f 7488 7487 7489
f 7490 7491 7492
f 7492 7491 7493
f 7494 7495 7496
f 7496 7495 7497
f 7498 7499 7500
f 7500 7499 7501
f 7502 7503 7504
f 7504 7503 7505
f 7506 7507 7508
f 7509 7510 7511
f 7511 7510 7512
f 7513 7514 7515
f 7515 7514 7516
f 7517 7518 7519
f 7519 7518 7520
f 7521 7522 7523
f 7523 7522 7524
f 7525 7526 7527
f 7527 7526 7528
f 7529 7530 7531
f 7531 7530 7532
f 7533 7534 7535
f 7535 7534 7536
f 7537 7538 7539
f 7539 7538 7540
f 7541 7542 7543
f 7543 7542 7544
f 7545 7546 7547
f 7547 7546 7548
f 7549 7550 7551
f 7551 7550 7552
f 7554 7555 7556
f 7556 7555 7557
f 7559 7560 7561
f 7561 7560 7562
f 7563 7564 7565
f 7565 7564 7566
f 7567 7568 7569
f 7569 7568 7570
f 7571 7572 7573
f 7573 7572 7574
f 7575 7576 7577
f 7577 7576 7578
f 7579 7580 7581
f 7581 7580 7582
f 7583 7584 7585
f 7585 7584 7586
f 7587 7588 7589
f 7589 7588 7590
f 7591 7592 7593
f 7593 7592 7594
f 7595 7596 7597
f 7597 7596 7598
f 7599 7600 7601
f 7601 7600 7602
f 7603 7604 7605
f 7605 7604 7606
f 7607 7608 7609
f 7609 7608 7610
f 7612 7613 7614
f 7614 7613 7615
f 7618 7619 7620
f 7620 7619 7621
f 7622 7623 7624
f 7624 7623 7625
f 7626 7627 7628
f 7628 7627 7629
f 7630 7631 7632
f 7632 7631 7633
f 7634 7635 7636
f 7636 7635 7637
f 7638 7639 7640
f 7640 7639 7641
f 7642 7643 7644
f 7644 7643 7645
f 7646 7647 7648
f 7648 7647 7649
f 7650 7651 7652
f 7652 7651 7653
f 7655 7656 7657
f 7657 7656 7658
f 7660 7659 7661
f 7662 7663 7664
f 7664 7663 7665
f 7667 7668 7669
f 7669 7668 7670
f 7673 7674 7675
f 7675 7674 7676
f 7677 7678 7679
f 7679 7678 7680
f 7681 7682 7683
f 7683 7682 7684
f 7685 7686 7687
f 7687 7686 7688
f 7689 7690 7691
f 7691 7690 7692
f 7693 7694 7695
f 7695 7694 7696
f 7697 7698 7699
f 7699 7698 7700
f 7701 7702 7703
f 7703 7702 7704
f 7705 7706 7707
f 7707 7706 7708
f 7709 7710 7711
f 7711 7710 7712
f 7713 7714 7715
f 7715 7714 7716
f 7719 7720 7721
f 7721 7720 7722
f 7723 7724 7725
f 7726 7727 7728
f 7728 7727 7729
f 7730 7731 7732
f 7732 7731 7733
f 7734 7735 7736
f 7736 7735 7737
f 7740 7741 7742
f 7742 7741 7743
f 7744 7745 7746
f 7746 7745 7747
f 7748 7749 7750
f 7750 7749 7751
f 7752 7753 7754
f 7754 7753 7755
f 7756 7757 7758
f 7758 7757 7759
f 7760 7761 7762
f 7762 7761 7763
f 7764 7765 7766
f 7766 7765 7767
f 7769 7770 7771
f 7771 7770 7772
f 7775 7776 7777
f 7777 7776 7778
f 7779 7780 7781
f 7781 7780 7782
f 7783 7784 7785
f 7785 7784 7786
f 7787 7788 7789
f 7789 7788 7790
f 7791 7792 7793
f 7793 7792 7794
f 7797 7798 7799
f 7799 7798 7800
f 7803 7804 7805
f 7805 7804 7806
f 7809 7810 7811
f 7811 7810 7812
f 7813 7814 7815
f 7815 7814 7816
f 7817 7818 7819
f 7819 7818 7820
f 7823 7824 7825
f 7825 7824 7826
f 7827 7828 7829
f 7829 7828 7830
f 7831 7832 7833
f 7833 7832 7834
f 7837 7838 7839
f 7839 7838 7840
f 7841 7842 7843
f 7843 7842 7844
f 7845 7846 7847
f 7847 7846 7848
f 7849 7850 7851
f 7852 7853 7854
f 7854 7853 7855
f 7858 7859 7860
f 7860 7859 7861
f 7862 7863 7864
f 7864 7863 7865
f 7866 7867 7868
f 7868 7867 7869
f 7870 7871 7872
f 7872 7871 7873
f 7874 7875 7876
f 7876 7875 7877
f 7880 7881 7882
f 7882 7881 7883
f 7884 7885 7886
f 7886 7885 7887
f 7888 7889 7890
f 7890 7889 7891
f 7894 7895 7896
f 7896 7895 7897
f 7898 7899 7900
f 7900 7899 7901
f 7902 7903 7904
f 7904 7903 7905
f 7908 7909 7910
f 7910 7909 7911
f 7912 7913 7914
f 7914 7913 7915
f 7916 7917 7918
f 7918 7917 7919
f 7922 7923 7924
f 7924 7923 7925
f 7926 7927 7928
f 7928 7927 7929
f 7930 7931 7932
f 7932 7931 7933
f 7934 7935 7936
f 7936 7935 7937
f 7938 10199 7939
f 7939 10199 7940
f 7939 7940 7941
f 7941 7940 7942
f 7941 7942 7943
f 7943 7942 7944
f 7943 7944 7945
f 7945 7944 10199
f 7945 10199 7938
f 7946 7965 10233
f 10233 7965 7947
f 7965 10190 7948
f 7948 10190 7949
f 7948 7949 7950
f 7950 7949 7951
f 7950 7951 7952
f 7952 7951 7953
f 7952 7953 7954
f 7954 7953 7955
f 7954 7955 7956
f 7956 7955 7957
f 7956 7957 7965
f 7965 7957 10190
f 7958 10239 7959
f 7959 10239 7960
f 7959 7960 7961
f 7961 7960 7962
f 7961 7962 7963
f 7963 7962 7964
f 7963 7964 7965
f 7965 10239 7958
f 7966 7967 7968
f 7968 7967 7969
f 7973 7972 7974
f 7973 7974 7975
f 7975 7974 7976
f 7975 7976 7977
f 7977 7976 9286
f 7977 9286 8623
f 7979 7980 7941
f 7972 7945 7978
f 7978 7945 7938
f 7978 7938 7981
f 7981 7938 7939
f 7979 7941 7035
f 7035 7941 7943
f 7035 7943 7033
f 7941 7019 7020
f 7982 7002 7983
f 7983 7002 7001
f 7983 7001 7984
f 7020 7985 7941
f 7941 7985 7986
f 7941 7986 7939
f 7939 7986 7982
f 7939 7982 7981
f 7981 7982 7983
f 7030 7987 7988
f 7989 7990 7028
f 7028 7990 7023
f 7028 7023 7027
f 7985 7991 7986
f 7986 7991 7015
f 7986 7015 7008
f 7008 7015 7016
f 7008 7016 7992
f 7012 7993 7994
f 7988 7027 7030
f 7030 7027 7023
f 7030 7023 7029
f 7029 7023 7024
f 7029 7024 7980
f 7980 7024 7995
f 7980 7995 7941
f 7941 7995 7996
f 7941 7996 7019
f 7994 7007 7012
f 7012 7007 7008
f 7012 7008 7011
f 7011 7008 7992
f 7011 7992 7997
f 7972 7958 7033
f 7972 7033 7945
f 7945 7033 7943
f 7998 7049 7961
f 7998 7961 7999
f 7972 7965 7958
f 7961 8000 7959
f 7959 8000 8001
f 7033 7958 7959
f 7033 7959 7031
f 7031 7959 8001
f 7965 7061 7963
f 7963 7061 7063
f 7963 7063 7961
f 7961 7063 8002
f 7961 8002 7999
f 7049 7050 7961
f 7961 7050 8003
f 7961 8003 8000
f 8000 8003 8004
f 8000 8004 7045
f 8002 8005 7999
f 7999 8005 7057
f 7999 7057 8013
f 7046 7038 7045
f 7045 7038 8000
f 8006 8007 7042
f 7042 8007 7038
f 7042 7038 7041
f 7041 7038 7046
f 7041 7046 8008
f 8008 7046 8009
f 8010 8011 7058
f 7058 8011 7054
f 7058 7054 7057
f 7057 7054 7055
f 7055 8012 7057
f 7057 8012 8013
f 7061 7965 7948
f 7160 8014 7954
f 7104 8015 7952
f 7149 8016 7954
f 7137 8018 7954
f 8019 8020 7956
f 8021 7948 8022
f 7107 7108 7104
f 8015 8023 7952
f 7952 8023 7099
f 7952 7099 7100
f 8176 8024 7144
f 7125 8025 7954
f 7402 8026 8027
f 8028 8029 7382
f 8030 8031 7956
f 8032 8033 7950
f 7950 8033 7075
f 7950 7075 7948
f 7948 7075 7076
f 7948 7076 8022
f 8021 8034 7948
f 7948 8034 7059
f 7948 7059 7061
f 7100 8035 7952
f 7952 8035 8036
f 7952 8036 8037
f 7160 7954 7159
f 7149 7954 7148
f 8212 8038 7132
f 7965 8017 7956
f 7956 8017 8039
f 7956 8039 8040
f 8041 8040 7515
f 7372 8042 8043
f 8022 8044 8021
f 8021 8044 7071
f 8021 7071 8138
f 8045 8046 7108
f 7108 8046 7103
f 7108 7103 7104
f 8035 8047 8036
f 8036 8047 7095
f 8036 7095 8142
f 8037 7087 7952
f 7952 7087 7088
f 7952 7088 7950
f 7950 7088 8048
f 7950 8048 8032
f 8048 8049 8032
f 8032 8049 7083
f 8032 7083 8146
f 7163 7164 7171
f 7171 7164 8050
f 7171 8050 8051
f 7956 8052 7954
f 7954 8052 7175
f 7954 7175 7176
f 7137 7954 7136
f 7469 8053 7468
f 7468 8053 8054
f 7468 8054 7465
f 7402 8055 8026
f 8026 8055 8056
f 8026 8056 7397
f 7345 8057 8058
f 8058 8057 8059
f 8058 8059 7340
f 7330 8060 8061
f 8061 8060 8062
f 8061 8062 7325
f 8063 7107 8064
f 8064 7107 7104
f 8064 7104 7109
f 7109 7104 7952
f 7159 7954 8065
f 8065 7954 7176
f 8065 7176 8050
f 8050 7176 8066
f 8050 8066 8051
f 7148 7954 8067
f 8067 7954 8014
f 8067 8014 8068
f 8068 8014 8069
f 8068 8069 7155
f 7125 7954 7124
f 8070 8071 8072
f 7383 7375 7382
f 7382 7375 8028
f 7372 8073 8042
f 8042 8073 8074
f 8042 8074 7367
f 7229 7230 7237
f 7237 7230 8075
f 7237 8075 8076
f 7192 8077 7956
f 7956 8077 8078
f 7956 8078 8052
f 7188 8079 8080
f 8081 8082 7184
f 7184 8082 7179
f 7184 7179 7183
f 7156 8150 7155
f 7155 8150 8068
f 7136 7954 8083
f 8083 7954 8016
f 8083 8016 8024
f 8024 8016 8084
f 8024 8084 7144
f 7112 7113 7954
f 7954 7113 8085
f 7954 8085 7952
f 7952 8085 8086
f 7952 8086 7109
f 7516 7508 7515
f 7515 7508 8041
f 7501 8087 7500
f 7500 8087 8088
f 7500 8088 7496
f 7444 7445 7956
f 7956 7445 8089
f 7956 8089 8090
f 7429 8091 7956
f 8092 8020 7406
f 7406 8020 7413
f 7406 7413 7405
f 7273 8093 8094
f 8094 8093 8095
f 8094 8095 7268
f 8080 7183 7188
f 7188 7183 7179
f 7188 7179 7187
f 7187 7179 7180
f 7187 7180 8078
f 8078 7180 8096
f 8078 8096 8052
f 7172 8097 8098
f 7124 7954 8099
f 8099 7954 8018
f 8099 8018 8038
f 8038 8018 8100
f 8038 8100 7132
f 8025 8101 8102
f 8102 8101 7120
f 8102 7120 8232
f 8025 8102 7954
f 7954 8102 8103
f 7954 8103 7112
f 8104 7505 8105
f 8105 7505 8106
f 8105 8106 7493
f 7493 8106 8107
f 7493 8107 7492
f 7429 7956 7428
f 7428 7956 8090
f 7428 8090 8108
f 8091 8109 8110
f 8110 8109 7424
f 7398 7390 7397
f 7397 7390 8026
f 8111 8112 7379
f 7379 8112 7375
f 7379 7375 7378
f 7378 7375 7383
f 7378 7383 8113
f 8113 7383 8114
f 7341 7333 7340
f 7340 7333 8058
f 7325 8115 8061
f 8116 8117 7349
f 7349 8117 7356
f 7349 7356 7348
f 7348 7356 8118
f 7318 8119 8120
f 8120 8119 8121
f 8120 8121 8122
f 8122 8121 7313
f 8123 8124 7293
f 7293 8124 7300
f 7293 7300 7292
f 7292 7300 8125
f 7245 7246 7253
f 7253 7246 8126
f 7253 8126 8127
f 8128 8031 7277
f 7277 8031 7284
f 7277 7284 7276
f 8129 7258 8126
f 8126 7258 8130
f 8126 8130 8127
f 8131 8132 7209
f 8133 7214 8131
f 8131 7214 8134
f 8131 8134 8132
f 7198 7199 8206
f 8135 8136 7072
f 7072 8136 7068
f 7072 7068 7071
f 7071 7068 7069
f 7069 8137 7071
f 7071 8137 8138
f 8139 8140 7096
f 7096 8140 7092
f 7096 7092 7095
f 7095 7092 7093
f 7093 8141 7095
f 7095 8141 8142
f 8143 8144 7084
f 7084 8144 7080
f 7084 7080 7083
f 7083 7080 7081
f 7081 8145 7083
f 7083 8145 8146
f 8147 7163 8148
f 8148 7163 7171
f 8148 7171 7168
f 7168 7171 7172
f 7168 7172 7167
f 7167 7172 8098
f 8149 8150 7154
f 7154 8150 7153
f 7153 8150 7156
f 7153 7156 8151
f 8151 7156 8152
f 8153 8154 7512
f 7512 8154 7508
f 7512 7508 7511
f 7511 7508 7516
f 7511 7516 8155
f 8155 7516 8156
f 7496 7497 7500
f 7500 7497 8157
f 7500 8157 8107
f 8107 8157 8158
f 8107 8158 7492
f 8110 8159 8091
f 8091 8159 7417
f 8091 7417 7956
f 7956 7417 7418
f 7956 7418 8019
f 7386 7387 7956
f 7956 7387 8160
f 7956 8160 8029
f 7368 8220 7367
f 7367 8220 8042
f 7326 8161 8162
f 7357 8163 8164
f 7301 8165 8166
f 8123 8167 8124
f 8124 8167 7288
f 8124 7288 7956
f 7956 7288 7289
f 7956 7289 8030
f 7238 8168 8169
f 7198 8206 8170
f 7198 8170 8171
f 8171 8170 8172
f 8171 8172 7956
f 7956 8172 7191
f 7956 7191 7192
f 8173 8174 7145
f 7145 8174 7141
f 7145 7141 7144
f 7144 7141 7142
f 7142 8175 7144
f 7144 8175 8176
f 8177 8178 7477
f 7477 8178 7484
f 7477 7484 7476
f 7476 7484 8179
f 8180 8236 8181
f 8180 8181 8182
f 8182 8181 8183
f 8182 8183 7473
f 8070 7444 8071
f 8071 7444 7956
f 8071 7956 7461
f 7461 7956 7460
f 8184 7432 7440
f 7440 7432 7433
f 7440 7433 8090
f 8090 7433 8185
f 8090 8185 8108
f 8186 8187 7394
f 7394 8187 7390
f 7394 7390 7393
f 7393 7390 7398
f 7393 7398 8188
f 8188 7398 8189
f 7414 8190 8191
f 8027 7386 7402
f 7402 7386 7956
f 7402 7956 7401
f 7401 7956 8020
f 7401 8020 8192
f 8192 8020 8092
f 7360 7361 7956
f 7956 7361 8193
f 7956 8193 8117
f 8194 8195 7337
f 7337 8195 7333
f 7337 7333 7336
f 7336 7333 7341
f 7336 7341 8196
f 8196 7341 8197
f 8162 7322 7326
f 7326 7322 7323
f 7326 7323 7325
f 7325 7323 8198
f 7325 8198 8115
f 8164 7352 7357
f 7357 7352 7353
f 7357 7353 7356
f 7356 7353 8199
f 7356 8199 8118
f 7304 7305 7956
f 7956 7305 8200
f 7956 8200 8124
f 8166 7296 7301
f 7301 7296 7297
f 7301 7297 7300
f 7300 7297 8201
f 7300 8201 8125
f 7269 7261 7268
f 7268 7261 8094
f 8202 7229 8203
f 8203 7229 7237
f 8203 7237 7234
f 7234 7237 7238
f 7234 7238 7233
f 7233 7238 8169
f 7202 7203 7956
f 7956 7203 8204
f 7956 8204 8171
f 8205 8206 7197
f 7197 8206 7196
f 7196 8206 7199
f 7196 7199 8207
f 8207 7199 8208
f 8209 8210 7133
f 7133 8210 7129
f 7133 7129 7132
f 7132 7129 7130
f 7130 8211 7132
f 7132 8211 8212
f 7485 8213 8214
f 7441 8215 8216
f 7425 8253 7424
f 7424 8253 8110
f 8217 7405 8218
f 8218 7405 7413
f 8218 7413 7410
f 7410 7413 7414
f 7410 7414 7409
f 7409 7414 8191
f 8219 8220 7366
f 7366 8220 7365
f 7365 8220 7368
f 7365 7368 8221
f 8221 7368 8222
f 8028 8223 8029
f 8029 8223 7371
f 8029 7371 7956
f 7956 7371 7372
f 7956 7372 7360
f 7360 7372 8043
f 7314 8257 7313
f 7313 8257 8122
f 7254 8224 8225
f 7285 8226 8227
f 7241 7242 7956
f 7956 7242 8228
f 7956 8228 8076
f 7210 8261 7209
f 7209 8261 8131
f 8229 8230 7121
f 7121 8230 7117
f 7121 7117 7120
f 7120 7117 7118
f 7118 8231 7120
f 7120 8231 8232
f 7488 7489 7956
f 7956 7489 8233
f 7956 8233 8178
f 8214 7480 7485
f 7485 7480 7481
f 7485 7481 7484
f 7484 7481 8234
f 7484 8234 8179
f 7465 7466 7468
f 7468 7466 8235
f 7468 8235 8180
f 8180 8235 8236
f 8177 8237 8178
f 8178 8237 7472
f 8178 7472 7956
f 7956 7472 7473
f 7956 7473 7460
f 7460 7473 8183
f 7457 8238 8239
f 8240 8241 7453
f 7453 8241 7448
f 7453 7448 7452
f 8216 7436 7441
f 7441 7436 7437
f 7441 7437 7440
f 7440 7437 8242
f 7440 8242 8184
f 8243 8244 7265
f 7265 8244 7261
f 7265 7261 7264
f 7264 7261 7269
f 7264 7269 8245
f 8245 7269 8246
f 8247 7245 8248
f 8248 7245 7253
f 8248 7253 7250
f 7250 7253 7254
f 7250 7254 7249
f 7249 7254 8225
f 8249 7276 8250
f 8250 7276 7284
f 8250 7284 7281
f 7281 7284 7285
f 7281 7285 7280
f 7280 7285 8227
f 8239 7452 7457
f 7457 7452 7448
f 7457 7448 7456
f 7456 7448 7449
f 7456 7449 8072
f 8072 7449 8251
f 8072 8251 8070
f 8252 8253 7423
f 7423 8253 7422
f 7422 8253 7425
f 7422 7425 8254
f 8254 7425 8255
f 8256 8257 7310
f 7310 8257 7309
f 7309 8257 7314
f 7309 7314 8258
f 8258 7314 8259
f 8260 8261 7208
f 7208 8261 7207
f 7207 8261 7210
f 7207 7210 8262
f 8262 7210 8263
f 8264 7215 7221
f 7221 7215 8265
f 8041 8266 8040
f 8040 8266 7504
f 8040 7504 7956
f 7956 7504 7505
f 7956 7505 7488
f 7488 7505 8104
f 8116 8267 8117
f 8117 8267 7344
f 8117 7344 7956
f 7956 7344 7345
f 7222 8268 8269
f 8075 8270 8076
f 8076 8270 7225
f 8076 7225 7956
f 7956 7225 7226
f 8058 8271 7345
f 7345 8271 7329
f 7345 7329 7956
f 7956 7329 7330
f 8269 7218 7222
f 7222 7218 7219
f 7222 7219 7221
f 7221 7219 8272
f 7221 8272 8264
f 8133 7202 7214
f 7214 7202 7956
f 7214 7956 7213
f 7213 7956 7226
f 7213 7226 8273
f 8273 7226 8274
f 8273 8274 8265
f 8265 8274 8275
f 8265 8275 7221
f 8061 8276 7330
f 7330 8276 7317
f 7330 7317 7956
f 7956 7317 7318
f 7956 7318 7304
f 7304 7318 8120
f 8128 8277 8031
f 8031 8277 7272
f 8031 7272 7956
f 7956 7272 7273
f 8094 8278 7273
f 7273 8278 7257
f 7273 7257 7956
f 7956 7257 7258
f 7956 7258 7241
f 7241 7258 8129
f 7517 7519 8017
f 8017 7519 8039
f 8279 8280 8281
f 8017 8628 8282
f 8283 8284 8017
f 8279 8281 8285
f 8628 8286 8287
f 8288 8289 8017
f 7523 7524 7531
f 7531 7524 8290
f 7531 8290 8291
f 8291 8290 8017
f 8017 8290 8292
f 8017 8292 7517
f 8293 7937 8294
f 8294 7937 8295
f 8294 8295 8296
f 8296 7932 8294
f 8294 7932 7933
f 8294 7933 8297
f 8298 8299 7928
f 8300 8281 8723
f 8723 8281 8280
f 8723 8280 8301
f 8302 8303 8304
f 8304 8303 7856
f 7847 7848 8282
f 8282 7848 8305
f 8305 8306 8307
f 8307 8306 7843
f 7535 7536 8017
f 8017 7536 8308
f 8017 8308 8291
f 8309 8294 8298
f 8298 8294 8297
f 8298 8297 8299
f 8309 7918 8294
f 8294 7918 7919
f 8294 7919 8310
f 8311 8312 7914
f 8300 8313 8281
f 8281 8313 8314
f 8281 8314 8315
f 8316 8317 8293
f 8293 8317 8318
f 8293 8318 7937
f 8319 7860 8282
f 8282 7860 7861
f 8282 7861 8302
f 8302 8304 8282
f 8282 8304 8320
f 8282 8320 7847
f 7558 8321 8017
f 8322 7539 7547
f 7547 7539 7540
f 7547 7540 8284
f 8284 7540 8323
f 8284 8323 8017
f 8017 8323 8324
f 8017 8324 7535
f 8325 8294 8311
f 8311 8294 8310
f 8311 8310 8312
f 8326 8327 7900
f 8328 8329 8330
f 8330 8329 8723
f 8330 8723 8331
f 8331 8723 8301
f 8331 8301 8332
f 8332 8301 8333
f 8334 8335 8336
f 8336 8335 8337
f 8315 8334 8281
f 8281 8334 8336
f 8281 8336 8293
f 8293 8336 8338
f 8293 8338 8316
f 8339 8717 8286
f 8286 8717 8340
f 8286 8340 8287
f 8341 8342 8017
f 7548 8343 8344
f 7532 8345 8346
f 7929 7921 7928
f 7928 7921 8298
f 8325 7904 8294
f 8294 7904 7905
f 8294 7905 8347
f 8348 8294 8326
f 8326 8294 8347
f 8326 8347 8327
f 8349 8350 8351
f 8351 8350 7886
f 7876 7877 8294
f 7877 8352 8294
f 8294 8352 7865
f 8294 7865 8282
f 8282 7865 8353
f 8282 8353 8319
f 8318 8354 7937
f 7937 8354 7970
f 7937 7970 7936
f 7936 7970 7971
f 8340 8355 8287
f 8287 8355 8356
f 8287 8356 8281
f 8281 8356 8357
f 8281 8357 8285
f 7857 7851 7856
f 7856 7851 8304
f 7844 7836 7843
f 7843 7836 8307
f 7833 7834 8282
f 8282 7834 8358
f 8358 8359 8360
f 8360 8359 7829
f 8361 8362 8017
f 8363 7553 7558
f 8321 7551 8017
f 8017 7551 7552
f 8017 7552 8283
f 8344 7543 7548
f 7548 7543 7544
f 7548 7544 7547
f 7547 7544 8364
f 7547 8364 8322
f 8365 7523 8366
f 8366 7523 7531
f 8366 7531 7528
f 7528 7531 7532
f 7528 7532 7527
f 7527 7532 8346
f 7915 7907 7914
f 7914 7907 8311
f 8348 7890 8294
f 8294 7890 7891
f 8294 7891 8349
f 8349 8351 8294
f 8294 8351 8367
f 8294 8367 7876
f 8368 8369 8370
f 8370 8369 8717
f 8370 8717 8371
f 8371 8717 8339
f 8371 8339 8372
f 8372 8339 8373
f 8305 8307 8282
f 8282 8307 8374
f 8282 8374 7833
f 7819 7820 8282
f 7820 8375 8376
f 8376 8375 8377
f 8376 8377 7815
f 8288 8017 7708
f 8378 8379 8380
f 8380 8379 7573
f 8380 7573 7566
f 7566 7573 7565
f 8381 8382 8383
f 8383 8382 7589
f 8383 7589 7582
f 7582 7589 7581
f 7558 8384 8385
f 8386 8387 7925
f 7925 8387 7921
f 7925 7921 7924
f 7924 7921 7929
f 7924 7929 8388
f 8388 7929 8389
f 7901 7893 7900
f 7900 7893 8326
f 8352 8390 7865
f 7865 8390 7872
f 7865 7872 7864
f 7864 7872 7873
f 8391 8749 8337
f 8337 8749 8336
f 8392 8393 7969
f 7969 8393 7936
f 7969 7936 7968
f 7968 7936 7971
f 7968 7971 8394
f 8394 7971 8395
f 8396 8397 7855
f 7855 8397 7851
f 7855 7851 7854
f 7854 7851 7857
f 7854 7857 8398
f 8398 7857 8399
f 8400 8401 7840
f 7840 8401 7836
f 7840 7836 7839
f 7839 7836 7844
f 7839 7844 8402
f 8402 7844 8403
f 8358 8360 8282
f 8282 8360 8404
f 8282 8404 7819
f 7805 7806 8282
f 7806 8405 8406
f 8406 8405 8407
f 8406 8407 7801
f 7696 8408 8289
f 7621 8409 8017
f 8385 7556 7558
f 7558 7556 7557
f 7558 7557 8410
f 7558 8410 8363
f 8411 8412 7911
f 7911 8412 7907
f 7911 7907 7910
f 7910 7907 7915
f 7910 7915 8413
f 8413 7915 8414
f 7887 7879 7886
f 7886 7879 8351
f 7830 7822 7829
f 7829 7822 8360
f 7820 8376 8282
f 8282 8376 8415
f 8282 8415 7805
f 7794 8416 8017
f 7665 8417 8017
f 7625 8418 7632
f 8341 8017 7610
f 8342 8419 8017
f 8017 8419 7593
f 8017 7593 7594
f 8420 7558 8017
f 8420 8017 8421
f 8421 8017 7562
f 8422 8423 7897
f 7897 8423 7893
f 7897 7893 7896
f 7896 7893 7901
f 7896 7901 8424
f 8424 7901 8425
f 8426 8427 7869
f 7869 8427 7864
f 7869 7864 7868
f 7868 7864 7873
f 7868 7873 8428
f 8428 7873 8429
f 8430 8431 8432
f 8432 8431 8749
f 8432 8749 8433
f 8433 8749 8391
f 8433 8391 8434
f 8434 8391 8435
f 7816 7808 7815
f 7815 7808 8376
f 7806 8406 8282
f 8282 8406 8436
f 8282 8436 8017
f 8017 8436 7793
f 8017 7793 7794
f 7574 8437 8438
f 7590 8439 8440
f 8381 8383 7594
f 7594 8383 8441
f 7594 8441 8017
f 8017 8441 7577
f 8017 7577 7578
f 8442 8443 7883
f 7883 8443 7879
f 7883 7879 7882
f 7882 7879 7887
f 7882 7887 8444
f 8444 7887 8445
f 8446 8447 7826
f 7826 8447 7822
f 7826 7822 7825
f 7825 7822 7830
f 7825 7830 8448
f 8448 7830 8449
f 7802 7796 7801
f 7801 7796 8406
f 7708 8017 7707
f 7707 8017 8362
f 7707 8362 8450
f 8451 7565 8452
f 8452 7565 7573
f 8452 7573 7570
f 7570 7573 7574
f 7570 7574 7569
f 7569 7574 8438
f 8453 7581 8454
f 8454 7581 7589
f 8454 7589 7586
f 7586 7589 7590
f 7586 7590 7585
f 7585 7590 8440
f 7653 8455 8017
f 8017 8455 8456
f 8017 8456 8457
f 8457 7636 8017
f 8017 7636 7637
f 8017 7637 8458
f 7621 8017 7620
f 8378 8380 7578
f 7578 8380 8459
f 7578 8459 8017
f 8017 8459 7561
f 8017 7561 7562
f 8460 8461 7812
f 7812 8461 7808
f 7812 7808 7811
f 7811 7808 7816
f 7811 7816 8462
f 8462 7816 8463
f 8464 8465 8416
f 8416 8465 7777
f 8416 7777 8017
f 8017 7777 7778
f 8017 7778 8466
f 8466 8467 8468
f 8468 8467 7773
f 8408 8469 8289
f 8289 8469 7691
f 8289 7691 8017
f 8017 7691 7692
f 8017 7692 8470
f 8471 8472 7671
f 8473 7640 7648
f 7648 7640 7641
f 7648 7641 8456
f 8456 7641 8474
f 8456 8474 8457
f 7625 7632 7624
f 8475 8476 7616
f 7606 8477 8478
f 8479 8480 7602
f 7602 8480 7597
f 7602 7597 7601
f 8481 8482 7800
f 7800 8482 7796
f 7800 7796 7799
f 7799 7796 7802
f 7799 7802 8483
f 8483 7802 8484
f 8468 8485 8466
f 8466 8485 7766
f 8466 7766 8017
f 8017 7766 7767
f 8017 7767 8486
f 7718 7711 7717
f 7717 7711 7712
f 7717 7712 8362
f 8362 7712 8487
f 8362 8487 8450
f 8289 7703 7696
f 7696 7703 7704
f 7696 7704 8488
f 7700 8489 8490
f 7679 7680 7687
f 7687 7680 8491
f 7687 8491 8492
f 8492 8491 8493
f 8492 8493 8470
f 8470 8493 7675
f 8470 7675 8017
f 8017 7675 7676
f 8017 7676 8494
f 8472 8471 8494
f 8494 8471 8495
f 8494 8495 8017
f 8017 8495 7664
f 8017 7664 7665
f 7649 8496 8497
f 7620 8017 8498
f 8498 8017 8458
f 8498 8458 8418
f 8418 8458 8499
f 8418 8499 7632
f 8476 8475 8409
f 8409 8475 8500
f 8409 8500 8017
f 8017 8500 7609
f 8017 7609 7610
f 8478 7601 7606
f 7606 7601 7597
f 7606 7597 7605
f 7605 7597 7598
f 7605 7598 8342
f 8342 7598 8501
f 8342 8501 8419
f 8502 8503 8486
f 8486 8503 7750
f 8486 7750 8017
f 8017 7750 7751
f 8017 7751 8504
f 8504 8505 8506
f 8506 8505 7746
f 8490 7695 7700
f 7700 7695 7696
f 7700 7696 7699
f 7699 7696 8488
f 7699 8488 8507
f 7661 8508 7660
f 7660 8508 8509
f 7660 8509 7657
f 8497 7644 7649
f 7649 7644 7645
f 7649 7645 7648
f 7648 7645 8510
f 7648 8510 8473
f 7774 8537 7773
f 7773 8537 8468
f 8506 8511 8504
f 8504 8511 7736
f 8504 7736 8017
f 8017 7736 7737
f 8017 7737 8512
f 8513 8514 7716
f 7716 8514 7711
f 7716 7711 7715
f 7715 7711 7718
f 7715 7718 8515
f 8515 7718 8516
f 7672 8547 7671
f 7671 8547 8471
f 8517 8532 8518
f 8517 8518 8417
f 8417 8518 8519
f 8417 8519 8017
f 8017 8519 7652
f 8017 7652 7653
f 7633 8520 8521
f 7617 8551 7616
f 7616 8551 8475
f 8416 8522 8464
f 8464 8522 7789
f 8464 7789 7782
f 7782 7789 7790
f 7782 7790 8523
f 7786 8524 8525
f 7732 8526 8527
f 8527 8526 8528
f 8527 8528 8512
f 8512 8528 7721
f 8512 7721 8017
f 8017 7721 7722
f 8017 7722 8361
f 7688 8529 8530
f 7657 7658 7660
f 7660 7658 8531
f 7660 8531 8517
f 8517 8531 8532
f 8533 7624 8534
f 8534 7624 7632
f 8534 7632 7629
f 7629 7632 7633
f 7629 7633 7628
f 7628 7633 8521
f 8525 7781 7786
f 7786 7781 7782
f 7786 7782 7785
f 7785 7782 8523
f 7785 8523 8535
f 8536 8537 7772
f 7772 8537 7771
f 7771 8537 7774
f 7771 7774 8538
f 8538 7774 8539
f 8486 8540 8502
f 8502 8540 7762
f 8502 7762 7755
f 7755 7762 7763
f 7755 7763 8541
f 7759 8542 8543
f 7747 7739 7746
f 7746 7739 8506
f 8544 7679 8545
f 8545 7679 7687
f 8545 7687 7684
f 7684 7687 7688
f 7684 7688 7683
f 7683 7688 8530
f 8546 8547 7670
f 7670 8547 7669
f 7669 8547 7672
f 7669 7672 8548
f 8548 7672 8549
f 8550 8551 7615
f 7615 8551 7614
f 7614 8551 7617
f 7614 7617 8552
f 8552 7617 8553
f 8543 7754 7759
f 7759 7754 7755
f 7759 7755 7758
f 7758 7755 8541
f 7758 8541 8554
f 8555 8556 7743
f 7743 8556 7739
f 7743 7739 7742
f 7742 7739 7747
f 7742 7747 8557
f 8557 7747 8558
f 7733 7725 7732
f 7732 7725 8526
f 8559 8560 7729
f 7729 8560 7725
f 7729 7725 7728
f 7728 7725 7733
f 7728 7733 8561
f 8561 7733 8562
f 8564 8565 8566
f 8628 8563 8286
f 8286 8563 8567
f 8286 8567 8568
f 8569 8570 8566
f 8566 8565 8567
f 8571 8572 8567
f 8567 8572 8573
f 8567 8573 8568
f 8569 8566 8574
f 8574 8566 8575
f 8574 8575 8576
f 8577 8571 8578
f 8578 8571 8567
f 8578 8567 8579
f 8579 8567 8565
f 8580 8581 8582
f 8582 8581 8583
f 8582 8583 8578
f 8578 8583 8584
f 8578 8584 8577
f 8585 8586 8587
f 8587 8586 8588
f 8587 8588 8570
f 8570 8588 8589
f 8570 8589 8566
f 8566 8589 8590
f 8566 8590 8564
f 8591 8592 8593
f 8593 8592 8581
f 8593 8581 8594
f 8594 8581 8580
f 8594 8580 8595
f 8595 8580 8596
f 8597 8598 8599
f 8599 8598 8586
f 8599 8586 8600
f 8600 8586 8585
f 8600 8585 8601
f 8601 8585 8602
f 8623 8576 8575
f 8604 8605 8606
f 8603 8605 8623
f 8604 8607 8608
f 8608 8607 8609
f 8576 8623 8608
f 8576 8608 8610
f 8610 8608 8609
f 8606 8611 8604
f 8604 8611 8612
f 8604 8612 8607
f 8607 8612 8613
f 8607 8613 8614
f 8615 8643 8614
f 8614 8643 8607
f 8616 8617 8618
f 8618 8617 8643
f 8618 8643 8619
f 8619 8643 8615
f 8619 8615 8620
f 8620 8615 8621
f 8606 8605 8603
f 8606 8603 8622
f 7977 8623 8624
f 7977 8624 7975
f 7975 8624 8625
f 7975 8625 7973
f 7973 8625 10233
f 7973 10233 7972
f 7972 10233 7965
f 8017 7946 8625
f 8625 7946 10233
f 8017 7965 7946
f 8627 8626 8625
f 8625 8626 8017
f 8017 8626 8628
f 8624 8627 8625
f 8624 8628 8627
f 8623 8628 8624
f 8628 8623 8563
f 8622 8603 8629
f 8629 8603 8623
f 8630 8632 8631
f 8631 8632 8633
f 8633 8632 8634
f 8635 8636 8634
f 8635 8634 8637
f 8637 8634 8638
f 8637 8638 8639
f 8639 8638 8640
f 8641 8642 8643
f 8643 8642 8644
f 8643 8644 8636
f 8636 8644 8645
f 8636 8645 8634
f 8634 8645 8646
f 8634 8646 8633
f 8647 8648 8649
f 8649 8648 8642
f 8649 8642 8650
f 8650 8642 8641
f 8650 8641 8651
f 8651 8641 8652
f 8563 8692 8653
f 8654 8655 8656
f 8657 8658 8659
f 8656 8660 8657
f 8657 8660 8661
f 8657 8661 8658
f 8639 8640 8657
f 8639 8657 8662
f 8662 8657 8659
f 8662 8659 8663
f 8563 8653 8656
f 8656 8653 8664
f 8656 8664 8665
f 8665 8666 8656
f 8656 8666 8667
f 8656 8667 8654
f 8668 8669 8670
f 8670 8669 8671
f 8670 8671 8659
f 8659 8671 8672
f 8659 8672 8663
f 8673 8674 8675
f 8675 8674 8676
f 8675 8676 8655
f 8655 8676 8677
f 8655 8677 8656
f 8656 8677 8678
f 8656 8678 8660
f 8679 8680 8681
f 8681 8680 8669
f 8681 8669 8682
f 8682 8669 8668
f 8682 8668 8683
f 8683 8668 8684
f 8685 8686 8687
f 8687 8686 8674
f 8687 8674 8688
f 8688 8674 8673
f 8688 8673 8689
f 8689 8673 8690
f 8691 8692 8693
f 8653 8692 8694
f 8695 7935 8696
f 8697 8698 8699
f 8694 8699 8700
f 8701 8702 8703
f 8704 8705 8691
f 8700 8706 8694
f 8694 8706 8707
f 8694 8707 8708
f 8697 8699 8709
f 8710 8703 8711
f 8712 8713 8691
f 8708 8714 8694
f 8694 8714 8715
f 8694 8715 8653
f 8653 8715 8716
f 8653 8716 8717
f 8718 8742 8717
f 8717 8742 8653
f 7935 8719 8696
f 8696 8719 8720
f 8696 8720 8699
f 8699 8720 8721
f 8699 8721 8709
f 8699 8722 8700
f 8700 8722 8723
f 8700 8723 8724
f 8724 8723 8725
f 8726 7859 8703
f 8703 7859 7858
f 8703 7858 8701
f 7518 8727 8693
f 7934 7970 7935
f 7935 7970 8719
f 8728 8729 8699
f 8699 8729 8730
f 8699 8730 8722
f 8702 8731 8703
f 8703 8731 7875
f 8703 7875 7874
f 8732 8696 8733
f 8733 8696 8703
f 8727 8734 8693
f 8693 8734 8735
f 8693 8735 7534
f 8693 8736 8737
f 8738 7575 8739
f 7845 8740 8691
f 8741 8742 8743
f 8743 8742 8744
f 8744 8742 8718
f 8744 8718 8745
f 8745 8718 8746
f 8747 8748 8749
f 8749 8748 8750
f 8749 8750 8698
f 8698 8750 8751
f 8698 8751 8699
f 8699 8751 8752
f 8699 8752 8728
f 8753 8754 8755
f 8755 8754 8724
f 8755 8724 8756
f 8756 8724 8725
f 8756 8725 8757
f 8757 8725 8758
f 7874 8759 8703
f 8703 8759 8760
f 8703 8760 8761
f 8761 7889 8703
f 8703 7889 7888
f 8703 7888 8762
f 8762 8763 8703
f 8703 8763 8764
f 8703 8764 7903
f 7903 7902 8703
f 8703 7902 8765
f 8703 8765 8711
f 8710 7917 8703
f 8703 7917 7916
f 8703 7916 8733
f 7931 7930 8696
f 8696 7930 8766
f 8696 8766 8695
f 7534 7533 8693
f 8693 7533 8767
f 8693 8767 8736
f 8737 7550 8693
f 8693 7550 7549
f 8693 7549 8768
f 8768 8769 8693
f 8693 8769 8770
f 8693 8770 7560
f 8771 8691 8772
f 8772 8691 8693
f 8772 8693 7559
f 7559 8693 7560
f 8773 7618 8774
f 8774 7618 8775
f 8776 7673 8777
f 8777 7673 8778
f 8779 8780 8691
f 7817 8781 8691
f 8782 8783 7966
f 7966 8783 7970
f 7966 7970 7967
f 7967 7970 7934
f 7967 7934 8784
f 8784 7934 8785
f 7862 7871 7863
f 7863 7871 7870
f 7863 7870 8702
f 8702 7870 8786
f 8702 8786 8731
f 8787 8788 7568
f 8789 8790 7591
f 7591 8790 8791
f 8792 8793 7613
f 8794 8795 7646
f 7646 8795 7639
f 7646 7639 7647
f 7647 7639 7638
f 8796 8797 8705
f 8705 8797 7663
f 8705 7663 8691
f 8691 7663 7662
f 8691 7662 8712
f 8781 8798 8691
f 8691 8798 8799
f 8691 8799 7832
f 7832 7831 8691
f 8691 7831 8800
f 8691 8800 8801
f 7835 7842 7836
f 7836 7842 7841
f 7836 7841 8801
f 7841 8802 8801
f 8801 8802 8803
f 8801 8803 8691
f 8691 8803 7846
f 8691 7846 7845
f 8804 8805 8806
f 8806 8805 8748
f 8806 8748 8807
f 8807 8748 8747
f 8807 8747 8808
f 8808 8747 8809
f 7878 7885 7879
f 7879 7885 7884
f 7879 7884 8760
f 8760 7884 8810
f 8760 8810 8761
f 8811 8812 7526
f 8813 8771 7571
f 7571 8771 7564
f 7571 7564 7563
f 8814 8815 7616
f 7616 8815 7611
f 8816 8817 7627
f 8794 8818 8795
f 8795 8818 7651
f 8795 7651 8691
f 8691 7651 7650
f 8691 7650 8704
f 8819 8820 7656
f 7690 7689 8691
f 8691 7689 8821
f 8691 8821 8822
f 7773 8823 8824
f 8825 8826 7866
f 7866 8826 7871
f 7866 7871 7867
f 7867 7871 7862
f 7867 7862 8827
f 8827 7862 8828
f 7892 8829 8830
f 8831 8832 7894
f 7894 8832 7899
f 7894 7899 7895
f 7906 8833 8834
f 8835 8836 7908
f 7908 8836 7913
f 7908 7913 7909
f 8727 8837 8734
f 8734 8837 7522
f 8734 7522 7529
f 7529 7522 7521
f 8838 8839 7542
f 8840 8841 7555
f 8842 8843 7584
f 8775 8844 8774
f 8774 8844 7623
f 8774 7623 7630
f 7630 7623 7622
f 8845 8846 7642
f 7642 8846 7647
f 7642 7647 7643
f 7643 7647 7638
f 7643 7638 8847
f 8847 7638 8848
f 8796 8705 7659
f 7659 8705 7654
f 8849 8850 7668
f 7730 8851 7724
f 7791 8852 8853
f 7817 8691 7818
f 7818 8691 8854
f 7818 8854 8855
f 7821 7828 7822
f 7822 7828 7827
f 7822 7827 8798
f 8798 7827 8856
f 8798 8856 8799
f 8857 8858 7837
f 7837 8858 7842
f 7837 7842 7838
f 7838 7842 7835
f 7838 7835 8859
f 8859 7835 8860
f 8703 8691 8726
f 8726 8691 8740
f 8726 8740 8861
f 8861 8740 8862
f 8861 8862 7856
f 7849 8863 7850
f 7850 8863 8864
f 7850 8864 7853
f 8865 8866 7880
f 7880 8866 7885
f 7880 7885 7881
f 7881 7885 7878
f 7881 7878 8867
f 8867 7878 8868
f 8830 7895 7892
f 7892 7895 7899
f 7892 7899 7893
f 7893 7899 7898
f 7893 7898 8763
f 8763 7898 8869
f 8763 8869 8764
f 8834 7909 7906
f 7906 7909 7913
f 7906 7913 7907
f 7907 7913 7912
f 7907 7912 8711
f 8711 7912 8870
f 8711 8870 8710
f 7920 8871 8872
f 8873 8874 7922
f 7922 8874 7927
f 7922 7927 7923
f 8767 8875 8736
f 8736 8875 7538
f 8736 7538 7545
f 7545 7538 7537
f 8768 8876 8769
f 8769 8876 7553
f 8769 7553 8918
f 8877 8878 7567
f 7567 8878 7572
f 7567 7572 7568
f 7568 7572 7571
f 7568 7571 8787
f 8787 7571 7563
f 8739 8879 8738
f 8738 8879 7580
f 8738 7580 7587
f 7587 7580 7579
f 8880 8881 7600
f 8882 8883 7612
f 7612 8883 7616
f 7612 7616 7613
f 7613 7616 8792
f 8792 7616 7611
f 7635 7634 8691
f 8691 7634 8884
f 8691 8884 8795
f 8885 8886 7682
f 8887 8713 7671
f 7671 8713 7666
f 7791 8888 8852
f 8852 8888 8889
f 8852 8889 7796
f 7807 7814 7808
f 7808 7814 7813
f 7808 7813 8854
f 8854 7813 8890
f 8854 8890 8855
f 8872 7923 7920
f 7920 7923 7927
f 7920 7927 7921
f 7921 7927 7926
f 7921 7926 8732
f 8732 7926 8891
f 8732 8891 8696
f 8696 8891 8892
f 8696 8892 7931
f 8893 8894 7525
f 7525 8894 7530
f 7525 7530 7526
f 7526 7530 7529
f 7526 7529 8811
f 8811 7529 7521
f 8789 8895 8790
f 8790 8895 7596
f 8790 7596 7603
f 7603 7596 7595
f 8896 8897 7626
f 7626 8897 7631
f 7626 7631 7627
f 7627 7631 7630
f 7627 7630 8816
f 8816 7630 7622
f 8773 7635 7618
f 7618 7635 8691
f 7618 8691 7619
f 7619 8691 8815
f 7619 8815 8898
f 8898 8815 8814
f 8899 8900 7655
f 7655 8900 7659
f 7655 7659 7656
f 7656 7659 8819
f 8819 7659 7654
f 8778 8901 8777
f 8777 8901 7678
f 8777 7678 7685
f 7685 7678 7677
f 8887 8902 8713
f 8713 8902 7674
f 8713 7674 8691
f 8691 7674 7673
f 8691 7673 7690
f 7690 7673 8776
f 8903 8822 7701
f 7701 8822 7694
f 7701 7694 7702
f 7702 7694 7693
f 8904 8905 8906
f 8906 8905 7748
f 8823 8907 8824
f 8824 8907 7776
f 8824 7776 8691
f 8691 7776 7775
f 8691 7775 8779
f 8908 8780 7787
f 7787 8780 7780
f 8909 8910 7823
f 7823 8910 7828
f 7823 7828 7824
f 7824 7828 7821
f 7824 7821 8911
f 8911 7821 8912
f 7853 7852 7850
f 7850 7852 8913
f 7850 8913 8862
f 8862 8913 8914
f 8862 8914 7856
f 8915 8916 7541
f 7541 8916 7546
f 7541 7546 7542
f 7542 7546 7545
f 7542 7545 8838
f 8838 7545 7537
f 8917 8918 7554
f 7554 8918 7555
f 7555 8918 8840
f 8840 8918 7553
f 8919 8920 7583
f 7583 8920 7588
f 7583 7588 7584
f 7584 7588 7587
f 7584 7587 8842
f 8842 7587 7579
f 8921 8922 7667
f 7667 8922 7671
f 7667 7671 7668
f 7668 7671 8849
f 8849 7671 7666
f 8923 8924 7809
f 7809 8924 7814
f 7809 7814 7810
f 7810 7814 7807
f 7810 7807 8925
f 8925 7807 8926
f 8927 8928 7599
f 7599 8928 7604
f 7599 7604 7600
f 7600 7604 7603
f 7600 7603 8880
f 8880 7603 7595
f 8929 8930 7681
f 7681 8930 7686
f 7681 7686 7682
f 7682 7686 7685
f 7682 7685 8885
f 8885 7685 7677
f 8931 8932 7697
f 7697 8932 7702
f 7697 7702 7698
f 7698 7702 7693
f 7698 7693 8933
f 8933 7693 8934
f 8903 8935 8822
f 8822 8935 7706
f 8822 7706 8691
f 8691 7706 7705
f 8691 7705 8936
f 8824 7768 7773
f 7773 7768 8937
f 7769 8938 8939
f 7795 7801 7796
f 7796 7801 8852
f 7804 7803 8691
f 8691 7803 8940
f 8691 8940 8854
f 7608 7607 8691
f 8691 7607 8941
f 8691 8941 8815
f 7738 7745 7739
f 7739 7745 7744
f 7739 7744 8942
f 8942 7744 8943
f 8942 8943 8944
f 8936 8945 8946
f 8946 8945 7710
f 8939 7773 7769
f 7769 7773 7770
f 7770 7773 8937
f 7770 8937 8947
f 7783 8948 8949
f 8908 8950 8780
f 8780 8950 7792
f 8780 7792 8691
f 8691 7792 7791
f 8691 7791 7804
f 7804 7791 8853
f 8813 8951 8771
f 8771 8951 7576
f 8771 7576 8691
f 8691 7576 7575
f 8738 8952 7575
f 7575 8952 7592
f 7575 7592 8691
f 8691 7592 7591
f 8691 7591 7608
f 7608 7591 8791
f 7726 8953 8954
f 7752 7761 7753
f 7753 7761 7760
f 7753 7760 8904
f 8904 7760 8955
f 8904 8955 8905
f 8956 8957 7797
f 7797 8957 7801
f 7797 7801 7798
f 7798 7801 7795
f 7798 7795 8958
f 8958 7795 8959
f 7780 7779 7787
f 7787 7779 8960
f 7787 8960 8961
f 8961 7784 7787
f 7787 7784 7783
f 7787 7783 7788
f 7788 7783 8949
f 7724 7723 7730
f 7730 7723 8962
f 7730 8962 8963
f 8963 7727 7730
f 7730 7727 7726
f 7730 7726 7731
f 7731 7726 8954
f 8964 8965 7740
f 7740 8965 7745
f 7740 7745 7741
f 7741 7745 7738
f 7741 7738 8966
f 8966 7738 8967
f 8946 8968 8936
f 8936 8968 7720
f 8936 7720 8691
f 8691 7720 7719
f 8969 8970 7756
f 7756 8970 7761
f 7756 7761 7757
f 7757 7761 7752
f 7757 7752 8971
f 8971 7752 8972
f 7709 7717 7710
f 7710 7717 8946
f 7734 8691 7735
f 7735 8691 7719
f 7735 7719 8973
f 8973 7719 8974
f 8973 8974 8851
f 8851 8974 8975
f 8851 8975 7724
f 7765 7764 8691
f 8691 7764 8976
f 8691 8976 8824
f 8905 7765 7748
f 7748 7765 8691
f 7748 8691 7749
f 7749 8691 7734
f 7749 7734 8944
f 8944 7734 8977
f 8944 8977 8942
f 8978 8979 7713
f 7713 8979 7717
f 7713 7717 7714
f 7714 7717 7709
f 7714 7709 8980
f 8980 7709 8981
f 10190 7957 8693
f 8982 7316 8983
f 7965 10190 8693
f 8984 8985 8693
f 8986 8987 8988
f 7119 8989 8990
f 7082 8991 8992
f 8992 8991 8993
f 8992 8993 8994
f 7298 8995 8996
f 8997 8998 8999
f 7251 9000 9001
f 9001 9000 9002
f 9001 9002 7256
f 7085 9003 7953
f 7094 9004 9005
f 9005 9004 9006
f 9005 9006 9003
f 7949 7062 7060
f 7070 9007 9008
f 9008 9007 7949
f 9008 7949 9009
f 9009 7949 7060
f 9007 9010 7949
f 7949 9010 7074
f 7949 7074 7951
f 7951 7074 7073
f 7306 7311 8983
f 8983 7311 9011
f 8983 9011 8982
f 9012 9013 9014
f 9015 9016 9017
f 7097 9018 7953
f 7953 9018 9019
f 7953 9019 7102
f 8999 8998 9020
f 7957 9021 9022
f 7957 9023 9024
f 8984 8693 7415
f 7073 8994 7951
f 7951 8994 8993
f 7951 8993 7953
f 7953 8993 7086
f 7953 7086 7085
f 9003 9006 7953
f 7953 9006 7098
f 7953 7098 7097
f 9025 9026 7957
f 8987 7370 7957
f 7957 7370 7369
f 9027 7957 9028
f 9028 7957 7369
f 9028 7369 9029
f 7957 9024 8693
f 8693 9024 7416
f 8693 7416 7415
f 9030 9031 8693
f 8693 9031 7503
f 8693 7503 7502
f 7131 9032 9033
f 9033 9032 9034
f 9033 9034 9035
f 9035 9034 7955
f 9015 9017 7143
f 9036 9037 7152
f 9038 9039 7101
f 7101 9039 7106
f 7101 7106 7102
f 7102 7106 7105
f 7102 7105 9040
f 9041 9042 9043
f 9044 9045 7957
f 9046 9047 7195
f 7307 9048 9049
f 9022 7359 7957
f 7957 7359 7358
f 7957 7358 8987
f 8987 7358 9050
f 8987 9050 8988
f 9051 9052 7377
f 9053 7400 7957
f 7957 7400 7399
f 7957 7399 9023
f 9023 7399 9054
f 9055 9056 7435
f 9057 9058 7421
f 7443 7442 8693
f 8693 7442 9059
f 8693 9059 9060
f 9061 9062 7464
f 9063 9064 7495
f 7502 9065 8693
f 8693 9065 9066
f 8693 9066 9067
f 9067 7520 8693
f 8693 7520 7518
f 7953 9068 7955
f 7955 9068 9069
f 7955 9069 7111
f 9070 9071 7155
f 7155 9071 7150
f 8990 7114 7119
f 7119 7114 9072
f 7115 9073 9074
f 8992 7077 7082
f 7082 7077 9075
f 7078 9076 9077
f 9040 9078 7102
f 7102 9078 7953
f 7953 9078 9068
f 9008 7065 7070
f 7070 7065 9079
f 7066 9080 9081
f 9082 9083 7198
f 7198 9083 7193
f 9084 9085 7321
f 8998 7328 7957
f 7957 7328 7327
f 7957 7327 9086
f 9086 7327 9087
f 9086 9087 9088
f 9086 7343 7957
f 7957 7343 7342
f 7957 7342 9021
f 9021 7342 9089
f 9001 7244 7251
f 7251 7244 7243
f 7251 7243 9090
f 7247 9091 9092
f 7311 7306 9093
f 7311 9093 9094
f 9094 7308 7311
f 7311 7308 7307
f 7311 7307 7312
f 7312 7307 9049
f 9095 9096 7364
f 9029 9097 9028
f 9028 9097 7374
f 9028 7374 7380
f 7380 7374 7373
f 9027 7385 7957
f 7957 7385 7384
f 7957 7384 9053
f 9053 7384 9098
f 9053 9098 9099
f 9100 9101 7408
f 7430 7438 7431
f 7431 7438 9102
f 7431 9102 9103
f 8985 7419 7424
f 7424 9104 8985
f 8985 9104 9105
f 8985 9105 8693
f 8693 9105 7427
f 8693 7427 7426
f 9014 9013 7467
f 7467 9013 7462
f 9106 7491 7498
f 7498 7491 7490
f 7111 7110 7955
f 7955 7110 9107
f 7955 9107 8990
f 9034 7135 7955
f 7955 7135 7134
f 7955 7134 9108
f 7147 7955 9016
f 9016 7955 9108
f 9016 9108 9017
f 7158 7157 7955
f 9074 7119 7115
f 7115 7119 7116
f 7116 7119 9072
f 7116 9072 9109
f 9077 7082 7078
f 7078 7082 7079
f 7079 7082 9075
f 7079 9075 9110
f 9005 7089 7094
f 7094 7089 9111
f 7090 9112 9113
f 9081 7070 7066
f 7066 7070 7067
f 7067 7070 9079
f 7067 9079 9114
f 9115 7174 7957
f 7957 7174 7173
f 7957 7173 9116
f 9117 9118 9119
f 9119 9118 7212
f 9119 7212 9120
f 7957 8995 9121
f 8997 8999 7324
f 7324 8999 7319
f 9092 7252 7247
f 7247 7252 7251
f 7247 7251 7248
f 7248 7251 9090
f 7248 9090 9122
f 8986 8988 7367
f 7367 8988 7362
f 9054 9123 9023
f 9023 9123 7404
f 9023 7404 7411
f 7411 7404 7403
f 7443 8693 9124
f 9124 8693 7426
f 9124 7426 9102
f 9102 7426 9125
f 9102 9125 9103
f 7454 9126 9060
f 9060 9126 9127
f 9060 9127 8693
f 8693 9127 7459
f 8693 7459 7458
f 7498 9030 9106
f 9106 9030 8693
f 9106 8693 9128
f 9128 8693 7486
f 9129 9130 7510
f 8989 9131 8990
f 8990 9131 7123
f 8990 7123 7955
f 7955 7123 7122
f 7955 7122 9035
f 7157 9132 7955
f 7955 9132 7169
f 7955 7169 7957
f 7957 7169 9133
f 7957 9133 9115
f 9134 9135 7151
f 7151 9135 7155
f 7151 7155 7152
f 7152 7155 9036
f 9036 7155 7150
f 9113 7094 7090
f 7090 7094 7091
f 7091 7094 9111
f 7091 9111 9136
f 7223 7957 7224
f 7224 7957 9137
f 9138 9139 7232
f 8996 7291 7298
f 7298 7291 7290
f 7298 7290 9140
f 7294 9141 9142
f 9143 9144 7194
f 7194 9144 7198
f 7194 7198 7195
f 7195 7198 9046
f 9046 7198 7193
f 9020 8998 7315
f 7315 8998 7957
f 7315 7957 7316
f 9145 9146 7335
f 9147 9148 7376
f 7376 9148 7381
f 7376 7381 7377
f 7377 7381 7380
f 7377 7380 9051
f 9051 7380 7373
f 9149 9150 7434
f 7434 9150 7439
f 7434 7439 7435
f 7435 7439 7438
f 7435 7438 9055
f 9055 7438 7430
f 9151 9152 7420
f 7420 9152 7424
f 7420 7424 7421
f 7421 7424 9057
f 9057 7424 7419
f 9153 9154 7463
f 7463 9154 7467
f 7463 7467 7464
f 7464 7467 9061
f 9061 7467 7462
f 9012 9014 7458
f 7458 9014 9155
f 7458 9155 8693
f 8693 9155 7471
f 8693 7471 7470
f 9156 9157 7470
f 7470 9157 9158
f 7470 9158 8693
f 8693 9158 7487
f 8693 7487 7486
f 9159 9160 7494
f 7494 9160 7499
f 7494 7499 7495
f 7495 7499 7498
f 7495 7498 9063
f 9063 7498 7490
f 9065 9161 9066
f 9066 9161 7507
f 9066 7507 7513
f 7513 7507 7506
f 9033 7126 7131
f 7131 7126 9162
f 7127 9163 9164
f 7147 7146 7955
f 7955 7146 9165
f 7955 9165 7158
f 7158 9165 9071
f 7158 9071 9166
f 9166 9071 9070
f 9132 9167 7169
f 7169 9167 7162
f 7169 7162 7170
f 7170 7162 7161
f 9043 9042 7235
f 7235 9042 7228
f 7235 7228 7227
f 9168 7957 9043
f 9043 7957 7223
f 9043 7223 9041
f 9045 7287 7957
f 7957 7287 7286
f 7957 7286 8995
f 8995 7286 9169
f 8995 9169 8996
f 9142 7299 7294
f 7294 7299 7298
f 7294 7298 7295
f 7295 7298 9140
f 7295 9140 9170
f 9121 7303 7957
f 7957 7303 7302
f 7957 7302 7316
f 7316 7302 9171
f 7316 9171 8983
f 9172 9173 7320
f 7320 9173 7324
f 7320 7324 7321
f 7321 7324 9084
f 9084 7324 7319
f 9087 9174 9088
f 9088 9174 7332
f 9088 7332 7338
f 7338 7332 7331
f 9089 9175 9021
f 9021 9175 7347
f 9021 7347 7354
f 7354 7347 7346
f 7354 7346 9176
f 7350 9177 9178
f 9179 9180 7363
f 7363 9180 7367
f 7363 7367 7364
f 7364 7367 9095
f 9095 7367 7362
f 9098 9181 9099
f 9099 9181 7389
f 9099 7389 7395
f 7395 7389 7388
f 7395 7388 9182
f 9183 9184 7407
f 7407 9184 7412
f 7407 7412 7408
f 7408 7412 7411
f 7408 7411 9100
f 9100 7411 7403
f 9156 9185 9157
f 9157 9185 7475
f 9157 7475 7482
f 7482 7475 7474
f 7482 7474 9186
f 7478 9187 9188
f 9060 7447 7454
f 7454 7447 7446
f 7454 7446 9189
f 7450 9190 9191
f 9164 7131 7127
f 7127 7131 7128
f 7128 7131 9162
f 7128 9162 9192
f 9017 7138 7143
f 7143 7138 9193
f 7139 9194 9195
f 9196 9197 7182
f 7201 7200 7957
f 9198 9199 7217
f 9200 9025 7255
f 7255 9025 7957
f 7255 7957 7256
f 9201 9202 7263
f 9026 7271 7957
f 7957 7271 7270
f 7957 7270 9044
f 9044 7270 9203
f 9178 7355 7350
f 7350 7355 7354
f 7350 7354 7351
f 7351 7354 9176
f 7351 9176 9204
f 9205 9206 7391
f 7391 9206 7396
f 7391 7396 7392
f 7392 7396 7395
f 7392 7395 9207
f 9207 7395 9182
f 9188 7483 7478
f 7478 7483 7482
f 7478 7482 7479
f 7479 7482 9186
f 7479 9186 9208
f 9191 7455 7450
f 7450 7455 7454
f 7450 7454 7451
f 7451 7454 9189
f 7451 9189 9209
f 9210 9211 7509
f 7509 9211 7514
f 7509 7514 7510
f 7510 7514 7513
f 7510 7513 9129
f 9129 7513 7506
f 9195 7143 7139
f 7139 7143 7140
f 7140 7143 9193
f 7140 9193 9212
f 9213 9214 7165
f 7165 9214 7170
f 7165 7170 7166
f 7166 7170 7161
f 7166 7161 9215
f 9215 7161 9216
f 9116 9217 9218
f 9218 9217 7178
f 9218 7178 7185
f 7185 7178 7177
f 9116 9218 7957
f 7957 9218 9219
f 7957 9219 7190
f 9220 9221 7206
f 7215 7220 9222
f 7215 9222 9223
f 9224 9225 7231
f 7231 9225 7236
f 7231 7236 7232
f 7232 7236 7235
f 7232 7235 9138
f 9138 7235 7227
f 9168 7240 7957
f 7957 7240 7239
f 7957 7239 7256
f 7256 7239 9226
f 7256 9226 9001
f 9200 9227 9025
f 9025 9227 7260
f 9025 7260 7266
f 7266 7260 7259
f 9228 9229 7334
f 7334 9229 7339
f 7334 7339 7335
f 7335 7339 7338
f 7335 7338 9145
f 9145 7338 7331
f 7190 7189 7957
f 7957 7189 9230
f 7957 9230 7201
f 7201 9230 9083
f 7201 9083 9231
f 9231 9083 9082
f 9117 9119 7209
f 7209 9119 7204
f 9232 9233 7181
f 7181 9233 7186
f 7181 7186 7182
f 7182 7186 7185
f 7182 7185 9196
f 9196 7185 7177
f 9223 9222 9234
f 9234 9222 9137
f 9234 9137 7211
f 7211 9137 7957
f 7211 7957 7212
f 7212 7957 7200
f 7212 7200 9120
f 9235 9236 7216
f 7216 9236 7220
f 7216 7220 7217
f 7217 7220 9198
f 9198 7220 7215
f 9237 9238 7262
f 7262 9238 7267
f 7262 7267 7263
f 7263 7267 7266
f 7263 7266 9201
f 9201 7266 7259
f 9203 9239 9044
f 9044 9239 7275
f 9044 7275 7282
f 7282 7275 7274
f 7282 7274 9240
f 7278 9241 9242
f 9243 9244 7205
f 7205 9244 7209
f 7205 7209 7206
f 7206 7209 9220
f 9220 7209 7204
f 9242 7283 7278
f 7278 7283 7282
f 7278 7282 7279
f 7279 7282 9240
f 7279 9240 9245
f 7965 7062 10190
f 10190 7062 7949
f 10199 10239 7965
f 9246 9247 7962
f 7964 7962 9248
f 7062 7965 7964
f 7062 7964 7064
f 7064 7964 9248
f 7048 7047 7962
f 7962 7047 9249
f 7962 9249 9248
f 9248 9249 9250
f 9248 9250 9251
f 9251 9250 7056
f 9246 7962 7032
f 7032 7962 7960
f 7032 7960 7034
f 7037 9252 9253
f 9254 9255 7039
f 7039 9255 7044
f 7039 7044 7040
f 9250 7051 7056
f 7056 7051 9256
f 7052 9257 9258
f 9253 7040 7037
f 7037 7040 7044
f 7037 7044 7038
f 7038 7044 7043
f 7038 7043 9247
f 9247 7043 9259
f 9247 9259 7962
f 7962 9259 9260
f 7962 9260 7048
f 9258 7056 7052
f 7052 7056 7053
f 7053 7056 9256
f 7053 9256 9261
f 10199 7034 10239
f 10239 7034 7960
f 10199 9262 7940
f 7942 9263 7018
f 7942 9264 7944
f 7944 9264 9265
f 7034 10199 7944
f 7034 7944 7036
f 7036 7944 9265
f 9263 7942 9266
f 9266 7942 9267
f 9266 9267 7013
f 7013 9267 7006
f 7013 7006 7014
f 7018 7017 7942
f 7942 7017 9268
f 7942 9268 9264
f 9264 9268 9269
f 9264 9269 7022
f 9270 9271 9262
f 9262 9271 7003
f 9262 7003 7940
f 7940 7003 7004
f 7940 7004 7942
f 7942 7004 9272
f 7942 9272 9267
f 7021 7029 7022
f 7022 7029 9264
f 9273 9274 7005
f 7005 9274 7010
f 7005 7010 7006
f 7006 7010 7009
f 7009 9275 7006
f 7006 9275 9276
f 7006 9276 7014
f 9277 9278 7025
f 7025 9278 7029
f 7025 7029 7026
f 7026 7029 7021
f 7026 7021 9279
f 9279 7021 9280
f 10197 7965 10233
f 7972 10199 10197
f 7972 10197 10233
f 7965 10197 10199
f 10233 7947 9281
f 9281 7947 8693
f 7947 7965 8693
f 9284 9282 9281
f 9282 9284 8692
f 8693 8692 9283
f 8693 9283 9281
f 9281 9283 9284
f 8563 8640 8692
f 8692 8640 9282
f 8630 10194 8640
f 8630 8640 8632
f 8631 9285 8630
f 8630 9285 9286
f 8630 9286 10194
f 7972 10233 7974
f 7974 10233 9281
f 7974 9281 7976
f 7976 9281 9282
f 7976 9282 9286
f 9286 9282 8640
f 9286 8640 10194
f 8649 8650 8619
f 8619 8650 8618
f 8681 8682 8600
f 8600 8682 8599
f 8687 8688 8594
f 8594 8688 8593
f 8743 8744 8371
f 8371 8744 8370
f 8755 8756 8331
f 8331 8756 8330
f 8806 8807 8433
f 8433 8807 8432
f 8709 8721 8316
f 8316 8721 8317
f 8750 8748 8337
f 8337 8748 8391
f 8729 8728 8314
f 8314 8728 8315
f 8700 8724 8280
f 8280 8724 8301
f 8714 8708 8356
f 8356 8708 8357
f 8673 8675 8581
f 8581 8675 8583
f 8667 8666 8571
f 8571 8666 8572
f 8676 8674 8582
f 8582 8674 8580
f 8668 8670 8586
f 8586 8670 8588
f 8661 8660 8564
f 8564 8660 8565
f 8671 8669 8587
f 8587 8669 8585
f 8610 8637 8576
f 8576 8637 8639
f 8576 8639 8574
f 8574 8639 8662
f 8644 8642 8614
f 8614 8642 8615
f 8622 9285 8606
f 8606 9285 8631
f 8606 8631 8611
f 8611 8631 8633
f 8692 8628 8694
f 8694 8628 8287
f 8694 8287 8699
f 8699 8287 8281
f 8699 8281 8696
f 8696 8281 8293
f 8696 8293 8703
f 8703 8293 8294
f 8703 8294 8691
f 8691 8294 8282
f 8691 8282 8692
f 8692 8282 8628
f 9284 8628 8692
f 8692 8628 9283
f 9283 8628 9284
f 9284 8628 8626
f 9284 8626 8627
f 9284 8627 8628
f 8640 8623 8657
f 8657 8623 8575
f 8657 8575 8656
f 8656 8575 8566
f 8656 8566 8563
f 8563 8566 8567
f 8640 8563 8623
f 8640 8623 8628
f 8640 8628 8623
f 8632 8605 8634
f 8634 8605 8604
f 8634 8604 8638
f 8638 8604 8608
f 8638 8608 8640
f 8640 8608 8623
f 8640 8623 8632
f 8632 8623 8605
f 7981 9262 7978
f 7978 9262 10199
f 7978 10199 7972
f 7001 7003 9271
f 7001 9271 7984
f 7984 9271 9270
f 7984 9270 7983
f 7983 9270 9262
f 7983 9262 7981
f 8611 8633 8612
f 8612 8633 8646
f 8612 8646 8613
f 8613 8646 8645
f 8613 8645 8614
f 8614 8645 8644
f 8615 8642 8648
f 8615 8648 8621
f 8621 8648 8647
f 8621 8647 8620
f 8620 8647 8649
f 8620 8649 8619
f 8641 8643 8617
f 8641 8617 8652
f 8652 8617 8616
f 8652 8616 8651
f 8651 8616 8618
f 8651 8618 8650
f 8607 8643 8636
f 8607 8636 8609
f 8609 8636 8635
f 8609 8635 8610
f 8610 8635 8637
f 8574 8662 8569
f 8569 8662 8663
f 8569 8663 8570
f 8570 8663 8672
f 8570 8672 8587
f 8587 8672 8671
f 8585 8669 8680
f 8585 8680 8602
f 8602 8680 8679
f 8602 8679 8601
f 8601 8679 8681
f 8601 8681 8600
f 8668 8586 8598
f 8668 8598 8684
f 8684 8598 8597
f 8684 8597 8683
f 8683 8597 8599
f 8683 8599 8682
f 8588 8670 8589
f 8589 8670 8659
f 8589 8659 8590
f 8590 8659 8658
f 8590 8658 8564
f 8564 8658 8661
f 8565 8660 8579
f 8579 8660 8678
f 8579 8678 8578
f 8578 8678 8677
f 8578 8677 8582
f 8582 8677 8676
f 8580 8674 8686
f 8580 8686 8596
f 8596 8686 8685
f 8596 8685 8595
f 8595 8685 8687
f 8595 8687 8594
f 8673 8581 8592
f 8673 8592 8690
f 8690 8592 8591
f 8690 8591 8689
f 8689 8591 8593
f 8689 8593 8688
f 8583 8675 8584
f 8584 8675 8655
f 8584 8655 8577
f 8577 8655 8654
f 8577 8654 8571
f 8571 8654 8667
f 8572 8666 8573
f 8573 8666 8665
f 8573 8665 8568
f 8568 8665 8664
f 8568 8664 8286
f 8286 8664 8653
f 8286 8653 8339
f 8339 8653 8742
f 8339 8742 8373
f 8373 8742 8741
f 8373 8741 8372
f 8372 8741 8743
f 8372 8743 8371
f 8718 8717 8369
f 8718 8369 8746
f 8746 8369 8368
f 8746 8368 8745
f 8745 8368 8370
f 8745 8370 8744
f 8340 8717 8716
f 8340 8716 8355
f 8355 8716 8715
f 8355 8715 8356
f 8356 8715 8714
f 8357 8708 8285
f 8285 8708 8707
f 8285 8707 8279
f 8279 8707 8706
f 8279 8706 8280
f 8280 8706 8700
f 8301 8724 8754
f 8301 8754 8333
f 8333 8754 8753
f 8333 8753 8332
f 8332 8753 8755
f 8332 8755 8331
f 8725 8723 8329
f 8725 8329 8758
f 8758 8329 8328
f 8758 8328 8757
f 8757 8328 8330
f 8757 8330 8756
f 8300 8723 8722
f 8300 8722 8313
f 8313 8722 8730
f 8313 8730 8314
f 8314 8730 8729
f 8315 8728 8334
f 8334 8728 8752
f 8334 8752 8335
f 8335 8752 8751
f 8335 8751 8337
f 8337 8751 8750
f 8391 8748 8805
f 8391 8805 8435
f 8435 8805 8804
f 8435 8804 8434
f 8434 8804 8806
f 8434 8806 8433
f 8747 8749 8431
f 8747 8431 8809
f 8809 8431 8430
f 8809 8430 8808
f 8808 8430 8432
f 8808 8432 8807
f 8336 8749 8698
f 8336 8698 8338
f 8338 8698 8697
f 8338 8697 8316
f 8316 8697 8709
f 8317 8721 8318
f 8318 8721 8720
f 8318 8720 8354
f 8354 8720 8719
f 8354 8719 7970
f 7971 7970 8783
f 7971 8783 8395
f 8395 8783 8782
f 8395 8782 8394
f 8394 8782 7966
f 8394 7966 7968
f 7969 7967 8784
f 7969 8784 8392
f 8392 8784 8785
f 8392 8785 8393
f 8393 8785 7934
f 8393 7934 7936
f 7930 7932 8766
f 8766 7932 8296
f 8766 8296 8695
f 8695 8296 8295
f 8695 8295 7935
f 7935 8295 7937
f 7926 7928 8891
f 8891 7928 8299
f 8891 8299 8892
f 8892 8299 8297
f 8892 8297 7931
f 7931 8297 7933
f 7929 7927 8874
f 7929 8874 8389
f 8389 8874 8873
f 8389 8873 8388
f 8388 8873 7922
f 8388 7922 7924
f 7925 7923 8872
f 7925 8872 8386
f 8386 8872 8871
f 8386 8871 8387
f 8387 8871 7920
f 8387 7920 7921
f 7916 7918 8733
f 8733 7918 8309
f 8733 8309 8732
f 8732 8309 8298
f 8732 8298 7921
f 7912 7914 8870
f 8870 7914 8312
f 8870 8312 8710
f 8710 8312 8310
f 8710 8310 7917
f 7917 8310 7919
f 7915 7913 8836
f 7915 8836 8414
f 8414 8836 8835
f 8414 8835 8413
f 8413 8835 7908
f 8413 7908 7910
f 7911 7909 8834
f 7911 8834 8411
f 8411 8834 8833
f 8411 8833 8412
f 8412 8833 7906
f 8412 7906 7907
f 7902 7904 8765
f 8765 7904 8325
f 8765 8325 8711
f 8711 8325 8311
f 8711 8311 7907
f 7898 7900 8869
f 8869 7900 8327
f 8869 8327 8764
f 8764 8327 8347
f 8764 8347 7903
f 7903 8347 7905
f 7901 7899 8832
f 7901 8832 8425
f 8425 8832 8831
f 8425 8831 8424
f 8424 8831 7894
f 8424 7894 7896
f 7897 7895 8830
f 7897 8830 8422
f 8422 8830 8829
f 8422 8829 8423
f 8423 8829 7892
f 8423 7892 7893
f 7888 7890 8762
f 8762 7890 8348
f 8762 8348 8763
f 8763 8348 8326
f 8763 8326 7893
f 7884 7886 8810
f 8810 7886 8350
f 8810 8350 8761
f 8761 8350 8349
f 8761 8349 7889
f 7889 8349 7891
f 7887 7885 8866
f 7887 8866 8445
f 8445 8866 8865
f 8445 8865 8444
f 8444 8865 7880
f 8444 7880 7882
f 7883 7881 8867
f 7883 8867 8442
f 8442 8867 8868
f 8442 8868 8443
f 8443 8868 7878
f 8443 7878 7879
f 7874 7876 8759
f 8759 7876 8367
f 8759 8367 8760
f 8760 8367 8351
f 8760 8351 7879
f 7870 7872 8786
f 8786 7872 8390
f 8786 8390 8731
f 8731 8390 8352
f 8731 8352 7875
f 7875 8352 7877
f 7873 7871 8826
f 7873 8826 8429
f 8429 8826 8825
f 8429 8825 8428
f 8428 8825 7866
f 8428 7866 7868
f 7869 7867 8827
f 7869 8827 8426
f 8426 8827 8828
f 8426 8828 8427
f 8427 8828 7862
f 8427 7862 7864
f 7858 7860 8701
f 8701 7860 8319
f 8701 8319 8702
f 8702 8319 8353
f 8702 8353 7863
f 7863 8353 7865
f 8861 7856 8303
f 8861 8303 8726
f 8726 8303 8302
f 8726 8302 7859
f 7859 8302 7861
f 7857 7856 8914
f 7857 8914 8399
f 8399 8914 8913
f 8399 8913 8398
f 8398 8913 7852
f 8398 7852 7854
f 7855 7853 8864
f 7855 8864 8396
f 8396 8864 8863
f 8396 8863 8397
f 8397 8863 7849
f 8397 7849 7851
f 7845 7847 8740
f 8740 7847 8320
f 8740 8320 8862
f 8862 8320 8304
f 8862 8304 7850
f 7850 8304 7851
f 7841 7843 8802
f 8802 7843 8306
f 8802 8306 8803
f 8803 8306 8305
f 8803 8305 7846
f 7846 8305 7848
f 7844 7842 8858
f 7844 8858 8403
f 8403 8858 8857
f 8403 8857 8402
f 8402 8857 7837
f 8402 7837 7839
f 7840 7838 8859
f 7840 8859 8400
f 8400 8859 8860
f 8400 8860 8401
f 8401 8860 7835
f 8401 7835 7836
f 7831 7833 8800
f 8800 7833 8374
f 8800 8374 8801
f 8801 8374 8307
f 8801 8307 7836
f 7827 7829 8856
f 8856 7829 8359
f 8856 8359 8799
f 8799 8359 8358
f 8799 8358 7832
f 7832 8358 7834
f 7830 7828 8910
f 7830 8910 8449
f 8449 8910 8909
f 8449 8909 8448
f 8448 8909 7823
f 8448 7823 7825
f 7826 7824 8911
f 7826 8911 8446
f 8446 8911 8912
f 8446 8912 8447
f 8447 8912 7821
f 8447 7821 7822
f 7817 7819 8781
f 8781 7819 8404
f 8781 8404 8798
f 8798 8404 8360
f 8798 8360 7822
f 7813 7815 8890
f 8890 7815 8377
f 8890 8377 8855
f 8855 8377 8375
f 8855 8375 7818
f 7818 8375 7820
f 7816 7814 8924
f 7816 8924 8463
f 8463 8924 8923
f 8463 8923 8462
f 8462 8923 7809
f 8462 7809 7811
f 7812 7810 8925
f 7812 8925 8460
f 8460 8925 8926
f 8460 8926 8461
f 8461 8926 7807
f 8461 7807 7808
f 7803 7805 8940
f 8940 7805 8415
f 8940 8415 8854
f 8854 8415 8376
f 8854 8376 7808
f 8852 7801 8407
f 8852 8407 8853
f 8853 8407 8405
f 8853 8405 7804
f 7804 8405 7806
f 7802 7801 8957
f 7802 8957 8484
f 8484 8957 8956
f 8484 8956 8483
f 8483 8956 7797
f 8483 7797 7799
f 7800 7798 8958
f 7800 8958 8481
f 8481 8958 8959
f 8481 8959 8482
f 8482 8959 7795
f 8482 7795 7796
f 7791 7793 8888
f 8888 7793 8436
f 8888 8436 8889
f 8889 8436 8406
f 8889 8406 7796
f 7787 7789 8908
f 8908 7789 8522
f 8908 8522 8950
f 8950 8522 8416
f 8950 8416 7792
f 7792 8416 7794
f 7790 7788 8949
f 7790 8949 8523
f 8523 8949 8948
f 8523 8948 8535
f 8535 8948 7783
f 8535 7783 7785
f 7786 7784 8961
f 7786 8961 8524
f 8524 8961 8960
f 8524 8960 8525
f 8525 8960 7779
f 8525 7779 7781
f 7775 7777 8779
f 8779 7777 8465
f 8779 8465 8780
f 8780 8465 8464
f 8780 8464 7780
f 7780 8464 7782
f 8823 7773 8467
f 8823 8467 8907
f 8907 8467 8466
f 8907 8466 7776
f 7776 8466 7778
f 7774 7773 8939
f 7774 8939 8539
f 8539 8939 8938
f 8539 8938 8538
f 8538 8938 7769
f 8538 7769 7771
f 7772 7770 8947
f 7772 8947 8536
f 8536 8947 8937
f 8536 8937 8537
f 8537 8937 7768
f 7764 7766 8976
f 8976 7766 8485
f 8976 8485 8824
f 8824 8485 8468
f 8824 8468 7768
f 7768 8468 8537
f 7760 7762 8955
f 8955 7762 8540
f 8955 8540 8905
f 8905 8540 8486
f 8905 8486 7765
f 7765 8486 7767
f 7763 7761 8970
f 7763 8970 8541
f 8541 8970 8969
f 8541 8969 8554
f 8554 8969 7756
f 8554 7756 7758
f 7759 7757 8971
f 7759 8971 8542
f 8542 8971 8972
f 8542 8972 8543
f 8543 8972 7752
f 8543 7752 7754
f 7748 7750 8906
f 8906 7750 8503
f 8906 8503 8904
f 8904 8503 8502
f 8904 8502 7753
f 7753 8502 7755
f 7744 7746 8943
f 8943 7746 8505
f 8943 8505 8944
f 8944 8505 8504
f 8944 8504 7749
f 7749 8504 7751
f 7747 7745 8965
f 7747 8965 8558
f 8558 8965 8964
f 8558 8964 8557
f 8557 8964 7740
f 8557 7740 7742
f 7743 7741 8966
f 7743 8966 8555
f 8555 8966 8967
f 8555 8967 8556
f 8556 8967 7738
f 8556 7738 7739
f 7734 7736 8977
f 8977 7736 8511
f 8977 8511 8942
f 8942 8511 8506
f 8942 8506 7739
f 7730 7732 8851
f 8851 7732 8527
f 8851 8527 8973
f 8973 8527 8512
f 8973 8512 7735
f 7735 8512 7737
f 7733 7731 8954
f 7733 8954 8562
f 8562 8954 8953
f 8562 8953 8561
f 8561 8953 7726
f 8561 7726 7728
f 7729 7727 8963
f 7729 8963 8559
f 8559 8963 8962
f 8559 8962 8560
f 8560 8962 7723
f 8560 7723 7725
f 7719 7721 8974
f 8974 7721 8528
f 8974 8528 8975
f 8975 8528 8526
f 8975 8526 7724
f 7724 8526 7725
f 8946 7717 8362
f 8946 8362 8968
f 8968 8362 8361
f 8968 8361 7720
f 7720 8361 7722
f 7718 7717 8979
f 7718 8979 8516
f 8516 8979 8978
f 8516 8978 8515
f 8515 8978 7713
f 8515 7713 7715
f 7716 7714 8980
f 7716 8980 8513
f 8513 8980 8981
f 8513 8981 8514
f 8514 8981 7709
f 8514 7709 7711
f 7705 7707 8936
f 8936 7707 8450
f 8936 8450 8945
f 8945 8450 8487
f 8945 8487 7710
f 7710 8487 7712
f 7701 7703 8903
f 8903 7703 8289
f 8903 8289 8935
f 8935 8289 8288
f 8935 8288 7706
f 7706 8288 7708
f 7704 7702 8932
f 7704 8932 8488
f 8488 8932 8931
f 8488 8931 8507
f 8507 8931 7697
f 8507 7697 7699
f 7700 7698 8933
f 7700 8933 8489
f 8489 8933 8934
f 8489 8934 8490
f 8490 8934 7693
f 8490 7693 7695
f 7689 7691 8821
f 8821 7691 8469
f 8821 8469 8822
f 8822 8469 8408
f 8822 8408 7694
f 7694 8408 7696
f 7685 7687 8777
f 8777 7687 8492
f 8777 8492 8776
f 8776 8492 8470
f 8776 8470 7690
f 7690 8470 7692
f 7688 7686 8930
f 7688 8930 8529
f 8529 8930 8929
f 8529 8929 8530
f 8530 8929 7681
f 8530 7681 7683
f 7684 7682 8886
f 7684 8886 8545
f 8545 8886 8885
f 8545 8885 8544
f 8544 8885 7677
f 8544 7677 7679
f 7673 7675 8778
f 8778 7675 8493
f 8778 8493 8901
f 8901 8493 8491
f 8901 8491 7678
f 7678 8491 7680
f 8887 7671 8472
f 8887 8472 8902
f 8902 8472 8494
f 8902 8494 7674
f 7674 8494 7676
f 7672 7671 8922
f 7672 8922 8549
f 8549 8922 8921
f 8549 8921 8548
f 8548 8921 7667
f 8548 7667 7669
f 7670 7668 8850
f 7670 8850 8546
f 8546 8850 8849
f 8546 8849 8547
f 8547 8849 7666
f 7662 7664 8712
f 8712 7664 8495
f 8712 8495 8713
f 8713 8495 8471
f 8713 8471 7666
f 7666 8471 8547
f 7659 7660 8796
f 8796 7660 8517
f 8796 8517 8797
f 8797 8517 8417
f 8797 8417 7663
f 7663 8417 7665
f 7661 7659 8900
f 7661 8900 8508
f 8508 8900 8899
f 8508 8899 8509
f 8509 8899 7655
f 8509 7655 7657
f 7658 7656 8820
f 7658 8820 8531
f 8531 8820 8819
f 8531 8819 8532
f 8532 8819 7654
f 7650 7652 8704
f 8704 7652 8519
f 8704 8519 8705
f 8705 8519 8518
f 8705 8518 7654
f 7654 8518 8532
f 7646 7648 8794
f 8794 7648 8456
f 8794 8456 8818
f 8818 8456 8455
f 8818 8455 7651
f 7651 8455 7653
f 7649 7647 8846
f 7649 8846 8496
f 8496 8846 8845
f 8496 8845 8497
f 8497 8845 7642
f 8497 7642 7644
f 7645 7643 8847
f 7645 8847 8510
f 8510 8847 8848
f 8510 8848 8473
f 8473 8848 7638
f 8473 7638 7640
f 7634 7636 8884
f 8884 7636 8457
f 8884 8457 8795
f 8795 8457 8474
f 8795 8474 7639
f 7639 8474 7641
f 7630 7632 8774
f 8774 7632 8499
f 8774 8499 8773
f 8773 8499 8458
f 8773 8458 7635
f 7635 8458 7637
f 7633 7631 8897
f 7633 8897 8520
f 8520 8897 8896
f 8520 8896 8521
f 8521 8896 7626
f 8521 7626 7628
f 7629 7627 8817
f 7629 8817 8534
f 8534 8817 8816
f 8534 8816 8533
f 8533 8816 7622
f 8533 7622 7624
f 7618 7620 8775
f 8775 7620 8498
f 8775 8498 8844
f 8844 8498 8418
f 8844 8418 7623
f 7623 8418 7625
f 8814 7616 8476
f 8814 8476 8898
f 8898 8476 8409
f 8898 8409 7619
f 7619 8409 7621
f 7617 7616 8883
f 7617 8883 8553
f 8553 8883 8882
f 8553 8882 8552
f 8552 8882 7612
f 8552 7612 7614
f 7615 7613 8793
f 7615 8793 8550
f 8550 8793 8792
f 8550 8792 8551
f 8551 8792 7611
f 7607 7609 8941
f 8941 7609 8500
f 8941 8500 8815
f 8815 8500 8475
f 8815 8475 7611
f 7611 8475 8551
f 7603 7605 8790
f 8790 7605 8342
f 8790 8342 8791
f 8791 8342 8341
f 8791 8341 7608
f 7608 8341 7610
f 7606 7604 8928
f 7606 8928 8477
f 8477 8928 8927
f 8477 8927 8478
f 8478 8927 7599
f 8478 7599 7601
f 7602 7600 8881
f 7602 8881 8479
f 8479 8881 8880
f 8479 8880 8480
f 8480 8880 7595
f 8480 7595 7597
f 7591 7593 8789
f 8789 7593 8419
f 8789 8419 8895
f 8895 8419 8501
f 8895 8501 7596
f 7596 8501 7598
f 7587 7589 8738
f 8738 7589 8382
f 8738 8382 8952
f 8952 8382 8381
f 8952 8381 7592
f 7592 8381 7594
f 7590 7588 8920
f 7590 8920 8439
f 8439 8920 8919
f 8439 8919 8440
f 8440 8919 7583
f 8440 7583 7585
f 7586 7584 8843
f 7586 8843 8454
f 8454 8843 8842
f 8454 8842 8453
f 8453 8842 7579
f 8453 7579 7581
f 7575 7577 8739
f 8739 7577 8441
f 8739 8441 8879
f 8879 8441 8383
f 8879 8383 7580
f 7580 8383 7582
f 7571 7573 8813
f 8813 7573 8379
f 8813 8379 8951
f 8951 8379 8378
f 8951 8378 7576
f 7576 8378 7578
f 7574 7572 8878
f 7574 8878 8437
f 8437 8878 8877
f 8437 8877 8438
f 8438 8877 7567
f 8438 7567 7569
f 7570 7568 8788
f 7570 8788 8452
f 8452 8788 8787
f 8452 8787 8451
f 8451 8787 7563
f 8451 7563 7565
f 7559 7561 8772
f 8772 7561 8459
f 8772 8459 8771
f 8771 8459 8380
f 8771 8380 7564
f 7564 8380 7566
f 8918 7558 8769
f 8769 7558 8420
f 8769 8420 8770
f 8770 8420 8421
f 8770 8421 7560
f 7560 8421 7562
f 7558 8918 8384
f 8384 8918 8917
f 8384 8917 8385
f 8385 8917 7554
f 8385 7554 7556
f 7557 7555 8841
f 7557 8841 8410
f 8410 8841 8840
f 8410 8840 8363
f 8363 8840 7553
f 7549 7551 8768
f 8768 7551 8321
f 8768 8321 8876
f 8876 8321 7558
f 8876 7558 7553
f 7545 7547 8736
f 8736 7547 8284
f 8736 8284 8737
f 8737 8284 8283
f 8737 8283 7550
f 7550 8283 7552
f 7548 7546 8916
f 7548 8916 8343
f 8343 8916 8915
f 8343 8915 8344
f 8344 8915 7541
f 8344 7541 7543
f 7544 7542 8839
f 7544 8839 8364
f 8364 8839 8838
f 8364 8838 8322
f 8322 8838 7537
f 8322 7537 7539
f 7533 7535 8767
f 8767 7535 8324
f 8767 8324 8875
f 8875 8324 8323
f 8875 8323 7538
f 7538 8323 7540
f 7529 7531 8734
f 8734 7531 8291
f 8734 8291 8735
f 8735 8291 8308
f 8735 8308 7534
f 7534 8308 7536
f 7532 7530 8894
f 7532 8894 8345
f 8345 8894 8893
f 8345 8893 8346
f 8346 8893 7525
f 8346 7525 7527
f 7528 7526 8812
f 7528 8812 8366
f 8366 8812 8811
f 8366 8811 8365
f 8365 8811 7521
f 8365 7521 7523
f 7518 7517 8727
f 8727 7517 8292
f 8727 8292 8837
f 8837 8292 8290
f 8837 8290 7522
f 7522 8290 7524
f 7513 7515 9066
f 9066 7515 8040
f 9066 8040 9067
f 9067 8040 8039
f 9067 8039 7520
f 7520 8039 7519
f 7516 7514 9211
f 7516 9211 8156
f 8156 9211 9210
f 8156 9210 8155
f 8155 9210 7509
f 8155 7509 7511
f 7512 7510 9130
f 7512 9130 8153
f 8153 9130 9129
f 8153 9129 8154
f 8154 9129 7506
f 8154 7506 7508
f 7502 7504 9065
f 9065 7504 8266
f 9065 8266 9161
f 9161 8266 8041
f 9161 8041 7507
f 7507 8041 7508
f 7498 7500 9030
f 9030 7500 8107
f 9030 8107 9031
f 9031 8107 8106
f 9031 8106 7503
f 7503 8106 7505
f 7501 7499 9160
f 7501 9160 8087
f 8087 9160 9159
f 8087 9159 8088
f 8088 9159 7494
f 8088 7494 7496
f 7497 7495 9064
f 7497 9064 8157
f 8157 9064 9063
f 8157 9063 8158
f 8158 9063 7490
f 8158 7490 7492
f 7486 7488 9128
f 9128 7488 8104
f 9128 8104 9106
f 9106 8104 8105
f 9106 8105 7491
f 7491 8105 7493
f 7482 7484 9157
f 9157 7484 8178
f 9157 8178 9158
f 9158 8178 8233
f 9158 8233 7487
f 7487 8233 7489
f 7485 7483 9188
f 7485 9188 8213
f 8213 9188 9187
f 8213 9187 8214
f 8214 9187 7478
f 8214 7478 7480
f 7481 7479 9208
f 7481 9208 8234
f 8234 9208 9186
f 8234 9186 8179
f 8179 9186 7474
f 8179 7474 7476
f 7470 7472 9156
f 9156 7472 8237
f 9156 8237 9185
f 9185 8237 8177
f 9185 8177 7475
f 7475 8177 7477
f 7467 7468 9014
f 9014 7468 8180
f 9014 8180 9155
f 9155 8180 8182
f 9155 8182 7471
f 7471 8182 7473
f 7469 7467 9154
f 7469 9154 8053
f 8053 9154 9153
f 8053 9153 8054
f 8054 9153 7463
f 8054 7463 7465
f 7466 7464 9062
f 7466 9062 8235
f 8235 9062 9061
f 8235 9061 8236
f 8236 9061 7462
f 7458 7460 9012
f 9012 7460 8183
f 9012 8183 9013
f 9013 8183 8181
f 9013 8181 7462
f 7462 8181 8236
f 7454 7456 9126
f 9126 7456 8072
f 9126 8072 9127
f 9127 8072 8071
f 9127 8071 7459
f 7459 8071 7461
f 7457 7455 9191
f 7457 9191 8238
f 8238 9191 9190
f 8238 9190 8239
f 8239 9190 7450
f 8239 7450 7452
f 7453 7451 9209
f 7453 9209 8240
f 8240 9209 9189
f 8240 9189 8241
f 8241 9189 7446
f 8241 7446 7448
f 7442 7444 9059
f 9059 7444 8070
f 9059 8070 9060
f 9060 8070 8251
f 9060 8251 7447
f 7447 8251 7449
f 7438 7440 9102
f 9102 7440 8090
f 9102 8090 9124
f 9124 8090 8089
f 9124 8089 7443
f 7443 8089 7445
f 7441 7439 9150
f 7441 9150 8215
f 8215 9150 9149
f 8215 9149 8216
f 8216 9149 7434
f 8216 7434 7436
f 7437 7435 9056
f 7437 9056 8242
f 8242 9056 9055
f 8242 9055 8184
f 8184 9055 7430
f 8184 7430 7432
f 7426 7428 9125
f 9125 7428 8108
f 9125 8108 9103
f 9103 8108 8185
f 9103 8185 7431
f 7431 8185 7433
f 9104 7424 8109
f 9104 8109 9105
f 9105 8109 8091
f 9105 8091 7427
f 7427 8091 7429
f 7425 7424 9152
f 7425 9152 8255
f 8255 9152 9151
f 8255 9151 8254
f 8254 9151 7420
f 8254 7420 7422
f 7423 7421 9058
f 7423 9058 8252
f 8252 9058 9057
f 8252 9057 8253
f 8253 9057 7419
f 7415 7417 8984
f 8984 7417 8159
f 8984 8159 8985
f 8985 8159 8110
f 8985 8110 7419
f 7419 8110 8253
f 7411 7413 9023
f 9023 7413 8020
f 9023 8020 9024
f 9024 8020 8019
f 9024 8019 7416
f 7416 8019 7418
f 7414 7412 9184
f 7414 9184 8190
f 8190 9184 9183
f 8190 9183 8191
f 8191 9183 7407
f 8191 7407 7409
f 7410 7408 9101
f 7410 9101 8218
f 8218 9101 9100
f 8218 9100 8217
f 8217 9100 7403
f 8217 7403 7405
f 7399 7401 9054
f 9054 7401 8192
f 9054 8192 9123
f 9123 8192 8092
f 9123 8092 7404
f 7404 8092 7406
f 7395 7397 9099
f 9099 7397 8056
f 9099 8056 9053
f 9053 8056 8055
f 9053 8055 7400
f 7400 8055 7402
f 7398 7396 9206
f 7398 9206 8189
f 8189 9206 9205
f 8189 9205 8188
f 8188 9205 7391
f 8188 7391 7393
f 7394 7392 9207
f 7394 9207 8186
f 8186 9207 9182
f 8186 9182 8187
f 8187 9182 7388
f 8187 7388 7390
f 7384 7386 9098
f 9098 7386 8027
f 9098 8027 9181
f 9181 8027 8026
f 9181 8026 7389
f 7389 8026 7390
f 7380 7382 9028
f 9028 7382 8029
f 9028 8029 9027
f 9027 8029 8160
f 9027 8160 7385
f 7385 8160 7387
f 7383 7381 9148
f 7383 9148 8114
f 8114 9148 9147
f 8114 9147 8113
f 8113 9147 7376
f 8113 7376 7378
f 7379 7377 9052
f 7379 9052 8111
f 8111 9052 9051
f 8111 9051 8112
f 8112 9051 7373
f 8112 7373 7375
f 7369 7371 9029
f 9029 7371 8223
f 9029 8223 9097
f 9097 8223 8028
f 9097 8028 7374
f 7374 8028 7375
f 8986 7367 8074
f 8986 8074 8987
f 8987 8074 8073
f 8987 8073 7370
f 7370 8073 7372
f 7368 7367 9180
f 7368 9180 8222
f 8222 9180 9179
f 8222 9179 8221
f 8221 9179 7363
f 8221 7363 7365
f 7366 7364 9096
f 7366 9096 8219
f 8219 9096 9095
f 8219 9095 8220
f 8220 9095 7362
f 7358 7360 9050
f 9050 7360 8043
f 9050 8043 8988
f 8988 8043 8042
f 8988 8042 7362
f 7362 8042 8220
f 7354 7356 9021
f 9021 7356 8117
f 9021 8117 9022
f 9022 8117 8193
f 9022 8193 7359
f 7359 8193 7361
f 7357 7355 9178
f 7357 9178 8163
f 8163 9178 9177
f 8163 9177 8164
f 8164 9177 7350
f 8164 7350 7352
f 7353 7351 9204
f 7353 9204 8199
f 8199 9204 9176
f 8199 9176 8118
f 8118 9176 7346
f 8118 7346 7348
f 7342 7344 9089
f 9089 7344 8267
f 9089 8267 9175
f 9175 8267 8116
f 9175 8116 7347
f 7347 8116 7349
f 7338 7340 9088
f 9088 7340 8059
f 9088 8059 9086
f 9086 8059 8057
f 9086 8057 7343
f 7343 8057 7345
f 7341 7339 9229
f 7341 9229 8197
f 8197 9229 9228
f 8197 9228 8196
f 8196 9228 7334
f 8196 7334 7336
f 7337 7335 9146
f 7337 9146 8194
f 8194 9146 9145
f 8194 9145 8195
f 8195 9145 7331
f 8195 7331 7333
f 7327 7329 9087
f 9087 7329 8271
f 9087 8271 9174
f 9174 8271 8058
f 9174 8058 7332
f 7332 8058 7333
f 7324 7325 8997
f 8997 7325 8062
f 8997 8062 8998
f 8998 8062 8060
f 8998 8060 7328
f 7328 8060 7330
f 7326 7324 9173
f 7326 9173 8161
f 8161 9173 9172
f 8161 9172 8162
f 8162 9172 7320
f 8162 7320 7322
f 7323 7321 9085
f 7323 9085 8198
f 8198 9085 9084
f 8198 9084 8115
f 8115 9084 7319
f 7315 7317 9020
f 9020 7317 8276
f 9020 8276 8999
f 8999 8276 8061
f 8999 8061 7319
f 7319 8061 8115
f 7311 7313 9011
f 9011 7313 8121
f 9011 8121 8982
f 8982 8121 8119
f 8982 8119 7316
f 7316 8119 7318
f 7314 7312 9049
f 7314 9049 8259
f 8259 9049 9048
f 8259 9048 8258
f 8258 9048 7307
f 8258 7307 7309
f 7310 7308 9094
f 7310 9094 8256
f 8256 9094 9093
f 8256 9093 8257
f 8257 9093 7306
f 7302 7304 9171
f 9171 7304 8120
f 9171 8120 8983
f 8983 8120 8122
f 8983 8122 7306
f 7306 8122 8257
f 7298 7300 8995
f 8995 7300 8124
f 8995 8124 9121
f 9121 8124 8200
f 9121 8200 7303
f 7303 8200 7305
f 7301 7299 9142
f 7301 9142 8165
f 8165 9142 9141
f 8165 9141 8166
f 8166 9141 7294
f 8166 7294 7296
f 7297 7295 9170
f 7297 9170 8201
f 8201 9170 9140
f 8201 9140 8125
f 8125 9140 7290
f 8125 7290 7292
f 7286 7288 9169
f 9169 7288 8167
f 9169 8167 8996
f 8996 8167 8123
f 8996 8123 7291
f 7291 8123 7293
f 7282 7284 9044
f 9044 7284 8031
f 9044 8031 9045
f 9045 8031 8030
f 9045 8030 7287
f 7287 8030 7289
f 7285 7283 9242
f 7285 9242 8226
f 8226 9242 9241
f 8226 9241 8227
f 8227 9241 7278
f 8227 7278 7280
f 7281 7279 9245
f 7281 9245 8250
f 8250 9245 9240
f 8250 9240 8249
f 8249 9240 7274
f 8249 7274 7276
f 7270 7272 9203
f 9203 7272 8277
f 9203 8277 9239
f 9239 8277 8128
f 9239 8128 7275
f 7275 8128 7277
f 7266 7268 9025
f 9025 7268 8095
f 9025 8095 9026
f 9026 8095 8093
f 9026 8093 7271
f 7271 8093 7273
f 7269 7267 9238
f 7269 9238 8246
f 8246 9238 9237
f 8246 9237 8245
f 8245 9237 7262
f 8245 7262 7264
f 7265 7263 9202
f 7265 9202 8243
f 8243 9202 9201
f 8243 9201 8244
f 8244 9201 7259
f 8244 7259 7261
f 7255 7257 9200
f 9200 7257 8278
f 9200 8278 9227
f 9227 8278 8094
f 9227 8094 7260
f 7260 8094 7261
f 7251 7253 9000
f 9000 7253 8127
f 9000 8127 9002
f 9002 8127 8130
f 9002 8130 7256
f 7256 8130 7258
f 7254 7252 9092
f 7254 9092 8224
f 8224 9092 9091
f 8224 9091 8225
f 8225 9091 7247
f 8225 7247 7249
f 7250 7248 9122
f 7250 9122 8248
f 8248 9122 9090
f 8248 9090 8247
f 8247 9090 7243
f 8247 7243 7245
f 7239 7241 9226
f 9226 7241 8129
f 9226 8129 9001
f 9001 8129 8126
f 9001 8126 7244
f 7244 8126 7246
f 7235 7237 9043
f 9043 7237 8076
f 9043 8076 9168
f 9168 8076 8228
f 9168 8228 7240
f 7240 8228 7242
f 7238 7236 9225
f 7238 9225 8168
f 8168 9225 9224
f 8168 9224 8169
f 8169 9224 7231
f 8169 7231 7233
f 7234 7232 9139
f 7234 9139 8203
f 8203 9139 9138
f 8203 9138 8202
f 8202 9138 7227
f 8202 7227 7229
f 7223 7225 9041
f 9041 7225 8270
f 9041 8270 9042
f 9042 8270 8075
f 9042 8075 7228
f 7228 8075 7230
f 7220 7221 9222
f 9222 7221 8275
f 9222 8275 9137
f 9137 8275 8274
f 9137 8274 7224
f 7224 8274 7226
f 7222 7220 9236
f 7222 9236 8268
f 8268 9236 9235
f 8268 9235 8269
f 8269 9235 7216
f 8269 7216 7218
f 7219 7217 9199
f 7219 9199 8272
f 8272 9199 9198
f 8272 9198 8264
f 8264 9198 7215
f 7211 7213 9234
f 9234 7213 8273
f 9234 8273 9223
f 9223 8273 8265
f 9223 8265 7215
f 9117 7209 8132
f 9117 8132 9118
f 9118 8132 8134
f 9118 8134 7212
f 7212 8134 7214
f 7210 7209 9244
f 7210 9244 8263
f 8263 9244 9243
f 8263 9243 8262
f 8262 9243 7205
f 8262 7205 7207
f 7208 7206 9221
f 7208 9221 8260
f 8260 9221 9220
f 8260 9220 8261
f 8261 9220 7204
f 7200 7202 9120
f 9120 7202 8133
f 9120 8133 9119
f 9119 8133 8131
f 9119 8131 7204
f 7204 8131 8261
f 9082 7198 8171
f 9082 8171 9231
f 9231 8171 8204
f 9231 8204 7201
f 7201 8204 7203
f 7199 7198 9144
f 7199 9144 8208
f 8208 9144 9143
f 8208 9143 8207
f 8207 9143 7194
f 8207 7194 7196
f 7197 7195 9047
f 7197 9047 8205
f 8205 9047 9046
f 8205 9046 8206
f 8206 9046 7193
f 7189 7191 9230
f 9230 7191 8172
f 9230 8172 9083
f 9083 8172 8170
f 9083 8170 7193
f 7193 8170 8206
f 7185 7187 9218
f 9218 7187 8078
f 9218 8078 9219
f 9219 8078 8077
f 9219 8077 7190
f 7190 8077 7192
f 7188 7186 9233
f 7188 9233 8079
f 8079 9233 9232
f 8079 9232 8080
f 8080 9232 7181
f 8080 7181 7183
f 7184 7182 9197
f 7184 9197 8081
f 8081 9197 9196
f 8081 9196 8082
f 8082 9196 7177
f 8082 7177 7179
f 7173 7175 9116
f 9116 7175 8052
f 9116 8052 9217
f 9217 8052 8096
f 9217 8096 7178
f 7178 8096 7180
f 7169 7171 9133
f 9133 7171 8051
f 9133 8051 9115
f 9115 8051 8066
f 9115 8066 7174
f 7174 8066 7176
f 7172 7170 9214
f 7172 9214 8097
f 8097 9214 9213
f 8097 9213 8098
f 8098 9213 7165
f 8098 7165 7167
f 7168 7166 9215
f 7168 9215 8148
f 8148 9215 9216
f 8148 9216 8147
f 8147 9216 7161
f 8147 7161 7163
f 7157 7159 9132
f 9132 7159 8065
f 9132 8065 9167
f 9167 8065 8050
f 9167 8050 7162
f 7162 8050 7164
f 9070 7155 8069
f 9070 8069 9166
f 9166 8069 8014
f 9166 8014 7158
f 7158 8014 7160
f 7156 7155 9135
f 7156 9135 8152
f 8152 9135 9134
f 8152 9134 8151
f 8151 9134 7151
f 8151 7151 7153
f 7154 7152 9037
f 7154 9037 8149
f 8149 9037 9036
f 8149 9036 8150
f 8150 9036 7150
f 7146 7148 9165
f 9165 7148 8067
f 9165 8067 9071
f 9071 8067 8068
f 9071 8068 7150
f 7150 8068 8150
f 7149 7147 8016
f 8016 7147 9016
f 8016 9016 8084
f 8084 9016 9015
f 8084 9015 7144
f 7144 9015 7143
f 7145 7143 9195
f 7145 9195 8173
f 8173 9195 9194
f 8173 9194 8174
f 8174 9194 7139
f 8174 7139 7141
f 7142 7140 9212
f 7142 9212 8175
f 8175 9212 9193
f 8175 9193 8176
f 8176 9193 7138
f 8176 7138 8024
f 8024 7138 9017
f 8024 9017 8083
f 8083 9017 9108
f 8083 9108 7136
f 7136 9108 7134
f 7137 7135 8018
f 8018 7135 9034
f 8018 9034 8100
f 8100 9034 9032
f 8100 9032 7132
f 7132 9032 7131
f 7133 7131 9164
f 7133 9164 8209
f 8209 9164 9163
f 8209 9163 8210
f 8210 9163 7127
f 8210 7127 7129
f 7130 7128 9192
f 7130 9192 8211
f 8211 9192 9162
f 8211 9162 8212
f 8212 9162 7126
f 8212 7126 8038
f 8038 7126 9033
f 8038 9033 8099
f 8099 9033 9035
f 8099 9035 7124
f 7124 9035 7122
f 7125 7123 8025
f 8025 7123 9131
f 8025 9131 8101
f 8101 9131 8989
f 8101 8989 7120
f 7120 8989 7119
f 7121 7119 9074
f 7121 9074 8229
f 8229 9074 9073
f 8229 9073 8230
f 8230 9073 7115
f 8230 7115 7117
f 7118 7116 9109
f 7118 9109 8231
f 8231 9109 9072
f 8231 9072 8232
f 8232 9072 7114
f 8232 7114 8102
f 8102 7114 8990
f 8102 8990 8103
f 8103 8990 9107
f 8103 9107 7112
f 7112 9107 7110
f 7113 7111 8085
f 8085 7111 9069
f 8085 9069 8086
f 8086 9069 9068
f 8086 9068 7109
f 7109 9068 9078
f 7109 9078 8064
f 8064 9078 9040
f 8064 9040 8063
f 8063 9040 7105
f 8063 7105 7107
f 7108 7106 9039
f 7108 9039 8045
f 8045 9039 9038
f 8045 9038 8046
f 8046 9038 7101
f 8046 7101 7103
f 7104 7102 8015
f 8015 7102 9019
f 8015 9019 8023
f 8023 9019 9018
f 8023 9018 7099
f 7099 9018 7097
f 7100 7098 8035
f 8035 7098 9006
f 8035 9006 8047
f 8047 9006 9004
f 8047 9004 7095
f 7095 9004 7094
f 7096 7094 9113
f 7096 9113 8139
f 8139 9113 9112
f 8139 9112 8140
f 8140 9112 7090
f 8140 7090 7092
f 7093 7091 9136
f 7093 9136 8141
f 8141 9136 9111
f 8141 9111 8142
f 8142 9111 7089
f 8142 7089 8036
f 8036 7089 9005
f 8036 9005 8037
f 8037 9005 9003
f 8037 9003 7087
f 7087 9003 7085
f 7088 7086 8048
f 8048 7086 8993
f 8048 8993 8049
f 8049 8993 8991
f 8049 8991 7083
f 7083 8991 7082
f 7084 7082 9077
f 7084 9077 8143
f 8143 9077 9076
f 8143 9076 8144
f 8144 9076 7078
f 8144 7078 7080
f 7081 7079 9110
f 7081 9110 8145
f 8145 9110 9075
f 8145 9075 8146
f 8146 9075 7077
f 8146 7077 8032
f 8032 7077 8992
f 8032 8992 8033
f 8033 8992 8994
f 8033 8994 7075
f 7075 8994 7073
f 7076 7074 8022
f 8022 7074 9010
f 8022 9010 8044
f 8044 9010 9007
f 8044 9007 7071
f 7071 9007 7070
f 7072 7070 9081
f 7072 9081 8135
f 8135 9081 9080
f 8135 9080 8136
f 8136 9080 7066
f 8136 7066 7068
f 7069 7067 9114
f 7069 9114 8137
f 8137 9114 9079
f 8137 9079 8138
f 8138 9079 7065
f 8138 7065 8021
f 8021 7065 9008
f 8021 9008 8034
f 8034 9008 9009
f 8034 9009 7059
f 7059 9009 7060
f 7063 7064 8002
f 8002 7064 9248
f 8002 9248 8005
f 8005 9248 9251
f 8005 9251 7057
f 7057 9251 7056
f 7058 7056 9258
f 7058 9258 8010
f 8010 9258 9257
f 8010 9257 8011
f 8011 9257 7052
f 8011 7052 7054
f 7055 7053 9261
f 7055 9261 8012
f 8012 9261 9256
f 8012 9256 8013
f 8013 9256 7051
f 7047 7049 9249
f 9249 7049 7998
f 9249 7998 9250
f 9250 7998 7999
f 9250 7999 7051
f 7051 7999 8013
f 7043 7045 9259
f 9259 7045 8004
f 9259 8004 9260
f 9260 8004 8003
f 9260 8003 7048
f 7048 8003 7050
f 7046 7044 9255
f 7046 9255 8009
f 8009 9255 9254
f 8009 9254 8008
f 8008 9254 7039
f 8008 7039 7041
f 7042 7040 9253
f 7042 9253 8006
f 8006 9253 9252
f 8006 9252 8007
f 8007 9252 7037
f 8007 7037 7038
f 7032 7031 9246
f 9246 7031 8001
f 9246 8001 9247
f 9247 8001 8000
f 9247 8000 7038
f 9264 7029 7980
f 9264 7980 9265
f 9265 7980 7979
f 9265 7979 7036
f 7036 7979 7035
f 7030 7029 9278
f 7030 9278 7987
f 7987 9278 9277
f 7987 9277 7988
f 7988 9277 7025
f 7988 7025 7027
f 7028 7026 9279
f 7028 9279 7989
f 7989 9279 9280
f 7989 9280 7990
f 7990 9280 7021
f 7990 7021 7023
f 7017 7019 9268
f 9268 7019 7996
f 9268 7996 9269
f 9269 7996 7995
f 9269 7995 7022
f 7022 7995 7024
f 7013 7015 9266
f 9266 7015 7991
f 9266 7991 9263
f 9263 7991 7985
f 9263 7985 7018
f 7018 7985 7020
f 7016 7014 9276
f 7016 9276 7992
f 7992 9276 9275
f 7992 9275 7997
f 7997 9275 7009
f 7997 7009 7011
f 7012 7010 9274
f 7012 9274 7993
f 7993 9274 9273
f 7993 9273 7994
f 7994 9273 7005
f 7994 7005 7007
f 7004 7002 9272
f 9272 7002 7982
f 9272 7982 9267
f 9267 7982 7986
f 9267 7986 7006
f 7006 7986 7008
f 9285 8622 9286
f 9286 8622 8629
f 9286 8629 8623
f 9288 9287 9289
f 9289 9287 9290
f 9291 9292 9293
f 9293 9292 9294
f 9293 9294 9295
f 9296 9297 9298
f 9298 9297 9299
f 9298 9299 9287
f 9287 9299 9300
f 9287 9300 9301
f 9287 9301 9290
f 9302 9303 9304
f 9304 9303 9305
f 9304 9305 9306
f 9307 9308 9309
f 9309 9308 9310
f 9306 9311 9304
f 9304 9311 9312
f 9304 9312 9313
f 9313 9312 9314
f 9314 9315 9313
f 9313 9315 9316
f 9313 9316 9317
f 9295 9296 9293
f 9293 9296 9298
f 9293 9298 9318
f 9318 9298 9319
f 9318 9319 9320
f 9320 9319 9313
f 9320 9313 9308
f 9308 9313 9317
f 9308 9317 9310
f 9322 9321 9323
f 9323 9321 9324
f 9325 9326 9327
f 9327 9326 9328
f 9328 9326 9329
f 9329 9326 9585
f 9324 9321 9325
f 9612 9331 9332
f 9332 9331 9333
f 9333 9331 9334
f 9335 9336 9337
f 9337 9336 9338
f 9338 9336 9339
f 9339 9336 9330
f 9334 9331 9335
f 9643 9341 9342
f 9342 9341 9343
f 9343 9341 9344
f 9345 9346 9347
f 9347 9346 9348
f 9348 9346 9349
f 9349 9346 9340
f 9344 9341 9345
f 9353 9352 9354
f 9354 9352 9355
f 9355 9352 9350
f 9350 9352 9351
f 9351 9356 9357
f 9357 9356 9358
f 9358 9356 9359
f 9361 9360 9362
f 9362 9360 9363
f 9363 9360 9364
f 9364 9360 9365
f 9365 9366 9367
f 9367 9366 9368
f 9368 9366 9369
f 9369 9366 9370
f 9508 9374 9375
f 9375 9374 9376
f 9376 9374 9372
f 9372 9374 9373
f 9373 9377 9378
f 9378 9377 9379
f 9379 9377 9380
f 9380 9377 9371
f 9385 9382 9383
f 9383 9382 9384
f 9384 9382 9381
f 9381 9382 9386
f 9387 9386 9388
f 9388 9386 9389
f 9389 9386 9390
f 9393 9506 9394
f 9394 9506 9395
f 9395 9506 9391
f 9391 9506 9392
f 9396 9392 9397
f 9397 9392 9398
f 9397 9398 9399
f 9399 9398 9507
f 9403 9503 9404
f 9404 9503 9405
f 9405 9503 9401
f 9401 9503 9402
f 9406 9402 9407
f 9407 9402 9408
f 9408 9402 9400
f 9501 9410 9411
f 9411 9410 9412
f 9412 9410 9413
f 9414 9415 9416
f 9416 9415 9417
f 9417 9415 9418
f 9418 9415 9409
f 9413 9410 9414
f 9419 9421 9422
f 9422 9421 9423
f 9423 9421 9424
f 9499 9425 9426
f 9426 9425 9427
f 9427 9425 9428
f 9428 9425 9420
f 9424 9421 9499
f 9430 9429 9431
f 9431 9429 9432
f 9432 9429 9433
f 9435 9436 9437
f 9437 9436 9438
f 9438 9436 9439
f 9439 9436 9434
f 9433 9429 9435
f 9435 9429 9436
f 9440 9441 9442
f 9442 9441 9443
f 9443 9441 9444
f 9444 9441 9449
f 9445 9505 9446
f 9446 9505 9447
f 9447 9505 9448
f 9448 9505 9440
f 9440 9505 9441
f 9452 9453 9454
f 9454 9453 9455
f 9455 9453 9456
f 9456 9453 9451
f 9450 9457 9458
f 9458 9457 9459
f 9459 9457 9460
f 9460 9457 9452
f 9496 9461 9462
f 9462 9461 9463
f 9463 9461 9464
f 9464 9461 9498
f 9497 9466 9467
f 9467 9466 9468
f 9468 9466 9465
f 9465 9466 9496
f 9495 9470 9471
f 9471 9470 9472
f 9472 9470 9473
f 9473 9470 10114
f 10114 9474 9475
f 9475 9474 9476
f 9476 9474 9477
f 9477 9474 9469
f 9483 9478 9479
f 9479 9478 9480
f 9480 9478 9481
f 9481 9478 10131
f 9482 9483 9484
f 9484 9483 9485
f 9485 9483 9486
f 9488 9494 9489
f 9489 9494 9487
f 10157 9493 9490
f 9490 9493 9491
f 9491 9493 9492
f 9492 9493 9494
f 9497 9498 9466
f 9419 9500 9421
f 9420 9425 9500
f 9420 9500 9419
f 9501 9502 9410
f 9414 9410 9415
f 9409 9502 9501
f 9403 9504 9503
f 9403 9400 9504
f 9450 9451 9457
f 9430 9434 9429
f 9436 9429 9434
f 9393 9507 9506
f 9509 9374 9508
f 9371 9377 9509
f 9371 9509 9508
f 9360 9510 9365
f 9361 9510 9360
f 9361 9370 9510
f 9352 9353 9351
f 9643 9511 9341
f 9345 9341 9346
f 9340 9346 9511
f 9340 9511 9643
f 9612 9512 9331
f 9335 9331 9336
f 9330 9336 9512
f 9330 9512 9612
f 9514 9513 9321
f 9514 9321 9585
f 9514 9585 9512
f 9514 9512 9515
f 9515 9512 9511
f 9515 9511 9516
f 9516 9511 9510
f 9516 9510 9517
f 9517 9510 9518
f 9517 9518 9519
f 9519 9518 9520
f 9519 9520 9521
f 9521 9520 9522
f 9521 9522 9523
f 9523 9522 9524
f 9523 9524 9525
f 9525 9524 9526
f 9525 9526 9527
f 9527 9526 9528
f 9527 9528 9529
f 9529 9528 9530
f 9529 9530 9531
f 9531 9530 9451
f 9531 9451 9532
f 9532 9451 9498
f 9532 9498 9533
f 9533 9498 9495
f 9533 9495 9534
f 9534 9495 9535
f 9534 9535 9320
f 9320 9535 9318
f 9535 9482 10131
f 9536 9483 9535
f 9535 9483 9482
f 9493 10157 10131
f 10131 10157 9535
f 9478 9493 10131
f 10157 9487 9318
f 9318 9487 9293
f 9293 9487 9494
f 9293 9494 9493
f 9293 9483 9536
f 9535 10157 9318
f 9493 9478 9293
f 9293 9478 9483
f 9495 9469 9535
f 9535 9469 9536
f 9536 9469 9474
f 9537 9470 9495
f 9536 9474 10114
f 9536 10114 9537
f 9537 10114 9470
f 9495 9498 9537
f 9537 9498 9461
f 9537 9461 9496
f 9537 9496 9538
f 9496 9466 9538
f 9538 9466 9498
f 9539 9457 9451
f 9453 9452 9538
f 9498 9451 9538
f 9538 9451 9453
f 9538 9452 9539
f 9539 9452 9457
f 9540 9505 9530
f 9530 9505 9445
f 9530 9445 9449
f 9530 9449 9451
f 9451 9449 9441
f 9451 9441 9539
f 9441 9505 9539
f 9539 9505 9540
f 9541 9434 9528
f 9434 9429 9540
f 9540 9429 9541
f 9541 9429 9434
f 9528 9434 9530
f 9530 9434 9540
f 9542 9421 9526
f 9526 9421 9500
f 9541 9425 9499
f 9541 9499 9542
f 9542 9499 9421
f 9526 9500 9528
f 9528 9500 9425
f 9528 9425 9541
f 9524 9410 9502
f 9543 9410 9524
f 9415 9542 9526
f 9415 9526 9409
f 9409 9526 9502
f 9524 9502 9526
f 9542 9415 9410
f 9542 9410 9543
f 9398 9503 9504
f 9398 9504 9507
f 9503 9398 9392
f 9544 9506 9522
f 9522 9506 9507
f 9400 9402 9543
f 9503 9392 9544
f 9544 9392 9506
f 9522 9507 9524
f 9543 9402 9544
f 9544 9402 9503
f 9524 9400 9543
f 9507 9504 9524
f 9524 9504 9400
f 9390 9386 9544
f 9545 9382 9520
f 9520 9382 9385
f 9544 9386 9545
f 9545 9386 9382
f 9522 9385 9390
f 9522 9390 9544
f 9520 9385 9522
f 9546 9373 9518
f 9518 9373 9374
f 9518 9374 9509
f 9520 9509 9377
f 9520 9377 9545
f 9545 9377 9373
f 9545 9373 9546
f 9518 9509 9520
f 9518 9370 9546
f 9546 9370 9366
f 9518 9510 9370
f 9366 9365 9546
f 9546 9365 9547
f 9547 9365 9510
f 9351 9548 9547
f 9511 9353 9510
f 9510 9353 9356
f 9547 9356 9351
f 9351 9353 9548
f 9548 9353 9511
f 9510 9356 9547
f 9549 9341 9512
f 9512 9341 9511
f 9511 9346 9548
f 9548 9346 9341
f 9548 9341 9549
f 9550 9331 9585
f 9585 9331 9512
f 9512 9336 9549
f 9549 9336 9331
f 9549 9331 9550
f 9326 9550 9585
f 9550 9325 9551
f 9326 9325 9550
f 9513 9552 9321
f 9321 9552 9551
f 9321 9551 9325
f 9293 9536 9291
f 9291 9536 9537
f 9291 9537 9538
f 9549 9550 9553
f 9553 9550 9551
f 9553 9551 9552
f 9538 9539 9291
f 9291 9539 9540
f 9291 9540 9541
f 9541 9542 9291
f 9291 9542 9543
f 9291 9543 9553
f 9543 9544 9553
f 9553 9544 9545
f 9553 9545 9546
f 9546 9547 9553
f 9553 9547 9548
f 9553 9548 9549
f 9291 9553 9292
f 9292 9553 9554
f 9555 9514 9515
f 9534 9320 9308
f 9515 9516 9555
f 9555 9516 9517
f 9555 9517 9519
f 9519 9521 9555
f 9555 9521 9523
f 9555 9523 9308
f 9308 9523 9525
f 9525 9527 9308
f 9308 9527 9529
f 9308 9529 9531
f 9531 9532 9308
f 9308 9532 9533
f 9308 9533 9534
f 9556 9289 9557
f 9557 9289 9290
f 9557 9290 9558
f 9558 9290 9301
f 9558 9301 9559
f 9559 9301 9300
f 9559 9300 9560
f 9560 9300 9299
f 9560 9299 9561
f 9561 9299 9297
f 9561 9297 9562
f 9562 9297 9296
f 9562 9296 9563
f 9563 9296 9295
f 9563 9295 9564
f 9564 9295 9294
f 9564 9294 9554
f 9554 9294 9292
f 9565 9566 9567
f 9567 9566 9573
f 9568 9569 9570
f 9570 9571 9568
f 9568 9571 9572
f 9568 9572 9566
f 9566 9572 9573
f 9574 9575 9576
f 9576 9575 9577
f 9576 9577 9569
f 9569 9577 9578
f 9569 9578 9570
f 9576 9579 9574
f 9574 9579 9580
f 9574 9580 9583
f 9581 9582 9580
f 9580 9582 9583
f 9321 9584 9585
f 9586 9587 9588
f 9583 9582 9584
f 9322 9584 9321
f 9324 9573 9572
f 9578 9323 9570
f 9570 9323 9324
f 9570 9324 9571
f 9571 9324 9572
f 9578 9577 9323
f 9323 9577 9575
f 9323 9575 9322
f 9322 9575 9574
f 9322 9574 9584
f 9584 9574 9583
f 9595 9589 9328
f 9328 9589 9590
f 9328 9590 9327
f 9327 9590 9591
f 9591 9592 9327
f 9327 9592 9593
f 9327 9593 9594
f 9595 9328 9329
f 9595 9329 9596
f 9329 9585 9597
f 9329 9597 9596
f 9596 9597 9598
f 9594 9586 9327
f 9327 9586 9588
f 9327 9588 9325
f 9325 9588 9599
f 9325 9599 9324
f 9324 9599 9573
f 9573 9599 9567
f 9596 9602 9600
f 9598 9601 9596
f 9596 9601 9602
f 9589 9595 9600
f 9600 9595 9596
f 9600 9603 9589
f 9589 9603 9604
f 9589 9604 9590
f 9590 9604 9591
f 9604 9605 9591
f 9591 9605 9606
f 9591 9606 9592
f 9606 9607 9592
f 9592 9607 9608
f 9592 9608 9593
f 9593 9608 9594
f 9608 9609 9594
f 9594 9609 9610
f 9594 9610 9586
f 9586 9610 9611
f 9586 9611 9587
f 9613 9614 9615
f 9602 9601 9616
f 9332 9616 9612
f 9610 9609 9334
f 9334 9609 9608
f 9605 9333 9606
f 9606 9333 9334
f 9606 9334 9607
f 9607 9334 9608
f 9605 9604 9333
f 9333 9604 9603
f 9333 9603 9332
f 9332 9603 9600
f 9332 9600 9616
f 9616 9600 9602
f 9623 9617 9338
f 9338 9617 9618
f 9338 9618 9337
f 9337 9618 9619
f 9619 9620 9337
f 9337 9620 9621
f 9337 9621 9622
f 9623 9338 9339
f 9623 9339 9624
f 9339 9330 9625
f 9339 9625 9624
f 9624 9625 9626
f 9622 9613 9337
f 9337 9613 9615
f 9337 9615 9335
f 9335 9615 9627
f 9335 9627 9628
f 9335 9628 9629
f 9335 9629 9334
f 9334 9629 9630
f 9334 9630 9610
f 9610 9630 9611
f 9624 9633 9631
f 9626 9632 9624
f 9624 9632 9633
f 9617 9623 9631
f 9631 9623 9624
f 9631 9634 9617
f 9617 9634 9635
f 9617 9635 9618
f 9618 9635 9619
f 9635 9636 9619
f 9619 9636 9637
f 9619 9637 9620
f 9637 9638 9620
f 9620 9638 9639
f 9620 9639 9621
f 9621 9639 9622
f 9639 9640 9622
f 9622 9640 9641
f 9622 9641 9613
f 9613 9641 9642
f 9613 9642 9614
f 9340 9643 9644
f 9340 9644 9645
f 9646 9647 9648
f 9633 9632 9649
f 9342 9649 9643
f 9641 9640 9344
f 9344 9640 9639
f 9636 9343 9637
f 9637 9343 9344
f 9637 9344 9638
f 9638 9344 9639
f 9636 9635 9343
f 9343 9635 9634
f 9343 9634 9342
f 9342 9634 9631
f 9342 9631 9649
f 9649 9631 9633
f 9656 9650 9348
f 9348 9650 9651
f 9348 9651 9347
f 9347 9651 9652
f 9652 9653 9347
f 9347 9653 9654
f 9347 9654 9655
f 9656 9348 9349
f 9656 9349 9657
f 9340 9645 9349
f 9349 9645 9657
f 9657 9645 9658
f 9655 9646 9347
f 9347 9646 9648
f 9347 9648 9345
f 9345 9648 9659
f 9345 9659 9660
f 9345 9660 9344
f 9344 9660 9661
f 9344 9661 9641
f 9641 9661 9642
f 9657 9664 9662
f 9658 9663 9657
f 9657 9663 9664
f 9650 9656 9662
f 9662 9656 9657
f 9662 9665 9650
f 9650 9665 9666
f 9650 9666 9651
f 9651 9666 9652
f 9666 9667 9652
f 9652 9667 9668
f 9652 9668 9653
f 9668 9669 9653
f 9653 9669 9670
f 9653 9670 9654
f 9654 9670 9655
f 9670 9671 9655
f 9655 9671 9672
f 9655 9672 9646
f 9646 9672 9673
f 9646 9673 9647
f 9353 9674 9675
f 9353 9675 9676
f 9353 9676 9677
f 9353 9677 9359
f 9353 9359 9356
f 9664 9663 9674
f 9354 9674 9353
f 9672 9671 9350
f 9350 9671 9670
f 9667 9355 9668
f 9668 9355 9350
f 9668 9350 9669
f 9669 9350 9670
f 9667 9666 9355
f 9355 9666 9665
f 9355 9665 9354
f 9354 9665 9662
f 9354 9662 9674
f 9674 9662 9664
f 9686 9680 9358
f 9358 9680 9681
f 9358 9681 9357
f 9357 9681 9682
f 9682 9683 9357
f 9357 9683 9684
f 9357 9684 9685
f 9686 9358 9359
f 9686 9359 9687
f 9359 9678 9688
f 9359 9688 9687
f 9687 9688 9689
f 9685 9679 9357
f 9357 9679 9690
f 9357 9690 9351
f 9351 9690 9350
f 9350 9690 9691
f 9350 9691 9672
f 9672 9691 9673
f 9687 9694 9692
f 9689 9693 9687
f 9687 9693 9694
f 9680 9686 9692
f 9692 9686 9687
f 9692 9695 9680
f 9680 9695 9696
f 9680 9696 9681
f 9681 9696 9682
f 9696 9697 9682
f 9682 9697 9698
f 9682 9698 9683
f 9698 9699 9683
f 9683 9699 9700
f 9683 9700 9684
f 9684 9700 9685
f 9700 9701 9685
f 9685 9701 9702
f 9685 9702 9679
f 9679 9702 9703
f 9679 9703 9690
f 9361 9704 9705
f 9361 9705 9706
f 9361 9706 9707
f 9361 9707 9708
f 9361 9708 9370
f 9370 9708 9709
f 9370 9709 9710
f 9370 9710 9711
f 9712 9713 9714
f 9694 9693 9715
f 9362 9715 9361
f 9361 9715 9704
f 9702 9701 9364
f 9364 9701 9700
f 9697 9363 9698
f 9698 9363 9364
f 9698 9364 9699
f 9699 9364 9700
f 9697 9696 9363
f 9363 9696 9695
f 9363 9695 9362
f 9362 9695 9692
f 9362 9692 9715
f 9715 9692 9694
f 9722 9716 9368
f 9368 9716 9717
f 9368 9717 9367
f 9367 9717 9718
f 9718 9719 9367
f 9367 9719 9720
f 9367 9720 9721
f 9722 9368 9369
f 9722 9369 9723
f 9370 9711 9369
f 9369 9711 9724
f 9369 9724 9723
f 9723 9724 9725
f 9721 9712 9367
f 9367 9712 9714
f 9367 9714 9365
f 9365 9714 9726
f 9365 9726 9364
f 9364 9726 9702
f 9702 9726 9703
f 9723 9729 9727
f 9725 9728 9723
f 9723 9728 9729
f 9716 9722 9727
f 9727 9722 9723
f 9727 9730 9716
f 9716 9730 9731
f 9716 9731 9717
f 9717 9731 9718
f 9731 9732 9718
f 9718 9732 9733
f 9718 9733 9719
f 9733 9734 9719
f 9719 9734 9735
f 9719 9735 9720
f 9720 9735 9721
f 9735 9736 9721
f 9721 9736 9737
f 9721 9737 9712
f 9712 9737 9738
f 9712 9738 9713
f 9508 9739 9740
f 9508 9740 9741
f 9508 9741 9742
f 9508 9742 9743
f 9508 9743 9371
f 9371 9743 9744
f 9371 9744 9745
f 9371 9745 9746
f 9371 9746 9747
f 9748 9749 9750
f 9729 9728 9751
f 9375 9751 9508
f 9508 9751 9739
f 9737 9736 9372
f 9372 9736 9735
f 9732 9376 9733
f 9733 9376 9372
f 9733 9372 9734
f 9734 9372 9735
f 9732 9731 9376
f 9376 9731 9730
f 9376 9730 9375
f 9375 9730 9727
f 9375 9727 9751
f 9751 9727 9729
f 9758 9752 9379
f 9379 9752 9753
f 9379 9753 9378
f 9378 9753 9754
f 9754 9755 9378
f 9378 9755 9756
f 9378 9756 9757
f 9758 9379 9380
f 9758 9380 9759
f 9371 9747 9380
f 9380 9747 9760
f 9380 9760 9759
f 9759 9760 9761
f 9757 9748 9378
f 9378 9748 9750
f 9378 9750 9373
f 9373 9750 9762
f 9373 9762 9763
f 9373 9763 9764
f 9373 9764 9372
f 9372 9764 9765
f 9372 9765 9737
f 9737 9765 9738
f 9759 9786 9766
f 9761 9767 9759
f 9759 9767 9786
f 9752 9758 9766
f 9766 9758 9759
f 9766 9768 9752
f 9752 9768 9769
f 9752 9769 9753
f 9753 9769 9754
f 9769 9770 9754
f 9754 9770 9771
f 9754 9771 9755
f 9771 9772 9755
f 9755 9772 9773
f 9755 9773 9756
f 9756 9773 9757
f 9773 9774 9757
f 9757 9774 9775
f 9757 9775 9748
f 9748 9775 9776
f 9748 9776 9749
f 9385 9777 9778
f 9385 9778 9779
f 9385 9779 9780
f 9385 9780 9781
f 9385 9781 9782
f 9385 9782 9390
f 9390 9782 9783
f 9390 9783 9784
f 9383 9786 9385
f 9385 9786 9777
f 9775 9774 9381
f 9381 9774 9773
f 9770 9384 9771
f 9771 9384 9381
f 9771 9381 9772
f 9772 9381 9773
f 9770 9769 9384
f 9384 9769 9768
f 9384 9768 9383
f 9383 9768 9766
f 9383 9766 9786
f 9793 9787 9388
f 9388 9787 9788
f 9388 9788 9387
f 9387 9788 9789
f 9789 9790 9387
f 9387 9790 9791
f 9387 9791 9792
f 9793 9388 9389
f 9793 9389 9794
f 9390 9784 9389
f 9389 9784 9795
f 9389 9795 9794
f 9794 9795 9796
f 9792 9785 9387
f 9387 9785 9797
f 9387 9797 9386
f 9386 9797 9381
f 9381 9797 9798
f 9381 9798 9775
f 9775 9798 9776
f 9794 9801 9799
f 9796 9800 9794
f 9794 9800 9801
f 9787 9793 9799
f 9799 9793 9794
f 9799 9802 9787
f 9787 9802 9803
f 9787 9803 9788
f 9788 9803 9789
f 9803 9804 9789
f 9789 9804 9805
f 9789 9805 9790
f 9805 9806 9790
f 9790 9806 9807
f 9790 9807 9791
f 9791 9807 9792
f 9807 9808 9792
f 9792 9808 9809
f 9792 9809 9785
f 9785 9809 9810
f 9785 9810 9797
f 9393 9811 9812
f 9393 9812 9813
f 9393 9813 9814
f 9393 9814 9815
f 9393 9815 9507
f 9507 9815 9816
f 9507 9816 9817
f 9507 9817 9818
f 9819 9820 9821
f 9801 9800 9822
f 9394 9822 9393
f 9393 9822 9811
f 9809 9808 9391
f 9391 9808 9807
f 9804 9395 9805
f 9805 9395 9391
f 9805 9391 9806
f 9806 9391 9807
f 9804 9803 9395
f 9395 9803 9802
f 9395 9802 9394
f 9394 9802 9799
f 9394 9799 9822
f 9822 9799 9801
f 9829 9823 9397
f 9397 9823 9824
f 9397 9824 9396
f 9396 9824 9825
f 9825 9826 9396
f 9396 9826 9827
f 9396 9827 9828
f 9829 9397 9399
f 9829 9399 9830
f 9507 9818 9399
f 9399 9818 9831
f 9399 9831 9830
f 9830 9831 9832
f 9828 9819 9396
f 9396 9819 9821
f 9396 9821 9392
f 9392 9821 9833
f 9392 9833 9834
f 9392 9834 9391
f 9391 9834 9809
f 9809 9834 9810
f 9830 9837 9835
f 9832 9836 9830
f 9830 9836 9837
f 9823 9829 9835
f 9835 9829 9830
f 9835 9838 9823
f 9823 9838 9839
f 9823 9839 9824
f 9824 9839 9825
f 9839 9840 9825
f 9825 9840 9841
f 9825 9841 9826
f 9841 9842 9826
f 9826 9842 9843
f 9826 9843 9827
f 9827 9843 9828
f 9843 9844 9828
f 9828 9844 9845
f 9828 9845 9819
f 9819 9845 9846
f 9819 9846 9820
f 9403 9847 9848
f 9403 9848 9849
f 9403 9849 9850
f 9403 9850 9851
f 9403 9851 9400
f 9400 9851 9852
f 9853 9854 9855
f 9837 9836 9856
f 9404 9856 9403
f 9403 9856 9847
f 9845 9844 9401
f 9401 9844 9843
f 9840 9405 9841
f 9841 9405 9401
f 9841 9401 9842
f 9842 9401 9843
f 9840 9839 9405
f 9405 9839 9838
f 9405 9838 9404
f 9404 9838 9835
f 9404 9835 9856
f 9856 9835 9837
f 9863 9857 9407
f 9407 9857 9858
f 9407 9858 9406
f 9406 9858 9859
f 9859 9860 9406
f 9406 9860 9861
f 9406 9861 9862
f 9863 9407 9408
f 9863 9408 9864
f 9400 9852 9408
f 9408 9852 9865
f 9408 9865 9864
f 9864 9865 9866
f 9862 9853 9406
f 9406 9853 9855
f 9406 9855 9402
f 9402 9855 9867
f 9402 9867 9868
f 9402 9868 9401
f 9401 9868 9869
f 9401 9869 9845
f 9845 9869 9846
f 9864 9891 9870
f 9866 9871 9864
f 9864 9871 9891
f 9857 9863 9870
f 9870 9863 9864
f 9870 9872 9857
f 9857 9872 9873
f 9857 9873 9858
f 9858 9873 9859
f 9873 9874 9859
f 9859 9874 9875
f 9859 9875 9860
f 9875 9876 9860
f 9860 9876 9877
f 9860 9877 9861
f 9861 9877 9862
f 9877 9878 9862
f 9862 9878 9879
f 9862 9879 9853
f 9853 9879 9880
f 9853 9880 9854
f 9501 9881 9882
f 9501 9882 9883
f 9501 9883 9884
f 9501 9884 9885
f 9501 9885 9409
f 9409 9885 9886
f 9409 9886 9887
f 9409 9887 9888
f 9411 9891 9501
f 9501 9891 9881
f 9879 9878 9413
f 9413 9878 9877
f 9874 9412 9875
f 9875 9412 9413
f 9875 9413 9876
f 9876 9413 9877
f 9874 9873 9412
f 9412 9873 9872
f 9412 9872 9411
f 9411 9872 9870
f 9411 9870 9891
f 9898 9892 9417
f 9417 9892 9893
f 9417 9893 9416
f 9416 9893 9894
f 9894 9895 9416
f 9416 9895 9896
f 9416 9896 9897
f 9898 9417 9418
f 9898 9418 9899
f 9409 9888 9418
f 9418 9888 9900
f 9418 9900 9899
f 9899 9900 9901
f 9897 9889 9416
f 9416 9889 9890
f 9416 9890 9414
f 9414 9890 9902
f 9414 9902 9903
f 9414 9903 9904
f 9414 9904 9413
f 9413 9904 9905
f 9413 9905 9879
f 9879 9905 9880
f 9899 9908 9906
f 9901 9907 9899
f 9899 9907 9908
f 9892 9898 9906
f 9906 9898 9899
f 9906 9909 9892
f 9892 9909 9910
f 9892 9910 9893
f 9893 9910 9894
f 9910 9911 9894
f 9894 9911 9912
f 9894 9912 9895
f 9912 9913 9895
f 9895 9913 9914
f 9895 9914 9896
f 9896 9914 9897
f 9914 9915 9897
f 9897 9915 9916
f 9897 9916 9889
f 9889 9916 9917
f 9889 9917 9890
f 9419 9918 9919
f 9419 9919 9920
f 9419 9920 9921
f 9419 9921 9420
f 9420 9921 9922
f 9420 9922 9923
f 9420 9923 9924
f 9420 9924 9925
f 9934 9926 9939
f 9908 9907 9927
f 9422 9927 9419
f 9419 9927 9918
f 9916 9915 9424
f 9424 9915 9914
f 9911 9423 9912
f 9912 9423 9424
f 9912 9424 9913
f 9913 9424 9914
f 9911 9910 9423
f 9423 9910 9909
f 9423 9909 9422
f 9422 9909 9906
f 9422 9906 9927
f 9927 9906 9908
f 9935 9928 9427
f 9427 9928 9929
f 9427 9929 9426
f 9426 9929 9930
f 9426 9930 9931
f 9931 9932 9426
f 9426 9932 9933
f 9426 9933 9934
f 9935 9427 9428
f 9935 9428 9936
f 9420 9925 9428
f 9428 9925 9937
f 9428 9937 9936
f 9936 9937 9938
f 9426 9934 9939
f 9426 9939 9499
f 9499 9939 9424
f 9424 9939 9940
f 9424 9940 9916
f 9916 9940 9917
f 9934 9941 9926
f 9926 9941 9976
f 9941 9934 9933
f 9941 9933 9942
f 9942 9933 9943
f 9943 9933 9932
f 9943 9932 9931
f 9944 9945 9930
f 9930 9945 9946
f 9930 9946 9931
f 9931 9946 9947
f 9931 9947 9943
f 9928 9935 9948
f 9930 9929 9944
f 9944 9929 9928
f 9944 9928 9949
f 9949 9928 9948
f 9948 9935 9936
f 9948 9936 9951
f 9938 9950 9936
f 9936 9950 9951
f 9430 9952 9953
f 9430 9953 9954
f 9430 9954 9434
f 9434 9954 9955
f 9434 9955 9956
f 9434 9956 9957
f 9434 9957 9958
f 9434 9958 9959
f 9960 9961 9962
f 9951 9950 9963
f 9431 9963 9430
f 9430 9963 9952
f 9941 9942 9433
f 9433 9942 9943
f 9945 9432 9946
f 9946 9432 9433
f 9946 9433 9947
f 9947 9433 9943
f 9945 9944 9432
f 9432 9944 9949
f 9432 9949 9431
f 9431 9949 9948
f 9431 9948 9963
f 9963 9948 9951
f 9970 9964 9438
f 9438 9964 9965
f 9438 9965 9437
f 9437 9965 9966
f 9966 9967 9437
f 9437 9967 9968
f 9437 9968 9969
f 9970 9438 9439
f 9970 9439 9971
f 9434 9959 9439
f 9439 9959 9972
f 9439 9972 9971
f 9971 9972 9973
f 9969 9960 9437
f 9437 9960 9962
f 9437 9962 9435
f 9435 9962 9974
f 9435 9974 9975
f 9435 9975 9976
f 9435 9976 9433
f 9433 9976 9941
f 9971 9998 9977
f 9973 9978 9971
f 9971 9978 9998
f 9964 9970 9977
f 9977 9970 9971
f 9977 9979 9964
f 9964 9979 9980
f 9964 9980 9965
f 9965 9980 9966
f 9980 9981 9966
f 9966 9981 9982
f 9966 9982 9967
f 9982 9983 9967
f 9967 9983 9984
f 9967 9984 9968
f 9968 9984 9969
f 9984 9985 9969
f 9969 9985 9986
f 9969 9986 9960
f 9960 9986 9987
f 9960 9987 9961
f 9445 9988 9989
f 9445 9989 9990
f 9445 9990 9449
f 9449 9990 9991
f 9449 9991 9992
f 9449 9992 9993
f 9449 9993 9994
f 9995 9996 9997
f 9446 9998 9445
f 9445 9998 9988
f 9986 9985 9448
f 9448 9985 9984
f 9981 9447 9982
f 9982 9447 9448
f 9982 9448 9983
f 9983 9448 9984
f 9981 9980 9447
f 9447 9980 9979
f 9447 9979 9446
f 9446 9979 9977
f 9446 9977 9998
f 10005 9999 9443
f 9443 9999 10000
f 9443 10000 9442
f 9442 10000 10001
f 10001 10002 9442
f 9442 10002 10003
f 9442 10003 10004
f 10005 9443 9444
f 10005 9444 10006
f 9449 9994 9444
f 9444 9994 10007
f 9444 10007 10006
f 10006 10007 10008
f 10004 9995 9442
f 9442 9995 9997
f 9442 9997 9440
f 9440 9997 10009
f 9440 10009 10010
f 9440 10010 10011
f 9440 10011 9448
f 9448 10011 10012
f 9448 10012 9986
f 9986 10012 9987
f 10006 10015 10013
f 10008 10014 10006
f 10006 10014 10015
f 9999 10005 10013
f 10013 10005 10006
f 10013 10016 9999
f 9999 10016 10017
f 9999 10017 10000
f 10000 10017 10001
f 10017 10018 10001
f 10001 10018 10019
f 10001 10019 10002
f 10019 10020 10002
f 10002 10020 10021
f 10002 10021 10003
f 10003 10021 10004
f 10021 10022 10004
f 10004 10022 10023
f 10004 10023 9995
f 9995 10023 10024
f 9995 10024 9996
f 9450 10025 10026
f 9450 10026 10027
f 9450 10027 10028
f 9450 10028 9451
f 9451 10028 10029
f 9451 10029 10030
f 9451 10030 10031
f 10015 10014 10034
f 9458 10034 9450
f 9450 10034 10025
f 10023 10022 9460
f 9460 10022 10021
f 10018 9459 10019
f 10019 9459 9460
f 10019 9460 10020
f 10020 9460 10021
f 10018 10017 9459
f 9459 10017 10016
f 9459 10016 9458
f 9458 10016 10013
f 9458 10013 10034
f 10034 10013 10015
f 10041 10035 9455
f 9455 10035 10036
f 9455 10036 9454
f 9454 10036 10037
f 10037 10038 9454
f 9454 10038 10039
f 9454 10039 10040
f 10041 9455 9456
f 10041 9456 10042
f 9451 10031 9456
f 9456 10031 10043
f 9456 10043 10042
f 10042 10043 10044
f 10040 10032 9454
f 9454 10032 10033
f 9454 10033 9452
f 9452 10033 10045
f 9452 10045 10046
f 9452 10046 9460
f 9460 10046 10047
f 9460 10047 10023
f 10023 10047 10024
f 10042 10050 10048
f 10044 10049 10042
f 10042 10049 10050
f 10035 10041 10048
f 10048 10041 10042
f 10048 10051 10035
f 10035 10051 10052
f 10035 10052 10036
f 10036 10052 10037
f 10052 10053 10037
f 10037 10053 10054
f 10037 10054 10038
f 10054 10055 10038
f 10038 10055 10056
f 10038 10056 10039
f 10039 10056 10040
f 10056 10057 10040
f 10040 10057 10058
f 10040 10058 10032
f 10032 10058 10059
f 10032 10059 10033
f 9497 10060 10061
f 9497 10061 10062
f 9497 10062 10063
f 9497 10063 10064
f 9497 10064 9498
f 9498 10064 10065
f 9498 10065 10066
f 9498 10066 10067
f 10068 10069 10070
f 10050 10049 10071
f 9467 10071 9497
f 9497 10071 10060
f 10058 10057 9465
f 9465 10057 10056
f 10053 9468 10054
f 10054 9468 9465
f 10054 9465 10055
f 10055 9465 10056
f 10053 10052 9468
f 9468 10052 10051
f 9468 10051 9467
f 9467 10051 10048
f 9467 10048 10071
f 10071 10048 10050
f 10078 10072 9463
f 9463 10072 10073
f 9463 10073 9462
f 9462 10073 10074
f 10074 10075 9462
f 9462 10075 10076
f 9462 10076 10077
f 10078 9463 9464
f 10078 9464 10079
f 9498 10067 9464
f 9464 10067 10080
f 9464 10080 10079
f 10079 10080 10081
f 10077 10068 9462
f 9462 10068 10070
f 9462 10070 9496
f 9496 10070 10082
f 9496 10082 9465
f 9465 10082 10058
f 10058 10082 10059
f 10079 10103 10083
f 10081 10084 10079
f 10079 10084 10103
f 10072 10078 10083
f 10083 10078 10079
f 10083 10085 10072
f 10072 10085 10086
f 10072 10086 10073
f 10073 10086 10074
f 10086 10087 10074
f 10074 10087 10088
f 10074 10088 10075
f 10088 10089 10075
f 10075 10089 10090
f 10075 10090 10076
f 10076 10090 10077
f 10090 10091 10077
f 10077 10091 10092
f 10077 10092 10068
f 10068 10092 10093
f 10068 10093 10069
f 9495 10094 10095
f 9495 10095 10096
f 9495 10096 10097
f 9495 10097 9469
f 9469 10097 10098
f 9469 10098 10099
f 10100 10101 10102
f 9471 10103 9495
f 9495 10103 10094
f 10092 10091 9473
f 9473 10091 10090
f 10087 9472 10088
f 10088 9472 9473
f 10088 9473 10089
f 10089 9473 10090
f 10087 10086 9472
f 9472 10086 10085
f 9472 10085 9471
f 9471 10085 10083
f 9471 10083 10103
f 10110 10104 9476
f 9476 10104 10105
f 9476 10105 9475
f 9475 10105 10106
f 10106 10107 9475
f 9475 10107 10108
f 9475 10108 10109
f 10110 9476 9477
f 10110 9477 10111
f 9469 10099 9477
f 9477 10099 10112
f 9477 10112 10111
f 10111 10112 10113
f 10109 10100 9475
f 9475 10100 10102
f 9475 10102 10114
f 9473 10114 10115
f 9473 10115 10092
f 10092 10115 10093
f 10111 10118 10116
f 10113 10117 10111
f 10111 10117 10118
f 10104 10110 10116
f 10116 10110 10111
f 10116 10119 10104
f 10104 10119 10120
f 10104 10120 10105
f 10105 10120 10106
f 10120 10121 10106
f 10106 10121 10122
f 10106 10122 10107
f 10122 10123 10107
f 10107 10123 10124
f 10107 10124 10108
f 10108 10124 10109
f 10124 10125 10109
f 10109 10125 10126
f 10109 10126 10100
f 10100 10126 10127
f 10100 10127 10101
f 9482 10128 10129
f 9482 10129 10130
f 9482 10130 10131
f 10118 10117 10133
f 9484 10133 9482
f 9482 10133 10128
f 10126 10125 9486
f 9486 10125 10124
f 10121 9485 10122
f 10122 9485 9486
f 10122 9486 10123
f 10123 9486 10124
f 10121 10120 9485
f 9485 10120 10119
f 9485 10119 9484
f 9484 10119 10116
f 9484 10116 10133
f 10133 10116 10118
f 10140 10134 9480
f 9480 10134 10135
f 9480 10135 9479
f 9479 10135 10136
f 10136 10137 9479
f 9479 10137 10138
f 9479 10138 10139
f 10140 9480 9481
f 10140 9481 10141
f 9481 10131 10142
f 9481 10142 10141
f 10141 10142 10143
f 10139 10132 9479
f 9479 10132 10144
f 9479 10144 9483
f 9483 10144 9486
f 9486 10144 10145
f 9486 10145 10126
f 10126 10145 10127
f 10141 10159 10146
f 10143 10147 10141
f 10141 10147 10159
f 10134 10140 10146
f 10146 10140 10141
f 10146 10148 10134
f 10134 10148 10149
f 10134 10149 10135
f 10135 10149 10136
f 10149 10150 10136
f 10136 10150 10151
f 10136 10151 10137
f 10151 10152 10137
f 10137 10152 10153
f 10137 10153 10138
f 10138 10153 10139
f 10153 10154 10139
f 10139 10154 10155
f 10139 10155 10132
f 10132 10155 10156
f 10132 10156 10144
f 10157 10158 9487
f 9490 10159 10157
f 10155 10154 9492
f 9492 10154 10153
f 10150 9491 10151
f 10151 9491 9492
f 10151 9492 10152
f 10152 9492 10153
f 10150 10149 9491
f 9491 10149 10148
f 9491 10148 9490
f 9490 10148 10146
f 9490 10146 10159
f 10163 10160 9488
f 9488 10160 10161
f 9488 10161 9494
f 9494 10161 10162
f 10163 9488 9489
f 10163 9489 10164
f 9487 10158 9489
f 9489 10158 10164
f 10164 10158 10165
f 9494 10162 9492
f 9492 10162 10155
f 10155 10162 10156
f 9313 10163 10164
f 9313 10164 9304
f 9304 10164 10165
f 9304 10165 9302
f 10163 9313 10160
f 10160 9313 9319
f 10160 9319 10161
f 10161 9319 9298
f 10161 9298 10162
f 10162 9298 9287
f 9779 9778 9745
f 9745 9778 9746
f 9746 9778 9777
f 9746 9777 9747
f 9817 9848 9847
f 9708 9741 9709
f 9709 9741 9740
f 9658 9674 9663
f 9767 9761 9760
f 9707 9706 10166
f 10030 10029 10061
f 10166 9706 9705
f 9693 9689 9715
f 9715 9689 9688
f 9715 9688 9704
f 9704 9688 9678
f 9704 9678 9705
f 9705 9678 9359
f 9747 9777 9760
f 9760 9777 9786
f 9760 9786 9767
f 9708 9707 9741
f 9741 9707 10166
f 9741 10166 9742
f 9645 9675 9658
f 9658 9675 9674
f 9675 9645 9644
f 9675 9644 9676
f 9676 9644 9643
f 9836 9832 9856
f 9856 9832 9831
f 9856 9831 9847
f 9847 9831 9818
f 9847 9818 9817
f 10027 10026 9993
f 9993 10026 10025
f 9601 9598 9616
f 9616 9598 9597
f 9616 9597 9612
f 9612 9597 9585
f 9581 10166 9584
f 9303 10158 10157
f 9303 10157 10131
f 10065 10096 10095
f 10065 10095 10066
f 10064 10063 9303
f 9989 9958 9957
f 9989 9957 9990
f 9581 9584 9582
f 10165 10158 9302
f 9302 10158 9303
f 10097 10096 9303
f 10096 10065 9303
f 9303 10065 10064
f 10063 10062 10029
f 10029 10062 10061
f 10063 10029 9303
f 9303 10029 10028
f 9303 10028 10027
f 10014 10008 10034
f 10034 10008 10007
f 10034 10007 10025
f 10025 10007 9994
f 10025 9994 9993
f 9887 9919 9918
f 9728 9725 9751
f 9751 9725 9724
f 9751 9724 9739
f 9739 9724 9711
f 9739 9711 9740
f 9740 9711 9710
f 9740 9710 9709
f 9632 9626 9649
f 9649 9626 9625
f 9649 9625 9643
f 9643 9625 9330
f 9643 9330 9612
f 10166 9585 9584
f 10027 9993 9303
f 9303 9993 9992
f 9783 9812 9811
f 9871 9866 9865
f 9978 9973 9972
f 9705 9359 9677
f 9705 9677 10166
f 10166 9677 9676
f 10166 9676 9643
f 10147 10143 10142
f 9303 10131 10097
f 10097 10131 10130
f 10084 10081 10080
f 9956 9955 9922
f 9922 9955 9954
f 9922 9954 9923
f 9882 9851 9850
f 9882 9850 9883
f 9303 9743 10166
f 10166 9743 9742
f 9643 9612 10166
f 10166 9612 9585
f 10117 10113 10133
f 10133 10113 10112
f 10133 10112 10128
f 10128 10112 10099
f 10128 10099 10129
f 10129 10099 10098
f 10129 10098 10130
f 10130 10098 10097
f 9851 9882 9852
f 9852 9882 9881
f 9852 9881 9865
f 9865 9881 9891
f 9865 9891 9871
f 9958 9989 9959
f 9959 9989 9988
f 9959 9988 9972
f 9972 9988 9998
f 9972 9998 9978
f 10131 10157 10142
f 10142 10157 10159
f 10142 10159 10147
f 10066 10095 10067
f 10067 10095 10094
f 10067 10094 10080
f 10080 10094 10103
f 10080 10103 10084
f 9907 9901 9927
f 9927 9901 9900
f 9927 9900 9918
f 9918 9900 9888
f 9918 9888 9887
f 9782 9813 9783
f 9783 9813 9812
f 10049 10044 10071
f 10071 10044 10043
f 10071 10043 10060
f 10060 10043 10031
f 10060 10031 10061
f 10061 10031 10030
f 9957 9956 9303
f 9800 9796 9822
f 9822 9796 9795
f 9822 9795 9811
f 9811 9795 9784
f 9811 9784 9783
f 9886 9920 9887
f 9887 9920 9919
f 9303 9992 9991
f 9303 9991 9957
f 9957 9991 9990
f 9923 9954 9924
f 9924 9954 9953
f 9924 9953 9952
f 9816 9849 9817
f 9817 9849 9848
f 9744 9780 9745
f 9745 9780 9779
f 9815 9814 9303
f 9303 9814 9813
f 9956 9922 9303
f 9303 9922 9921
f 9303 9921 9920
f 9813 9782 9781
f 9813 9781 9303
f 9303 9781 9780
f 9303 9780 9743
f 9743 9780 9744
f 9950 9938 9963
f 9963 9938 9937
f 9963 9937 9952
f 9952 9937 9925
f 9952 9925 9924
f 9816 9815 9849
f 9849 9815 9303
f 9849 9303 9850
f 9920 9886 9885
f 9920 9885 9303
f 9303 9885 9884
f 9303 9884 9850
f 9850 9884 9883
f 9307 10167 9308
f 9308 10167 9555
f 10168 10169 9579
f 10166 9581 10170
f 10170 9581 9580
f 10170 9580 10171
f 10171 9580 10172
f 10173 9556 10174
f 10174 9556 9566
f 10174 9566 9565
f 9555 10167 10175
f 9579 10169 9580
f 9580 10169 10176
f 9580 10176 10172
f 10175 10177 9555
f 9555 10177 10178
f 9555 10178 9579
f 9579 10178 10179
f 9579 10179 10168
f 9554 9553 9564
f 9564 9553 9552
f 9564 9552 9563
f 9563 9552 9562
f 9556 9557 9566
f 9566 9557 9558
f 9566 9558 9568
f 9568 9558 9559
f 9568 9559 9569
f 9569 9559 9560
f 9569 9560 9561
f 9561 9562 9569
f 9569 9562 9552
f 9569 9552 9576
f 9576 9552 9513
f 9576 9513 9579
f 9579 9513 9514
f 9579 9514 9555
f 9303 10166 9305
f 9305 10166 10170
f 10167 9307 10175
f 10175 9307 9309
f 10175 9309 10177
f 10177 9309 9310
f 10177 9310 10178
f 10178 9310 9317
f 10178 9317 10179
f 10179 9317 9316
f 10179 9316 10168
f 10168 9316 9315
f 10168 9315 10169
f 10169 9315 9314
f 10169 9314 10176
f 10176 9314 9312
f 10176 9312 10172
f 10172 9312 9311
f 10172 9311 10171
f 10171 9311 9306
f 9305 10170 9306
f 9306 10170 10171
f 9289 9556 9288
f 9288 9556 10173
f 10101 10127 10102
f 10102 10127 10145
f 10102 10145 10144
f 10156 10162 10180
f 10180 10162 9287
f 10144 10156 10180
f 10069 10093 10070
f 10070 10093 10115
f 10070 10115 10082
f 10082 10115 10114
f 10082 10114 10180
f 10180 10114 10144
f 10144 10114 10102
f 10009 10180 10010
f 10010 10180 10181
f 10010 10181 10011
f 10082 10180 10059
f 10059 10180 10033
f 9997 9996 10024
f 9961 9987 9962
f 9962 9987 10012
f 9962 10012 9974
f 9974 10012 10011
f 9974 10011 9975
f 9975 10011 10181
f 9975 10181 9976
f 10024 10047 9997
f 9997 10047 10046
f 9997 10046 10009
f 10009 10046 10045
f 10009 10045 10180
f 10180 10045 10033
f 10181 9939 9926
f 10181 9926 9976
f 9810 9834 10182
f 9834 9833 10182
f 10182 9833 9868
f 10182 9868 10181
f 10181 9868 9867
f 10181 9867 9903
f 9939 10181 9903
f 9939 9903 9940
f 9940 9903 9902
f 9940 9902 9917
f 9917 9902 9890
f 9820 9846 9821
f 9821 9846 9869
f 9821 9869 9833
f 9833 9869 9868
f 9854 9880 9855
f 9855 9880 9905
f 9855 9905 9867
f 9867 9905 9904
f 9867 9904 9903
f 9726 9764 10183
f 10183 9764 9763
f 10183 9763 10182
f 10182 9763 9762
f 10182 9762 9797
f 9714 9713 9738
f 9797 9810 10182
f 9764 9726 9714
f 9764 9714 9765
f 9765 9714 9738
f 9749 9776 9750
f 9750 9776 9798
f 9750 9798 9762
f 9762 9798 9797
f 9703 9726 10183
f 9565 9567 10174
f 10174 9567 9599
f 9659 10183 9660
f 9660 10183 9627
f 9627 10183 9628
f 9628 10183 10174
f 9628 10174 9629
f 10183 9690 9703
f 9588 9587 9611
f 9614 9642 9615
f 9615 9642 9661
f 9615 9661 9627
f 9627 9661 9660
f 9647 9673 9648
f 9648 9673 9691
f 9648 9691 9659
f 9659 9691 9690
f 9659 9690 10183
f 10174 9599 9629
f 9629 9599 9588
f 9629 9588 9630
f 9630 9588 9611
f 10180 9287 9288
f 10174 10183 10173
f 10173 10183 10182
f 10173 10182 9288
f 9288 10182 10181
f 9288 10181 10180
f 8696 8699 10184
f 10187 10185 10186
f 10186 10185 10184
f 10188 10185 10187
f 10186 10233 10187
f 7965 10233 10230
f 7965 10190 10239
f 7965 10239 10232
f 10239 10190 10189
f 7965 10192 10190
f 10186 10184 10191
f 10186 10191 10233
f 10190 7951 10189
f 10189 7951 10192
f 10189 10192 10191
f 10191 10192 10233
f 10233 10192 7965
f 10193 10188 10241
f 10233 10240 10187
f 10187 10240 10188
f 10188 10240 10241
f 10194 10188 10236
f 8632 10235 8634
f 8634 10235 10195
f 8634 10195 8638
f 10235 8632 10194
f 10235 10194 10236
f 10194 8632 8640
f 10195 8640 8638
f 8640 10188 10194
f 10188 8640 9284
f 10196 8563 8656
f 10196 8656 10195
f 10195 8656 8657
f 10195 8657 8640
f 10236 10188 10193
f 8692 9284 8640
f 9284 9283 10185
f 10185 9283 8692
f 10188 9284 10185
f 10184 8699 10196
f 10196 8699 8694
f 10196 8694 8692
f 10196 8692 8563
f 8563 8692 8640
f 10185 8692 8691
f 10185 8691 10184
f 10184 8691 8703
f 10184 8703 8696
f 10241 10240 10198
f 10197 10198 10240
f 10239 10197 10240
f 10239 10240 10232
f 10232 10240 10233
f 10189 10251 7964
f 10239 10199 10197
f 7964 10239 10189
f 10199 10239 10251
f 10198 10199 10241
f 10197 10199 10198
f 10200 10199 10251
f 10199 10200 10241
f 10251 10189 10201
f 10201 10189 10191
f 10201 10191 10202
f 10202 10191 10184
f 10202 10184 10268
f 10268 10184 10196
f 10268 10196 10195
f 10268 10195 10235
f 10200 10256 10241
f 10203 10208 10207
f 10204 10211 10205
f 10211 10203 10205
f 10205 10203 10215
f 10203 10207 10206
f 10203 10206 10215
f 10208 10210 10219
f 10267 10206 10207
f 10206 10267 10215
f 10208 10211 10210
f 10210 10211 10204
f 10215 10211 10212
f 10212 10211 10209
f 10209 10211 10210
f 10210 10211 10208
f 10208 10211 10213
f 10214 10208 10213
f 10219 10208 10214
f 10219 10214 10216
f 10216 10214 10217
f 10216 10217 10207
f 10214 10213 10217
f 10217 10213 10218
f 10217 10218 10207
f 10207 10218 10206
f 10215 10206 10211
f 10211 10206 10213
f 10213 10206 10218
f 10210 10208 10219
f 10209 10210 10262
f 10215 10267 10206
f 10207 10206 10267
f 10209 10262 10220
f 10209 10220 10212
f 10212 10220 10221
f 10212 10221 10215
f 10215 10221 10267
f 10185 10224 10188
f 10225 10224 10226
f 10225 10226 10227
f 10227 10226 10185
f 10188 10222 10228
f 10223 10224 10229
f 10229 10224 10225
f 10229 10225 10192
f 10229 10192 10251
f 10251 10192 10190
f 10230 10190 10192
f 10230 10192 10225
f 10230 10225 10231
f 10231 10225 10227
f 10231 10227 10233
f 10233 10227 10240
f 10185 10188 10241
f 10185 10241 10227
f 10227 10241 10240
f 10232 10190 10230
f 10232 10230 10240
f 10240 10230 10233
f 10190 10232 10240
f 10188 10228 10241
f 10234 10235 10188
f 10236 10188 10235
f 10234 10237 10223
f 10188 8640 10234
f 8640 10188 10237
f 10237 10234 8640
f 10238 10188 10236
f 10224 10223 10237
f 10224 9284 10188
f 10188 9284 10237
f 10237 9284 10224
f 10222 10188 10238
f 10190 10239 10251
f 10251 10239 10198
f 10198 10239 10190
f 10240 10198 10190
f 10256 10241 10242
f 10242 10241 10228
f 10242 10228 10243
f 10243 10228 10222
f 10243 10222 10238
f 10240 10241 10256
f 10240 10256 10198
f 10256 10200 10198
f 10251 10244 10245
f 10221 10220 10246
f 10246 10220 10247
f 10262 10247 10220
f 10249 10251 10267
f 10248 10246 10244
f 10267 10221 10249
f 10249 10221 10246
f 10249 10246 10248
f 10244 10246 10245
f 10245 10246 10250
f 10245 10250 10266
f 10266 10259 10247
f 10247 10259 10246
f 10246 10259 10250
f 10266 10247 10263
f 10262 10263 10247
f 10268 10263 10262
f 10251 10200 10267
f 10245 10266 10263
f 10263 10251 10245
f 10263 10268 10251
f 10200 10251 10198
f 10229 10251 10268
f 10229 10268 10223
f 10223 10268 10234
f 10234 10268 10235
f 10256 10242 10252
f 10252 10242 10243
f 10252 10243 10253
f 10253 10243 10238
f 10253 10238 10236
f 10252 10272 10256
f 10254 10219 10216
f 10254 10216 10255
f 10255 10216 10207
f 10255 10207 10256
f 10266 10257 10258
f 10205 10260 10204
f 10204 10260 10259
f 10204 10259 10210
f 10205 10215 10261
f 10210 10263 10262
f 10263 10259 10266
f 10259 10263 10210
f 10258 10257 10260
f 10257 10259 10260
f 10265 10261 10251
f 10261 10265 10264
f 10258 10265 10251
f 10205 10261 10260
f 10260 10261 10264
f 10260 10264 10258
f 10258 10264 10248
f 10258 10248 10265
f 10267 10251 10261
f 10267 10261 10215
f 10262 10263 10268
f 10263 10266 10258
f 10258 10251 10263
f 10251 10267 10200
f 10263 10202 10268
f 10263 10251 10202
f 10202 10251 10201
f 10193 10271 10270
f 10193 10270 10236
f 10271 10193 10272
f 10272 10193 10241
f 10256 10272 10241
f 10256 10274 10272
f 10274 10207 10273
f 10273 10207 10208
f 10273 10208 10269
f 10269 10208 10219
f 10249 10265 10251
f 10251 10265 10244
f 10244 10265 10248
f 10248 10264 10249
f 10249 10264 10265
f 10192 7951 10190
f 10251 10239 7964
f 10232 10233 10230
f 10230 10233 7965
f 10230 7965 10232
f 10230 10231 10233
f 7965 10230 10233
f 10211 10208 10203
f 10234 8634 8638
f 10234 8638 8640
f 10234 8640 8632
f 10234 8632 8634
f 10237 8656 8563
f 10237 8563 8640
f 10237 8640 8657
f 10237 8657 8656
f 10224 8692 9283
f 10224 9283 9284
f 10224 9284 8692
f 10223 8699 8696
f 10223 8696 8703
f 10223 8703 8691
f 10223 8691 8692
f 10223 8692 8694
f 10223 8694 8699
f 10186 10226 10224
f 10186 10224 10185
f 10186 10185 10226
f 10250 10259 10266
f 10266 10259 10257
f 10219 10254 10269
f 10236 10270 10253
f 10269 10254 10273
f 10273 10254 10255
f 10273 10255 10274
f 10272 10252 10271
f 10271 10252 10253
f 10271 10253 10270
f 10256 10272 10274
f 10256 10274 10255
f 10274 10256 10207
f 10275 10276 10278
f 10275 10278 10289
f 10275 10289 10291
f 10278 10282 10281
f 10279 10278 10280
f 10280 10278 10276
f 10282 10278 10279
f 10283 10275 10284
f 10283 10292 10275
f 10275 10292 10277
f 10291 10285 10275
f 10275 10285 10284
f 10287 10286 10288
f 10288 10290 10287
f 10287 10290 10282
f 10281 10282 10290
f 10285 10289 10286
f 10286 10289 10288
f 10285 10291 10289
f 10292 10280 10276
f 10289 10275 10285
f 10285 10275 10289
f 10282 10278 10290
f 10290 10278 10282
f 10292 10275 10277
f 10277 10275 10292
f 10287 10282 10279
f 10284 10285 10286
f 10280 10292 10283
f 10280 10283 10279
f 10279 10283 10284
f 10279 10284 10287
f 10287 10284 10286
f 10275 10292 10276
f 10292 10275 10277
f 10278 10290 10289
f 10289 10290 10288
f 10278 10281 10290
f 10293 10294 10296
f 10293 10296 10307
f 10293 10307 10309
f 10296 10300 10299
f 10297 10296 10298
f 10298 10296 10294
f 10300 10296 10297
f 10301 10293 10302
f 10301 10310 10293
f 10293 10310 10295
f 10309 10303 10293
f 10293 10303 10302
f 10305 10304 10306
f 10306 10308 10305
f 10305 10308 10300
f 10299 10300 10308
f 10303 10307 10304
f 10304 10307 10306
f 10303 10309 10307
f 10310 10298 10294
f 10307 10293 10303
f 10303 10293 10307
f 10300 10296 10308
f 10308 10296 10300
f 10310 10293 10295
f 10295 10293 10310
f 10305 10300 10297
f 10302 10303 10304
f 10298 10310 10301
f 10298 10301 10297
f 10297 10301 10302
f 10297 10302 10305
f 10305 10302 10304
f 10293 10310 10294
f 10310 10293 10295
f 10296 10308 10307
f 10307 10308 10306
f 10296 10299 10308
f 10311 10312 10314
f 10311 10314 10325
f 10311 10325 10327
f 10314 10318 10317
f 10315 10314 10316
f 10316 10314 10312
f 10318 10314 10315
f 10319 10311 10320
f 10319 10328 10311
f 10311 10328 10313
f 10327 10321 10311
f 10311 10321 10320
f 10323 10322 10324
f 10324 10326 10323
f 10323 10326 10318
f 10317 10318 10326
f 10321 10325 10322
f 10322 10325 10324
f 10321 10327 10325
f 10328 10316 10312
f 10325 10311 10321
f 10321 10311 10325
f 10318 10314 10326
f 10326 10314 10318
f 10328 10311 10313
f 10313 10311 10328
f 10323 10318 10315
f 10320 10321 10322
f 10316 10328 10319
f 10316 10319 10315
f 10315 10319 10320
f 10315 10320 10323
f 10323 10320 10322
f 10311 10328 10312
f 10328 10311 10313
f 10314 10326 10325
f 10325 10326 10324
f 10314 10317 10326
f 10330 10329 10331
f 10331 10329 10332
f 10333 10334 10335
f 10335 10334 10336
f 10335 10336 10337
f 10338 10339 10340
f 10340 10339 10341
f 10340 10341 10329
f 10329 10341 10342
f 10329 10342 10343
f 10329 10343 10332
f 10344 10345 10346
f 10346 10345 10347
f 10346 10347 10348
f 10349 10350 10351
f 10351 10350 10352
f 10348 10353 10346
f 10346 10353 10354
f 10346 10354 10355
f 10355 10354 10356
f 10356 10357 10355
f 10355 10357 10358
f 10355 10358 10359
f 10337 10338 10335
f 10335 10338 10340
f 10335 10340 10360
f 10360 10340 10361
f 10360 10361 10362
f 10362 10361 10355
f 10362 10355 10350
f 10350 10355 10359
f 10350 10359 10352
f 10364 10363 10365
f 10365 10363 10366
f 10367 10368 10369
f 10369 10368 10370
f 10370 10368 10371
f 10371 10368 10627
f 10366 10363 10367
f 10654 10373 10374
f 10374 10373 10375
f 10375 10373 10376
f 10377 10378 10379
f 10379 10378 10380
f 10380 10378 10381
f 10381 10378 10372
f 10376 10373 10377
f 10685 10383 10384
f 10384 10383 10385
f 10385 10383 10386
f 10387 10388 10389
f 10389 10388 10390
f 10390 10388 10391
f 10391 10388 10382
f 10386 10383 10387
f 10395 10394 10396
f 10396 10394 10397
f 10397 10394 10392
f 10392 10394 10393
f 10393 10398 10399
f 10399 10398 10400
f 10400 10398 10401
f 10403 10402 10404
f 10404 10402 10405
f 10405 10402 10406
f 10406 10402 10407
f 10407 10408 10409
f 10409 10408 10410
f 10410 10408 10411
f 10411 10408 10412
f 10550 10416 10417
f 10417 10416 10418
f 10418 10416 10414
f 10414 10416 10415
f 10415 10419 10420
f 10420 10419 10421
f 10421 10419 10422
f 10422 10419 10413
f 10427 10424 10425
f 10425 10424 10426
f 10426 10424 10423
f 10423 10424 10428
f 10429 10428 10430
f 10430 10428 10431
f 10431 10428 10432
f 10435 10548 10436
f 10436 10548 10437
f 10437 10548 10433
f 10433 10548 10434
f 10438 10434 10439
f 10439 10434 10440
f 10439 10440 10441
f 10441 10440 10549
f 10445 10545 10446
f 10446 10545 10447
f 10447 10545 10443
f 10443 10545 10444
f 10448 10444 10449
f 10449 10444 10450
f 10450 10444 10442
f 10543 10452 10453
f 10453 10452 10454
f 10454 10452 10455
f 10456 10457 10458
f 10458 10457 10459
f 10459 10457 10460
f 10460 10457 10451
f 10455 10452 10456
f 10461 10463 10464
f 10464 10463 10465
f 10465 10463 10466
f 10541 10467 10468
f 10468 10467 10469
f 10469 10467 10470
f 10470 10467 10462
f 10466 10463 10541
f 10472 10471 10473
f 10473 10471 10474
f 10474 10471 10475
f 10477 10478 10479
f 10479 10478 10480
f 10480 10478 10481
f 10481 10478 10476
f 10475 10471 10477
f 10477 10471 10478
f 10482 10483 10484
f 10484 10483 10485
f 10485 10483 10486
f 10486 10483 10491
f 10487 10547 10488
f 10488 10547 10489
f 10489 10547 10490
f 10490 10547 10482
f 10482 10547 10483
f 10494 10495 10496
f 10496 10495 10497
f 10497 10495 10498
f 10498 10495 10493
f 10492 10499 10500
f 10500 10499 10501
f 10501 10499 10502
f 10502 10499 10494
f 10538 10503 10504
f 10504 10503 10505
f 10505 10503 10506
f 10506 10503 10540
f 10539 10508 10509
f 10509 10508 10510
f 10510 10508 10507
f 10507 10508 10538
f 10537 10512 10513
f 10513 10512 10514
f 10514 10512 10515
f 10515 10512 11156
f 11156 10516 10517
f 10517 10516 10518
f 10518 10516 10519
f 10519 10516 10511
f 10525 10520 10521
f 10521 10520 10522
f 10522 10520 10523
f 10523 10520 11173
f 10524 10525 10526
f 10526 10525 10527
f 10527 10525 10528
f 10530 10536 10531
f 10531 10536 10529
f 11199 10535 10532
f 10532 10535 10533
f 10533 10535 10534
f 10534 10535 10536
f 10539 10540 10508
f 10461 10542 10463
f 10462 10467 10542
f 10462 10542 10461
f 10543 10544 10452
f 10456 10452 10457
f 10451 10544 10543
f 10445 10546 10545
f 10445 10442 10546
f 10492 10493 10499
f 10472 10476 10471
f 10478 10471 10476
f 10435 10549 10548
f 10551 10416 10550
f 10413 10419 10551
f 10413 10551 10550
f 10402 10552 10407
f 10403 10552 10402
f 10403 10412 10552
f 10394 10395 10393
f 10685 10553 10383
f 10387 10383 10388
f 10382 10388 10553
f 10382 10553 10685
f 10654 10554 10373
f 10377 10373 10378
f 10372 10378 10554
f 10372 10554 10654
f 10556 10555 10363
f 10556 10363 10627
f 10556 10627 10554
f 10556 10554 10557
f 10557 10554 10553
f 10557 10553 10558
f 10558 10553 10552
f 10558 10552 10559
f 10559 10552 10560
f 10559 10560 10561
f 10561 10560 10562
f 10561 10562 10563
f 10563 10562 10564
f 10563 10564 10565
f 10565 10564 10566
f 10565 10566 10567
f 10567 10566 10568
f 10567 10568 10569
f 10569 10568 10570
f 10569 10570 10571
f 10571 10570 10572
f 10571 10572 10573
f 10573 10572 10493
f 10573 10493 10574
f 10574 10493 10540
f 10574 10540 10575
f 10575 10540 10537
f 10575 10537 10576
f 10576 10537 10577
f 10576 10577 10362
f 10362 10577 10360
f 10577 10524 11173
f 10578 10525 10577
f 10577 10525 10524
f 10535 11199 11173
f 11173 11199 10577
f 10520 10535 11173
f 11199 10529 10360
f 10360 10529 10335
f 10335 10529 10536
f 10335 10536 10535
f 10335 10525 10578
f 10577 11199 10360
f 10535 10520 10335
f 10335 10520 10525
f 10537 10511 10577
f 10577 10511 10578
f 10578 10511 10516
f 10579 10512 10537
f 10578 10516 11156
f 10578 11156 10579
f 10579 11156 10512
f 10537 10540 10579
f 10579 10540 10503
f 10579 10503 10538
f 10579 10538 10580
f 10538 10508 10580
f 10580 10508 10540
f 10581 10499 10493
f 10495 10494 10580
f 10540 10493 10580
f 10580 10493 10495
f 10580 10494 10581
f 10581 10494 10499
f 10582 10547 10572
f 10572 10547 10487
f 10572 10487 10491
f 10572 10491 10493
f 10493 10491 10483
f 10493 10483 10581
f 10483 10547 10581
f 10581 10547 10582
f 10583 10476 10570
f 10476 10471 10582
f 10582 10471 10583
f 10583 10471 10476
f 10570 10476 10572
f 10572 10476 10582
f 10584 10463 10568
f 10568 10463 10542
f 10583 10467 10541
f 10583 10541 10584
f 10584 10541 10463
f 10568 10542 10570
f 10570 10542 10467
f 10570 10467 10583
f 10566 10452 10544
f 10585 10452 10566
f 10457 10584 10568
f 10457 10568 10451
f 10451 10568 10544
f 10566 10544 10568
f 10584 10457 10452
f 10584 10452 10585
f 10440 10545 10546
f 10440 10546 10549
f 10545 10440 10434
f 10586 10548 10564
f 10564 10548 10549
f 10442 10444 10585
f 10545 10434 10586
f 10586 10434 10548
f 10564 10549 10566
f 10585 10444 10586
f 10586 10444 10545
f 10566 10442 10585
f 10549 10546 10566
f 10566 10546 10442
f 10432 10428 10586
f 10587 10424 10562
f 10562 10424 10427
f 10586 10428 10587
f 10587 10428 10424
f 10564 10427 10432
f 10564 10432 10586
f 10562 10427 10564
f 10588 10415 10560
f 10560 10415 10416
f 10560 10416 10551
f 10562 10551 10419
f 10562 10419 10587
f 10587 10419 10415
f 10587 10415 10588
f 10560 10551 10562
f 10560 10412 10588
f 10588 10412 10408
f 10560 10552 10412
f 10408 10407 10588
f 10588 10407 10589
f 10589 10407 10552
f 10393 10590 10589
f 10553 10395 10552
f 10552 10395 10398
f 10589 10398 10393
f 10393 10395 10590
f 10590 10395 10553
f 10552 10398 10589
f 10591 10383 10554
f 10554 10383 10553
f 10553 10388 10590
f 10590 10388 10383
f 10590 10383 10591
f 10592 10373 10627
f 10627 10373 10554
f 10554 10378 10591
f 10591 10378 10373
f 10591 10373 10592
f 10368 10592 10627
f 10592 10367 10593
f 10368 10367 10592
f 10555 10594 10363
f 10363 10594 10593
f 10363 10593 10367
f 10335 10578 10333
f 10333 10578 10579
f 10333 10579 10580
f 10591 10592 10595
f 10595 10592 10593
f 10595 10593 10594
f 10580 10581 10333
f 10333 10581 10582
f 10333 10582 10583
f 10583 10584 10333
f 10333 10584 10585
f 10333 10585 10595
f 10585 10586 10595
f 10595 10586 10587
f 10595 10587 10588
f 10588 10589 10595
f 10595 10589 10590
f 10595 10590 10591
f 10333 10595 10334
f 10334 10595 10596
f 10597 10556 10557
f 10576 10362 10350
f 10557 10558 10597
f 10597 10558 10559
f 10597 10559 10561
f 10561 10563 10597
f 10597 10563 10565
f 10597 10565 10350
f 10350 10565 10567
f 10567 10569 10350
f 10350 10569 10571
f 10350 10571 10573
f 10573 10574 10350
f 10350 10574 10575
f 10350 10575 10576
f 10598 10331 10599
f 10599 10331 10332
f 10599 10332 10600
f 10600 10332 10343
f 10600 10343 10601
f 10601 10343 10342
f 10601 10342 10602
f 10602 10342 10341
f 10602 10341 10603
f 10603 10341 10339
f 10603 10339 10604
f 10604 10339 10338
f 10604 10338 10605
f 10605 10338 10337
f 10605 10337 10606
f 10606 10337 10336
f 10606 10336 10596
f 10596 10336 10334
f 10607 10608 10609
f 10609 10608 10615
f 10610 10611 10612
f 10612 10613 10610
f 10610 10613 10614
f 10610 10614 10608
f 10608 10614 10615
f 10616 10617 10618
f 10618 10617 10619
f 10618 10619 10611
f 10611 10619 10620
f 10611 10620 10612
f 10618 10621 10616
f 10616 10621 10622
f 10616 10622 10625
f 10623 10624 10622
f 10622 10624 10625
f 10363 10626 10627
f 10628 10629 10630
f 10625 10624 10626
f 10364 10626 10363
f 10366 10615 10614
f 10620 10365 10612
f 10612 10365 10366
f 10612 10366 10613
f 10613 10366 10614
f 10620 10619 10365
f 10365 10619 10617
f 10365 10617 10364
f 10364 10617 10616
f 10364 10616 10626
f 10626 10616 10625
f 10637 10631 10370
f 10370 10631 10632
f 10370 10632 10369
f 10369 10632 10633
f 10633 10634 10369
f 10369 10634 10635
f 10369 10635 10636
f 10637 10370 10371
f 10637 10371 10638
f 10371 10627 10639
f 10371 10639 10638
f 10638 10639 10640
f 10636 10628 10369
f 10369 10628 10630
f 10369 10630 10367
f 10367 10630 10641
f 10367 10641 10366
f 10366 10641 10615
f 10615 10641 10609
f 10638 10644 10642
f 10640 10643 10638
f 10638 10643 10644
f 10631 10637 10642
f 10642 10637 10638
f 10642 10645 10631
f 10631 10645 10646
f 10631 10646 10632
f 10632 10646 10633
f 10646 10647 10633
f 10633 10647 10648
f 10633 10648 10634
f 10648 10649 10634
f 10634 10649 10650
f 10634 10650 10635
f 10635 10650 10636
f 10650 10651 10636
f 10636 10651 10652
f 10636 10652 10628
f 10628 10652 10653
f 10628 10653 10629
f 10655 10656 10657
f 10644 10643 10658
f 10374 10658 10654
f 10652 10651 10376
f 10376 10651 10650
f 10647 10375 10648
f 10648 10375 10376
f 10648 10376 10649
f 10649 10376 10650
f 10647 10646 10375
f 10375 10646 10645
f 10375 10645 10374
f 10374 10645 10642
f 10374 10642 10658
f 10658 10642 10644
f 10665 10659 10380
f 10380 10659 10660
f 10380 10660 10379
f 10379 10660 10661
f 10661 10662 10379
f 10379 10662 10663
f 10379 10663 10664
f 10665 10380 10381
f 10665 10381 10666
f 10381 10372 10667
f 10381 10667 10666
f 10666 10667 10668
f 10664 10655 10379
f 10379 10655 10657
f 10379 10657 10377
f 10377 10657 10669
f 10377 10669 10670
f 10377 10670 10671
f 10377 10671 10376
f 10376 10671 10672
f 10376 10672 10652
f 10652 10672 10653
f 10666 10675 10673
f 10668 10674 10666
f 10666 10674 10675
f 10659 10665 10673
f 10673 10665 10666
f 10673 10676 10659
f 10659 10676 10677
f 10659 10677 10660
f 10660 10677 10661
f 10677 10678 10661
f 10661 10678 10679
f 10661 10679 10662
f 10679 10680 10662
f 10662 10680 10681
f 10662 10681 10663
f 10663 10681 10664
f 10681 10682 10664
f 10664 10682 10683
f 10664 10683 10655
f 10655 10683 10684
f 10655 10684 10656
f 10382 10685 10686
f 10382 10686 10687
f 10688 10689 10690
f 10675 10674 10691
f 10384 10691 10685
f 10683 10682 10386
f 10386 10682 10681
f 10678 10385 10679
f 10679 10385 10386
f 10679 10386 10680
f 10680 10386 10681
f 10678 10677 10385
f 10385 10677 10676
f 10385 10676 10384
f 10384 10676 10673
f 10384 10673 10691
f 10691 10673 10675
f 10698 10692 10390
f 10390 10692 10693
f 10390 10693 10389
f 10389 10693 10694
f 10694 10695 10389
f 10389 10695 10696
f 10389 10696 10697
f 10698 10390 10391
f 10698 10391 10699
f 10382 10687 10391
f 10391 10687 10699
f 10699 10687 10700
f 10697 10688 10389
f 10389 10688 10690
f 10389 10690 10387
f 10387 10690 10701
f 10387 10701 10702
f 10387 10702 10386
f 10386 10702 10703
f 10386 10703 10683
f 10683 10703 10684
f 10699 10706 10704
f 10700 10705 10699
f 10699 10705 10706
f 10692 10698 10704
f 10704 10698 10699
f 10704 10707 10692
f 10692 10707 10708
f 10692 10708 10693
f 10693 10708 10694
f 10708 10709 10694
f 10694 10709 10710
f 10694 10710 10695
f 10710 10711 10695
f 10695 10711 10712
f 10695 10712 10696
f 10696 10712 10697
f 10712 10713 10697
f 10697 10713 10714
f 10697 10714 10688
f 10688 10714 10715
f 10688 10715 10689
f 10395 10716 10717
f 10395 10717 10718
f 10395 10718 10719
f 10395 10719 10401
f 10395 10401 10398
f 10706 10705 10716
f 10396 10716 10395
f 10714 10713 10392
f 10392 10713 10712
f 10709 10397 10710
f 10710 10397 10392
f 10710 10392 10711
f 10711 10392 10712
f 10709 10708 10397
f 10397 10708 10707
f 10397 10707 10396
f 10396 10707 10704
f 10396 10704 10716
f 10716 10704 10706
f 10728 10722 10400
f 10400 10722 10723
f 10400 10723 10399
f 10399 10723 10724
f 10724 10725 10399
f 10399 10725 10726
f 10399 10726 10727
f 10728 10400 10401
f 10728 10401 10729
f 10401 10720 10730
f 10401 10730 10729
f 10729 10730 10731
f 10727 10721 10399
f 10399 10721 10732
f 10399 10732 10393
f 10393 10732 10392
f 10392 10732 10733
f 10392 10733 10714
f 10714 10733 10715
f 10729 10736 10734
f 10731 10735 10729
f 10729 10735 10736
f 10722 10728 10734
f 10734 10728 10729
f 10734 10737 10722
f 10722 10737 10738
f 10722 10738 10723
f 10723 10738 10724
f 10738 10739 10724
f 10724 10739 10740
f 10724 10740 10725
f 10740 10741 10725
f 10725 10741 10742
f 10725 10742 10726
f 10726 10742 10727
f 10742 10743 10727
f 10727 10743 10744
f 10727 10744 10721
f 10721 10744 10745
f 10721 10745 10732
f 10403 10746 10747
f 10403 10747 10748
f 10403 10748 10749
f 10403 10749 10750
f 10403 10750 10412
f 10412 10750 10751
f 10412 10751 10752
f 10412 10752 10753
f 10754 10755 10756
f 10736 10735 10757
f 10404 10757 10403
f 10403 10757 10746
f 10744 10743 10406
f 10406 10743 10742
f 10739 10405 10740
f 10740 10405 10406
f 10740 10406 10741
f 10741 10406 10742
f 10739 10738 10405
f 10405 10738 10737
f 10405 10737 10404
f 10404 10737 10734
f 10404 10734 10757
f 10757 10734 10736
f 10764 10758 10410
f 10410 10758 10759
f 10410 10759 10409
f 10409 10759 10760
f 10760 10761 10409
f 10409 10761 10762
f 10409 10762 10763
f 10764 10410 10411
f 10764 10411 10765
f 10412 10753 10411
f 10411 10753 10766
f 10411 10766 10765
f 10765 10766 10767
f 10763 10754 10409
f 10409 10754 10756
f 10409 10756 10407
f 10407 10756 10768
f 10407 10768 10406
f 10406 10768 10744
f 10744 10768 10745
f 10765 10771 10769
f 10767 10770 10765
f 10765 10770 10771
f 10758 10764 10769
f 10769 10764 10765
f 10769 10772 10758
f 10758 10772 10773
f 10758 10773 10759
f 10759 10773 10760
f 10773 10774 10760
f 10760 10774 10775
f 10760 10775 10761
f 10775 10776 10761
f 10761 10776 10777
f 10761 10777 10762
f 10762 10777 10763
f 10777 10778 10763
f 10763 10778 10779
f 10763 10779 10754
f 10754 10779 10780
f 10754 10780 10755
f 10550 10781 10782
f 10550 10782 10783
f 10550 10783 10784
f 10550 10784 10785
f 10550 10785 10413
f 10413 10785 10786
f 10413 10786 10787
f 10413 10787 10788
f 10413 10788 10789
f 10790 10791 10792
f 10771 10770 10793
f 10417 10793 10550
f 10550 10793 10781
f 10779 10778 10414
f 10414 10778 10777
f 10774 10418 10775
f 10775 10418 10414
f 10775 10414 10776
f 10776 10414 10777
f 10774 10773 10418
f 10418 10773 10772
f 10418 10772 10417
f 10417 10772 10769
f 10417 10769 10793
f 10793 10769 10771
f 10800 10794 10421
f 10421 10794 10795
f 10421 10795 10420
f 10420 10795 10796
f 10796 10797 10420
f 10420 10797 10798
f 10420 10798 10799
f 10800 10421 10422
f 10800 10422 10801
f 10413 10789 10422
f 10422 10789 10802
f 10422 10802 10801
f 10801 10802 10803
f 10799 10790 10420
f 10420 10790 10792
f 10420 10792 10415
f 10415 10792 10804
f 10415 10804 10805
f 10415 10805 10806
f 10415 10806 10414
f 10414 10806 10807
f 10414 10807 10779
f 10779 10807 10780
f 10801 10828 10808
f 10803 10809 10801
f 10801 10809 10828
f 10794 10800 10808
f 10808 10800 10801
f 10808 10810 10794
f 10794 10810 10811
f 10794 10811 10795
f 10795 10811 10796
f 10811 10812 10796
f 10796 10812 10813
f 10796 10813 10797
f 10813 10814 10797
f 10797 10814 10815
f 10797 10815 10798
f 10798 10815 10799
f 10815 10816 10799
f 10799 10816 10817
f 10799 10817 10790
f 10790 10817 10818
f 10790 10818 10791
f 10427 10819 10820
f 10427 10820 10821
f 10427 10821 10822
f 10427 10822 10823
f 10427 10823 10824
f 10427 10824 10432
f 10432 10824 10825
f 10432 10825 10826
f 10425 10828 10427
f 10427 10828 10819
f 10817 10816 10423
f 10423 10816 10815
f 10812 10426 10813
f 10813 10426 10423
f 10813 10423 10814
f 10814 10423 10815
f 10812 10811 10426
f 10426 10811 10810
f 10426 10810 10425
f 10425 10810 10808
f 10425 10808 10828
f 10835 10829 10430
f 10430 10829 10830
f 10430 10830 10429
f 10429 10830 10831
f 10831 10832 10429
f 10429 10832 10833
f 10429 10833 10834
f 10835 10430 10431
f 10835 10431 10836
f 10432 10826 10431
f 10431 10826 10837
f 10431 10837 10836
f 10836 10837 10838
f 10834 10827 10429
f 10429 10827 10839
f 10429 10839 10428
f 10428 10839 10423
f 10423 10839 10840
f 10423 10840 10817
f 10817 10840 10818
f 10836 10843 10841
f 10838 10842 10836
f 10836 10842 10843
f 10829 10835 10841
f 10841 10835 10836
f 10841 10844 10829
f 10829 10844 10845
f 10829 10845 10830
f 10830 10845 10831
f 10845 10846 10831
f 10831 10846 10847
f 10831 10847 10832
f 10847 10848 10832
f 10832 10848 10849
f 10832 10849 10833
f 10833 10849 10834
f 10849 10850 10834
f 10834 10850 10851
f 10834 10851 10827
f 10827 10851 10852
f 10827 10852 10839
f 10435 10853 10854
f 10435 10854 10855
f 10435 10855 10856
f 10435 10856 10857
f 10435 10857 10549
f 10549 10857 10858
f 10549 10858 10859
f 10549 10859 10860
f 10861 10862 10863
f 10843 10842 10864
f 10436 10864 10435
f 10435 10864 10853
f 10851 10850 10433
f 10433 10850 10849
f 10846 10437 10847
f 10847 10437 10433
f 10847 10433 10848
f 10848 10433 10849
f 10846 10845 10437
f 10437 10845 10844
f 10437 10844 10436
f 10436 10844 10841
f 10436 10841 10864
f 10864 10841 10843
f 10871 10865 10439
f 10439 10865 10866
f 10439 10866 10438
f 10438 10866 10867
f 10867 10868 10438
f 10438 10868 10869
f 10438 10869 10870
f 10871 10439 10441
f 10871 10441 10872
f 10549 10860 10441
f 10441 10860 10873
f 10441 10873 10872
f 10872 10873 10874
f 10870 10861 10438
f 10438 10861 10863
f 10438 10863 10434
f 10434 10863 10875
f 10434 10875 10876
f 10434 10876 10433
f 10433 10876 10851
f 10851 10876 10852
f 10872 10879 10877
f 10874 10878 10872
f 10872 10878 10879
f 10865 10871 10877
f 10877 10871 10872
f 10877 10880 10865
f 10865 10880 10881
f 10865 10881 10866
f 10866 10881 10867
f 10881 10882 10867
f 10867 10882 10883
f 10867 10883 10868
f 10883 10884 10868
f 10868 10884 10885
f 10868 10885 10869
f 10869 10885 10870
f 10885 10886 10870
f 10870 10886 10887
f 10870 10887 10861
f 10861 10887 10888
f 10861 10888 10862
f 10445 10889 10890
f 10445 10890 10891
f 10445 10891 10892
f 10445 10892 10893
f 10445 10893 10442
f 10442 10893 10894
f 10895 10896 10897
f 10879 10878 10898
f 10446 10898 10445
f 10445 10898 10889
f 10887 10886 10443
f 10443 10886 10885
f 10882 10447 10883
f 10883 10447 10443
f 10883 10443 10884
f 10884 10443 10885
f 10882 10881 10447
f 10447 10881 10880
f 10447 10880 10446
f 10446 10880 10877
f 10446 10877 10898
f 10898 10877 10879
f 10905 10899 10449
f 10449 10899 10900
f 10449 10900 10448
f 10448 10900 10901
f 10901 10902 10448
f 10448 10902 10903
f 10448 10903 10904
f 10905 10449 10450
f 10905 10450 10906
f 10442 10894 10450
f 10450 10894 10907
f 10450 10907 10906
f 10906 10907 10908
f 10904 10895 10448
f 10448 10895 10897
f 10448 10897 10444
f 10444 10897 10909
f 10444 10909 10910
f 10444 10910 10443
f 10443 10910 10911
f 10443 10911 10887
f 10887 10911 10888
f 10906 10933 10912
f 10908 10913 10906
f 10906 10913 10933
f 10899 10905 10912
f 10912 10905 10906
f 10912 10914 10899
f 10899 10914 10915
f 10899 10915 10900
f 10900 10915 10901
f 10915 10916 10901
f 10901 10916 10917
f 10901 10917 10902
f 10917 10918 10902
f 10902 10918 10919
f 10902 10919 10903
f 10903 10919 10904
f 10919 10920 10904
f 10904 10920 10921
f 10904 10921 10895
f 10895 10921 10922
f 10895 10922 10896
f 10543 10923 10924
f 10543 10924 10925
f 10543 10925 10926
f 10543 10926 10927
f 10543 10927 10451
f 10451 10927 10928
f 10451 10928 10929
f 10451 10929 10930
f 10453 10933 10543
f 10543 10933 10923
f 10921 10920 10455
f 10455 10920 10919
f 10916 10454 10917
f 10917 10454 10455
f 10917 10455 10918
f 10918 10455 10919
f 10916 10915 10454
f 10454 10915 10914
f 10454 10914 10453
f 10453 10914 10912
f 10453 10912 10933
f 10940 10934 10459
f 10459 10934 10935
f 10459 10935 10458
f 10458 10935 10936
f 10936 10937 10458
f 10458 10937 10938
f 10458 10938 10939
f 10940 10459 10460
f 10940 10460 10941
f 10451 10930 10460
f 10460 10930 10942
f 10460 10942 10941
f 10941 10942 10943
f 10939 10931 10458
f 10458 10931 10932
f 10458 10932 10456
f 10456 10932 10944
f 10456 10944 10945
f 10456 10945 10946
f 10456 10946 10455
f 10455 10946 10947
f 10455 10947 10921
f 10921 10947 10922
f 10941 10950 10948
f 10943 10949 10941
f 10941 10949 10950
f 10934 10940 10948
f 10948 10940 10941
f 10948 10951 10934
f 10934 10951 10952
f 10934 10952 10935
f 10935 10952 10936
f 10952 10953 10936
f 10936 10953 10954
f 10936 10954 10937
f 10954 10955 10937
f 10937 10955 10956
f 10937 10956 10938
f 10938 10956 10939
f 10956 10957 10939
f 10939 10957 10958
f 10939 10958 10931
f 10931 10958 10959
f 10931 10959 10932
f 10461 10960 10961
f 10461 10961 10962
f 10461 10962 10963
f 10461 10963 10462
f 10462 10963 10964
f 10462 10964 10965
f 10462 10965 10966
f 10462 10966 10967
f 10976 10968 10981
f 10950 10949 10969
f 10464 10969 10461
f 10461 10969 10960
f 10958 10957 10466
f 10466 10957 10956
f 10953 10465 10954
f 10954 10465 10466
f 10954 10466 10955
f 10955 10466 10956
f 10953 10952 10465
f 10465 10952 10951
f 10465 10951 10464
f 10464 10951 10948
f 10464 10948 10969
f 10969 10948 10950
f 10977 10970 10469
f 10469 10970 10971
f 10469 10971 10468
f 10468 10971 10972
f 10468 10972 10973
f 10973 10974 10468
f 10468 10974 10975
f 10468 10975 10976
f 10977 10469 10470
f 10977 10470 10978
f 10462 10967 10470
f 10470 10967 10979
f 10470 10979 10978
f 10978 10979 10980
f 10468 10976 10981
f 10468 10981 10541
f 10541 10981 10466
f 10466 10981 10982
f 10466 10982 10958
f 10958 10982 10959
f 10976 10983 10968
f 10968 10983 11018
f 10983 10976 10975
f 10983 10975 10984
f 10984 10975 10985
f 10985 10975 10974
f 10985 10974 10973
f 10986 10987 10972
f 10972 10987 10988
f 10972 10988 10973
f 10973 10988 10989
f 10973 10989 10985
f 10970 10977 10990
f 10972 10971 10986
f 10986 10971 10970
f 10986 10970 10991
f 10991 10970 10990
f 10990 10977 10978
f 10990 10978 10993
f 10980 10992 10978
f 10978 10992 10993
f 10472 10994 10995
f 10472 10995 10996
f 10472 10996 10476
f 10476 10996 10997
f 10476 10997 10998
f 10476 10998 10999
f 10476 10999 11000
f 10476 11000 11001
f 11002 11003 11004
f 10993 10992 11005
f 10473 11005 10472
f 10472 11005 10994
f 10983 10984 10475
f 10475 10984 10985
f 10987 10474 10988
f 10988 10474 10475
f 10988 10475 10989
f 10989 10475 10985
f 10987 10986 10474
f 10474 10986 10991
f 10474 10991 10473
f 10473 10991 10990
f 10473 10990 11005
f 11005 10990 10993
f 11012 11006 10480
f 10480 11006 11007
f 10480 11007 10479
f 10479 11007 11008
f 11008 11009 10479
f 10479 11009 11010
f 10479 11010 11011
f 11012 10480 10481
f 11012 10481 11013
f 10476 11001 10481
f 10481 11001 11014
f 10481 11014 11013
f 11013 11014 11015
f 11011 11002 10479
f 10479 11002 11004
f 10479 11004 10477
f 10477 11004 11016
f 10477 11016 11017
f 10477 11017 11018
f 10477 11018 10475
f 10475 11018 10983
f 11013 11040 11019
f 11015 11020 11013
f 11013 11020 11040
f 11006 11012 11019
f 11019 11012 11013
f 11019 11021 11006
f 11006 11021 11022
f 11006 11022 11007
f 11007 11022 11008
f 11022 11023 11008
f 11008 11023 11024
f 11008 11024 11009
f 11024 11025 11009
f 11009 11025 11026
f 11009 11026 11010
f 11010 11026 11011
f 11026 11027 11011
f 11011 11027 11028
f 11011 11028 11002
f 11002 11028 11029
f 11002 11029 11003
f 10487 11030 11031
f 10487 11031 11032
f 10487 11032 10491
f 10491 11032 11033
f 10491 11033 11034
f 10491 11034 11035
f 10491 11035 11036
f 11037 11038 11039
f 10488 11040 10487
f 10487 11040 11030
f 11028 11027 10490
f 10490 11027 11026
f 11023 10489 11024
f 11024 10489 10490
f 11024 10490 11025
f 11025 10490 11026
f 11023 11022 10489
f 10489 11022 11021
f 10489 11021 10488
f 10488 11021 11019
f 10488 11019 11040
f 11047 11041 10485
f 10485 11041 11042
f 10485 11042 10484
f 10484 11042 11043
f 11043 11044 10484
f 10484 11044 11045
f 10484 11045 11046
f 11047 10485 10486
f 11047 10486 11048
f 10491 11036 10486
f 10486 11036 11049
f 10486 11049 11048
f 11048 11049 11050
f 11046 11037 10484
f 10484 11037 11039
f 10484 11039 10482
f 10482 11039 11051
f 10482 11051 11052
f 10482 11052 11053
f 10482 11053 10490
f 10490 11053 11054
f 10490 11054 11028
f 11028 11054 11029
f 11048 11057 11055
f 11050 11056 11048
f 11048 11056 11057
f 11041 11047 11055
f 11055 11047 11048
f 11055 11058 11041
f 11041 11058 11059
f 11041 11059 11042
f 11042 11059 11043
f 11059 11060 11043
f 11043 11060 11061
f 11043 11061 11044
f 11061 11062 11044
f 11044 11062 11063
f 11044 11063 11045
f 11045 11063 11046
f 11063 11064 11046
f 11046 11064 11065
f 11046 11065 11037
f 11037 11065 11066
f 11037 11066 11038
f 10492 11067 11068
f 10492 11068 11069
f 10492 11069 11070
f 10492 11070 10493
f 10493 11070 11071
f 10493 11071 11072
f 10493 11072 11073
f 11057 11056 11076
f 10500 11076 10492
f 10492 11076 11067
f 11065 11064 10502
f 10502 11064 11063
f 11060 10501 11061
f 11061 10501 10502
f 11061 10502 11062
f 11062 10502 11063
f 11060 11059 10501
f 10501 11059 11058
f 10501 11058 10500
f 10500 11058 11055
f 10500 11055 11076
f 11076 11055 11057
f 11083 11077 10497
f 10497 11077 11078
f 10497 11078 10496
f 10496 11078 11079
f 11079 11080 10496
f 10496 11080 11081
f 10496 11081 11082
f 11083 10497 10498
f 11083 10498 11084
f 10493 11073 10498
f 10498 11073 11085
f 10498 11085 11084
f 11084 11085 11086
f 11082 11074 10496
f 10496 11074 11075
f 10496 11075 10494
f 10494 11075 11087
f 10494 11087 11088
f 10494 11088 10502
f 10502 11088 11089
f 10502 11089 11065
f 11065 11089 11066
f 11084 11092 11090
f 11086 11091 11084
f 11084 11091 11092
f 11077 11083 11090
f 11090 11083 11084
f 11090 11093 11077
f 11077 11093 11094
f 11077 11094 11078
f 11078 11094 11079
f 11094 11095 11079
f 11079 11095 11096
f 11079 11096 11080
f 11096 11097 11080
f 11080 11097 11098
f 11080 11098 11081
f 11081 11098 11082
f 11098 11099 11082
f 11082 11099 11100
f 11082 11100 11074
f 11074 11100 11101
f 11074 11101 11075
f 10539 11102 11103
f 10539 11103 11104
f 10539 11104 11105
f 10539 11105 11106
f 10539 11106 10540
f 10540 11106 11107
f 10540 11107 11108
f 10540 11108 11109
f 11110 11111 11112
f 11092 11091 11113
f 10509 11113 10539
f 10539 11113 11102
f 11100 11099 10507
f 10507 11099 11098
f 11095 10510 11096
f 11096 10510 10507
f 11096 10507 11097
f 11097 10507 11098
f 11095 11094 10510
f 10510 11094 11093
f 10510 11093 10509
f 10509 11093 11090
f 10509 11090 11113
f 11113 11090 11092
f 11120 11114 10505
f 10505 11114 11115
f 10505 11115 10504
f 10504 11115 11116
f 11116 11117 10504
f 10504 11117 11118
f 10504 11118 11119
f 11120 10505 10506
f 11120 10506 11121
f 10540 11109 10506
f 10506 11109 11122
f 10506 11122 11121
f 11121 11122 11123
f 11119 11110 10504
f 10504 11110 11112
f 10504 11112 10538
f 10538 11112 11124
f 10538 11124 10507
f 10507 11124 11100
f 11100 11124 11101
f 11121 11145 11125
f 11123 11126 11121
f 11121 11126 11145
f 11114 11120 11125
f 11125 11120 11121
f 11125 11127 11114
f 11114 11127 11128
f 11114 11128 11115
f 11115 11128 11116
f 11128 11129 11116
f 11116 11129 11130
f 11116 11130 11117
f 11130 11131 11117
f 11117 11131 11132
f 11117 11132 11118
f 11118 11132 11119
f 11132 11133 11119
f 11119 11133 11134
f 11119 11134 11110
f 11110 11134 11135
f 11110 11135 11111
f 10537 11136 11137
f 10537 11137 11138
f 10537 11138 11139
f 10537 11139 10511
f 10511 11139 11140
f 10511 11140 11141
f 11142 11143 11144
f 10513 11145 10537
f 10537 11145 11136
f 11134 11133 10515
f 10515 11133 11132
f 11129 10514 11130
f 11130 10514 10515
f 11130 10515 11131
f 11131 10515 11132
f 11129 11128 10514
f 10514 11128 11127
f 10514 11127 10513
f 10513 11127 11125
f 10513 11125 11145
f 11152 11146 10518
f 10518 11146 11147
f 10518 11147 10517
f 10517 11147 11148
f 11148 11149 10517
f 10517 11149 11150
f 10517 11150 11151
f 11152 10518 10519
f 11152 10519 11153
f 10511 11141 10519
f 10519 11141 11154
f 10519 11154 11153
f 11153 11154 11155
f 11151 11142 10517
f 10517 11142 11144
f 10517 11144 11156
f 10515 11156 11157
f 10515 11157 11134
f 11134 11157 11135
f 11153 11160 11158
f 11155 11159 11153
f 11153 11159 11160
f 11146 11152 11158
f 11158 11152 11153
f 11158 11161 11146
f 11146 11161 11162
f 11146 11162 11147
f 11147 11162 11148
f 11162 11163 11148
f 11148 11163 11164
f 11148 11164 11149
f 11164 11165 11149
f 11149 11165 11166
f 11149 11166 11150
f 11150 11166 11151
f 11166 11167 11151
f 11151 11167 11168
f 11151 11168 11142
f 11142 11168 11169
f 11142 11169 11143
f 10524 11170 11171
f 10524 11171 11172
f 10524 11172 11173
f 11160 11159 11175
f 10526 11175 10524
f 10524 11175 11170
f 11168 11167 10528
f 10528 11167 11166
f 11163 10527 11164
f 11164 10527 10528
f 11164 10528 11165
f 11165 10528 11166
f 11163 11162 10527
f 10527 11162 11161
f 10527 11161 10526
f 10526 11161 11158
f 10526 11158 11175
f 11175 11158 11160
f 11182 11176 10522
f 10522 11176 11177
f 10522 11177 10521
f 10521 11177 11178
f 11178 11179 10521
f 10521 11179 11180
f 10521 11180 11181
f 11182 10522 10523
f 11182 10523 11183
f 10523 11173 11184
f 10523 11184 11183
f 11183 11184 11185
f 11181 11174 10521
f 10521 11174 11186
f 10521 11186 10525
f 10525 11186 10528
f 10528 11186 11187
f 10528 11187 11168
f 11168 11187 11169
f 11183 11201 11188
f 11185 11189 11183
f 11183 11189 11201
f 11176 11182 11188
f 11188 11182 11183
f 11188 11190 11176
f 11176 11190 11191
f 11176 11191 11177
f 11177 11191 11178
f 11191 11192 11178
f 11178 11192 11193
f 11178 11193 11179
f 11193 11194 11179
f 11179 11194 11195
f 11179 11195 11180
f 11180 11195 11181
f 11195 11196 11181
f 11181 11196 11197
f 11181 11197 11174
f 11174 11197 11198
f 11174 11198 11186
f 11199 11200 10529
f 10532 11201 11199
f 11197 11196 10534
f 10534 11196 11195
f 11192 10533 11193
f 11193 10533 10534
f 11193 10534 11194
f 11194 10534 11195
f 11192 11191 10533
f 10533 11191 11190
f 10533 11190 10532
f 10532 11190 11188
f 10532 11188 11201
f 11205 11202 10530
f 10530 11202 11203
f 10530 11203 10536
f 10536 11203 11204
f 11205 10530 10531
f 11205 10531 11206
f 10529 11200 10531
f 10531 11200 11206
f 11206 11200 11207
f 10536 11204 10534
f 10534 11204 11197
f 11197 11204 11198
f 10355 11205 11206
f 10355 11206 10346
f 10346 11206 11207
f 10346 11207 10344
f 11205 10355 11202
f 11202 10355 10361
f 11202 10361 11203
f 11203 10361 10340
f 11203 10340 11204
f 11204 10340 10329
f 10821 10820 10787
f 10787 10820 10788
f 10788 10820 10819
f 10788 10819 10789
f 10859 10890 10889
f 10750 10783 10751
f 10751 10783 10782
f 10700 10716 10705
f 10809 10803 10802
f 10749 10748 11208
f 11072 11071 11103
f 11208 10748 10747
f 10735 10731 10757
f 10757 10731 10730
f 10757 10730 10746
f 10746 10730 10720
f 10746 10720 10747
f 10747 10720 10401
f 10789 10819 10802
f 10802 10819 10828
f 10802 10828 10809
f 10750 10749 10783
f 10783 10749 11208
f 10783 11208 10784
f 10687 10717 10700
f 10700 10717 10716
f 10717 10687 10686
f 10717 10686 10718
f 10718 10686 10685
f 10878 10874 10898
f 10898 10874 10873
f 10898 10873 10889
f 10889 10873 10860
f 10889 10860 10859
f 11069 11068 11035
f 11035 11068 11067
f 10643 10640 10658
f 10658 10640 10639
f 10658 10639 10654
f 10654 10639 10627
f 10623 11208 10626
f 10345 11200 11199
f 10345 11199 11173
f 11107 11138 11137
f 11107 11137 11108
f 11106 11105 10345
f 11031 11000 10999
f 11031 10999 11032
f 10623 10626 10624
f 11207 11200 10344
f 10344 11200 10345
f 11139 11138 10345
f 11138 11107 10345
f 10345 11107 11106
f 11105 11104 11071
f 11071 11104 11103
f 11105 11071 10345
f 10345 11071 11070
f 10345 11070 11069
f 11056 11050 11076
f 11076 11050 11049
f 11076 11049 11067
f 11067 11049 11036
f 11067 11036 11035
f 10929 10961 10960
f 10770 10767 10793
f 10793 10767 10766
f 10793 10766 10781
f 10781 10766 10753
f 10781 10753 10782
f 10782 10753 10752
f 10782 10752 10751
f 10674 10668 10691
f 10691 10668 10667
f 10691 10667 10685
f 10685 10667 10372
f 10685 10372 10654
f 11208 10627 10626
f 11069 11035 10345
f 10345 11035 11034
f 10825 10854 10853
f 10913 10908 10907
f 11020 11015 11014
f 10747 10401 10719
f 10747 10719 11208
f 11208 10719 10718
f 11208 10718 10685
f 11189 11185 11184
f 10345 11173 11139
f 11139 11173 11172
f 11126 11123 11122
f 10998 10997 10964
f 10964 10997 10996
f 10964 10996 10965
f 10924 10893 10892
f 10924 10892 10925
f 10345 10785 11208
f 11208 10785 10784
f 10685 10654 11208
f 11208 10654 10627
f 11159 11155 11175
f 11175 11155 11154
f 11175 11154 11170
f 11170 11154 11141
f 11170 11141 11171
f 11171 11141 11140
f 11171 11140 11172
f 11172 11140 11139
f 10893 10924 10894
f 10894 10924 10923
f 10894 10923 10907
f 10907 10923 10933
f 10907 10933 10913
f 11000 11031 11001
f 11001 11031 11030
f 11001 11030 11014
f 11014 11030 11040
f 11014 11040 11020
f 11173 11199 11184
f 11184 11199 11201
f 11184 11201 11189
f 11108 11137 11109
f 11109 11137 11136
f 11109 11136 11122
f 11122 11136 11145
f 11122 11145 11126
f 10949 10943 10969
f 10969 10943 10942
f 10969 10942 10960
f 10960 10942 10930
f 10960 10930 10929
f 10824 10855 10825
f 10825 10855 10854
f 11091 11086 11113
f 11113 11086 11085
f 11113 11085 11102
f 11102 11085 11073
f 11102 11073 11103
f 11103 11073 11072
f 10999 10998 10345
f 10842 10838 10864
f 10864 10838 10837
f 10864 10837 10853
f 10853 10837 10826
f 10853 10826 10825
f 10928 10962 10929
f 10929 10962 10961
f 10345 11034 11033
f 10345 11033 10999
f 10999 11033 11032
f 10965 10996 10966
f 10966 10996 10995
f 10966 10995 10994
f 10858 10891 10859
f 10859 10891 10890
f 10786 10822 10787
f 10787 10822 10821
f 10857 10856 10345
f 10345 10856 10855
f 10998 10964 10345
f 10345 10964 10963
f 10345 10963 10962
f 10855 10824 10823
f 10855 10823 10345
f 10345 10823 10822
f 10345 10822 10785
f 10785 10822 10786
f 10992 10980 11005
f 11005 10980 10979
f 11005 10979 10994
f 10994 10979 10967
f 10994 10967 10966
f 10858 10857 10891
f 10891 10857 10345
f 10891 10345 10892
f 10962 10928 10927
f 10962 10927 10345
f 10345 10927 10926
f 10345 10926 10892
f 10892 10926 10925
f 10349 11209 10350
f 10350 11209 10597
f 11210 11211 10621
f 11208 10623 11212
f 11212 10623 10622
f 11212 10622 11213
f 11213 10622 11214
f 11215 10598 11216
f 11216 10598 10608
f 11216 10608 10607
f 10597 11209 11217
f 10621 11211 10622
f 10622 11211 11218
f 10622 11218 11214
f 11217 11219 10597
f 10597 11219 11220
f 10597 11220 10621
f 10621 11220 11221
f 10621 11221 11210
f 10596 10595 10606
f 10606 10595 10594
f 10606 10594 10605
f 10605 10594 10604
f 10598 10599 10608
f 10608 10599 10600
f 10608 10600 10610
f 10610 10600 10601
f 10610 10601 10611
f 10611 10601 10602
f 10611 10602 10603
f 10603 10604 10611
f 10611 10604 10594
f 10611 10594 10618
f 10618 10594 10555
f 10618 10555 10621
f 10621 10555 10556
f 10621 10556 10597
f 10345 11208 10347
f 10347 11208 11212
f 11209 10349 11217
f 11217 10349 10351
f 11217 10351 11219
f 11219 10351 10352
f 11219 10352 11220
f 11220 10352 10359
f 11220 10359 11221
f 11221 10359 10358
f 11221 10358 11210
f 11210 10358 10357
f 11210 10357 11211
f 11211 10357 10356
f 11211 10356 11218
f 11218 10356 10354
f 11218 10354 11214
f 11214 10354 10353
f 11214 10353 11213
f 11213 10353 10348
f 10347 11212 10348
f 10348 11212 11213
f 10331 10598 10330
f 10330 10598 11215
f 11143 11169 11144
f 11144 11169 11187
f 11144 11187 11186
f 11198 11204 11222
f 11222 11204 10329
f 11186 11198 11222
f 11111 11135 11112
f 11112 11135 11157
f 11112 11157 11124
f 11124 11157 11156
f 11124 11156 11222
f 11222 11156 11186
f 11186 11156 11144
f 11051 11222 11052
f 11052 11222 11223
f 11052 11223 11053
f 11124 11222 11101
f 11101 11222 11075
f 11039 11038 11066
f 11003 11029 11004
f 11004 11029 11054
f 11004 11054 11016
f 11016 11054 11053
f 11016 11053 11017
f 11017 11053 11223
f 11017 11223 11018
f 11066 11089 11039
f 11039 11089 11088
f 11039 11088 11051
f 11051 11088 11087
f 11051 11087 11222
f 11222 11087 11075
f 11223 10981 10968
f 11223 10968 11018
f 10852 10876 11224
f 10876 10875 11224
f 11224 10875 10910
f 11224 10910 11223
f 11223 10910 10909
f 11223 10909 10945
f 10981 11223 10945
f 10981 10945 10982
f 10982 10945 10944
f 10982 10944 10959
f 10959 10944 10932
f 10862 10888 10863
f 10863 10888 10911
f 10863 10911 10875
f 10875 10911 10910
f 10896 10922 10897
f 10897 10922 10947
f 10897 10947 10909
f 10909 10947 10946
f 10909 10946 10945
f 10768 10806 11225
f 11225 10806 10805
f 11225 10805 11224
f 11224 10805 10804
f 11224 10804 10839
f 10756 10755 10780
f 10839 10852 11224
f 10806 10768 10756
f 10806 10756 10807
f 10807 10756 10780
f 10791 10818 10792
f 10792 10818 10840
f 10792 10840 10804
f 10804 10840 10839
f 10745 10768 11225
f 10607 10609 11216
f 11216 10609 10641
f 10701 11225 10702
f 10702 11225 10669
f 10669 11225 10670
f 10670 11225 11216
f 10670 11216 10671
f 11225 10732 10745
f 10630 10629 10653
f 10656 10684 10657
f 10657 10684 10703
f 10657 10703 10669
f 10669 10703 10702
f 10689 10715 10690
f 10690 10715 10733
f 10690 10733 10701
f 10701 10733 10732
f 10701 10732 11225
f 11216 10641 10671
f 10671 10641 10630
f 10671 10630 10672
f 10672 10630 10653
f 11222 10329 10330
f 11216 11225 11215
f 11215 11225 11224
f 11215 11224 10330
f 10330 11224 11223
f 10330 11223 11222

