# https://github.com/mikedh/trimesh
v 0.03895892 0.24814728 -0.02461540
v 0.06001410 0.22509723 -0.01866037
v 0.08209863 0.26526808 -0.02053346
v 0.07920980 0.26880413 -0.02050000
v 0.07553152 0.27194899 -0.02050000
v 0.07891450 0.26910192 -0.02061780
v 0.08067109 0.26718904 -0.02063977
v 0.07351054 0.27334297 -0.02063061
v 0.07134958 0.27438438 -0.02050000
v 0.06688489 0.27600890 -0.02061780
v 0.06679915 0.27603161 -0.02050000
v 0.06679915 0.27603161 -0.02061780
v 0.06528584 0.22362543 -0.02050836
v 0.05289915 0.27597818 -0.02061780
v 0.05289915 0.27597818 -0.02050000
v 0.04862184 0.27441844 -0.02061780
v 0.04836152 0.27429599 -0.02050000
v 0.04638321 0.27324735 -0.02063222
v 0.04419844 0.27182850 -0.02050000
v 0.04250389 0.27050555 -0.02063354
v 0.04054445 0.26865545 -0.02050000
v 0.03916539 0.26712082 -0.02063336
v 0.03778273 0.26523736 -0.02054225
v 0.03521594 0.26062244 -0.02050000
v 0.03639783 0.26343815 -0.02155380
v 0.06986628 0.22498757 -0.02050805
v 0.05987366 0.22284874 -0.02194729
v 0.07139313 0.22563602 -0.02061780
v 0.06825626 0.22436880 -0.02061966
v 0.07443925 0.22731780 -0.02052227
v 0.07387914 0.22696690 -0.02061780
v 0.08121486 0.23352118 -0.02051019
v 0.07799912 0.23005532 -0.02052272
v 0.08374020 0.23740818 -0.02050000
v 0.08008302 0.23209857 -0.02062444
v 0.08561036 0.24187163 -0.02050000
v 0.08291743 0.23592125 -0.02062630
v 0.08665108 0.24659780 -0.02050000
v 0.08503443 0.24018278 -0.02062823
v 0.08682873 0.25143394 -0.02050000
v 0.08636799 0.24474991 -0.02063014
v 0.08613757 0.25622371 -0.02050000
v 0.08687651 0.24947964 -0.02063186
v 0.08654443 0.25422366 -0.02063314
v 0.03371364 0.25602213 -0.02050000
v 0.03392372 0.25687352 -0.02061781
v 0.03521594 0.26062244 -0.02061780
v 0.03305933 0.25122717 -0.02050000
v 0.03312733 0.25227121 -0.02061781
v 0.03371364 0.25602213 -0.02061780
v 0.03327417 0.24639253 -0.02050000
v 0.03313850 0.24760053 -0.02061781
v 0.03305933 0.25122717 -0.02061780
v 0.03435121 0.24167451 -0.02050000
v 0.03395689 0.24300207 -0.02061781
v 0.03327417 0.24639253 -0.02061780
v 0.03555787 0.23861432 -0.02061781
v 0.03435121 0.24167451 -0.02061780
v 0.03789322 0.23456937 -0.02061781
v 0.03625564 0.23722558 -0.02061780
v 0.03988302 0.23202066 -0.02062233
v 0.04201350 0.22995165 -0.02052180
v 0.06679915 0.27611661 -0.02050000
v 0.06679915 0.27611661 -0.02070000
v 0.05289915 0.27606332 -0.02050000
v 0.05289915 0.27606332 -0.02070000
v 0.06022353 0.22450148 -0.01800000
v 0.06092500 0.22386546 -0.01802813
v 0.06069953 0.22411053 -0.01799820
v 0.03678200 0.26254548 -0.02086551
v 0.08183014 0.26364824 -0.01800000
v 0.08270937 0.26212537 -0.01800000
v 0.08264400 0.26210772 -0.02049133
v 0.08082386 0.26751596 -0.00575000
v 0.08227105 0.26562995 -0.00575000
v 0.08354834 0.26362500 -0.00575000
v 0.08251705 0.26189685 -0.02031167
v 0.08253761 0.26183262 -0.01800000
v 0.08251669 0.26189786 -0.01800000
v 0.08252270 0.26198116 -0.01800000
v 0.08252150 0.26197669 -0.02035292
v 0.08256220 0.26205474 -0.01800000
v 0.08255360 0.26204431 -0.02041302
v 0.08261478 0.26209864 -0.01800000
v 0.08261481 0.26209866 -0.02049249
v 0.08149075 0.26364586 -0.01800000
v 0.08149075 0.26364586 -0.02030000
v 0.08153677 0.26359513 -0.01800000
v 0.08153304 0.26359575 -0.02030895
v 0.08169746 0.26355621 -0.02042732
v 0.08175970 0.26357970 -0.02049257
v 0.08175970 0.26357970 -0.01800000
v 0.08163113 0.26355493 -0.02037039
v 0.08161191 0.26355869 -0.01800000
v 0.08169539 0.26355609 -0.01800000
v 0.05916388 0.22451210 -0.00450000
v 0.08178767 0.26359760 -0.02050356
v 0.08111786 0.26372509 -0.02078691
v 0.07848871 0.26228558 0.00150105
v 0.07859552 0.26223847 0.00730398
v 0.07875144 0.26229736 0.00150000
v 0.07875144 0.26229736 0.00746667
v 0.06119867 0.22753473 0.00150000
v 0.06075298 0.22654554 0.00130294
v 0.06119820 0.22754861 0.00748611
v 0.06119820 0.22754861 0.00150000
v 0.06119845 0.22754167 0.00749305
v 0.06115296 0.22745977 0.00757216
v 0.08002941 0.23984948 0.00150000
v 0.08001715 0.23985602 0.00150000
v 0.08002329 0.23985277 0.00749305
v 0.08011684 0.23757430 0.00440148
v 0.08036037 0.23897786 0.00745956
v 0.08042264 0.23951584 0.00750000
v 0.08002941 0.23984948 0.00750000
v 0.07877398 0.26231110 0.00749305
v 0.07876810 0.26230741 0.00626000
v 0.07891055 0.26240506 0.00142392
v 0.07880972 0.26233253 0.00626000
v 0.07876810 0.26230741 0.00502000
v 0.07880972 0.26233253 0.00440000
v 0.03986889 0.26015052 0.00150000
v 0.03976951 0.25995150 0.00150000
v 0.05876958 0.22759916 -0.00250004
v 0.05412572 0.22826667 -0.00250000
v 0.05869963 0.22753473 0.00150000
v 0.06099602 0.22452150 -0.02030000
v 0.06099602 0.22452150 -0.01800000
v 0.08810876 0.24535135 -0.02611020
v 0.07905012 0.23640744 0.01739254
v 0.08699036 0.24972274 0.00695762
v 0.07743033 0.23778750 0.00305079
v 0.07885938 0.23754078 0.00748032
v 0.07857807 0.23776381 0.00728814
v 0.07876810 0.23769259 0.00748611
v 0.08423368 0.23866415 -0.02050000
v 0.08582765 0.24303269 -0.02050000
v 0.08664246 0.24761102 -0.02050000
v 0.08665358 0.25226128 -0.02050000
v 0.08376665 0.26265761 -0.02107536
v 0.06685454 0.27589509 -0.02050000
v 0.06227428 0.27669895 -0.02050000
v 0.07122689 0.27431157 -0.02050000
v 0.07525969 0.27199608 -0.02050000
v 0.07883150 0.26901832 -0.02050000
v 0.08183482 0.26546797 -0.02050000
v 0.03806349 0.26546797 -0.02050000
v 0.04106680 0.26901832 -0.02050000
v 0.04463862 0.27199608 -0.02050000
v 0.04867141 0.27431157 -0.02050000
v 0.05304376 0.27589509 -0.02050000
v 0.05762402 0.27669895 -0.02050000
v 0.05750595 0.27688923 -0.02050000
v 0.06218616 0.27690718 -0.02050000
v 0.08255873 0.26180621 -0.02029873
v 0.08261801 0.26210046 -0.02049628
v 0.06085566 0.22445558 -0.02036050
v 0.06084301 0.22443991 -0.02037496
v 0.06093071 0.22450971 -0.02030914
v 0.06317779 0.22463112 -0.02041362
v 0.06080056 0.22430215 -0.02050170
v 0.06081198 0.22437787 -0.02043665
v 0.08533159 0.24742952 -0.01402254
v 0.08455683 0.25698090 -0.02038733
v 0.06119820 0.27245140 0.00150000
v 0.06119867 0.27246529 0.00150000
v 0.06142072 0.27245182 0.00150000
v 0.07353123 0.26770550 0.00150000
v 0.05869022 0.27238519 0.00147928
v 0.06212914 0.27314931 -0.00051342
v 0.05869963 0.27246529 0.00150000
v 0.05870010 0.27245140 0.00150000
v 0.03989990 0.26226745 0.00400772
v 0.05870010 0.22754861 0.00150000
v 0.05866498 0.22775309 0.00150000
v 0.05698628 0.22777256 0.00166346
v 0.07876810 0.23769259 0.00150000
v 0.07877989 0.23768525 0.00150000
v 0.07779960 0.23630287 0.00150000
v 0.06123379 0.22775427 0.00150000
v 0.06134841 0.22792570 0.00150000
v 0.06144237 0.22793186 0.00150000
v 0.06767696 0.22877574 0.00150000
v 0.07049507 0.22954123 -0.00170465
v 0.07937422 0.24110807 0.00169207
v 0.08017614 0.23994009 0.00134989
v 0.05869240 0.27232722 0.00736257
v 0.05869985 0.27245834 0.00749305
v 0.04130545 0.26231593 0.00749902
v 0.03987501 0.26014724 0.00749305
v 0.03985040 0.26015150 0.00749233
v 0.04001727 0.26003996 0.00731772
v 0.03988115 0.26014400 0.00748611
v 0.05859136 0.22787409 0.00714117
v 0.05870025 0.22751262 0.00750688
v 0.05870010 0.22754861 0.00748611
v 0.05866681 0.22774851 0.00728841
v 0.05148059 0.22922785 0.00744694
v 0.06122024 0.22771850 0.00731772
v 0.06142072 0.22754817 0.00750000
v 0.06134834 0.22792569 0.00711875
v 0.06479891 0.22819962 0.00745767
v 0.08025872 0.26039513 0.00753774
v 0.08009858 0.25971759 0.00035602
v 0.08110544 0.24234094 0.00750000
v 0.08232124 0.24784032 0.00748461
v 0.06229163 0.27689821 -0.02070000
v 0.05650901 0.27680908 -0.02068218
v 0.03403762 0.25684345 -0.02050000
v 0.03324472 0.25226128 -0.02050000
v 0.03325584 0.24761102 -0.02050000
v 0.03407065 0.24303269 -0.02050000
v 0.03616697 0.23742200 -0.02051003
v 0.03876992 0.23340764 -0.02050932
v 0.07698094 0.22966615 -0.00911095
v 0.03901182 0.25895470 -0.00040727
v 0.05696952 0.22808300 -0.00250000
v 0.04004145 0.26001033 0.00150000
v 0.03988115 0.26014400 0.00150000
v 0.06199066 0.27096087 0.00456957
v 0.06129647 0.27252206 0.00750173
v 0.06119820 0.27245140 0.00748611
v 0.06123149 0.27225149 0.00728841
v 0.07850459 0.26252822 0.00767544
v 0.07876194 0.26230358 0.00747885
v 0.07278850 0.26842688 0.00752305
v 0.08125765 0.26148096 0.00582442
v 0.07884621 0.23772642 -0.00173830
v 0.05854488 0.22745313 0.00136684
v 0.05879195 0.22702736 0.00750000
v 0.05890600 0.27324327 0.00129996
v 0.05858693 0.27253453 0.00750606
v 0.03393346 0.25508526 -0.01442756
v 0.03773928 0.26395185 -0.02070387
v 0.06092902 0.22450699 -0.01800000
v 0.06085647 0.22445644 -0.01800000
v 0.06081280 0.22437957 -0.01800000
v 0.06080654 0.22429137 -0.01800000
v 0.05682088 0.23687909 0.01709786
v 0.06790403 0.27684849 -0.01920790
v 0.07996146 0.26856872 -0.00575000
v 0.08154539 0.26670006 -0.00575000
v 0.08295543 0.26469699 -0.00575000
v 0.08418024 0.26257554 -0.00575000
v 0.05997096 0.22582753 0.00750011
v 0.03992199 0.23835089 0.00355221
v 0.06141922 0.22792941 0.00788154
v 0.07926883 0.23902397 0.00790253
v 0.07870652 0.26250811 0.00745209
v 0.08240823 0.26059411 0.02063065
v 0.05912649 0.27751824 0.01409958
v 0.05833856 0.27231901 0.00749022
v 0.06835995 0.27067430 0.00741295
v 0.07131697 0.26905447 0.00789467
v 0.03964752 0.25958944 0.00742740
v 0.08294718 0.26412342 -0.02003263
v 0.05409480 0.27507462 0.00931958
v 0.07400090 0.26560605 0.01750000
v 0.07113279 0.26765606 0.01750000
v 0.07044915 0.26818654 0.01750000
v 0.06984472 0.26840889 0.01750000
v 0.06849062 0.26918444 0.01750000
v 0.06850623 0.26906794 0.01750000
v 0.06643850 0.26997218 0.01750000
v 0.06570548 0.27009165 0.01750000
v 0.06214425 0.27088496 0.01750000
v 0.06278755 0.27070636 0.01750000
v 0.06130314 0.27085608 0.01750000
v 0.05994915 0.27100000 0.01750000
v 0.05981183 0.27089956 0.01750000
v 0.05775405 0.27088496 0.01750000
v 0.05683892 0.27066728 0.01750000
v 0.05345979 0.26997218 0.01750000
v 0.05775405 0.22911504 0.01750000
v 0.05859516 0.22914390 0.01750000
v 0.05994915 0.22900000 0.01750000
v 0.06008647 0.22910045 0.01750000
v 0.06214425 0.22911504 0.01750000
v 0.06305938 0.22933272 0.01750000
v 0.06643850 0.23002781 0.01750000
v 0.05392931 0.27001429 0.01750000
v 0.05251685 0.26953384 0.01750000
v 0.05140768 0.26918444 0.01750000
v 0.05114226 0.26895386 0.01750000
v 0.04944915 0.26818654 0.01750000
v 0.04853449 0.26750758 0.01750000
v 0.04589741 0.26560605 0.01750000
v 0.07400090 0.23439395 0.01750000
v 0.07482446 0.23531888 0.01750000
v 0.07555519 0.23594826 0.01750000
v 0.07583389 0.23641749 0.01750000
v 0.07693851 0.23765650 0.01750000
v 0.07760521 0.23881637 0.01750000
v 0.07913361 0.24145854 0.01750000
v 0.08049025 0.24563386 0.01750000
v 0.08065552 0.24716160 0.01750000
v 0.08083411 0.24780491 0.01750000
v 0.08084870 0.25013733 0.01750000
v 0.08094915 0.25000000 0.01750000
v 0.08061643 0.25311023 0.01750000
v 0.08049025 0.25436616 0.01750000
v 0.08034189 0.25457668 0.01750000
v 0.07996344 0.25601983 0.01750000
v 0.07992133 0.25648937 0.01750000
v 0.07890300 0.25880688 0.01750000
v 0.07913361 0.25854146 0.01750000
v 0.07745673 0.26141468 0.01750000
v 0.07693851 0.26234350 0.01750000
v 0.07659781 0.26263455 0.01750000
v 0.07555519 0.26405174 0.01750000
v 0.07565405 0.26379007 0.01750000
v 0.07353167 0.26588476 0.01750000
v 0.04615908 0.26570490 0.01750000
v 0.04507384 0.26468113 0.01750000
v 0.04434311 0.26405174 0.01750000
v 0.04406440 0.26358253 0.01750000
v 0.04295979 0.26234350 0.01750000
v 0.04229309 0.26118362 0.01750000
v 0.04076469 0.25854146 0.01750000
v 0.06596898 0.22998571 0.01750000
v 0.06738145 0.23046616 0.01750000
v 0.06849062 0.23081554 0.01750000
v 0.06875604 0.23104614 0.01750000
v 0.07044915 0.23181346 0.01750000
v 0.07136381 0.23249242 0.01750000
v 0.07373922 0.23429510 0.01750000
v 0.04589741 0.23439395 0.01750000
v 0.04876552 0.23234394 0.01750000
v 0.04944915 0.23181346 0.01750000
v 0.05005358 0.23159109 0.01750000
v 0.05140768 0.23081554 0.01750000
v 0.05139207 0.23093206 0.01750000
v 0.05345979 0.23002781 0.01750000
v 0.05419282 0.22990835 0.01750000
v 0.05711075 0.22929363 0.01750000
v 0.07901709 0.24144292 0.01750000
v 0.07957897 0.24282502 0.01750000
v 0.07992133 0.24351065 0.01750000
v 0.08004081 0.24424367 0.01750000
v 0.08040027 0.24569166 0.01750000
v 0.03940805 0.25436616 0.01750000
v 0.03924279 0.25283840 0.01750000
v 0.03906419 0.25219509 0.01750000
v 0.03904960 0.24986269 0.01750000
v 0.03894915 0.25000000 0.01750000
v 0.03928187 0.24688977 0.01750000
v 0.03940805 0.24563386 0.01750000
v 0.03955641 0.24542330 0.01750000
v 0.03993487 0.24398017 0.01750000
v 0.03997696 0.24351065 0.01750000
v 0.04099529 0.24119310 0.01750000
v 0.04076470 0.24145854 0.01750000
v 0.04244157 0.23858534 0.01750000
v 0.04295979 0.23765650 0.01750000
v 0.04330049 0.23736544 0.01750000
v 0.04434311 0.23594826 0.01750000
v 0.04424424 0.23620993 0.01750000
v 0.04636663 0.23411526 0.01750000
v 0.04088121 0.25855708 0.01750000
v 0.04031934 0.25717500 0.01750000
v 0.03997696 0.25648937 0.01750000
v 0.03985750 0.25575632 0.01750000
v 0.03949803 0.25430834 0.01750000
v 0.04944915 0.23181346 0.01740000
v 0.04871201 0.23225947 0.01740000
v 0.04630164 0.23403925 0.01740000
v 0.04589741 0.23439395 0.01740000
v 0.04416910 0.23614395 0.01740000
v 0.04295979 0.23765650 0.01740000
v 0.04235780 0.23853073 0.01740000
v 0.04090461 0.24115098 0.01740000
v 0.04076470 0.24145854 0.01740000
v 0.03983910 0.24395137 0.01740000
v 0.03940805 0.24563386 0.01740000
v 0.03918298 0.24687488 0.01740000
v 0.03894960 0.24986203 0.01740000
v 0.03894915 0.25000000 0.01740000
v 0.03914372 0.25285199 0.01740000
v 0.04220862 0.26123714 0.01740000
v 0.03940805 0.25436616 0.01740000
v 0.03976136 0.25578389 0.01740000
v 0.04076469 0.25854146 0.01740000
v 0.04078998 0.25859803 0.01740000
v 0.04847987 0.26759136 0.01740000
v 0.04295979 0.26234350 0.01740000
v 0.04398840 0.26364750 0.01740000
v 0.04589741 0.26560605 0.01740000
v 0.04609310 0.26578006 0.01740000
v 0.04944915 0.26818654 0.01740000
v 0.05110012 0.26904455 0.01740000
v 0.05345979 0.26997218 0.01740000
v 0.05390051 0.27011004 0.01740000
v 0.05682404 0.27076617 0.01740000
v 0.05775405 0.27088496 0.01740000
v 0.05981118 0.27099955 0.01740000
v 0.06214425 0.27088496 0.01740000
v 0.06280113 0.27080545 0.01740000
v 0.06573302 0.27018780 0.01740000
v 0.06643850 0.26997218 0.01740000
v 0.06854717 0.26915917 0.01740000
v 0.07044915 0.26818654 0.01740000
v 0.07118629 0.26774055 0.01740000
v 0.07359666 0.26596075 0.01740000
v 0.07400090 0.26560605 0.01740000
v 0.07572920 0.26385605 0.01740000
v 0.07693851 0.26234350 0.01740000
v 0.07754050 0.26146927 0.01740000
v 0.07899369 0.25884902 0.01740000
v 0.07913361 0.25854146 0.01740000
v 0.08005919 0.25604865 0.01740000
v 0.08049025 0.25436616 0.01740000
v 0.08071531 0.25312510 0.01740000
v 0.08094870 0.25013798 0.01740000
v 0.08094915 0.25000000 0.01740000
v 0.08075459 0.24714802 0.01740000
v 0.07768968 0.23876286 0.01740000
v 0.08049025 0.24563386 0.01740000
v 0.08013694 0.24421613 0.01740000
v 0.07913361 0.24145854 0.01740000
v 0.07910833 0.24140197 0.01740000
v 0.07141843 0.23240864 0.01740000
v 0.07693851 0.23765650 0.01740000
v 0.07590990 0.23635249 0.01740000
v 0.07400090 0.23439395 0.01740000
v 0.07380520 0.23421995 0.01740000
v 0.07044915 0.23181346 0.01740000
v 0.06879818 0.23095545 0.01740000
v 0.06643850 0.23002781 0.01740000
v 0.06599779 0.22988996 0.01740000
v 0.06307426 0.22923383 0.01740000
v 0.06214425 0.22911504 0.01740000
v 0.06008712 0.22900045 0.01740000
v 0.05775405 0.22911504 0.01740000
v 0.05709717 0.22919457 0.01740000
v 0.05416528 0.22981220 0.01740000
v 0.05345979 0.23002781 0.01740000
v 0.05135113 0.23084083 0.01740000
v 0.07572348 0.26385102 0.01743827
v 0.07359171 0.26595497 0.01743827
v 0.06854406 0.26915222 0.01743827
v 0.06573093 0.27018046 0.01743827
v 0.05981123 0.27099192 0.01743827
v 0.05682517 0.27075863 0.01743827
v 0.05110333 0.26903763 0.01743827
v 0.04848403 0.26758498 0.01743827
v 0.04399418 0.26364255 0.01743827
v 0.04221505 0.26123306 0.01743827
v 0.03976868 0.25578177 0.01743827
v 0.03915126 0.25285095 0.01743827
v 0.03895722 0.24986207 0.01743827
v 0.03984639 0.24395356 0.01743827
v 0.04091151 0.24115418 0.01743827
v 0.07748879 0.26143557 0.01749239
v 0.07115326 0.26768839 0.01749239
v 0.06279275 0.27074426 0.01749239
v 0.05391829 0.27005094 0.01749239
v 0.04613383 0.26573366 0.01749239
v 0.04084630 0.25857276 0.01749239
v 0.03982070 0.25576687 0.01749239
v 0.03924403 0.24688408 0.01749239
v 0.04240951 0.23856443 0.01749239
v 0.04096059 0.24117698 0.01749239
v 0.04238234 0.23854671 0.01747071
v 0.04093117 0.24116331 0.01747071
v 0.04236418 0.23853488 0.01743827
v 0.03989822 0.24396914 0.01749239
v 0.03986715 0.24395980 0.01747071
v 0.03919051 0.24687602 0.01743827
v 0.03921195 0.24687925 0.01747071
v 0.03901133 0.24986243 0.01749239
v 0.03897889 0.24986222 0.01747071
v 0.03920487 0.25284359 0.01749239
v 0.03917273 0.25284800 0.01747071
v 0.03978952 0.25577581 0.01747071
v 0.04079692 0.25859490 0.01743827
v 0.04081670 0.25858602 0.01747071
v 0.04226077 0.26120412 0.01749239
v 0.04223336 0.26122147 0.01747071
v 0.04403532 0.26360738 0.01749239
v 0.04401066 0.26362848 0.01747071
v 0.04609812 0.26577434 0.01743827
v 0.04611243 0.26575804 0.01747071
v 0.04851358 0.26753965 0.01749239
v 0.04849587 0.26756680 0.01747071
v 0.05112613 0.26898855 0.01749239
v 0.05111246 0.26901799 0.01747071
v 0.05390270 0.27010277 0.01743827
v 0.05390895 0.27008200 0.01747071
v 0.05683322 0.27070513 0.01749239
v 0.05682839 0.27073720 0.01747071
v 0.05981158 0.27093783 0.01749239
v 0.05981137 0.27097026 0.01747071
v 0.06280009 0.27079791 0.01743827
v 0.06279715 0.27077642 0.01747071
v 0.06571602 0.27012846 0.01749239
v 0.06572495 0.27015963 0.01747071
v 0.06852190 0.26910284 0.01749239
v 0.06853518 0.26913247 0.01747071
v 0.07118222 0.26773411 0.01743827
v 0.07117062 0.26771578 0.01747071
v 0.07355653 0.26591384 0.01749239
v 0.07357762 0.26593849 0.01747071
v 0.07568281 0.26381531 0.01749239
v 0.07570719 0.26383671 0.01747071
v 0.07753412 0.26146513 0.01743827
v 0.07751597 0.26145327 0.01747071
v 0.04417482 0.23614897 0.01743827
v 0.04630659 0.23404503 0.01743827
v 0.05135424 0.23084778 0.01743827
v 0.05416737 0.22981954 0.01743827
v 0.06008707 0.22900806 0.01743827
v 0.06307313 0.22924136 0.01743827
v 0.06879497 0.23096237 0.01743827
v 0.07141428 0.23241502 0.01743827
v 0.07590412 0.23635744 0.01743827
v 0.07768326 0.23876692 0.01743827
v 0.08012962 0.24421823 0.01743827
v 0.08074705 0.24714905 0.01743827
v 0.08094109 0.25013793 0.01743827
v 0.08005191 0.25604644 0.01743827
v 0.07898679 0.25884584 0.01743827
v 0.04874504 0.23231162 0.01749239
v 0.05710555 0.22925572 0.01749239
v 0.06598001 0.22994907 0.01749239
v 0.07376447 0.23426634 0.01749239
v 0.07905200 0.24142726 0.01749239
v 0.08007760 0.24423313 0.01749239
v 0.08065427 0.25311592 0.01749239
v 0.07893771 0.25882301 0.01749239
v 0.07896713 0.25883669 0.01747071
v 0.08000008 0.25603086 0.01749239
v 0.08003115 0.25604022 0.01747071
v 0.08070779 0.25312397 0.01743827
v 0.08068635 0.25312075 0.01747071
v 0.08088697 0.25013757 0.01749239
v 0.08091941 0.25013778 0.01747071
v 0.08069342 0.24715640 0.01749239
v 0.08072557 0.24715200 0.01747071
v 0.08010878 0.24422419 0.01747071
v 0.07910138 0.24140510 0.01743827
v 0.07908160 0.24141397 0.01747071
v 0.07763754 0.23879589 0.01749239
v 0.07766494 0.23877853 0.01747071
v 0.07586298 0.23639262 0.01749239
v 0.07588764 0.23637153 0.01747071
v 0.07380018 0.23422568 0.01743827
v 0.07378587 0.23424196 0.01747071
v 0.07138471 0.23246036 0.01749239
v 0.07140244 0.23243318 0.01747071
v 0.06877217 0.23101144 0.01749239
v 0.06878584 0.23098202 0.01747071
v 0.06599560 0.22989725 0.01743827
v 0.06598935 0.22991800 0.01747071
v 0.06306507 0.22929488 0.01749239
v 0.06306990 0.22926280 0.01747071
v 0.06008672 0.22906218 0.01749239
v 0.06008693 0.22902974 0.01747071
v 0.05709820 0.22920211 0.01743827
v 0.05710115 0.22922358 0.01747071
v 0.05418228 0.22987156 0.01749239
v 0.05417334 0.22984037 0.01747071
v 0.05137640 0.23089714 0.01749239
v 0.05136312 0.23086755 0.01747071
v 0.04871608 0.23226589 0.01743827
v 0.04872768 0.23228420 0.01747071
v 0.04634176 0.23408617 0.01749239
v 0.04632068 0.23406151 0.01747071
v 0.04421549 0.23618469 0.01749239
v 0.04419111 0.23616327 0.01747071
v 0.04619145 0.25597709 0.01740000
v 0.04619145 0.25597709 0.01750000
v 0.04657175 0.25678566 0.01740000
v 0.04802164 0.25909585 0.01750000
v 0.04795330 0.25900552 0.01740000
v 0.05054501 0.26168597 0.01750000
v 0.04969933 0.26095176 0.01740000
v 0.04802164 0.25909585 0.01740000
v 0.05361491 0.26359695 0.01740000
v 0.05361491 0.26359695 0.01750000
v 0.05175681 0.26256526 0.01740000
v 0.05054501 0.26168597 0.01740000
v 0.05529433 0.26426045 0.01733142
v 0.05705294 0.26471776 0.01750000
v 0.05705294 0.26471776 0.01740000
v 0.05913700 0.26497799 0.01740000
v 0.06065929 0.26498318 0.01750000
v 0.06065929 0.26498318 0.01740000
v 0.06175024 0.26489148 0.01740000
v 0.06422436 0.26437786 0.01750000
v 0.06430876 0.26435250 0.01740000
v 0.06673481 0.26337740 0.01740000
v 0.06754097 0.26293692 0.01750000
v 0.06754097 0.26293692 0.01740000
v 0.06895468 0.26199585 0.01740000
v 0.07041638 0.26074415 0.01750000
v 0.07041638 0.26074415 0.01740000
v 0.07268347 0.25792697 0.01750000
v 0.07167793 0.25935058 0.01734122
v 0.07421049 0.25464913 0.01750000
v 0.07339554 0.25666980 0.01737498
v 0.07490868 0.25110108 0.01750000
v 0.07473969 0.25255178 0.01737471
v 0.07421049 0.25464913 0.01740000
v 0.07493564 0.24936731 0.01734387
v 0.07473749 0.24748902 0.01750000
v 0.07473749 0.24748902 0.01740000
v 0.07430164 0.24564040 0.01740000
v 0.07370685 0.24402291 0.01750000
v 0.07370685 0.24402291 0.01740000
v 0.07383807 0.25592518 0.01750000
v 0.07465596 0.25342339 0.01750000
v 0.04963100 0.26102477 0.01750000
v 0.05170219 0.26264903 0.01750000
v 0.06678004 0.26346660 0.01750000
v 0.06901471 0.26207581 0.01750000
v 0.07097393 0.26031816 0.01750000
v 0.07259817 0.25824696 0.01750000
v 0.05402396 0.26388893 0.01750000
v 0.05652576 0.26470682 0.01750000
v 0.05913158 0.26507786 0.01750000
v 0.06176224 0.26499075 0.01750000
v 0.06433782 0.26444817 0.01750000
v 0.04498962 0.24889894 0.01750000
v 0.04495840 0.25181308 0.01750000
v 0.04516081 0.25251099 0.01750000
v 0.04550098 0.25438866 0.01750000
v 0.04648256 0.25683090 0.01750000
v 0.04787333 0.25906557 0.01750000
v 0.07502700 0.25081757 0.01750000
v 0.07493991 0.24818690 0.01750000
v 0.07439732 0.24561134 0.01750000
v 0.07341573 0.24316911 0.01750000
v 0.07187666 0.24090415 0.01750000
v 0.04721483 0.24207301 0.01750000
v 0.04606023 0.24407481 0.01750000
v 0.04568781 0.24535088 0.01750000
v 0.04524234 0.24657661 0.01750000
v 0.04487130 0.24918243 0.01750000
v 0.06628338 0.23640303 0.01750000
v 0.06337254 0.23529318 0.01750000
v 0.06284536 0.23528226 0.01750000
v 0.06076672 0.23492216 0.01750000
v 0.05923901 0.23501682 0.01750000
v 0.05813605 0.23500925 0.01750000
v 0.05567394 0.23562215 0.01750000
v 0.07202498 0.24093443 0.01750000
v 0.07026730 0.23897521 0.01750000
v 0.06935329 0.23831402 0.01750000
v 0.06819611 0.23735099 0.01750000
v 0.06587434 0.23611107 0.01750000
v 0.05556048 0.23555183 0.01750000
v 0.05311826 0.23653342 0.01750000
v 0.05235732 0.23706307 0.01750000
v 0.05088359 0.23792417 0.01750000
v 0.04948192 0.23925583 0.01750000
v 0.04892437 0.23968185 0.01750000
v 0.04730013 0.24175304 0.01750000
v 0.07332655 0.24321435 0.01740000
v 0.07194500 0.24099447 0.01740000
v 0.07019897 0.23904823 0.01740000
v 0.07187666 0.24090415 0.01740000
v 0.06628338 0.23640303 0.01740000
v 0.06814149 0.23743474 0.01740000
v 0.06935329 0.23831402 0.01740000
v 0.06460305 0.23573926 0.01733145
v 0.06284536 0.23528226 0.01740000
v 0.06076130 0.23502201 0.01740000
v 0.05923901 0.23501682 0.01740000
v 0.05814806 0.23510852 0.01740000
v 0.05558955 0.23564751 0.01740000
v 0.05316349 0.23662260 0.01740000
v 0.05235732 0.23706307 0.01740000
v 0.05094362 0.23800415 0.01740000
v 0.04948192 0.23925583 0.01740000
v 0.04822033 0.24064946 0.01734121
v 0.04650287 0.24332998 0.01737499
v 0.04515857 0.24744839 0.01737470
v 0.04568781 0.24535088 0.01740000
v 0.04496268 0.25063284 0.01734390
v 0.04516081 0.25251099 0.01740000
v 0.04559666 0.25435960 0.01740000
v 0.07255629 0.25821966 0.01748660
v 0.07379208 0.25590557 0.01748660
v 0.07252562 0.25819966 0.01745000
v 0.07375842 0.25589120 0.01745000
v 0.07494052 0.25081289 0.01745000
v 0.07457162 0.25340375 0.01745000
v 0.07333850 0.24320829 0.01745000
v 0.07431445 0.24563651 0.01745000
v 0.07485393 0.24819730 0.01745000
v 0.07195572 0.24098644 0.01745000
v 0.07020812 0.23903845 0.01745000
v 0.06584036 0.23619074 0.01745000
v 0.06814881 0.23742352 0.01745000
v 0.05814645 0.23509522 0.01745000
v 0.06076203 0.23500863 0.01745000
v 0.06335291 0.23537754 0.01745000
v 0.04898760 0.23974103 0.01745000
v 0.05093558 0.23799343 0.01745000
v 0.05558565 0.23563470 0.01745000
v 0.05315743 0.23661065 0.01745000
v 0.04737268 0.24180034 0.01745000
v 0.07460727 0.25341204 0.01748660
v 0.07497708 0.25081486 0.01748660
v 0.07489026 0.24819291 0.01748660
v 0.07434948 0.24562587 0.01748660
v 0.07337114 0.24319173 0.01748660
v 0.07198499 0.24096446 0.01748660
v 0.07023313 0.23901172 0.01748660
v 0.06816880 0.23739287 0.01748660
v 0.06585472 0.23615707 0.01748660
v 0.06336121 0.23534188 0.01748660
v 0.06076401 0.23497207 0.01748660
v 0.05814206 0.23505889 0.01748660
v 0.05557502 0.23559967 0.01748660
v 0.05314088 0.23657800 0.01748660
v 0.05091361 0.23796415 0.01748660
v 0.04896087 0.23971602 0.01748660
v 0.04734202 0.24178036 0.01748660
v 0.04610622 0.24409443 0.01748660
v 0.04613988 0.24410880 0.01745000
v 0.04495778 0.24918713 0.01745000
v 0.04532668 0.24659625 0.01745000
v 0.04655980 0.25679171 0.01745000
v 0.04558384 0.25436351 0.01745000
v 0.04504437 0.25180268 0.01745000
v 0.04794258 0.25901356 0.01745000
v 0.04969018 0.26096156 0.01745000
v 0.05405794 0.26380926 0.01745000
v 0.05174949 0.26257646 0.01745000
v 0.06175185 0.26490477 0.01745000
v 0.05913627 0.26499137 0.01745000
v 0.05654540 0.26462248 0.01745000
v 0.07091070 0.26025897 0.01745000
v 0.06896272 0.26200658 0.01745000
v 0.06431264 0.26436532 0.01745000
v 0.06674086 0.26338935 0.01745000
v 0.04529103 0.24658795 0.01748660
v 0.04492123 0.24918514 0.01748660
v 0.04500803 0.25180709 0.01748660
v 0.04554882 0.25437415 0.01748660
v 0.04652715 0.25680828 0.01748660
v 0.04791331 0.25903556 0.01748660
v 0.04966517 0.26098827 0.01748660
v 0.05172950 0.26260713 0.01748660
v 0.05404358 0.26384294 0.01748660
v 0.05653710 0.26465812 0.01748660
v 0.05913429 0.26502791 0.01748660
v 0.06175624 0.26494113 0.01748660
v 0.06432328 0.26440033 0.01748660
v 0.06675743 0.26342198 0.01748660
v 0.06898469 0.26203585 0.01748660
v 0.07093742 0.26028398 0.01748660
v 0.03840581 -0.25318329 -0.02392568
v 0.06001405 -0.27490279 -0.01866036
v 0.08209867 -0.23473196 -0.02053346
v 0.07920980 -0.23119587 -0.02050000
v 0.07553152 -0.22805102 -0.02050000
v 0.07891450 -0.23089808 -0.02061780
v 0.08067090 -0.23281075 -0.02063977
v 0.07351098 -0.22665720 -0.02063066
v 0.07134958 -0.22561561 -0.02050000
v 0.06688489 -0.22399108 -0.02061780
v 0.06679915 -0.22396837 -0.02050000
v 0.06679915 -0.22396837 -0.02061780
v 0.06528595 -0.27637455 -0.02050836
v 0.05289915 -0.22402182 -0.02061780
v 0.05289915 -0.22402182 -0.02050000
v 0.04862184 -0.22558156 -0.02061780
v 0.04836152 -0.22570401 -0.02050000
v 0.04638224 -0.22675317 -0.02063223
v 0.04419844 -0.22817151 -0.02050000
v 0.04250306 -0.22949520 -0.02063353
v 0.04054445 -0.23134455 -0.02050000
v 0.03916552 -0.23287903 -0.02063336
v 0.03778275 -0.23476261 -0.02054224
v 0.03521594 -0.23937756 -0.02050000
v 0.03639782 -0.23656181 -0.02155380
v 0.06986636 -0.27501238 -0.02050805
v 0.05987367 -0.27715124 -0.02194730
v 0.07139313 -0.27436396 -0.02061780
v 0.06825616 -0.27563122 -0.02061966
v 0.07443920 -0.27268224 -0.02052227
v 0.07387914 -0.27303311 -0.02061780
v 0.08121485 -0.26647883 -0.02051019
v 0.07799913 -0.26994467 -0.02052272
v 0.08374020 -0.26259184 -0.02050000
v 0.08008302 -0.26790143 -0.02062444
v 0.08561036 -0.25812837 -0.02050000
v 0.08291750 -0.26407865 -0.02062630
v 0.08665108 -0.25340220 -0.02050000
v 0.08503448 -0.25981709 -0.02062823
v 0.08682873 -0.24856606 -0.02050000
v 0.08636800 -0.25525001 -0.02063014
v 0.08613757 -0.24377628 -0.02050000
v 0.08687651 -0.25052036 -0.02063186
v 0.08654441 -0.24577622 -0.02063314
v 0.03371364 -0.24397787 -0.02050000
v 0.03392372 -0.24312648 -0.02061781
v 0.03521594 -0.23937756 -0.02061780
v 0.03305933 -0.24877283 -0.02050000
v 0.03312733 -0.24772879 -0.02061781
v 0.03371364 -0.24397787 -0.02061780
v 0.03327417 -0.25360745 -0.02050000
v 0.03313850 -0.25239947 -0.02061781
v 0.03305933 -0.24877283 -0.02061780
v 0.03435121 -0.25832549 -0.02050000
v 0.03395689 -0.25699794 -0.02061781
v 0.03327417 -0.25360745 -0.02061780
v 0.03555787 -0.26138568 -0.02061781
v 0.03435121 -0.25832549 -0.02061780
v 0.03789322 -0.26543063 -0.02061781
v 0.03625564 -0.26277441 -0.02061780
v 0.03988302 -0.26797934 -0.02062233
v 0.04201350 -0.27004835 -0.02052180
v 0.06679915 -0.22388339 -0.02050000
v 0.06679915 -0.22388339 -0.02070000
v 0.05289915 -0.22393666 -0.02050000
v 0.05289915 -0.22393666 -0.02070000
v 0.06022353 -0.27549854 -0.01800000
v 0.06092500 -0.27613445 -0.01802812
v 0.06069950 -0.27588943 -0.01799820
v 0.03678201 -0.23745456 -0.02086550
v 0.08183014 -0.23635176 -0.01800000
v 0.08270937 -0.23787463 -0.01800000
v 0.08264402 -0.23789228 -0.02049133
v 0.08128647 -0.23858772 0.00582442
v 0.08082386 -0.23248404 -0.00575000
v 0.08227105 -0.23437004 -0.00575000
v 0.08354834 -0.23637500 -0.00575000
v 0.08555578 -0.25932005 -0.00575000
v 0.08354834 -0.26362500 -0.00575000
v 0.08082386 -0.26751596 -0.00575000
v 0.07746511 -0.27087471 -0.00575000
v 0.07357415 -0.27359918 -0.00575000
v 0.06926920 -0.27560663 -0.00575000
v 0.06468106 -0.27683601 -0.00575000
v 0.05994915 -0.27724999 -0.00575000
v 0.05521724 -0.27683601 -0.00575000
v 0.05062910 -0.27560663 -0.00575000
v 0.04843280 -0.27469689 -0.00575000
v 0.04632415 -0.27359918 -0.00575000
v 0.04249637 -0.27054676 -0.00512132
v 0.03907444 -0.26751596 -0.00575000
v 0.03762726 -0.26562995 -0.00575000
v 0.03634996 -0.26362500 -0.00575000
v 0.03316688 -0.25362608 -0.00235580
v 0.03434253 -0.25932005 -0.00575000
v 0.03362767 -0.25705281 -0.00575000
v 0.03311314 -0.25473192 -0.00575000
v 0.03280285 -0.25237501 -0.00575000
v 0.03269915 -0.25000000 -0.00575000
v 0.03280285 -0.24762501 -0.00575000
v 0.03401623 -0.23938343 -0.00802064
v 0.08251705 -0.23810315 -0.02031167
v 0.08253761 -0.23816736 -0.01800000
v 0.08251669 -0.23810214 -0.01800000
v 0.08252270 -0.23801884 -0.01800000
v 0.08252150 -0.23802331 -0.02035292
v 0.08256220 -0.23794526 -0.01800000
v 0.08255360 -0.23795569 -0.02041302
v 0.08261478 -0.23790136 -0.01800000
v 0.08261481 -0.23790134 -0.02049249
v 0.08149075 -0.23635413 -0.01800000
v 0.08149075 -0.23635413 -0.02030000
v 0.08153677 -0.23640487 -0.01800000
v 0.08153302 -0.23640425 -0.02030894
v 0.08169746 -0.23644379 -0.02042732
v 0.08175970 -0.23642032 -0.02049257
v 0.08175970 -0.23642032 -0.01800000
v 0.08163113 -0.23644505 -0.02037039
v 0.08161191 -0.23644131 -0.01800000
v 0.08169539 -0.23644389 -0.01800000
v 0.05916388 -0.27548790 -0.00450000
v 0.08178770 -0.23640233 -0.02050359
v 0.08111784 -0.23627506 -0.02078687
v 0.07848871 -0.23771442 0.00150105
v 0.07859552 -0.23776151 0.00730398
v 0.07875144 -0.23770264 0.00150000
v 0.07875144 -0.23770264 0.00746667
v 0.06119867 -0.27246529 0.00150000
v 0.06075297 -0.27345446 0.00130294
v 0.06119820 -0.27245140 0.00748611
v 0.06119820 -0.27245140 0.00150000
v 0.06119845 -0.27245834 0.00749305
v 0.06115292 -0.27254038 0.00757216
v 0.08002941 -0.26015052 0.00150000
v 0.08001715 -0.26014400 0.00150000
v 0.08002329 -0.26014724 0.00749305
v 0.08011722 -0.26242530 0.00440155
v 0.08036038 -0.26102214 0.00745956
v 0.08042264 -0.26048416 0.00750000
v 0.08002941 -0.26015052 0.00750000
v 0.07877398 -0.23768890 0.00749305
v 0.07876810 -0.23769259 0.00626000
v 0.07891057 -0.23759494 0.00142392
v 0.07880972 -0.23766747 0.00626000
v 0.07876810 -0.23769259 0.00502000
v 0.07880972 -0.23766747 0.00440000
v 0.03986889 -0.23984948 0.00150000
v 0.03976951 -0.24004850 0.00150000
v 0.05876956 -0.27240084 -0.00250004
v 0.05412572 -0.27173334 -0.00250000
v 0.05869963 -0.27246529 0.00150000
v 0.06099602 -0.27547851 -0.02030000
v 0.06099602 -0.27547851 -0.01800000
v 0.08810879 -0.25464867 -0.02611020
v 0.07433660 -0.24780741 0.02178831
v 0.08653081 -0.24996715 0.00846054
v 0.07743035 -0.26221248 0.00305079
v 0.07885938 -0.26245925 0.00748035
v 0.07857807 -0.26223621 0.00728814
v 0.07876810 -0.26230741 0.00748611
v 0.08423368 -0.26133585 -0.02050000
v 0.08582765 -0.25696731 -0.02050000
v 0.08664246 -0.25238898 -0.02050000
v 0.08665358 -0.24773873 -0.02050000
v 0.08376665 -0.23734241 -0.02107536
v 0.06685454 -0.22410491 -0.02050000
v 0.06227428 -0.22330105 -0.02050000
v 0.07122689 -0.22568843 -0.02050000
v 0.07525969 -0.22800392 -0.02050000
v 0.07883150 -0.23098168 -0.02050000
v 0.08183482 -0.23453204 -0.02050000
v 0.03806349 -0.23453204 -0.02050000
v 0.04106680 -0.23098168 -0.02050000
v 0.04463862 -0.22800392 -0.02050000
v 0.04867141 -0.22568843 -0.02050000
v 0.05304376 -0.22410491 -0.02050000
v 0.05762402 -0.22330105 -0.02050000
v 0.05750595 -0.22311077 -0.02050000
v 0.06218616 -0.22309282 -0.02050000
v 0.08255876 -0.23819384 -0.02029873
v 0.08261801 -0.23789953 -0.02049628
v 0.06085566 -0.27554440 -0.02036050
v 0.06084301 -0.27556009 -0.02037496
v 0.06093085 -0.27549024 -0.02030909
v 0.06317772 -0.27536889 -0.02041362
v 0.06080056 -0.27569784 -0.02050170
v 0.06081198 -0.27562213 -0.02043665
v 0.08533157 -0.25257059 -0.01402253
v 0.08455683 -0.24301910 -0.02038733
v 0.06119820 -0.22754861 0.00150000
v 0.06119867 -0.22753473 0.00150000
v 0.06142072 -0.22754817 0.00150000
v 0.07353122 -0.23229450 0.00150000
v 0.05869021 -0.22761482 0.00147928
v 0.06212915 -0.22685069 -0.00051342
v 0.05869963 -0.22753473 0.00150000
v 0.05870010 -0.22754861 0.00150000
v 0.03989990 -0.23773244 0.00400762
v 0.05870010 -0.27245140 0.00150000
v 0.05866498 -0.27224693 0.00150000
v 0.05698628 -0.27222744 0.00166346
v 0.07876810 -0.26230741 0.00150000
v 0.07877989 -0.26231477 0.00150000
v 0.07779960 -0.26369712 0.00150000
v 0.06123379 -0.27224573 0.00150000
v 0.06134841 -0.27207431 0.00150000
v 0.06144237 -0.27206814 0.00150000
v 0.06767702 -0.27122422 0.00150000
v 0.07049509 -0.27045875 -0.00170465
v 0.07937424 -0.25889186 0.00169208
v 0.08017613 -0.26005990 0.00134989
v 0.05869240 -0.22767276 0.00736259
v 0.05869985 -0.22754167 0.00749305
v 0.04130550 -0.23768404 0.00749902
v 0.03987501 -0.23985277 0.00749305
v 0.03985040 -0.23984848 0.00749233
v 0.04001727 -0.23996004 0.00731772
v 0.03988115 -0.23985602 0.00748611
v 0.05859141 -0.27212598 0.00714125
v 0.05870025 -0.27248741 0.00750690
v 0.05870010 -0.27245140 0.00748611
v 0.05866681 -0.27225149 0.00728841
v 0.05148070 -0.27077219 0.00744695
v 0.06122024 -0.27228150 0.00731772
v 0.06142072 -0.27245182 0.00750000
v 0.06134834 -0.27207431 0.00711875
v 0.06479811 -0.27180060 0.00745771
v 0.08110544 -0.25765905 0.00750000
v 0.08232124 -0.25215976 0.00748461
v 0.07377250 -0.27870634 -0.02308320
v 0.06229163 -0.22310181 -0.02070000
v 0.05651108 -0.22319071 -0.02068222
v 0.03403762 -0.24315657 -0.02050000
v 0.03324472 -0.24773873 -0.02050000
v 0.03325584 -0.25238898 -0.02050000
v 0.03407065 -0.25696731 -0.02050000
v 0.03616696 -0.26257796 -0.02051003
v 0.03876991 -0.26659235 -0.02050932
v 0.07698097 -0.27033381 -0.00911092
v 0.03901182 -0.24104529 -0.00040727
v 0.05696952 -0.27191699 -0.00250000
v 0.04004145 -0.23998967 0.00150000
v 0.03988115 -0.23985602 0.00150000
v 0.06199066 -0.22903914 0.00456958
v 0.06129648 -0.22747796 0.00750173
v 0.06119820 -0.22754861 0.00748611
v 0.06123149 -0.22774851 0.00728841
v 0.07850458 -0.23747176 0.00767543
v 0.07876134 -0.23769680 0.00747815
v 0.07278845 -0.23157308 0.00752305
v 0.08011910 -0.24034483 0.00035542
v 0.07884621 -0.26227358 -0.00173830
v 0.05854489 -0.27254687 0.00136684
v 0.05879195 -0.27297264 0.00750000
v 0.05890597 -0.22675679 0.00129996
v 0.05858691 -0.22746550 0.00750605
v 0.03393340 -0.24491478 -0.01442757
v 0.03773926 -0.23604811 -0.02070387
v 0.06092902 -0.27549303 -0.01800000
v 0.06085647 -0.27554354 -0.01800000
v 0.06081280 -0.27562043 -0.01800000
v 0.06080654 -0.27570865 -0.01800000
v 0.08379319 -0.26329479 -0.00575000
v 0.08103614 -0.26733866 -0.00575000
v 0.07760132 -0.27082524 -0.00575000
v 0.07359915 -0.27364248 -0.00575000
v 0.06915826 -0.27569985 -0.00575000
v 0.06442138 -0.27693120 -0.00575000
v 0.05954076 -0.27729693 -0.00575000
v 0.05467326 -0.27678534 -0.00575000
v 0.05229348 -0.27620459 -0.00575000
v 0.04997534 -0.27541286 -0.00575000
v 0.04773750 -0.27441651 -0.00575000
v 0.04559798 -0.27322358 -0.00575000
v 0.03993683 -0.26856872 -0.00575000
v 0.03835291 -0.26670006 -0.00575000
v 0.03694287 -0.26469699 -0.00575000
v 0.03571806 -0.26257554 -0.00575000
v 0.03468834 -0.26035285 -0.00575000
v 0.03386201 -0.25804681 -0.00575000
v 0.03324572 -0.25567600 -0.00575000
v 0.03284443 -0.25325945 -0.00575000
v 0.03266137 -0.25081670 -0.00575000
v 0.03269801 -0.24836734 -0.00575000
v 0.03295407 -0.24593115 -0.00575000
v 0.07132450 -0.22145258 0.00173048
v 0.07996146 -0.23143129 -0.00575000
v 0.08154539 -0.23329993 -0.00575000
v 0.08295543 -0.23530303 -0.00575000
v 0.08418024 -0.23742446 -0.00575000
v 0.08681249 -0.25316866 -0.00518166
v 0.08647083 -0.25647229 -0.00575000
v 0.08578389 -0.25882363 -0.00575000
v 0.05997096 -0.27417247 0.00750011
v 0.03992210 -0.26164923 0.00355218
v 0.06141933 -0.27207057 0.00788154
v 0.07926882 -0.26097605 0.00790253
v 0.07870652 -0.23749190 0.00745209
v 0.05061794 -0.24234242 0.02083332
v 0.05912651 -0.22248175 0.01409959
v 0.08241905 -0.27167970 0.01480893
v 0.04981868 -0.27303295 0.01886389
v 0.05833856 -0.22768098 0.00749022
v 0.06836008 -0.22932574 0.00741296
v 0.07131686 -0.23094545 0.00789466
v 0.03964752 -0.24041054 0.00742740
v 0.07430467 -0.26870954 0.01507021
v 0.08294719 -0.23587659 -0.02003263
v 0.06790402 -0.22315150 -0.01920790
v 0.07400090 -0.23439395 0.01750000
v 0.07113279 -0.23234394 0.01750000
v 0.07044915 -0.23181346 0.01750000
v 0.06984472 -0.23159109 0.01750000
v 0.06849062 -0.23081554 0.01750000
v 0.06850623 -0.23093206 0.01750000
v 0.06643850 -0.23002781 0.01750000
v 0.06570548 -0.22990835 0.01750000
v 0.06214425 -0.22911504 0.01750000
v 0.06278755 -0.22929363 0.01750000
v 0.06130314 -0.22914390 0.01750000
v 0.05994915 -0.22900000 0.01750000
v 0.05981183 -0.22910045 0.01750000
v 0.05775405 -0.22911504 0.01750000
v 0.05683892 -0.22933272 0.01750000
v 0.05345979 -0.23002781 0.01750000
v 0.05775405 -0.27088496 0.01750000
v 0.05859516 -0.27085608 0.01750000
v 0.05994915 -0.27100000 0.01750000
v 0.06008647 -0.27089956 0.01750000
v 0.06214425 -0.27088496 0.01750000
v 0.06305938 -0.27066728 0.01750000
v 0.06643850 -0.26997218 0.01750000
v 0.05392931 -0.22998571 0.01750000
v 0.05251685 -0.23046616 0.01750000
v 0.05140768 -0.23081554 0.01750000
v 0.05114226 -0.23104614 0.01750000
v 0.04944915 -0.23181346 0.01750000
v 0.04853449 -0.23249242 0.01750000
v 0.04589741 -0.23439395 0.01750000
v 0.07400090 -0.26560605 0.01750000
v 0.07482446 -0.26468113 0.01750000
v 0.07555519 -0.26405174 0.01750000
v 0.07583389 -0.26358253 0.01750000
v 0.07693851 -0.26234350 0.01750000
v 0.07760521 -0.26118362 0.01750000
v 0.07913361 -0.25854146 0.01750000
v 0.08049025 -0.25436616 0.01750000
v 0.08065552 -0.25283840 0.01750000
v 0.08083411 -0.25219509 0.01750000
v 0.08084870 -0.24986269 0.01750000
v 0.08094915 -0.25000000 0.01750000
v 0.08061643 -0.24688977 0.01750000
v 0.08049025 -0.24563386 0.01750000
v 0.08034189 -0.24542330 0.01750000
v 0.07996344 -0.24398017 0.01750000
v 0.07992133 -0.24351065 0.01750000
v 0.07890300 -0.24119310 0.01750000
v 0.07913361 -0.24145854 0.01750000
v 0.07745673 -0.23858534 0.01750000
v 0.07693851 -0.23765650 0.01750000
v 0.07659781 -0.23736544 0.01750000
v 0.07555519 -0.23594826 0.01750000
v 0.07565405 -0.23620993 0.01750000
v 0.07353167 -0.23411526 0.01750000
v 0.04615908 -0.23429510 0.01750000
v 0.04507384 -0.23531888 0.01750000
v 0.04434311 -0.23594826 0.01750000
v 0.04406440 -0.23641749 0.01750000
v 0.04295979 -0.23765650 0.01750000
v 0.04229309 -0.23881637 0.01750000
v 0.04076469 -0.24145854 0.01750000
v 0.06596898 -0.27001429 0.01750000
v 0.06738145 -0.26953384 0.01750000
v 0.06849062 -0.26918444 0.01750000
v 0.06875604 -0.26895386 0.01750000
v 0.07044915 -0.26818654 0.01750000
v 0.07136381 -0.26750758 0.01750000
v 0.07373922 -0.26570490 0.01750000
v 0.04589741 -0.26560605 0.01750000
v 0.04876552 -0.26765606 0.01750000
v 0.04944915 -0.26818654 0.01750000
v 0.05005358 -0.26840889 0.01750000
v 0.05140768 -0.26918444 0.01750000
v 0.05139207 -0.26906794 0.01750000
v 0.05345979 -0.26997218 0.01750000
v 0.05419282 -0.27009165 0.01750000
v 0.05711075 -0.27070636 0.01750000
v 0.07901709 -0.25855708 0.01750000
v 0.07957897 -0.25717500 0.01750000
v 0.07992133 -0.25648937 0.01750000
v 0.08004081 -0.25575632 0.01750000
v 0.08040027 -0.25430834 0.01750000
v 0.03940805 -0.24563386 0.01750000
v 0.03924279 -0.24716160 0.01750000
v 0.03906419 -0.24780491 0.01750000
v 0.03904960 -0.25013733 0.01750000
v 0.03894915 -0.25000000 0.01750000
v 0.03928187 -0.25311023 0.01750000
v 0.03940805 -0.25436616 0.01750000
v 0.03955641 -0.25457668 0.01750000
v 0.03993487 -0.25601983 0.01750000
v 0.03997696 -0.25648937 0.01750000
v 0.04099529 -0.25880688 0.01750000
v 0.04076470 -0.25854146 0.01750000
v 0.04244157 -0.26141468 0.01750000
v 0.04295979 -0.26234350 0.01750000
v 0.04330049 -0.26263455 0.01750000
v 0.04434311 -0.26405174 0.01750000
v 0.04424424 -0.26379007 0.01750000
v 0.04636663 -0.26588476 0.01750000
v 0.04088121 -0.24144292 0.01750000
v 0.04031934 -0.24282502 0.01750000
v 0.03997696 -0.24351065 0.01750000
v 0.03985750 -0.24424367 0.01750000
v 0.03949803 -0.24569166 0.01750000
v 0.04944915 -0.26818654 0.01740000
v 0.04871201 -0.26774055 0.01740000
v 0.04630164 -0.26596075 0.01740000
v 0.04589741 -0.26560605 0.01740000
v 0.04416910 -0.26385605 0.01740000
v 0.04295979 -0.26234350 0.01740000
v 0.04235780 -0.26146927 0.01740000
v 0.04090461 -0.25884902 0.01740000
v 0.04076470 -0.25854146 0.01740000
v 0.03983910 -0.25604865 0.01740000
v 0.03940805 -0.25436616 0.01740000
v 0.03918298 -0.25312510 0.01740000
v 0.03894960 -0.25013798 0.01740000
v 0.03894915 -0.25000000 0.01740000
v 0.03914372 -0.24714802 0.01740000
v 0.04220862 -0.23876286 0.01740000
v 0.03940805 -0.24563386 0.01740000
v 0.03976136 -0.24421613 0.01740000
v 0.04076469 -0.24145854 0.01740000
v 0.04078998 -0.24140197 0.01740000
v 0.04847987 -0.23240864 0.01740000
v 0.04295979 -0.23765650 0.01740000
v 0.04398840 -0.23635249 0.01740000
v 0.04589741 -0.23439395 0.01740000
v 0.04609310 -0.23421995 0.01740000
v 0.04944915 -0.23181346 0.01740000
v 0.05110012 -0.23095545 0.01740000
v 0.05345979 -0.23002781 0.01740000
v 0.05390051 -0.22988996 0.01740000
v 0.05682404 -0.22923383 0.01740000
v 0.05775405 -0.22911504 0.01740000
v 0.05981118 -0.22900045 0.01740000
v 0.06214425 -0.22911504 0.01740000
v 0.06280113 -0.22919457 0.01740000
v 0.06573302 -0.22981220 0.01740000
v 0.06643850 -0.23002781 0.01740000
v 0.06854717 -0.23084083 0.01740000
v 0.07044915 -0.23181346 0.01740000
v 0.07118629 -0.23225947 0.01740000
v 0.07359666 -0.23403925 0.01740000
v 0.07400090 -0.23439395 0.01740000
v 0.07572920 -0.23614395 0.01740000
v 0.07693851 -0.23765650 0.01740000
v 0.07754050 -0.23853073 0.01740000
v 0.07899369 -0.24115098 0.01740000
v 0.07913361 -0.24145854 0.01740000
v 0.08005919 -0.24395137 0.01740000
v 0.08049025 -0.24563386 0.01740000
v 0.08071531 -0.24687488 0.01740000
v 0.08094870 -0.24986203 0.01740000
v 0.08094915 -0.25000000 0.01740000
v 0.08075459 -0.25285199 0.01740000
v 0.07768968 -0.26123714 0.01740000
v 0.08049025 -0.25436616 0.01740000
v 0.08013694 -0.25578389 0.01740000
v 0.07913361 -0.25854146 0.01740000
v 0.07910833 -0.25859803 0.01740000
v 0.07141843 -0.26759136 0.01740000
v 0.07693851 -0.26234350 0.01740000
v 0.07590990 -0.26364750 0.01740000
v 0.07400090 -0.26560605 0.01740000
v 0.07380520 -0.26578006 0.01740000
v 0.07044915 -0.26818654 0.01740000
v 0.06879818 -0.26904455 0.01740000
v 0.06643850 -0.26997218 0.01740000
v 0.06599779 -0.27011004 0.01740000
v 0.06307426 -0.27076617 0.01740000
v 0.06214425 -0.27088496 0.01740000
v 0.06008712 -0.27099955 0.01740000
v 0.05775405 -0.27088496 0.01740000
v 0.05709717 -0.27080545 0.01740000
v 0.05416528 -0.27018780 0.01740000
v 0.05345979 -0.26997218 0.01740000
v 0.05135113 -0.26915917 0.01740000
v 0.07572348 -0.23614897 0.01743827
v 0.07359171 -0.23404503 0.01743827
v 0.06854406 -0.23084778 0.01743827
v 0.06573093 -0.22981954 0.01743827
v 0.05981123 -0.22900806 0.01743827
v 0.05682517 -0.22924136 0.01743827
v 0.05110333 -0.23096237 0.01743827
v 0.04848403 -0.23241502 0.01743827
v 0.04399418 -0.23635744 0.01743827
v 0.04221505 -0.23876692 0.01743827
v 0.03976868 -0.24421823 0.01743827
v 0.03915126 -0.24714905 0.01743827
v 0.03895722 -0.25013793 0.01743827
v 0.03984639 -0.25604644 0.01743827
v 0.04091151 -0.25884584 0.01743827
v 0.07748879 -0.23856443 0.01749239
v 0.07115326 -0.23231162 0.01749239
v 0.06279275 -0.22925572 0.01749239
v 0.05391829 -0.22994907 0.01749239
v 0.04613383 -0.23426634 0.01749239
v 0.04084630 -0.24142726 0.01749239
v 0.03982070 -0.24423313 0.01749239
v 0.03924403 -0.25311592 0.01749239
v 0.04240951 -0.26143557 0.01749239
v 0.04096059 -0.25882301 0.01749239
v 0.04238234 -0.26145327 0.01747071
v 0.04093117 -0.25883669 0.01747071
v 0.04236418 -0.26146513 0.01743827
v 0.03989822 -0.25603086 0.01749239
v 0.03986715 -0.25604022 0.01747071
v 0.03919051 -0.25312397 0.01743827
v 0.03921195 -0.25312075 0.01747071
v 0.03901133 -0.25013757 0.01749239
v 0.03897889 -0.25013778 0.01747071
v 0.03920487 -0.24715640 0.01749239
v 0.03917273 -0.24715200 0.01747071
v 0.03978952 -0.24422419 0.01747071
v 0.04079692 -0.24140510 0.01743827
v 0.04081670 -0.24141397 0.01747071
v 0.04226077 -0.23879589 0.01749239
v 0.04223336 -0.23877853 0.01747071
v 0.04403532 -0.23639262 0.01749239
v 0.04401066 -0.23637153 0.01747071
v 0.04609812 -0.23422568 0.01743827
v 0.04611243 -0.23424196 0.01747071
v 0.04851358 -0.23246036 0.01749239
v 0.04849587 -0.23243318 0.01747071
v 0.05112613 -0.23101144 0.01749239
v 0.05111246 -0.23098202 0.01747071
v 0.05390270 -0.22989725 0.01743827
v 0.05390895 -0.22991800 0.01747071
v 0.05683322 -0.22929488 0.01749239
v 0.05682839 -0.22926280 0.01747071
v 0.05981158 -0.22906218 0.01749239
v 0.05981137 -0.22902974 0.01747071
v 0.06280009 -0.22920211 0.01743827
v 0.06279715 -0.22922358 0.01747071
v 0.06571602 -0.22987156 0.01749239
v 0.06572495 -0.22984037 0.01747071
v 0.06852190 -0.23089714 0.01749239
v 0.06853518 -0.23086755 0.01747071
v 0.07118222 -0.23226589 0.01743827
v 0.07117062 -0.23228420 0.01747071
v 0.07355653 -0.23408617 0.01749239
v 0.07357762 -0.23406151 0.01747071
v 0.07568281 -0.23618469 0.01749239
v 0.07570719 -0.23616327 0.01747071
v 0.07753412 -0.23853488 0.01743827
v 0.07751597 -0.23854671 0.01747071
v 0.04417482 -0.26385102 0.01743827
v 0.04630659 -0.26595497 0.01743827
v 0.05135424 -0.26915222 0.01743827
v 0.05416737 -0.27018046 0.01743827
v 0.06008707 -0.27099192 0.01743827
v 0.06307313 -0.27075863 0.01743827
v 0.06879497 -0.26903763 0.01743827
v 0.07141428 -0.26758498 0.01743827
v 0.07590412 -0.26364255 0.01743827
v 0.07768326 -0.26123306 0.01743827
v 0.08012962 -0.25578177 0.01743827
v 0.08074705 -0.25285095 0.01743827
v 0.08094109 -0.24986207 0.01743827
v 0.08005191 -0.24395356 0.01743827
v 0.07898679 -0.24115418 0.01743827
v 0.04874504 -0.26768839 0.01749239
v 0.05710555 -0.27074426 0.01749239
v 0.06598001 -0.27005094 0.01749239
v 0.07376447 -0.26573366 0.01749239
v 0.07905200 -0.25857276 0.01749239
v 0.08007760 -0.25576687 0.01749239
v 0.08065427 -0.24688408 0.01749239
v 0.07893771 -0.24117698 0.01749239
v 0.07896713 -0.24116331 0.01747071
v 0.08000008 -0.24396914 0.01749239
v 0.08003115 -0.24395980 0.01747071
v 0.08070779 -0.24687602 0.01743827
v 0.08068635 -0.24687925 0.01747071
v 0.08088697 -0.24986243 0.01749239
v 0.08091941 -0.24986222 0.01747071
v 0.08069342 -0.25284359 0.01749239
v 0.08072557 -0.25284800 0.01747071
v 0.08010878 -0.25577581 0.01747071
v 0.07910138 -0.25859490 0.01743827
v 0.07908160 -0.25858602 0.01747071
v 0.07763754 -0.26120412 0.01749239
v 0.07766494 -0.26122147 0.01747071
v 0.07586298 -0.26360738 0.01749239
v 0.07588764 -0.26362848 0.01747071
v 0.07380018 -0.26577434 0.01743827
v 0.07378587 -0.26575804 0.01747071
v 0.07138471 -0.26753965 0.01749239
v 0.07140244 -0.26756680 0.01747071
v 0.06877217 -0.26898855 0.01749239
v 0.06878584 -0.26901799 0.01747071
v 0.06599560 -0.27010277 0.01743827
v 0.06598935 -0.27008200 0.01747071
v 0.06306507 -0.27070513 0.01749239
v 0.06306990 -0.27073720 0.01747071
v 0.06008672 -0.27093783 0.01749239
v 0.06008693 -0.27097026 0.01747071
v 0.05709820 -0.27079791 0.01743827
v 0.05710115 -0.27077642 0.01747071
v 0.05418228 -0.27012846 0.01749239
v 0.05417334 -0.27015963 0.01747071
v 0.05137640 -0.26910284 0.01749239
v 0.05136312 -0.26913247 0.01747071
v 0.04871608 -0.26773411 0.01743827
v 0.04872768 -0.26771578 0.01747071
v 0.04634176 -0.26591384 0.01749239
v 0.04632068 -0.26593849 0.01747071
v 0.04421549 -0.26381531 0.01749239
v 0.04419111 -0.26383671 0.01747071
v 0.04619145 -0.24402291 0.01740000
v 0.04619145 -0.24402291 0.01750000
v 0.04657175 -0.24321435 0.01740000
v 0.04802164 -0.24090415 0.01750000
v 0.04795330 -0.24099447 0.01740000
v 0.05054501 -0.23831402 0.01750000
v 0.04969933 -0.23904823 0.01740000
v 0.04802164 -0.24090415 0.01740000
v 0.05361491 -0.23640303 0.01740000
v 0.05361491 -0.23640303 0.01750000
v 0.05175681 -0.23743474 0.01740000
v 0.05054501 -0.23831402 0.01740000
v 0.05529529 -0.23573925 0.01733145
v 0.05705294 -0.23528226 0.01750000
v 0.05705294 -0.23528226 0.01740000
v 0.05913700 -0.23502201 0.01740000
v 0.06065929 -0.23501682 0.01750000
v 0.06065929 -0.23501682 0.01740000
v 0.06175024 -0.23510852 0.01740000
v 0.06422436 -0.23562215 0.01750000
v 0.06430876 -0.23564751 0.01740000
v 0.06673481 -0.23662260 0.01740000
v 0.06754097 -0.23706307 0.01750000
v 0.06754097 -0.23706307 0.01740000
v 0.06895468 -0.23800415 0.01740000
v 0.07041638 -0.23925583 0.01750000
v 0.07041638 -0.23925583 0.01740000
v 0.07268347 -0.24207301 0.01750000
v 0.07167808 -0.24064959 0.01734121
v 0.07421049 -0.24535088 0.01750000
v 0.07339548 -0.24333008 0.01737500
v 0.07490868 -0.24889894 0.01750000
v 0.07473968 -0.24744814 0.01737471
v 0.07421049 -0.24535088 0.01740000
v 0.07493564 -0.25063254 0.01734388
v 0.07473749 -0.25251099 0.01750000
v 0.07473749 -0.25251099 0.01740000
v 0.07430164 -0.25435960 0.01740000
v 0.07370685 -0.25597709 0.01750000
v 0.07370685 -0.25597709 0.01740000
v 0.07383807 -0.24407481 0.01750000
v 0.07465596 -0.24657661 0.01750000
v 0.04963100 -0.23897521 0.01750000
v 0.05170219 -0.23735099 0.01750000
v 0.06678004 -0.23653342 0.01750000
v 0.06901471 -0.23792417 0.01750000
v 0.07097393 -0.23968185 0.01750000
v 0.07259817 -0.24175304 0.01750000
v 0.05402396 -0.23611107 0.01750000
v 0.05652576 -0.23529318 0.01750000
v 0.05913158 -0.23492216 0.01750000
v 0.06176224 -0.23500925 0.01750000
v 0.06433782 -0.23555183 0.01750000
v 0.04498962 -0.25110108 0.01750000
v 0.04495840 -0.24818690 0.01750000
v 0.04516081 -0.24748902 0.01750000
v 0.04550098 -0.24561134 0.01750000
v 0.04648256 -0.24316911 0.01750000
v 0.04787333 -0.24093443 0.01750000
v 0.07502700 -0.24918243 0.01750000
v 0.07493991 -0.25181308 0.01750000
v 0.07439732 -0.25438866 0.01750000
v 0.07341573 -0.25683090 0.01750000
v 0.07187666 -0.25909585 0.01750000
v 0.04721483 -0.25792697 0.01750000
v 0.04606023 -0.25592518 0.01750000
v 0.04568781 -0.25464913 0.01750000
v 0.04524234 -0.25342339 0.01750000
v 0.04487130 -0.25081757 0.01750000
v 0.06628338 -0.26359695 0.01750000
v 0.06337254 -0.26470682 0.01750000
v 0.06284536 -0.26471776 0.01750000
v 0.06076672 -0.26507786 0.01750000
v 0.05923901 -0.26498318 0.01750000
v 0.05813605 -0.26499075 0.01750000
v 0.05567394 -0.26437786 0.01750000
v 0.07202498 -0.25906557 0.01750000
v 0.07026730 -0.26102477 0.01750000
v 0.06935329 -0.26168597 0.01750000
v 0.06819611 -0.26264903 0.01750000
v 0.06587434 -0.26388893 0.01750000
v 0.05556048 -0.26444817 0.01750000
v 0.05311826 -0.26346660 0.01750000
v 0.05235732 -0.26293692 0.01750000
v 0.05088359 -0.26207581 0.01750000
v 0.04948192 -0.26074415 0.01750000
v 0.04892437 -0.26031816 0.01750000
v 0.04730013 -0.25824696 0.01750000
v 0.07332655 -0.25678566 0.01740000
v 0.07194500 -0.25900552 0.01740000
v 0.07019897 -0.26095176 0.01740000
v 0.07187666 -0.25909585 0.01740000
v 0.06628338 -0.26359695 0.01740000
v 0.06814149 -0.26256526 0.01740000
v 0.06935329 -0.26168597 0.01740000
v 0.06460400 -0.26426044 0.01733142
v 0.06284536 -0.26471776 0.01740000
v 0.06076130 -0.26497799 0.01740000
v 0.05923901 -0.26498318 0.01740000
v 0.05814806 -0.26489148 0.01740000
v 0.05558955 -0.26435250 0.01740000
v 0.05316349 -0.26337740 0.01740000
v 0.05235732 -0.26293692 0.01740000
v 0.05094362 -0.26199585 0.01740000
v 0.04948192 -0.26074415 0.01740000
v 0.04822047 -0.25935071 0.01734122
v 0.04650281 -0.25666990 0.01737497
v 0.04515856 -0.25255152 0.01737469
v 0.04568781 -0.25464913 0.01740000
v 0.04496269 -0.24936701 0.01734389
v 0.04516081 -0.24748902 0.01740000
v 0.04559666 -0.24564040 0.01740000
v 0.07255629 -0.24178036 0.01748660
v 0.07379208 -0.24409443 0.01748660
v 0.07252562 -0.24180034 0.01745000
v 0.07375842 -0.24410880 0.01745000
v 0.07494052 -0.24918713 0.01745000
v 0.07457162 -0.24659625 0.01745000
v 0.07333850 -0.25679171 0.01745000
v 0.07431445 -0.25436351 0.01745000
v 0.07485393 -0.25180268 0.01745000
v 0.07195572 -0.25901356 0.01745000
v 0.07020812 -0.26096156 0.01745000
v 0.06584036 -0.26380926 0.01745000
v 0.06814881 -0.26257646 0.01745000
v 0.05814645 -0.26490477 0.01745000
v 0.06076203 -0.26499137 0.01745000
v 0.06335291 -0.26462248 0.01745000
v 0.04898760 -0.26025897 0.01745000
v 0.05093558 -0.26200658 0.01745000
v 0.05558565 -0.26436532 0.01745000
v 0.05315743 -0.26338935 0.01745000
v 0.04737268 -0.25819966 0.01745000
v 0.07460727 -0.24658795 0.01748660
v 0.07497708 -0.24918514 0.01748660
v 0.07489026 -0.25180709 0.01748660
v 0.07434948 -0.25437415 0.01748660
v 0.07337114 -0.25680828 0.01748660
v 0.07198499 -0.25903556 0.01748660
v 0.07023313 -0.26098827 0.01748660
v 0.06816880 -0.26260713 0.01748660
v 0.06585472 -0.26384294 0.01748660
v 0.06336121 -0.26465812 0.01748660
v 0.06076401 -0.26502791 0.01748660
v 0.05814206 -0.26494113 0.01748660
v 0.05557502 -0.26440033 0.01748660
v 0.05314088 -0.26342198 0.01748660
v 0.05091361 -0.26203585 0.01748660
v 0.04896087 -0.26028398 0.01748660
v 0.04734202 -0.25821966 0.01748660
v 0.04610622 -0.25590557 0.01748660
v 0.04613988 -0.25589120 0.01745000
v 0.04495778 -0.25081289 0.01745000
v 0.04532668 -0.25340375 0.01745000
v 0.04655980 -0.24320829 0.01745000
v 0.04558384 -0.24563651 0.01745000
v 0.04504437 -0.24819730 0.01745000
v 0.04794258 -0.24098644 0.01745000
v 0.04969018 -0.23903845 0.01745000
v 0.05405794 -0.23619074 0.01745000
v 0.05174949 -0.23742352 0.01745000
v 0.06175185 -0.23509522 0.01745000
v 0.05913627 -0.23500863 0.01745000
v 0.05654540 -0.23537754 0.01745000
v 0.07091070 -0.23974103 0.01745000
v 0.06896272 -0.23799343 0.01745000
v 0.06431264 -0.23563470 0.01745000
v 0.06674086 -0.23661065 0.01745000
v 0.04529103 -0.25341204 0.01748660
v 0.04492123 -0.25081486 0.01748660
v 0.04500803 -0.24819291 0.01748660
v 0.04554882 -0.24562587 0.01748660
v 0.04652715 -0.24319173 0.01748660
v 0.04791331 -0.24096446 0.01748660
v 0.04966517 -0.23901172 0.01748660
v 0.05172950 -0.23739287 0.01748660
v 0.05404358 -0.23615707 0.01748660
v 0.05653710 -0.23534188 0.01748660
v 0.05913429 -0.23497207 0.01748660
v 0.06175624 -0.23505889 0.01748660
v 0.06432328 -0.23559967 0.01748660
v 0.06675743 -0.23657800 0.01748660
v 0.06898469 -0.23796415 0.01748660
v 0.07093742 -0.23971602 0.01748660
v 0.08744664 0.01323218 0.07299999
v 0.09311613 0.01475000 0.07299999
v 0.09329915 0.01493301 0.07299999
v 0.11279915 -0.01493301 0.07299999
v 0.08679914 0.01100096 0.07299999
v 0.08604915 0.01080000 0.07299999
v 0.08474915 0.01080000 0.07299999
v 0.08474915 -0.01080000 0.07299999
v 0.08604915 -0.01080000 0.07299999
v 0.08679914 -0.01100096 0.07299999
v 0.09568534 -0.01322268 0.06521350
v 0.11348526 0.01596516 0.06558188
v 0.08957411 0.01911968 0.07299999
v 0.11652418 -0.01911968 0.07299999
v 0.11298216 -0.01475000 0.07299999
v 0.10708995 0.01122123 0.01836837
v 0.08734819 0.01155000 0.00300003
v 0.08679914 0.01100096 0.00300003
v 0.08604915 0.01080000 0.00300003
v 0.08950010 0.00171429 0.00300003
v 0.08604915 -0.01080000 0.00300003
v 0.08424915 -0.01080000 0.00300003
v 0.08318849 0.01036066 0.00300003
v 0.08367512 0.01068582 0.00300003
v 0.08286333 0.00987403 0.00300003
v 0.08424915 0.01080000 0.00300003
v 0.08274915 0.00930000 0.00300003
v 0.08274915 -0.00930000 0.00300003
v 0.08295011 -0.01005000 0.00300003
v 0.08349915 -0.01059904 0.00300003
v 0.09314115 -0.02572923 0.01535851
v 0.11228759 -0.01538119 0.04783173
v 0.09304915 0.01450000 0.06344999
v 0.11304915 -0.01450000 0.06344999
v 0.10433334 -0.01575117 0.06549642
v 0.09311613 0.01475000 0.06344999
v 0.09329915 0.01493301 0.06344999
v 0.10235685 0.01070230 0.06071537
v 0.11298216 -0.01475000 0.06344999
v 0.11279915 -0.01493301 0.06344999
v 0.10458134 0.00611064 0.05721314
v 0.08424915 -0.01080000 0.07250000
v 0.08424915 0.01080000 0.07250000
v 0.08274915 0.00930000 0.07099999
v 0.08274915 -0.00930000 0.07099999
v 0.08280026 -0.00968823 0.07105110
v 0.08295011 -0.01005000 0.07120097
v 0.08349915 -0.01059904 0.07174999
v 0.08367512 0.01068582 0.07192598
v 0.08318849 0.01036066 0.07143933
v 0.08281720 0.00977992 0.07106804
v 0.08754915 0.02500000 0.16409744
v 0.08754915 0.02500000 0.05049998
v 0.08754915 0.02115000 0.10600001
v 0.08754871 0.01875326 0.16981609
v 0.08754915 0.00380000 0.17000000
v 0.08754915 0.02115000 0.23900001
v 0.08755034 0.02084077 0.17602829
v 0.08754915 0.02038607 0.11564884
v 0.08754935 0.02104904 0.11706085
v 0.08754915 0.02115000 0.16599999
v 0.08782387 0.01938674 0.24163976
v 0.11767047 -0.01927132 0.24887867
v 0.11814722 -0.01865000 0.24840192
v 0.11844692 -0.01792646 0.24810223
v 0.12254915 0.01885303 0.05811101
v 0.08854914 -0.01715000 0.24800001
v 0.08854914 -0.01792646 0.24810223
v 0.08854914 -0.01865000 0.24840192
v 0.08689721 -0.02146711 0.25683233
v 0.12254915 -0.02500000 0.03300000
v 0.12109112 -0.02052519 0.25779837
v 0.08754915 -0.02500000 0.16409744
v 0.08717148 -0.02430268 0.03408352
v 0.12254915 -0.01327500 0.04165763
v 0.12071581 -0.00876761 0.05956595
v 0.12079305 -0.01374565 0.04983983
v 0.12254915 -0.01172500 0.04165763
v 0.12254915 -0.01250000 0.04144997
v 0.12254915 0.01094357 0.04333393
v 0.12254915 0.01172500 0.04165763
v 0.12254915 0.01115766 0.04222501
v 0.12254915 -0.01115766 0.04222501
v 0.08754915 -0.02115000 0.03600002
v 0.08755850 -0.01874982 0.16970308
v 0.08754944 -0.01837547 0.17413814
v 0.08754915 -0.00380000 0.17400001
v 0.08755849 -0.01874978 0.10970314
v 0.08840706 -0.00204380 0.11455628
v 0.08754915 -0.02038607 0.10835115
v 0.08754915 -0.00380000 0.24699999
v 0.08755052 -0.01815438 0.24712714
v 0.08754915 -0.02115000 0.11800001
v 0.08754915 -0.02115000 0.17800002
v 0.08755103 -0.02102131 0.24000201
v 0.08755011 -0.02093616 0.16749228
v 0.11854915 0.01715000 0.11800001
v 0.11854915 -0.01715000 0.11800001
v 0.11854915 0.01715000 0.16700001
v 0.11854915 -0.01715000 0.16700001
v 0.11854915 -0.01715000 0.17800002
v 0.11854915 0.01715000 0.17800002
v 0.11854915 0.01715000 0.23900001
v 0.11854915 -0.01715000 0.10700000
v 0.11854915 0.01083071 0.04222004
v 0.11854915 -0.01250000 0.04144997
v 0.11854915 0.01172500 0.04434235
v 0.11854915 -0.01172500 0.04165763
v 0.11854915 0.01250000 0.04455001
v 0.11854915 0.01322693 0.05650123
v 0.11854915 0.01172500 0.05665768
v 0.11854915 -0.01098510 0.04251105
v 0.11854915 -0.01715000 0.03399999
v 0.12088248 0.01409627 0.04331891
v 0.11854915 0.01715000 0.03399999
v 0.11854915 0.01715000 0.10700000
v 0.11854915 0.01314276 0.05975599
v 0.11854915 -0.01115766 0.04377497
v 0.11854915 0.01115766 0.05722500
v 0.11832660 -0.01828389 0.10692582
v 0.11840232 -0.01807705 0.03399999
v 0.11814556 -0.01865288 0.10686547
v 0.11814722 -0.01865000 0.03399999
v 0.11755306 -0.01938256 0.10666797
v 0.11797620 -0.01891336 0.03399999
v 0.11704564 -0.01975010 0.10649884
v 0.11554915 -0.02015000 0.10600001
v 0.11647620 -0.02000317 0.03399999
v 0.11620490 -0.02007746 0.10621858
v 0.11704915 -0.01974808 0.03399999
v 0.11731251 -0.01957705 0.03399999
v 0.11641462 -0.01865288 0.10859642
v 0.11647497 -0.01828389 0.10877747
v 0.11722092 -0.01946723 0.10783791
v 0.11604798 -0.01975010 0.10749651
v 0.11621712 -0.01938256 0.10800392
v 0.11576773 -0.02007746 0.10665575
v 0.11828120 -0.01715000 0.10799999
v 0.11754914 -0.01715000 0.10873205
v 0.11654915 -0.01715000 0.10900000
v 0.11554915 -0.01715000 0.11499999
v 0.11704915 -0.01715000 0.11540193
v 0.11669720 -0.01715000 0.11522836
v 0.11814722 -0.01715000 0.11650000
v 0.11767047 -0.01715000 0.11587868
v 0.11722369 -0.01901645 0.11593837
v 0.11554915 -0.01974808 0.11650000
v 0.11554915 -0.01992164 0.11685196
v 0.11554915 -0.02015000 0.11800001
v 0.11669720 -0.01992164 0.11800001
v 0.11832079 -0.01715000 0.11685196
v 0.11832079 -0.01829805 0.11800001
v 0.11814722 -0.01865000 0.11800001
v 0.11767047 -0.01927132 0.11800001
v 0.11554915 -0.01829805 0.11522836
v 0.11554915 -0.01865000 0.11540193
v 0.11554915 -0.01927132 0.11587868
v 0.11832660 -0.01828389 0.16692583
v 0.11814556 -0.01865288 0.16686548
v 0.11755306 -0.01938256 0.16666798
v 0.11704564 -0.01975010 0.16649882
v 0.11620490 -0.02007746 0.16621859
v 0.11596178 -0.02011914 0.16638607
v 0.11641462 -0.01865288 0.16859640
v 0.11647497 -0.01828389 0.16877748
v 0.11726907 -0.01935519 0.16792047
v 0.11604798 -0.01975010 0.16749652
v 0.11621712 -0.01938256 0.16800393
v 0.11576773 -0.02007746 0.16665576
v 0.11828120 -0.01715000 0.16800000
v 0.11754914 -0.01715000 0.16873206
v 0.11654915 -0.01715000 0.16900001
v 0.11554915 -0.01715000 0.17500000
v 0.11704915 -0.01715000 0.17540194
v 0.11669720 -0.01715000 0.17522837
v 0.11814722 -0.01715000 0.17650001
v 0.11767047 -0.01715000 0.17587869
v 0.11719732 -0.01889340 0.17585726
v 0.11554915 -0.01974808 0.17650001
v 0.11554915 -0.01992164 0.17685194
v 0.11554915 -0.02015000 0.17800002
v 0.11669720 -0.01992164 0.17800002
v 0.11704915 -0.01974808 0.17800002
v 0.11832079 -0.01715000 0.17685194
v 0.11832079 -0.01829805 0.17800002
v 0.11814722 -0.01865000 0.17800002
v 0.11767047 -0.01927132 0.17800002
v 0.11554915 -0.01829805 0.17522837
v 0.11554915 -0.01865000 0.17540194
v 0.11554915 -0.01927132 0.17587869
v 0.11554915 -0.02015000 0.23900001
v 0.11669720 -0.01992164 0.23900001
v 0.11704915 -0.01974808 0.23900001
v 0.11767047 -0.01927132 0.23900001
v 0.11814722 -0.01865000 0.23900001
v 0.11832079 -0.01829805 0.23900001
v 0.11829920 -0.01790079 0.24098924
v 0.11554915 -0.01865000 0.24159808
v 0.11554915 -0.01992164 0.24014805
v 0.11554915 -0.01974808 0.24050002
v 0.11554915 -0.01927132 0.24112134
v 0.11832079 0.01829805 0.23900001
v 0.11814722 0.01865000 0.23900001
v 0.11767047 0.01927132 0.23900001
v 0.11769818 0.01842560 0.24080647
v 0.11704915 0.01974808 0.23900001
v 0.11669720 0.01992164 0.23900001
v 0.11832079 0.01829805 0.17800002
v 0.11814722 0.01865000 0.17800002
v 0.11767047 0.01927132 0.17800002
v 0.11704915 0.01974808 0.17800002
v 0.11669720 0.01992164 0.17800002
v 0.11554915 0.02015000 0.17800002
v 0.11554915 0.01715000 0.17500000
v 0.11554915 0.01865000 0.17540194
v 0.11554915 0.01829805 0.17522837
v 0.11554915 0.01974808 0.17650001
v 0.11554915 0.01927132 0.17587869
v 0.11729255 0.01879816 0.17585726
v 0.11814722 0.01715000 0.17650001
v 0.11832079 0.01715000 0.17685194
v 0.11554915 0.01992164 0.17685194
v 0.11669720 0.01715000 0.17522837
v 0.11704915 0.01715000 0.17540194
v 0.11767047 0.01715000 0.17587869
v 0.11654915 0.01715000 0.16900001
v 0.11754914 0.01715000 0.16873206
v 0.11828120 0.01715000 0.16800000
v 0.08909706 0.00175181 0.17399689
v 0.09378758 0.00410503 0.17476326
v 0.11554915 0.02015000 0.16599999
v 0.11645063 0.02001135 0.16630049
v 0.11677768 0.01966439 0.16768189
v 0.11704813 0.01974867 0.16649966
v 0.11726438 0.01961130 0.16657175
v 0.11769053 0.01833593 0.16857565
v 0.11854590 0.01728954 0.16699894
v 0.11826130 0.01843227 0.16690405
v 0.11814571 0.01865261 0.16686554
v 0.11612089 0.01961130 0.16771524
v 0.11604881 0.01974867 0.16749899
v 0.11584964 0.02001135 0.16690148
v 0.11554915 0.02015000 0.11800001
v 0.11669720 0.01992164 0.11800001
v 0.11704915 0.01974808 0.11800001
v 0.11767047 0.01927132 0.11800001
v 0.11814722 0.01865000 0.11800001
v 0.11832079 0.01829805 0.11800001
v 0.11728948 0.01902456 0.11606147
v 0.11662285 0.01773471 0.11512913
v 0.11554915 0.01974808 0.11650000
v 0.11554915 0.01927132 0.11587868
v 0.11814722 0.01715000 0.11650000
v 0.11832079 0.01715000 0.11685196
v 0.11554915 0.01992164 0.11685196
v 0.11669720 0.01715000 0.11522836
v 0.11704915 0.01715000 0.11540193
v 0.11767047 0.01715000 0.11587868
v 0.11654915 0.01715000 0.10900000
v 0.11754914 0.01715000 0.10873205
v 0.11828120 0.01715000 0.10799999
v 0.09737809 -0.00194758 0.10962259
v 0.11554915 0.02015000 0.10600001
v 0.11645063 0.02001135 0.10630048
v 0.11677768 0.01966438 0.10768192
v 0.11704813 0.01974867 0.10649965
v 0.11726438 0.01961130 0.10657174
v 0.11769053 0.01833595 0.10857564
v 0.11854590 0.01728954 0.10699893
v 0.11826130 0.01843227 0.10690404
v 0.11814571 0.01865261 0.10686553
v 0.11612089 0.01961130 0.10771523
v 0.11604881 0.01974867 0.10749898
v 0.11584964 0.02001135 0.10690147
v 0.11554915 0.02015000 0.03399999
v 0.11632560 0.02004778 0.03399999
v 0.11704915 0.01974808 0.03399999
v 0.11767047 0.01927132 0.03399999
v 0.11814722 0.01865000 0.03399999
v 0.11844692 0.01792646 0.03399999
v 0.10409733 -0.02018070 0.04173187
v 0.10218713 -0.02235157 0.04235767
v 0.10220148 -0.02257500 0.05567287
v 0.09054915 -0.02115000 0.03300000
v 0.11554915 -0.02115000 0.03300000
v 0.11678521 -0.02095423 0.03300000
v 0.11944797 -0.01808920 0.03300019
v 0.11954915 0.01715000 0.03300000
v 0.10254587 0.02248614 0.05045183
v 0.08881352 -0.02031737 0.03371672
v 0.08854914 -0.02015000 0.10600001
v 0.08854914 -0.02000317 0.10692704
v 0.08854914 -0.01974808 0.10749999
v 0.08854914 -0.01807705 0.10885317
v 0.08854914 -0.01865000 0.10859806
v 0.08854914 -0.01891336 0.10842706
v 0.08896306 -0.00227736 0.10925711
v 0.08854914 -0.02015000 0.11800001
v 0.08854914 -0.02004778 0.11722354
v 0.08854914 -0.01974808 0.11650000
v 0.08854914 -0.01927132 0.11587868
v 0.08854914 -0.01865000 0.11540193
v 0.08854914 -0.01792646 0.11510221
v 0.08854914 -0.01715000 0.11499999
v 0.08854914 -0.02015000 0.16599999
v 0.08854914 -0.02000317 0.16692705
v 0.08854914 -0.01974808 0.16750000
v 0.08854914 -0.01807705 0.16885318
v 0.08854914 -0.01865000 0.16859807
v 0.08854914 -0.01891336 0.16842707
v 0.08746231 -0.00314048 0.17179805
v 0.08854914 -0.02015000 0.17800002
v 0.08854914 -0.02004778 0.17722355
v 0.08854914 -0.01974808 0.17650001
v 0.08854914 -0.01927132 0.17587869
v 0.08854914 -0.01865000 0.17540194
v 0.08854914 -0.01792646 0.17510222
v 0.08854914 -0.01715000 0.17500000
v 0.08854914 -0.02015000 0.23900001
v 0.08854914 -0.01865000 0.24159808
v 0.08854914 -0.01927132 0.24112134
v 0.08854914 -0.01974808 0.24050002
v 0.08854914 -0.02004778 0.23977648
v 0.09447708 0.02048565 0.23751316
v 0.08854914 0.02015000 0.17800002
v 0.08854914 0.01957705 0.17623664
v 0.08854914 0.01891336 0.17557295
v 0.08854914 0.01865000 0.17540194
v 0.08854914 0.01807705 0.17514683
v 0.08854914 0.02000317 0.17707296
v 0.08761011 0.00277719 0.17013416
v 0.08854914 0.01715000 0.16900001
v 0.08854914 0.02015000 0.16599999
v 0.08854914 0.02004778 0.16677646
v 0.08854914 0.01974808 0.16750000
v 0.08854914 0.01927132 0.16812132
v 0.08854914 0.02015000 0.11800001
v 0.08854914 0.01957705 0.11623663
v 0.08854914 0.01891336 0.11557294
v 0.09626722 -0.00029169 0.11338015
v 0.08854914 0.02000317 0.11707295
v 0.08798501 0.01924170 0.10869488
v 0.08854914 0.02015000 0.10600001
v 0.08854914 0.02004778 0.10677645
v 0.08854914 0.01974808 0.10749999
v 0.08854914 0.01927132 0.10812131
v 0.08854914 0.02015000 0.03600002
v 0.12035701 -0.00361078 0.26233268
v 0.08827461 -0.00194415 0.24315345
v 0.08762527 -0.01715000 0.17438270
v 0.08784204 -0.01715000 0.17470710
v 0.08768313 -0.01715000 0.17450000
v 0.08768481 -0.01836510 0.17468233
v 0.08804915 -0.01715000 0.17486604
v 0.08796866 -0.01946958 0.17540065
v 0.08816647 -0.02022612 0.17800002
v 0.08784204 -0.02044289 0.17800002
v 0.08804915 -0.02028397 0.17800002
v 0.08758414 -0.02068983 0.17628850
v 0.08768313 -0.02065000 0.17800002
v 0.08777055 -0.00275331 0.17428673
v 0.08768313 -0.00380000 0.17450000
v 0.08784204 -0.00380000 0.17470710
v 0.08804915 -0.00380000 0.17486604
v 0.08816647 -0.00380000 0.17492388
v 0.08804915 -0.02028397 0.23900001
v 0.08784204 -0.02044289 0.23900001
v 0.08768313 -0.02065000 0.23900001
v 0.08762527 -0.02076732 0.23900001
v 0.08809043 -0.01971951 0.24126541
v 0.08753050 -0.01175474 0.24213700
v 0.08762527 0.00380000 0.17438270
v 0.08768313 0.00380000 0.17450000
v 0.08784204 0.00380000 0.17470710
v 0.08804915 0.00380000 0.17486604
v 0.08768313 0.01715000 0.17450000
v 0.08784204 0.01715000 0.17470710
v 0.08804915 0.01715000 0.17486604
v 0.08816647 0.01715000 0.17492388
v 0.08762527 0.02076732 0.17800002
v 0.08784204 0.02044289 0.17800002
v 0.08768313 0.02065000 0.17800002
v 0.08788774 0.02017369 0.17694255
v 0.08816647 0.02022612 0.17800002
v 0.08804915 0.02028397 0.17800002
v 0.08758806 0.01801073 0.17442506
v 0.08787466 0.01900588 0.17525343
v 0.08816647 0.02022612 0.23900001
v 0.08804915 0.02028397 0.23900001
v 0.08784204 0.02044289 0.23900001
v 0.08768313 0.02065000 0.23900001
v 0.08758414 0.02068982 0.24071156
v 0.08701933 0.02083839 0.24912200
v 0.08865202 -0.00277550 0.24788365
v 0.08816647 -0.00380000 0.24792390
v 0.08804915 -0.00380000 0.24786602
v 0.08784204 -0.00380000 0.24770711
v 0.08768313 -0.00380000 0.24750002
v 0.08762527 -0.00380000 0.24738269
v 0.08804915 -0.01715000 0.24786602
v 0.08784204 -0.01715000 0.24770711
v 0.08768313 -0.01715000 0.24750002
v 0.08762527 -0.01715000 0.24738269
v 0.08805272 -0.01957778 0.24857619
v 0.08736783 -0.01855688 0.24411972
v 0.08784204 -0.01715000 0.10929290
v 0.08804915 -0.01715000 0.10913397
v 0.08816647 -0.01715000 0.10907612
v 0.08789171 -0.01852983 0.10894606
v 0.08804915 -0.02028397 0.10600001
v 0.08768313 -0.01715000 0.10950000
v 0.08793581 -0.01953338 0.10806410
v 0.08784641 -0.02010836 0.10738338
v 0.08759129 -0.02065367 0.10706009
v 0.08768313 -0.02065000 0.10600001
v 0.08804915 -0.02028397 0.03600002
v 0.08768313 -0.02065000 0.03600002
v 0.08762527 -0.00380000 0.10961733
v 0.08768313 -0.00380000 0.10950000
v 0.08784204 -0.00380000 0.10929290
v 0.08804915 -0.00380000 0.10913397
v 0.09054915 -0.02028397 0.03350002
v 0.09054915 -0.02065000 0.03313399
v 0.11628961 -0.02022152 0.03345035
v 0.11554915 -0.02044289 0.03329290
v 0.11554915 -0.02076732 0.03307611
v 0.11646457 -0.02065097 0.03307887
v 0.11884204 -0.01715000 0.03329290
v 0.11916646 -0.01715000 0.03307611
v 0.11875185 -0.01894271 0.03309512
v 0.11830698 -0.01893613 0.03346233
v 0.11868312 -0.01715000 0.03350002
v 0.11868312 0.01715000 0.03350002
v 0.11904915 0.01715000 0.03313399
v 0.11974297 0.01988681 0.03259172
v 0.08816887 0.02343074 0.03269596
v 0.08843054 0.02029831 0.03414539
v 0.08804915 0.02028397 0.03600002
v 0.08784204 0.02044289 0.03600002
v 0.08768313 0.02065000 0.03600002
v 0.08762527 0.02076732 0.03600002
v 0.08816647 0.02022612 0.10600001
v 0.08804915 0.02028397 0.10600001
v 0.08784204 0.02044289 0.10600001
v 0.08768313 0.02065000 0.10600001
v 0.08755947 0.02086779 0.10744745
v 0.08776911 -0.01936236 0.11537014
v 0.08816647 -0.02022612 0.11800001
v 0.08784204 -0.02044289 0.11800001
v 0.08804915 -0.02028397 0.11800001
v 0.08758414 -0.02068983 0.11628847
v 0.08768313 -0.02065000 0.11800001
v 0.08804915 -0.02028397 0.16599999
v 0.08784204 -0.02044289 0.16599999
v 0.08768313 -0.02065000 0.16599999
v 0.08762527 -0.02076732 0.16599999
v 0.08784204 -0.01715000 0.16929291
v 0.08795530 -0.01958402 0.16844028
v 0.08768313 -0.01715000 0.16950001
v 0.08762527 -0.00380000 0.16961731
v 0.08768313 -0.00380000 0.16950001
v 0.08784204 -0.00380000 0.16929291
v 0.08886376 -0.00232159 0.16929465
v 0.09241845 0.00446517 0.16901413
v 0.09607651 -0.00208324 0.17230327
v 0.08851846 0.00250975 0.11065539
v 0.08704445 0.01528625 0.11308960
v 0.08804915 0.02028397 0.11800001
v 0.08790357 0.01992145 0.11635022
v 0.08768313 0.02065000 0.11800001
v 0.08762527 0.00380000 0.16961731
v 0.08800593 0.00329324 0.16922396
v 0.08768313 0.00380000 0.16950001
v 0.08784204 0.00380000 0.16929291
v 0.08804915 0.00380000 0.16913398
v 0.08816647 0.00380000 0.16907613
v 0.08804915 0.02028397 0.16599999
v 0.08768313 0.02065000 0.16599999
v 0.08762527 0.01715000 0.16961731
v 0.08768313 0.01715000 0.16950001
v 0.08784204 0.01715000 0.16929291
v 0.08804915 0.01715000 0.16913398
v 0.08768481 0.01836510 0.16931768
v 0.08805768 0.01859329 0.16883814
v 0.08767589 0.02036401 0.16710181
v 0.17128997 0.02000000 0.26131219
v 0.13838099 0.02000000 0.24231221
v 0.12188099 0.02000000 0.27089104
v 0.14091513 0.01897083 0.27589696
v 0.16952202 0.00400000 0.26637438
v 0.17215599 0.01900000 0.26181218
v 0.16965598 0.00300000 0.26614231
v 0.17215599 -0.01900000 0.26181218
v 0.16965598 -0.00300000 0.26614231
v 0.16952202 -0.00400000 0.26637438
v 0.16915599 -0.00473205 0.26700833
v 0.14432213 -0.00575958 0.26002183
v 0.15565598 -0.01900000 0.29039103
v 0.16227140 -0.00486150 0.27893278
v 0.16178995 0.00400000 0.27976668
v 0.16215599 0.00473205 0.27913269
v 0.15565598 0.01900000 0.29039103
v 0.16904057 0.00486150 0.26720824
v 0.16178995 -0.00400000 0.27976668
v 0.16165598 -0.00300000 0.27999872
v 0.16165598 0.00300000 0.27999872
v 0.15478995 -0.02000000 0.28989103
v 0.13838099 -0.02000000 0.24231221
v 0.17128997 -0.02000000 0.26131219
v 0.12751497 0.00473205 0.25913268
v 0.12714894 0.00400000 0.25976667
v 0.12101497 0.01900000 0.27039102
v 0.12701496 0.00300000 0.25999871
v 0.12101497 -0.01900000 0.27039102
v 0.12701496 -0.00300000 0.25999871
v 0.12714894 -0.00400000 0.25976667
v 0.13488099 0.00400000 0.24637438
v 0.13451497 0.00473205 0.24700837
v 0.13751496 0.01900000 0.24181221
v 0.14368908 0.00575963 0.26111828
v 0.12751497 -0.00473205 0.25913268
v 0.13751496 -0.01900000 0.24181221
v 0.13451497 -0.00473205 0.24700837
v 0.13488099 -0.00400000 0.24637438
v 0.13501497 -0.00300000 0.24614234
v 0.13501497 0.00300000 0.24614234
v 0.15407771 -0.01151554 0.25137469
v 0.15483548 -0.01175000 0.25181219
v 0.13776863 -0.01970711 0.24195866
v 0.13758089 -0.01938268 0.24185027
v 0.15483548 0.01175000 0.25181219
v 0.15559325 0.01151554 0.25224969
v 0.13804959 -0.01992388 0.24212085
v 0.15331993 -0.01000000 0.25093719
v 0.15352298 -0.01087500 0.25105441
v 0.15559325 -0.01151554 0.25224969
v 0.15614797 -0.01087500 0.25256997
v 0.17172298 -0.01986603 0.26156220
v 0.15635101 -0.01000000 0.25268719
v 0.15352298 -0.00912500 0.25105441
v 0.15407771 -0.00848446 0.25137469
v 0.15635101 0.01000000 0.25268719
v 0.15614797 0.00912500 0.25256997
v 0.15559325 0.00848446 0.25224969
v 0.17203996 0.01950000 0.26174521
v 0.17172298 0.01986603 0.26156220
v 0.15614797 0.01087500 0.25256997
v 0.13758089 0.01938268 0.24185027
v 0.15331993 0.01000000 0.25093719
v 0.15352298 0.00912500 0.25105441
v 0.15407771 0.00848446 0.25137469
v 0.15483548 -0.00825000 0.25181219
v 0.15483548 0.00825000 0.25181219
v 0.15559325 -0.00848446 0.25224969
v 0.15614797 -0.00912500 0.25256997
v 0.17203996 -0.01950000 0.26174521
v 0.15407771 0.01151554 0.25137469
v 0.15352298 0.01087500 0.25105441
v 0.13804959 0.01992388 0.24212085
v 0.13776863 0.01970711 0.24195866
v 0.14266561 -0.01300000 0.28289104
v 0.14266561 0.01300000 0.28289104
v 0.14259969 0.01338268 0.28285298
v 0.15553996 -0.01950000 0.29032403
v 0.15522297 -0.01986603 0.29014102
v 0.15553996 0.01950000 0.29032403
v 0.15522297 0.01986603 0.29014102
v 0.14241195 0.01370711 0.28274459
v 0.13407128 0.01338268 0.27792910
v 0.12154958 0.01992388 0.27069968
v 0.12126862 0.01970711 0.27053747
v 0.12108089 0.01938268 0.27042907
v 0.13400535 0.01300000 0.27789104
v 0.13400535 -0.01300000 0.27789104
v 0.12108089 -0.01938268 0.27042907
v 0.12154958 -0.01992388 0.27069968
v 0.12126862 -0.01970711 0.27053747
v 0.14414798 0.01087500 0.27335456
v 0.14435102 0.01000000 0.27347180
v 0.14716560 0.01300000 0.27509680
v 0.14218446 -0.01744741 0.27618773
v 0.13850535 -0.01300000 0.27009681
v 0.14207770 0.00848446 0.27215931
v 0.14152297 0.00912500 0.27183902
v 0.14709969 0.01338268 0.27505875
v 0.14691195 0.01370711 0.27495036
v 0.14663099 0.01392388 0.27478814
v 0.14207770 -0.01151554 0.27215931
v 0.14152297 -0.01087500 0.27183902
v 0.13850535 0.01300000 0.27009681
v 0.14716560 -0.01300000 0.27509680
v 0.14414798 0.00912500 0.27335456
v 0.14359325 0.00848446 0.27303430
v 0.14131993 0.01000000 0.27172181
v 0.14152297 0.01087500 0.27183902
v 0.14207770 0.01151554 0.27215931
v 0.14414798 -0.01087500 0.27335456
v 0.14359325 -0.01151554 0.27303430
v 0.14283548 -0.01175000 0.27259681
v 0.14131993 -0.01000000 0.27172181
v 0.14152297 -0.00912500 0.27183902
v 0.14207770 -0.00848446 0.27215931
v 0.14283548 0.00825000 0.27259681
v 0.14283548 -0.00825000 0.27259681
v 0.14359325 -0.00848446 0.27303430
v 0.14414798 -0.00912500 0.27335456
v 0.14435102 -0.01000000 0.27347180
v 0.14359325 0.01151554 0.27303430
v 0.14283548 0.01175000 0.27259681
v 0.01940146 -0.09061064 0.00188508
v 0.00994915 0.29794973 -0.07994973
v 0.00994915 0.29567879 -0.08146714
v 0.00994915 0.29650000 0.00206215
v 0.00994915 0.29906216 -0.00050001
v 0.02135331 -0.30611737 -0.03862378
v 0.00994915 -0.29567879 -0.08146714
v 0.00994915 -0.29567879 0.00246716
v 0.05030362 0.06584852 0.00209485
v 0.04634818 0.06300000 0.00000001
v 0.05922967 -0.10482530 0.00201401
v 0.04826596 -0.06119444 0.00281541
v 0.04794816 -0.00000008 0.00000001
v 0.04714818 -0.06161436 0.00000001
v 0.02954939 -0.06208246 0.00150002
v 0.02874818 -0.06161436 0.00000001
v 0.02794818 -0.06140000 0.00000001
v 0.01201271 0.07583643 0.00271431
v 0.02656254 0.06220000 0.00000001
v 0.02714818 0.06161436 0.00000001
v 0.10111415 0.02104696 -0.02520828
v 0.05657334 0.20127760 -0.08102420
v 0.14994547 0.29325230 -0.08199465
v 0.14992426 -0.29320075 -0.08199449
v 0.14772512 0.29812643 0.00079504
v 0.14594916 0.29650000 0.00206215
v 0.14594916 0.29299998 0.00300003
v 0.14594916 0.29780433 0.00109101
v 0.14994915 0.27277500 0.00300003
v 0.09864274 -0.04605566 0.00212862
v 0.14994915 0.29299998 0.00300003
v 0.02833451 0.06317886 0.00249298
v 0.03925012 0.15413422 0.00200849
v 0.14945441 0.29558486 0.00250525
v 0.14941631 -0.29567879 0.00246716
v 0.14898929 -0.29653791 0.00204016
v 0.14901133 -0.29650000 -0.08106219
v 0.14981465 -0.29436564 -0.08186548
v 0.14981465 0.29436561 -0.08186548
v 0.14941631 0.29567879 -0.08146714
v 0.14789890 0.29794973 -0.07994973
v 0.01632205 0.30162801 -0.03861550
v 0.02433083 0.25730579 -0.02137144
v 0.09565651 0.23364525 -0.01590050
v 0.05481224 -0.23038514 -0.02928625
v -0.22875182 0.09150000 0.11939999
v -0.22875182 0.09150000 -0.01060000
v -0.20875183 0.09150000 0.11939999
v -0.18893283 0.08428481 0.14883038
v -0.20875183 0.09150000 -0.01060000
v -0.19378515 0.08964815 -0.11355556
v -0.24612671 0.09004626 -0.11139207
v -0.21452874 -0.08056923 -0.12363077
v -0.21495181 -0.09620000 0.14440000
v -0.21905182 -0.09620000 0.12940000
v -0.21905182 -0.09620000 -0.08800000
v -0.21495181 -0.09620000 -0.10300000
v -0.24705182 -0.09620000 -0.10800000
v -0.19045182 -0.09620000 -0.10800000
v -0.24105182 -0.09620000 -0.08800000
v -0.24105182 -0.09620000 0.12940000
v -0.19378516 -0.09434815 0.15995556
v -0.19695182 -0.09620000 0.14440000
v -0.19695182 -0.09620000 -0.10300000
v -0.24619467 -0.09534286 0.15754286
v -0.24705182 0.05850000 0.01440001
v -0.24705182 -0.01620000 -0.00300000
v -0.24705182 -0.07120000 0.01440001
v -0.24705182 -0.01620000 -0.05800000
v -0.24705182 0.05850000 0.11440000
v -0.24772902 0.08418622 0.15146546
v -0.24705182 -0.07120000 0.11440000
v -0.24705182 0.03150000 -0.05800000
v -0.24705182 0.03150000 -0.00300000
v -0.20875183 0.09050000 -0.01060000
v -0.20875183 0.09050000 0.11939999
v -0.22875182 0.09050000 0.11939999
v -0.22875182 0.09050000 -0.01060000
v -0.21495181 -0.09520000 -0.10300000
v -0.21495181 -0.09520000 0.14440000
v -0.19695182 -0.09520000 0.14440000
v -0.19695182 -0.09520000 -0.10300000
v -0.24105182 -0.09520000 -0.08800000
v -0.24105182 -0.09520000 0.12940000
v -0.21905182 -0.09520000 0.12940000
v -0.21905182 -0.09520000 -0.08800000
v -0.24605182 0.03150000 -0.05800000
v -0.24605182 0.03150000 -0.00300000
v -0.24605182 -0.01620000 -0.00300000
v -0.24605182 -0.01620000 -0.05800000
v -0.24605182 0.05850000 0.01440001
v -0.24605182 0.05850000 0.11440000
v -0.24605182 -0.07120000 0.11440000
v -0.24605182 -0.07120000 0.01440001
v -0.24905182 0.11650000 0.25350001
v -0.24905182 0.11650000 0.10350000
v -0.26105183 0.11650000 0.10350000
v -0.26105183 -0.12350000 0.10350000
v -0.24905182 -0.12350000 0.10350000
v -0.24905182 0.10650000 0.26350001
v -0.24905182 -0.11350001 0.26350001
v -0.24905182 0.03291747 0.13987499
v -0.24905182 -0.04100000 0.14175001
v -0.24905182 0.03337500 0.13941747
v -0.24905182 -0.04037500 0.14158253
v -0.24905182 0.03400000 0.13925000
v -0.24905182 0.03495235 0.21463916
v -0.24905182 0.03525000 0.21550000
v -0.24905182 0.03313915 0.21454766
v -0.24905182 -0.04037500 0.21658254
v -0.24905182 0.03400000 0.21425000
v -0.24905182 -0.03991747 0.21612500
v -0.24905182 -0.03975000 0.21550000
v -0.24905182 0.03400000 0.14175001
v -0.24905182 -0.04208254 0.14112501
v -0.24905182 -0.04162500 0.14158253
v -0.24905182 -0.04162500 0.21441747
v -0.24905182 -0.04100000 0.21425000
v -0.24905182 -0.04037500 0.21441747
v -0.24905182 -0.03991747 0.21487500
v -0.24905182 0.03275000 0.14049999
v -0.24905182 0.03304764 0.14136084
v -0.24905182 -0.04100000 0.21675000
v -0.24905182 0.11573879 0.25732684
v -0.24905182 0.03508253 0.21612500
v -0.25019468 -0.04235305 0.21574269
v -0.25614274 -0.12158133 0.26106214
v -0.24905182 0.03275000 0.21550000
v -0.24905182 0.03324635 0.21661204
v -0.24905182 0.03462500 0.21658254
v -0.24905182 0.11032683 0.26273879
v -0.25933755 0.11457962 0.26089844
v -0.25705183 -0.04076949 0.21547920
v -0.25401734 0.03541407 0.14072574
v -0.25705183 0.03319728 0.14012937
v -0.25438516 -0.04085386 0.14010178
v -0.25705183 0.03400000 0.21550000
v -0.21957463 0.08600260 -0.11886274
v -0.22905183 0.07990000 -0.12000000
v -0.23339106 0.08358459 -0.11891428
v -0.20905182 0.07990000 -0.11800000
v -0.18245181 -0.09850001 -0.07500000
v -0.18245181 -0.10050000 -0.07500000
v -0.19710208 -0.09959091 -0.05800071
v -0.18266618 -0.09850001 -0.04580000
v -0.18266618 -0.10050000 -0.04580000
v -0.18978234 -0.09938398 -0.00348802
v -0.22990372 -0.09946154 0.15174068
v -0.24678387 -0.09750000 0.25099999
v -0.24851592 -0.09850001 0.25099999
v -0.24605182 -0.09823205 0.25099999
v -0.24705182 -0.09996410 0.25099999
v -0.24542498 -0.09890001 0.25099999
v -0.18005182 -0.10050000 0.25099999
v -0.18005182 -0.09850001 0.25099999
v -0.21965183 -0.09950000 0.25099999
v -0.18919896 -0.09948630 -0.09221333
v -0.18005182 -0.09950000 -0.05665000
v -0.18142332 -0.09946000 0.03100914
v -0.18005182 -0.09850001 0.05735925
v -0.18005182 -0.10050000 0.13900000
v -0.18005182 -0.09850001 0.13900000
v -0.24605182 -0.09823205 -0.11550000
v -0.24705182 -0.09996410 -0.11550000
v -0.24678387 -0.09750000 -0.11550000
v -0.24851592 -0.09850001 -0.11550000
v -0.24824928 -0.09598987 -0.11548359
v -0.24678387 -0.09599999 -0.11700000
v -0.24851592 -0.09599999 -0.11800000
v -0.24605182 -0.09599999 -0.11773205
v -0.24705182 -0.09599999 -0.11946410
v -0.24505182 -0.09599999 -0.11800000
v -0.24505182 -0.09599999 -0.12000000
v -0.24455182 -0.09599999 -0.12000000
v -0.24455182 -0.09599999 -0.11800000
v -0.24455182 -0.09708578 -0.12000000
v -0.24455182 -0.09708578 -0.11800000
v -0.19205181 -0.09708578 -0.12000000
v -0.19205181 -0.09708578 -0.11800000
v -0.19205181 0.09008579 -0.12000000
v -0.19205181 0.09008579 -0.11800000
v -0.24455182 0.09008579 -0.11800000
v -0.24505182 0.08900000 -0.12000000
v -0.24505182 0.08900000 -0.11800000
v -0.24605182 0.08900000 -0.11773205
v -0.24705182 0.08900000 -0.11946410
v -0.24678387 0.08900000 -0.11700000
v -0.24851592 0.08900000 -0.11800000
v -0.24678387 0.09050000 -0.11550000
v -0.24851592 0.09150000 -0.11550000
v -0.24605182 0.09123205 -0.11550000
v -0.24705182 0.09296410 -0.11550000
v -0.18005182 0.09350000 0.25099999
v -0.18005182 0.09150000 0.25099999
v -0.18005182 0.09350000 0.19929999
v -0.18005182 0.09150000 0.19929999
v -0.18005182 0.09350000 0.12989999
v -0.18005182 0.09250000 0.10498472
v -0.18142444 0.09253226 0.05168963
v -0.24439328 0.09267647 0.25099999
v -0.18983932 0.09175000 0.25099999
v -0.18230182 0.09350000 0.25099999
v -0.18998389 0.09248565 0.00207887
v -0.21905183 0.09247207 0.14150003
v -0.18650528 0.09238372 0.05576542
v -0.18879374 0.09266667 0.04667532
v -0.18863747 0.09350000 0.04815924
v -0.18841710 0.09226923 0.06619396
v -0.18885182 0.09350000 0.06735924
v -0.18885845 0.09150000 0.06770400
v -0.18685718 0.09219231 0.06943317
v -0.21043746 0.08830000 -0.11800000
v -0.21009614 0.08874626 -0.11933333
v -0.20905182 0.08910000 -0.12000000
v -0.20870707 0.08910664 -0.11800000
v -0.20643840 0.08214108 -0.11924138
v -0.23701399 0.08982181 -0.12000000
v -0.23005063 0.08888191 -0.11860000
v -0.22766618 0.08830000 -0.12000000
v -0.24605182 0.09123205 0.25099999
v -0.24705182 0.09296410 0.25099999
v -0.24678387 0.09050000 0.25099999
v -0.24851592 0.09150000 0.25099999
v -0.18975182 0.09150000 0.03117962
v -0.20375182 0.09150000 0.03117962
v -0.18763945 0.09250706 -0.07572517
v -0.24505182 0.09150000 0.00000000
v -0.24450374 0.09293320 -0.11593432
v -0.20419644 0.09150000 0.12242720
v -0.24505182 0.09150000 0.12989999
v -0.23375182 0.09150000 -0.01060000
v -0.24505182 0.09150000 0.03117962
v -0.24505182 0.09150000 0.09667963
v -0.23375182 0.09150000 0.09667963
v -0.18998932 0.09150000 0.12989999
v -0.18230182 -0.09850001 -0.08330000
v -0.18550182 -0.09945050 0.06735924
v -0.22670911 -0.09987664 -0.10419303
v -0.23973877 -0.09950000 0.13097876
v -0.24505182 -0.09850001 0.05735925
v -0.24105182 -0.09850001 0.05735925
v -0.24505182 -0.09850001 0.03117962
v -0.21655183 -0.09850001 0.13900000
v -0.21805182 -0.09850001 0.12700000
v -0.21655183 -0.09850001 0.05735925
v -0.21805182 -0.09950000 0.03772453
v -0.20662219 -0.09965232 0.15367820
v -0.21505181 -0.09850001 0.13900000
v -0.21505181 -0.09850001 0.05735925
v -0.24705182 -0.07150000 0.11499999
v -0.24705182 -0.02037500 0.11499999
v -0.24705182 0.03350000 -0.06000000
v -0.24705182 -0.01850000 -0.06000000
v -0.24705182 -0.01850000 0.00000000
v -0.24705182 -0.00295000 0.00000000
v -0.24705182 -0.03883750 -0.08800000
v -0.24705182 0.00160000 -0.06000000
v -0.24705182 0.03350000 0.00000000
v -0.24705182 -0.09650000 0.00700000
v -0.24705182 -0.07150000 0.01400000
v -0.24705182 -0.02752500 0.01400000
v -0.24805182 0.02040000 0.01400000
v -0.24705182 -0.01205000 0.25099999
v -0.24705182 0.05850000 0.11499999
v -0.24705182 0.08950000 0.00700000
v -0.24705182 0.05850000 0.01400000
v -0.24705182 -0.01205000 -0.11600000
v -0.20375182 0.09350000 0.03117962
v -0.18975182 0.09350000 0.09667963
v -0.18602682 0.09350000 0.15629490
v -0.23036459 0.09215625 -0.01709890
v -0.24505182 0.09350000 0.09667963
v -0.23375182 0.09350000 0.03117962
v -0.23250905 0.09228261 0.12408774
v -0.24505182 0.09350000 0.12989999
v -0.20551295 0.09350000 0.12453851
v -0.20375182 0.09350000 0.09667963
v -0.18230182 0.09350000 0.19929999
v -0.18117682 -0.09950000 -0.09670000
v -0.18229786 -0.09962088 -0.04315958
v -0.18230182 -0.10050000 -0.08330000
v -0.24105182 -0.10050000 0.12700000
v -0.24505182 -0.10050000 0.13900000
v -0.24105182 -0.10050000 0.05735925
v -0.24505182 -0.10050000 0.05735925
v -0.24505182 -0.10050000 0.03117962
v -0.24105182 -0.09950000 0.02338472
v -0.24105182 -0.09950000 -0.01500000
v -0.21655183 -0.10050000 0.05735925
v -0.21655183 -0.10050000 0.13900000
v -0.21805182 -0.10050000 0.12700000
v -0.21805182 -0.10050000 0.05735925
v -0.21655182 -0.09950000 0.00000000
v -0.21505181 -0.09950000 0.03772453
v -0.21505181 -0.10050000 0.13900000
v -0.24905182 -0.02752500 0.11499999
v -0.24905182 0.03350000 0.00000000
v -0.24905182 0.03350000 -0.06000000
v -0.24823467 0.08899220 -0.11548737
v -0.24905182 -0.01850000 -0.06000000
v -0.24905182 -0.07150000 0.01400000
v -0.24905182 -0.01850000 0.00000000
v -0.24905182 0.05850000 0.01400000
v -0.24805182 0.08950000 0.25099999
v -0.24905182 0.08950000 0.00700000
v -0.24905182 -0.02037500 0.01400000
v -0.24905182 -0.09650000 0.00700000
v -0.24905182 -0.07150000 0.11499999
v -0.24805182 -0.09650000 0.25099999
v -0.24805182 0.02040000 0.11499999
v -0.24905182 0.05850000 0.11499999
v -0.24905182 -0.01205000 -0.11600000
v -0.24803061 -0.00350000 0.21016665
v -0.24905182 -0.01205000 0.25099999
v -0.24678387 0.08950000 0.25200000
v -0.24851592 0.08950000 0.25299999
v -0.24605182 0.08950000 0.25273204
v -0.24705182 0.08950000 0.25446409
v -0.24505182 0.08950000 0.25299999
v -0.24505182 0.08950000 0.25500000
v -0.24505182 -0.09650000 0.25299999
v -0.24505182 -0.09650000 0.25500000
v -0.24605182 -0.09650000 0.25273204
v -0.24705182 -0.09650000 0.25446409
v -0.24678387 -0.09650000 0.25200000
v -0.24851592 -0.09650000 0.25299999
v -0.17705183 -0.09650000 0.25299999
v -0.17705183 -0.09650000 0.25500000
v -0.17705183 0.08950000 0.25500000
v -0.17705183 0.08950000 0.25299999
v 0.00844818 -0.09100000 -0.00100000
v -0.01255182 -0.09100000 -0.11400000
v -0.00058153 -0.09100000 -0.10336892
v -0.00124819 -0.09100000 -0.01694015
v -0.00353674 -0.09100000 -0.01648493
v -0.00386837 -0.09100000 -0.10387962
v -0.00285546 -0.09100000 -0.10305986
v -0.00205182 -0.09100000 -0.10290001
v -0.00205182 -0.09100000 -0.01710000
v -0.00285546 -0.09100000 -0.01694015
v -0.00180830 -0.08391666 -0.10754548
v -0.01255182 -0.07600000 -0.11400000
v 0.00844818 -0.07600000 -0.11400000
v -0.00353674 -0.07600000 -0.01648493
v -0.01255182 -0.07600000 -0.00100000
v -0.00285546 -0.07600000 -0.01694015
v -0.00353674 -0.07600000 -0.10351508
v -0.00412855 -0.07600000 -0.10450775
v -0.00023527 -0.07600000 -0.10387962
v -0.00418949 -0.07600000 -0.01395422
v -0.00124819 -0.07600000 -0.01694015
v -0.00124819 -0.07600000 -0.10305986
v -0.00205182 -0.07600000 -0.01710000
v -0.00205182 -0.07600000 -0.10290001
v -0.00285546 -0.07600000 -0.10305986
v 0.00109432 -0.08139859 -0.01217693
v -0.01355182 -0.08451507 -0.06951508
v -0.01355182 -0.08519637 -0.06905986
v -0.01355182 -0.07700000 -0.00100000
v -0.01355182 -0.09000000 -0.00100000
v -0.01355182 -0.08680364 -0.06905986
v -0.01355182 -0.08748493 -0.06951508
v -0.01355182 -0.08794015 -0.07019637
v -0.01355182 -0.08810000 -0.07100000
v -0.01355182 -0.09000000 -0.11400000
v -0.01355182 -0.08794015 -0.07180364
v -0.01355182 -0.08748493 -0.07248493
v -0.01355182 -0.08680364 -0.07294015
v -0.01355182 -0.08600000 -0.07310000
v -0.01355182 -0.07700000 -0.11400000
v -0.01355182 -0.08519637 -0.07294015
v -0.01355182 -0.08451507 -0.07248493
v -0.01355182 -0.08390000 -0.00600000
v -0.01355182 -0.08405985 -0.00519636
v -0.01355182 -0.08748493 -0.00748492
v -0.01355182 -0.08680364 -0.00794015
v -0.01355182 -0.08405985 -0.00680364
v -0.01355182 -0.08451507 -0.00748492
v -0.01355182 -0.08451507 -0.00451508
v -0.01355182 -0.08519637 -0.00405985
v -0.01355182 -0.08600000 -0.00390000
v -0.01355182 -0.08680364 -0.00405985
v -0.01355182 -0.08748493 -0.00451508
v -0.01355182 -0.08405985 -0.07180364
v -0.01355182 -0.08390000 -0.07100000
v -0.01355182 -0.08405985 -0.07019637
v -0.01355182 -0.08600000 -0.06890000
v -0.01355182 -0.08600000 -0.00810000
v -0.01355182 -0.08519637 -0.00794015
v -0.01355182 -0.08794015 -0.00519636
v -0.01355182 -0.08810000 -0.00600000
v -0.01355182 -0.08794015 -0.00680364
v 0.00670977 -0.09079176 -0.11609123
v 0.00944818 -0.08748493 -0.06951508
v 0.00944818 -0.08680364 -0.06905986
v 0.00944818 -0.09000000 -0.00100000
v 0.00944818 -0.08451507 -0.07248493
v 0.00944818 -0.08519637 -0.07294015
v 0.00944818 -0.07700000 -0.11400000
v 0.00944818 -0.09000000 -0.11400000
v 0.00944818 -0.08680364 -0.07294015
v 0.00944818 -0.08748493 -0.07248493
v 0.00944818 -0.08451507 -0.00451508
v 0.00944818 -0.08405985 -0.00519636
v 0.00944818 -0.07700000 -0.00100000
v 0.00944818 -0.08390000 -0.00600000
v 0.00944818 -0.08600000 -0.07310000
v 0.00944818 -0.08748493 -0.00451508
v 0.00944818 -0.08680364 -0.00405985
v 0.00944818 -0.08600000 -0.00390000
v 0.00944818 -0.08519637 -0.00405985
v 0.00944818 -0.08794015 -0.07180364
v 0.00944818 -0.08810000 -0.07100000
v 0.00944818 -0.08794015 -0.07019637
v 0.00944818 -0.08748493 -0.00748492
v 0.00944818 -0.08794015 -0.00680364
v 0.00944818 -0.08810000 -0.00600000
v 0.00944818 -0.08794015 -0.00519636
v 0.00944818 -0.08451507 -0.06951508
v 0.00944818 -0.08519637 -0.06905986
v 0.00944818 -0.08600000 -0.06890000
v 0.00944818 -0.08405985 -0.00680364
v 0.00944818 -0.08451507 -0.00748492
v 0.00944818 -0.08405985 -0.07019637
v 0.00944818 -0.08390000 -0.07100000
v 0.00944818 -0.08405985 -0.07180364
v 0.00944818 -0.08519637 -0.00794015
v 0.00944818 -0.08600000 -0.00810000
v 0.00944818 -0.08680364 -0.00794015
v -0.00415940 -0.09227507 -0.00451572
v -0.00209696 -0.08344805 -0.12202043
v -0.00200666 -0.08344806 0.00702041
v -0.01255182 0.09100000 -0.00100000
v 0.00844818 0.09100000 -0.11400000
v -0.00352211 0.09100000 -0.10336892
v -0.00285546 0.09100000 -0.01694015
v -0.00056690 0.09100000 -0.01648493
v -0.00023527 0.09100000 -0.10387962
v -0.00124819 0.09100000 -0.10305986
v -0.00205182 0.09100000 -0.10290001
v -0.00205182 0.09100000 -0.01710000
v -0.00124819 0.09100000 -0.01694015
v -0.00229534 0.08391666 -0.10754548
v 0.00844818 0.07600000 -0.11400000
v -0.01255182 0.07600000 -0.11400000
v -0.00056690 0.07600000 -0.01648493
v 0.00844818 0.07600000 -0.00100000
v -0.00124819 0.07600000 -0.01694015
v -0.00056690 0.07600000 -0.10351508
v 0.00002491 0.07600000 -0.10450775
v -0.00386837 0.07600000 -0.10387962
v 0.00008585 0.07600000 -0.01395422
v -0.00285546 0.07600000 -0.01694015
v -0.00285546 0.07600000 -0.10305986
v -0.00205182 0.07600000 -0.01710000
v -0.00205182 0.07600000 -0.10290001
v -0.00124819 0.07600000 -0.10305986
v -0.00519796 0.08139859 -0.01217693
v 0.00944818 0.08451507 -0.06951508
v 0.00944818 0.08519637 -0.06905986
v 0.00944818 0.07700000 -0.00100000
v 0.00944818 0.09000000 -0.00100000
v 0.00944818 0.08680364 -0.06905986
v 0.00944818 0.08748493 -0.06951508
v 0.00944818 0.08794015 -0.07019637
v 0.00944818 0.08810000 -0.07100000
v 0.00944818 0.09000000 -0.11400000
v 0.00944818 0.08794015 -0.07180364
v 0.00944818 0.08748493 -0.07248493
v 0.00944818 0.08680364 -0.07294015
v 0.00944818 0.08600000 -0.07310000
v 0.00944818 0.07700000 -0.11400000
v 0.00944818 0.08519637 -0.07294015
v 0.00944818 0.08451507 -0.07248493
v 0.00944818 0.08390000 -0.00600000
v 0.00944818 0.08405985 -0.00519636
v 0.00944818 0.08748493 -0.00748492
v 0.00944818 0.08680364 -0.00794015
v 0.00944818 0.08405985 -0.00680364
v 0.00944818 0.08451507 -0.00748492
v 0.00944818 0.08451507 -0.00451508
v 0.00944818 0.08519637 -0.00405985
v 0.00944818 0.08600000 -0.00390000
v 0.00944818 0.08680364 -0.00405985
v 0.00944818 0.08748493 -0.00451508
v 0.00944818 0.08405985 -0.07180364
v 0.00944818 0.08390000 -0.07100000
v 0.00944818 0.08405985 -0.07019637
v 0.00944818 0.08600000 -0.06890000
v 0.00944818 0.08600000 -0.00810000
v 0.00944818 0.08519637 -0.00794015
v 0.00944818 0.08794015 -0.00519636
v 0.00944818 0.08810000 -0.00600000
v 0.00944818 0.08794015 -0.00680364
v -0.01081341 0.09079176 -0.11609123
v -0.01355182 0.08748493 -0.06951508
v -0.01355182 0.08680364 -0.06905986
v -0.01355182 0.09000000 -0.00100000
v -0.01355182 0.08451507 -0.07248493
v -0.01355182 0.08519637 -0.07294015
v -0.01355182 0.07700000 -0.11400000
v -0.01355182 0.09000000 -0.11400000
v -0.01355182 0.08680364 -0.07294015
v -0.01355182 0.08748493 -0.07248493
v -0.01355182 0.08451507 -0.00451508
v -0.01355182 0.08405985 -0.00519636
v -0.01355182 0.07700000 -0.00100000
v -0.01355182 0.08390000 -0.00600000
v -0.01355182 0.08600000 -0.07310000
v -0.01355182 0.08748493 -0.00451508
v -0.01355182 0.08680364 -0.00405985
v -0.01355182 0.08600000 -0.00390000
v -0.01355182 0.08519637 -0.00405985
v -0.01355182 0.08794015 -0.07180364
v -0.01355182 0.08810000 -0.07100000
v -0.01355182 0.08794015 -0.07019637
v -0.01355182 0.08748493 -0.00748492
v -0.01355182 0.08794015 -0.00680364
v -0.01355182 0.08810000 -0.00600000
v -0.01355182 0.08794015 -0.00519636
v -0.01355182 0.08451507 -0.06951508
v -0.01355182 0.08519637 -0.06905986
v -0.01355182 0.08600000 -0.06890000
v -0.01355182 0.08405985 -0.00680364
v -0.01355182 0.08451507 -0.00748492
v -0.01355182 0.08405985 -0.07019637
v -0.01355182 0.08390000 -0.07100000
v -0.01355182 0.08405985 -0.07180364
v -0.01355182 0.08519637 -0.00794015
v -0.01355182 0.08600000 -0.00810000
v -0.01355182 0.08680364 -0.00794015
v 0.00005576 0.09227507 -0.00451572
v -0.00200668 0.08344805 -0.12202043
v -0.00209698 0.08344806 0.00702041
v -0.06345182 -0.06520000 -0.02165000
v -0.06345182 -0.05440000 -0.02165000
v -0.06385182 -0.05400000 -0.02165000
v -0.06345182 -0.06520000 -0.04835000
v -0.06354413 -0.06541539 -0.05605000
v -0.06345182 -0.05440000 -0.04835000
v -0.06777427 -0.05310122 -0.05553667
v -0.07155182 -0.05800000 -0.05605000
v -0.07230182 -0.05779904 -0.01395000
v -0.07230182 -0.05779904 -0.05605000
v -0.07285086 -0.05725000 -0.01395000
v -0.07285086 -0.05725000 -0.05605000
v -0.07305182 -0.05650000 -0.01395000
v -0.07305182 -0.05650000 -0.05605000
v -0.07285086 -0.05575000 -0.01395000
v -0.07285086 -0.05575000 -0.05605000
v -0.06836397 -0.05350521 -0.01395000
v -0.06345182 -0.05400000 -0.04835000
v -0.06345182 -0.05400000 -0.02165000
v -0.06305182 -0.05440000 -0.02165000
v -0.06305182 -0.05440000 -0.04835000
v -0.08225141 -0.06301613 -0.03816985
v -0.06843714 -0.06632195 -0.02197907
v -0.06360420 -0.06588571 -0.04835000
v -0.06305182 -0.06560000 -0.02165000
v -0.06305182 -0.06560000 -0.04835000
v -0.06305182 -0.05830000 -0.04835000
v -0.06305182 -0.05830000 -0.02165000
v -0.06320182 -0.05825981 -0.04835000
v -0.06331163 -0.05815000 -0.04835000
v -0.06335182 -0.05800000 -0.04835000
v -0.06331163 -0.05785000 -0.04835000
v -0.06305182 -0.05770000 -0.04835000
v -0.06320182 -0.05774019 -0.04835000
v -0.06305182 -0.05770000 -0.02165000
v -0.06320182 -0.05774019 -0.02165000
v -0.06331163 -0.05785000 -0.02165000
v -0.06335182 -0.05800000 -0.02165000
v -0.06331163 -0.05815000 -0.02165000
v -0.06320182 -0.05825981 -0.02165000
v -0.07657980 -0.06411964 -0.01395000
v -0.11965182 0.06520000 -0.02165000
v -0.11965182 0.05440000 -0.02165000
v -0.11925182 0.05400000 -0.02165000
v -0.11965182 0.06520000 -0.04835000
v -0.11955951 0.06541539 -0.05605000
v -0.11965182 0.05440000 -0.04835000
v -0.11532937 0.05310122 -0.05553667
v -0.11155182 0.05800000 -0.05605000
v -0.11080182 0.05779904 -0.01395000
v -0.11080182 0.05779904 -0.05605000
v -0.11025278 0.05725000 -0.01395000
v -0.11025278 0.05725000 -0.05605000
v -0.11005182 0.05650000 -0.01395000
v -0.11005182 0.05650000 -0.05605000
v -0.11025278 0.05575000 -0.01395000
v -0.11025278 0.05575000 -0.05605000
v -0.11473967 0.05350521 -0.01395000
v -0.11965182 0.05400000 -0.04835000
v -0.11965182 0.05400000 -0.02165000
v -0.12005182 0.05440000 -0.02165000
v -0.12005182 0.05440000 -0.04835000
v -0.10085225 0.06301612 -0.03816986
v -0.11466649 0.06632195 -0.02197906
v -0.11949943 0.06588571 -0.04835000
v -0.12005182 0.06560000 -0.02165000
v -0.12005182 0.06560000 -0.04835000
v -0.12005182 0.05830000 -0.04835000
v -0.12005182 0.05830000 -0.02165000
v -0.11990182 0.05825981 -0.04835000
v -0.11979201 0.05815000 -0.04835000
v -0.11975182 0.05800000 -0.04835000
v -0.11979201 0.05785000 -0.04835000
v -0.12005182 0.05770000 -0.04835000
v -0.11990182 0.05774019 -0.04835000
v -0.12005182 0.05770000 -0.02165000
v -0.11990182 0.05774019 -0.02165000
v -0.11979201 0.05785000 -0.02165000
v -0.11975182 0.05800000 -0.02165000
v -0.11979201 0.05815000 -0.02165000
v -0.11990182 0.05825981 -0.02165000
v -0.10652385 0.06411964 -0.01395000
v -0.02177379 0.06050000 -0.05362573
v -0.02152426 0.06050000 -0.05363255
v -0.02248697 0.06050000 -0.05854229
v -0.02400172 0.06050000 -0.05326214
v -0.02272060 0.06050000 -0.05845438
v -0.02933001 0.05216667 -0.05488722
v -0.00841927 0.06050000 -0.07947244
v -0.00350953 0.06050000 -0.08043516
v -0.00842609 0.06050000 -0.07972196
v -0.00359744 0.06050000 -0.08066878
v -0.00740145 0.05300000 -0.08728264
v -0.02248697 0.04550000 -0.05854229
v -0.02152426 0.04550000 -0.05363255
v -0.02272060 0.04550000 -0.05845438
v -0.02177379 0.04550000 -0.05362573
v -0.00278264 0.05225230 -0.05934870
v -0.00350953 0.04550000 -0.08043516
v -0.00841927 0.04550000 -0.07947244
v -0.00359744 0.04550000 -0.08066878
v -0.00842609 0.04550000 -0.07972196
v -0.01794242 0.01106085 -0.01159883
v 0.03493494 0.02400113 -0.02689130
v 0.04666655 0.02568972 -0.05468850
v 0.04107614 0.02866302 -0.03640526
v 0.04124300 0.03375101 -0.08352000
v 0.03618213 0.02424344 -0.09411254
v 0.01278671 -0.01083095 -0.09058217
v -0.01696576 -0.01700576 -0.09224499
v -0.01686862 -0.01710000 -0.09215000
v -0.01684667 -0.01720000 -0.09205000
v 0.01276498 -0.01710000 -0.09215000
v 0.01278690 -0.01700000 -0.09225000
v 0.01386535 -0.01717544 -0.09174488
v -0.01712824 -0.01470713 -0.08788261
v -0.00026980 -0.01641656 -0.05591898
v -0.04607323 0.02674626 -0.06065121
v 0.04282107 0.06530000 -0.07968307
v 0.03628684 0.06530000 -0.09075675
v 0.03886788 0.06530000 -0.08362500
v -0.01063833 0.05642424 -0.01376201
v 0.03691933 0.06530000 -0.03975000
v 0.03776105 0.06530000 -0.04776480
v 0.03579433 0.06530000 -0.03944856
v 0.03497077 0.06530000 -0.03862500
v 0.03092323 0.06530000 -0.03455573
v 0.03691933 0.06530000 -0.08025000
v 0.03579433 0.06530000 -0.08055145
v 0.03893758 0.06530000 -0.07047076
v 0.03497077 0.06530000 -0.08137500
v 0.03466932 0.06530000 -0.08250000
v 0.02758851 0.06530000 -0.08926116
v 0.03497077 0.06530000 -0.08362500
v 0.03579433 0.06530000 -0.08444855
v -0.00400038 0.06530000 -0.01612500
v -0.00577185 0.06530000 -0.01866707
v 0.03886788 0.06530000 -0.03862500
v 0.03804432 0.06530000 -0.03944856
v 0.04774320 0.06530000 -0.06117695
v 0.03691933 0.06530000 -0.08475000
v 0.03804432 0.06530000 -0.08444855
v 0.03804432 0.06530000 -0.08055145
v 0.03886788 0.06530000 -0.08137500
v 0.03916932 0.06530000 -0.08250000
v 0.03916932 0.06530000 -0.03750000
v 0.03886788 0.06530000 -0.03637500
v 0.04151484 0.06530000 -0.03724530
v 0.03804432 0.06530000 -0.03555144
v 0.03691933 0.06530000 -0.03525000
v 0.03176586 0.06530000 -0.02433216
v 0.03579433 0.06530000 -0.03555144
v 0.03497077 0.06530000 -0.03637500
v 0.01663966 0.06530125 -0.01934793
v 0.03466932 0.06530000 -0.03750000
v 0.00110869 0.06530000 -0.01288189
v -0.00205182 0.06530000 -0.01725000
v -0.00317682 0.06530000 -0.01694856
v -0.00400038 0.03430000 -0.01612500
v -0.01456056 0.03430175 -0.02008495
v -0.00317682 0.03430000 -0.01694856
v 0.02203018 0.01387434 -0.11005650
v 0.03886788 0.03430000 -0.03637500
v 0.03579433 0.03430000 -0.03555144
v 0.03691933 0.03430000 -0.03525000
v 0.03804432 0.03430000 -0.03555144
v 0.03691933 0.03430000 -0.08475000
v 0.03804432 0.03430000 -0.08444855
v 0.03886788 0.03430000 -0.08362500
v 0.03916932 0.03430000 -0.08250000
v 0.03886788 0.03430000 -0.08137500
v 0.03497077 0.03430000 -0.03637500
v 0.03009215 0.03430000 -0.03351359
v 0.03466932 0.03430000 -0.03750000
v 0.03497077 0.03430000 -0.03862500
v 0.03734915 0.03430000 -0.04649709
v 0.03804432 0.03430000 -0.08055145
v 0.03579433 0.03430000 -0.08444855
v 0.03497077 0.03430000 -0.08362500
v 0.03466932 0.03430000 -0.08250000
v 0.03307129 0.03430000 -0.08238598
v 0.03497077 0.03430000 -0.08137500
v 0.03579433 0.03430000 -0.08055145
v 0.03691933 0.03430000 -0.08025000
v 0.03960824 0.03430000 -0.06468326
v 0.03916932 0.03430000 -0.03750000
v 0.03886788 0.03430000 -0.03862500
v 0.03804432 0.03430000 -0.03944856
v 0.03691933 0.03430000 -0.03975000
v 0.03579433 0.03430000 -0.03944856
v -0.06742682 -0.06600000 -0.07651556
v 0.02474208 -0.00470688 -0.09166600
v -0.10405182 -0.06600000 -0.07667500
v -0.09075182 -0.06600000 -0.07361436
v -0.06742682 -0.06600000 -0.07348445
v -0.06806736 -0.06600000 -0.07412499
v -0.09155182 -0.06600000 -0.07339999
v -0.09344666 -0.06600000 -0.07483566
v -0.09155182 -0.06600000 -0.07660002
v -0.09075182 -0.06600000 -0.07638565
v -0.06806736 -0.06600000 -0.07587501
v -0.09016618 -0.06600000 -0.07580000
v -0.07912686 -0.06600000 -0.07500053
v -0.09016618 -0.06600000 -0.07420000
v -0.03075782 -0.06979930 -0.03146370
v 0.06135067 -0.07172558 -0.02140346
v -0.16436467 -0.06964519 -0.10223535
v 0.04874818 0.06161436 0.00000000
v 0.04794818 -0.06140000 0.00000000
v 0.05125297 0.06118035 0.00135375
v 0.02782573 -0.06572253 -0.00569230
v 0.02874818 0.06161436 0.00000000
v 0.04613818 -0.06271104 -0.00312500
v 0.03136882 0.07545806 -0.00436364
v 0.02970046 0.06262297 -0.00263158
v 0.02944267 -0.06194651 0.00000000
v -0.09155182 -0.07600000 -0.07500000
v -0.16417418 0.00468203 -0.05097113
v -0.06688769 -0.07600000 -0.07120228
v 0.06656415 -0.01348250 -0.03955080
v -0.00176611 0.07106173 -0.01197917
v 0.04184340 0.06596037 -0.01718413
v 0.02171492 0.06534179 -0.00389091
v 0.06177352 0.07008408 -0.02142195
v -0.08659447 0.07344019 -0.02315083
v 0.02634817 0.06300000 -0.00499999
v 0.02794819 -0.06140000 -0.00499999
v 0.02672919 0.06189810 -0.00499999
v 0.04794818 -0.06140000 -0.00499999
v 0.04808068 0.06112754 -0.00312500
v 0.02794819 0.06140000 -0.00499999
v 0.02874818 -0.06161436 -0.00499999
v 0.04634818 0.06300000 -0.00499999
v 0.05241170 -0.06462342 -0.00160132
v -0.06345182 -0.06520000 -0.07165000
v -0.06345182 -0.05440000 -0.07165000
v -0.06385182 -0.05400000 -0.07165000
v -0.06345182 -0.06520000 -0.09835000
v -0.06354413 -0.06541539 -0.10605000
v -0.06345182 -0.05440000 -0.09835000
v -0.06777427 -0.05310122 -0.10553667
v -0.07155182 -0.05800000 -0.10605000
v -0.07230182 -0.05779904 -0.06395000
v -0.07230182 -0.05779904 -0.10605000
v -0.07285086 -0.05725000 -0.06395000
v -0.07285086 -0.05725000 -0.10605000
v -0.07305182 -0.05650000 -0.06395000
v -0.07305182 -0.05650000 -0.10605000
v -0.07285086 -0.05575000 -0.06395000
v -0.07285086 -0.05575000 -0.10605000
v -0.06836397 -0.05350521 -0.06395000
v -0.06345182 -0.05400000 -0.09835000
v -0.06345182 -0.05400000 -0.07165000
v -0.06305182 -0.05440000 -0.07165000
v -0.06305182 -0.05440000 -0.09835000
v -0.08225141 -0.06301612 -0.08816986
v -0.06843714 -0.06632195 -0.07197907
v -0.06360420 -0.06588571 -0.09835000
v -0.06305182 -0.06560000 -0.07165000
v -0.06305182 -0.06560000 -0.09835000
v -0.06305182 -0.05830000 -0.09835000
v -0.06305182 -0.05830000 -0.07165000
v -0.06320182 -0.05825981 -0.09835000
v -0.06331163 -0.05815000 -0.09835000
v -0.06335182 -0.05800000 -0.09835000
v -0.06331163 -0.05785000 -0.09835000
v -0.06305182 -0.05770000 -0.09835000
v -0.06320182 -0.05774019 -0.09835000
v -0.06305182 -0.05770000 -0.07165000
v -0.06320182 -0.05774019 -0.07165000
v -0.06331163 -0.05785000 -0.07165000
v -0.06335182 -0.05800000 -0.07165000
v -0.06331163 -0.05815000 -0.07165000
v -0.06320182 -0.05825981 -0.07165000
v -0.07657980 -0.06411964 -0.06395000
v -0.14465182 -0.06520000 -0.04835000
v -0.14465182 -0.05440000 -0.04835000
v -0.14425182 -0.05400000 -0.04835000
v -0.14465182 -0.06520000 -0.02165000
v -0.14455951 -0.06541539 -0.01395000
v -0.14465182 -0.05440000 -0.02165000
v -0.14032940 -0.05310122 -0.01446333
v -0.13655183 -0.05800000 -0.01395000
v -0.13580182 -0.05779904 -0.05605000
v -0.13580182 -0.05779904 -0.01395000
v -0.13525279 -0.05725000 -0.05605000
v -0.13525279 -0.05725000 -0.01395000
v -0.13505182 -0.05650000 -0.05605000
v -0.13505182 -0.05650000 -0.01395000
v -0.13525279 -0.05575000 -0.05605000
v -0.13525279 -0.05575000 -0.01395000
v -0.13973969 -0.05350521 -0.05605000
v -0.14465182 -0.05400000 -0.02165000
v -0.14465182 -0.05400000 -0.04835000
v -0.14505182 -0.05440000 -0.04835000
v -0.14505182 -0.05440000 -0.02165000
v -0.12585225 -0.06301612 -0.03183014
v -0.13966652 -0.06632195 -0.04802093
v -0.14449943 -0.06588572 -0.02165000
v -0.14505182 -0.06560000 -0.04835000
v -0.14505182 -0.06560000 -0.02165000
v -0.14505182 -0.05830000 -0.02165000
v -0.14505182 -0.05830000 -0.04835000
v -0.14490183 -0.05825981 -0.02165000
v -0.14479201 -0.05815000 -0.02165000
v -0.14475182 -0.05800000 -0.02165000
v -0.14479201 -0.05785000 -0.02165000
v -0.14505182 -0.05770000 -0.02165000
v -0.14490183 -0.05774019 -0.02165000
v -0.14505182 -0.05770000 -0.04835000
v -0.14490183 -0.05774019 -0.04835000
v -0.14479201 -0.05785000 -0.04835000
v -0.14475182 -0.05800000 -0.04835000
v -0.14479201 -0.05815000 -0.04835000
v -0.14490183 -0.05825981 -0.04835000
v -0.13152385 -0.06411964 -0.05605000
v -0.11965182 0.06520000 -0.07165000
v -0.11965182 0.05440000 -0.07165000
v -0.11925182 0.05400000 -0.07165000
v -0.11965182 0.06520000 -0.09835000
v -0.11955951 0.06541539 -0.10605000
v -0.11965182 0.05440000 -0.09835000
v -0.11532937 0.05310122 -0.10553667
v -0.11155182 0.05800000 -0.10605000
v -0.11080182 0.05779904 -0.06395000
v -0.11080182 0.05779904 -0.10605000
v -0.11025278 0.05725000 -0.06395000
v -0.11025278 0.05725000 -0.10605000
v -0.11005182 0.05650000 -0.06395000
v -0.11005182 0.05650000 -0.10605000
v -0.11025278 0.05575000 -0.06395000
v -0.11025278 0.05575000 -0.10605000
v -0.11473967 0.05350521 -0.06395000
v -0.11965182 0.05400000 -0.09835000
v -0.11965182 0.05400000 -0.07165000
v -0.12005182 0.05440000 -0.07165000
v -0.12005182 0.05440000 -0.09835000
v -0.10085224 0.06301612 -0.08816986
v -0.11466649 0.06632195 -0.07197906
v -0.11949943 0.06588571 -0.09835000
v -0.12005182 0.06560000 -0.07165000
v -0.12005182 0.06560000 -0.09835000
v -0.12005182 0.05830000 -0.09835000
v -0.12005182 0.05830000 -0.07165000
v -0.11990182 0.05825981 -0.09835000
v -0.11979201 0.05815000 -0.09835000
v -0.11975182 0.05800000 -0.09835000
v -0.11979201 0.05785000 -0.09835000
v -0.12005182 0.05770000 -0.09835000
v -0.11990182 0.05774019 -0.09835000
v -0.12005182 0.05770000 -0.07165000
v -0.11990182 0.05774019 -0.07165000
v -0.11979201 0.05785000 -0.07165000
v -0.11975182 0.05800000 -0.07165000
v -0.11979201 0.05815000 -0.07165000
v -0.11990182 0.05825981 -0.07165000
v -0.10652385 0.06411964 -0.06395000
v -0.14465182 -0.06520000 -0.09835000
v -0.14465182 -0.05440000 -0.09835000
v -0.14425182 -0.05400000 -0.09835000
v -0.14465182 -0.06520000 -0.07165000
v -0.14455951 -0.06541539 -0.06395000
v -0.14465182 -0.05440000 -0.07165000
v -0.14032940 -0.05310122 -0.06446334
v -0.13655183 -0.05800000 -0.06395000
v -0.13580182 -0.05779904 -0.10605000
v -0.13580182 -0.05779904 -0.06395000
v -0.13525279 -0.05725000 -0.10605000
v -0.13525279 -0.05725000 -0.06395000
v -0.13505182 -0.05650000 -0.10605000
v -0.13505182 -0.05650000 -0.06395000
v -0.13525279 -0.05575000 -0.10605000
v -0.13525279 -0.05575000 -0.06395000
v -0.13973969 -0.05350521 -0.10605000
v -0.14465182 -0.05400000 -0.07165000
v -0.14465182 -0.05400000 -0.09835000
v -0.14505182 -0.05440000 -0.09835000
v -0.14505182 -0.05440000 -0.07165000
v -0.12585224 -0.06301612 -0.08183015
v -0.13966652 -0.06632195 -0.09802094
v -0.14449943 -0.06588572 -0.07165000
v -0.14505182 -0.06560000 -0.09835000
v -0.14505182 -0.06560000 -0.07165000
v -0.14505182 -0.05830000 -0.07165000
v -0.14505182 -0.05830000 -0.09835000
v -0.14490183 -0.05825981 -0.07165000
v -0.14479201 -0.05815000 -0.07165000
v -0.14475182 -0.05800000 -0.07165000
v -0.14479201 -0.05785000 -0.07165000
v -0.14505182 -0.05770000 -0.07165000
v -0.14490183 -0.05774019 -0.07165000
v -0.14505182 -0.05770000 -0.09835000
v -0.14490183 -0.05774019 -0.09835000
v -0.14479201 -0.05785000 -0.09835000
v -0.14475182 -0.05800000 -0.09835000
v -0.14479201 -0.05815000 -0.09835000
v -0.14490183 -0.05825981 -0.09835000
v -0.13152385 -0.06411964 -0.10605000
v -0.18113182 -0.07633261 -0.11291899
v -0.18415366 -0.07709272 -0.02324842
v -0.18005182 -0.09150000 -0.07377499
v -0.18805182 0.09150001 -0.00750001
v -0.18667682 0.09150001 -0.03000000
v -0.18805182 0.09150001 -0.05075001
v -0.18185534 0.09098719 -0.07500682
v -0.18365754 0.09150001 -0.10377830
v -0.18530183 0.09150001 -0.07499999
v -0.18296929 0.09150001 -0.10437500
v -0.18513435 0.09150001 -0.07562500
v -0.18280183 0.09150001 -0.10499999
v -0.18467683 0.09150001 -0.10391748
v -0.18535829 0.09183692 -0.10596157
v -0.18121863 0.09229854 -0.11407395
v -0.18421705 0.06640483 -0.09868564
v -0.18805182 0.09132471 -0.11940400
v -0.18805182 -0.09150000 -0.04382031
v -0.18667682 -0.09150000 -0.11800000
v -0.18365748 -0.09150000 -0.07622168
v -0.18530183 -0.09150000 -0.10499999
v -0.18296929 -0.09150000 -0.07562500
v -0.18513435 -0.09150000 -0.10437500
v -0.18280183 -0.09150000 -0.07499999
v -0.18467683 -0.09150000 -0.07608253
v -0.18487486 -0.09150000 -0.07383243
v -0.18805182 -0.08458130 -0.12048409
v -0.18416912 -0.06487621 -0.10954535
v -0.18383229 0.07854932 -0.01414645
v -0.18407262 0.08150000 -0.07476949
v -0.18405183 0.08150000 -0.10500000
v -0.18333903 -0.08688462 -0.10513320
v -0.18405183 -0.08150000 -0.07500000
f 2 68 161
f 7 3 4
f 5 8 6
f 5 6 4
f 4 6 7
f 8 5 9
f 8 9 10
f 10 9 11
f 10 11 12
f 14 15 16
f 16 15 17
f 16 17 18
f 18 17 19
f 18 19 20
f 20 19 21
f 20 21 22
f 22 21 23
f 25 23 70
f 26 29 13
f 13 29 27
f 30 28 26
f 26 28 29
f 30 31 28
f 32 35 33
f 34 37 32
f 32 37 35
f 36 39 34
f 34 39 37
f 38 41 36
f 36 41 39
f 40 43 38
f 38 43 41
f 42 44 40
f 40 44 43
f 42 140 44
f 45 46 24
f 24 46 47
f 24 47 70
f 48 49 45
f 45 49 50
f 45 50 46
f 51 52 48
f 48 52 53
f 48 53 49
f 54 55 51
f 51 55 56
f 51 56 52
f 213 57 54
f 54 57 58
f 54 58 55
f 214 59 213
f 213 59 60
f 213 60 57
f 62 61 214
f 214 61 59
f 11 63 12
f 12 63 64
f 65 15 66
f 66 15 14
f 67 69 2
f 69 68 2
f 234 233 70
f 256 71 97
f 72 140 73
f 73 140 98
f 97 98 256
f 240 257 74
f 74 257 75
f 75 257 76
f 76 257 131
f 77 155 78
f 78 79 77
f 77 79 80
f 77 80 81
f 81 80 82
f 81 82 83
f 83 82 84
f 83 84 85
f 86 87 88
f 88 87 89
f 90 91 92
f 88 89 93
f 88 93 94
f 94 93 90
f 94 90 95
f 95 90 92
f 215 96 233
f 91 90 97
f 97 90 93
f 97 93 89
f 97 89 87
f 97 87 98
f 224 99 100
f 100 99 101
f 100 101 102
f 105 106 107
f 107 106 103
f 104 245 108
f 104 108 103
f 103 108 107
f 185 110 111
f 111 110 109
f 112 130 186
f 186 130 113
f 186 113 114
f 186 114 109
f 109 114 115
f 109 115 111
f 116 225 117
f 119 249 116
f 116 117 119
f 119 117 120
f 119 120 121
f 249 119 227
f 227 119 121
f 227 121 118
f 216 122 123
f 104 103 183
f 184 124 229
f 246 176 125
f 125 176 124
f 124 176 229
f 229 104 184
f 184 104 183
f 160 127 128
f 215 160 128
f 215 128 96
f 96 128 67
f 96 67 2
f 96 2 1
f 96 1 233
f 131 130 239
f 250 131 257
f 132 133 134
f 134 133 135
f 34 32 136
f 34 136 36
f 36 136 137
f 36 137 38
f 38 137 138
f 38 138 40
f 40 138 139
f 40 139 42
f 42 139 140
f 141 142 11
f 141 11 143
f 143 11 9
f 143 9 144
f 144 9 5
f 144 5 145
f 145 5 4
f 145 4 146
f 146 4 3
f 146 3 256
f 234 70 23
f 234 23 147
f 147 23 21
f 147 21 148
f 148 21 19
f 148 19 149
f 149 19 17
f 149 17 150
f 150 17 15
f 150 15 151
f 151 15 65
f 151 65 152
f 152 65 153
f 152 153 142
f 142 153 154
f 142 154 11
f 11 154 63
f 81 83 85
f 73 85 156
f 73 155 85
f 85 155 77
f 85 77 81
f 158 157 159
f 160 161 158
f 158 161 162
f 159 127 158
f 158 127 160
f 73 164 155
f 165 166 167
f 165 167 220
f 101 99 118
f 118 99 168
f 167 170 220
f 169 171 172
f 174 126 229
f 175 174 176
f 176 174 229
f 177 178 179
f 177 179 132
f 180 181 106
f 106 181 182
f 106 182 103
f 103 182 183
f 184 132 179
f 109 110 186
f 186 110 185
f 232 187 188
f 232 252 187
f 255 192 191
f 191 192 193
f 191 193 190
f 195 196 197
f 197 194 195
f 195 194 198
f 199 105 200
f 200 105 107
f 200 107 108
f 201 199 202
f 202 199 200
f 205 185 111
f 205 111 115
f 185 205 206
f 64 63 154
f 64 154 207
f 207 154 153
f 207 153 208
f 208 153 65
f 208 65 66
f 24 70 209
f 24 209 45
f 45 209 210
f 45 210 48
f 48 210 211
f 48 211 51
f 51 211 212
f 51 212 54
f 54 212 213
f 240 86 163
f 163 86 78
f 129 215 163
f 164 163 155
f 155 163 78
f 87 86 98
f 98 86 240
f 246 125 217
f 217 125 124
f 228 184 179
f 228 179 178
f 228 186 185
f 204 118 170
f 170 118 168
f 170 167 166
f 218 123 219
f 219 123 122
f 218 216 123
f 221 222 223
f 102 225 249
f 249 225 116
f 249 224 100
f 249 100 102
f 223 220 221
f 204 227 118
f 112 186 228
f 228 178 112
f 133 112 178
f 133 178 135
f 135 178 177
f 229 126 230
f 195 230 126
f 195 126 196
f 196 126 174
f 230 245 229
f 229 245 104
f 193 219 190
f 190 219 122
f 216 173 122
f 122 173 191
f 122 191 190
f 231 169 170
f 171 169 231
f 170 166 221
f 221 166 222
f 222 166 165
f 187 172 188
f 188 172 171
f 170 221 251
f 170 251 231
f 231 251 232
f 231 232 171
f 171 232 188
f 255 216 218
f 255 218 192
f 192 218 219
f 192 219 193
f 196 174 197
f 197 174 175
f 197 175 194
f 194 175 176
f 201 181 180
f 201 180 199
f 199 180 106
f 199 106 105
f 135 177 134
f 134 177 132
f 204 203 227
f 101 118 121
f 101 121 120
f 101 120 102
f 102 120 117
f 102 117 225
f 252 169 187
f 187 169 172
f 222 165 223
f 223 165 220
f 94 78 88
f 88 78 86
f 256 72 71
f 71 72 84
f 71 84 92
f 92 84 95
f 84 82 95
f 95 82 80
f 95 80 94
f 94 80 79
f 94 79 78
f 256 140 72
f 67 128 235
f 235 236 67
f 67 236 237
f 67 237 69
f 69 237 238
f 69 238 68
f 157 158 237
f 237 158 162
f 237 162 238
f 238 162 161
f 237 236 157
f 157 236 235
f 157 235 159
f 128 127 235
f 235 127 159
f 238 161 68
f 97 71 91
f 91 71 92
f 85 84 156
f 156 84 72
f 156 72 73
f 1 239 257
f 241 240 74
f 241 74 242
f 242 74 75
f 242 75 243
f 243 75 76
f 243 76 244
f 244 76 131
f 129 240 241
f 129 241 242
f 129 242 243
f 129 243 244
f 129 244 131
f 129 131 239
f 251 221 232
f 249 227 203
f 113 112 133
f 113 115 114
f 245 230 195
f 245 195 108
f 198 108 195
f 108 247 200
f 200 247 202
f 133 248 113
f 113 248 115
f 115 248 205
f 205 248 206
f 249 224 226
f 254 226 224
f 250 227 203
f 131 250 130
f 130 112 113
f 250 203 227
f 252 232 221
f 254 253 226
f 255 191 189
f 189 191 173
f 98 140 256
f 234 25 70
f 70 47 209
f 47 46 209
f 209 46 50
f 209 50 210
f 50 49 210
f 210 49 53
f 210 53 211
f 53 52 211
f 211 52 56
f 211 56 212
f 56 55 212
f 212 55 58
f 212 58 213
f 58 57 213
f 213 57 60
f 213 60 214
f 60 59 214
f 214 59 61
f 214 61 62
f 44 140 139
f 44 139 43
f 43 139 138
f 43 138 41
f 41 138 137
f 41 137 39
f 39 137 136
f 39 136 37
f 37 136 32
f 37 32 35
f 35 32 33
f 31 30 26
f 31 26 28
f 28 26 29
f 29 26 13
f 29 13 27
f 129 1 240
f 70 233 234
f 240 233 1
f 1 2 215
f 2 161 215
f 129 163 215
f 160 215 161
f 98 163 164
f 98 164 73
f 1 257 240
f 129 1 163
f 163 1 129
f 234 147 23
f 23 147 22
f 25 234 23
f 22 147 148
f 22 148 20
f 20 148 149
f 20 149 18
f 18 149 150
f 18 150 16
f 16 150 14
f 14 150 151
f 14 151 66
f 12 142 141
f 12 141 10
f 10 141 143
f 10 143 8
f 8 143 144
f 145 6 144
f 144 6 8
f 256 3 146
f 146 3 7
f 146 7 145
f 145 7 6
f 66 151 208
f 208 151 152
f 208 152 142
f 208 142 207
f 207 142 12
f 207 12 64
f 239 1 129
f 239 130 257
f 130 250 257
f 1 233 240
f 98 240 163
f 1 215 233
f 181 176 217
f 181 217 182
f 108 201 247
f 247 201 202
f 181 201 176
f 176 201 108
f 176 108 194
f 194 108 198
f 217 176 246
f 99 224 249
f 224 249 254
f 254 249 226
f 254 226 253
f 221 220 252
f 252 220 170
f 170 168 99
f 170 99 204
f 255 189 216
f 216 189 173
f 169 252 170
f 204 99 249
f 204 249 203
f 185 206 248
f 185 248 228
f 184 183 182
f 184 182 124
f 124 182 217
f 184 228 132
f 132 228 248
f 132 248 133
f 258 259 260
f 260 259 261
f 260 261 262
f 262 261 263
f 262 263 264
f 264 263 265
f 264 265 266
f 265 267 266
f 266 267 268
f 266 268 269
f 269 268 270
f 269 270 271
f 271 270 272
f 271 272 273
f 274 275 276
f 276 275 277
f 276 277 278
f 278 277 279
f 278 279 280
f 272 281 273
f 273 281 282
f 273 282 283
f 283 282 284
f 283 284 285
f 285 284 286
f 285 286 287
f 288 289 290
f 290 289 291
f 290 291 292
f 292 291 293
f 292 293 294
f 295 296 297
f 297 296 298
f 297 298 299
f 299 298 300
f 299 300 301
f 300 302 301
f 301 302 303
f 301 303 304
f 304 303 305
f 304 305 306
f 306 305 307
f 306 307 308
f 308 307 309
f 308 309 310
f 310 309 311
f 310 311 258
f 258 311 312
f 258 312 259
f 286 313 287
f 287 313 314
f 287 314 315
f 315 314 316
f 315 316 317
f 317 316 318
f 317 318 319
f 279 320 280
f 280 320 321
f 280 321 322
f 322 321 323
f 322 323 324
f 324 323 325
f 324 325 288
f 288 325 326
f 288 326 289
f 327 328 329
f 329 328 330
f 329 330 331
f 331 330 332
f 331 332 333
f 333 332 334
f 333 334 274
f 274 334 335
f 274 335 275
f 293 336 294
f 294 336 337
f 294 337 338
f 338 337 339
f 338 339 295
f 295 339 340
f 295 340 296
f 341 342 343
f 343 342 344
f 343 344 345
f 345 344 346
f 345 346 347
f 346 348 347
f 347 348 349
f 347 349 350
f 350 349 351
f 350 351 352
f 352 351 353
f 352 353 354
f 354 353 355
f 354 355 356
f 356 355 357
f 356 357 327
f 327 357 358
f 327 358 328
f 318 359 319
f 319 359 360
f 319 360 361
f 361 360 362
f 361 362 341
f 341 362 363
f 341 363 342
f 329 364 365
f 329 365 327
f 365 366 327
f 327 366 367
f 327 367 356
f 356 367 368
f 356 368 354
f 368 369 354
f 354 369 370
f 354 370 352
f 370 371 352
f 352 371 372
f 352 372 350
f 350 372 373
f 350 373 347
f 373 374 347
f 347 374 375
f 347 375 345
f 375 376 345
f 345 376 377
f 345 377 343
f 343 377 378
f 343 378 341
f 379 317 319
f 378 380 341
f 341 380 381
f 341 381 361
f 361 381 382
f 361 382 319
f 319 382 383
f 319 383 379
f 384 285 287
f 379 385 317
f 317 385 386
f 317 386 315
f 315 386 387
f 315 387 287
f 287 387 388
f 287 388 384
f 384 389 285
f 285 389 390
f 285 390 283
f 283 390 391
f 283 391 273
f 391 392 273
f 273 392 393
f 273 393 271
f 271 393 394
f 271 394 269
f 269 394 395
f 269 395 266
f 266 395 396
f 396 397 266
f 266 397 398
f 266 398 264
f 264 398 399
f 264 399 262
f 262 399 400
f 262 400 260
f 260 400 401
f 260 401 402
f 260 402 258
f 402 403 258
f 258 403 404
f 258 404 310
f 310 404 405
f 310 405 308
f 405 406 308
f 308 406 407
f 308 407 306
f 407 408 306
f 306 408 409
f 306 409 304
f 304 409 410
f 304 410 301
f 410 411 301
f 301 411 412
f 301 412 299
f 412 413 299
f 299 413 414
f 299 414 297
f 297 414 415
f 297 415 295
f 416 292 294
f 415 417 295
f 295 417 418
f 295 418 338
f 338 418 419
f 338 419 294
f 294 419 420
f 294 420 416
f 421 324 288
f 416 422 292
f 292 422 423
f 292 423 290
f 290 423 424
f 290 424 288
f 288 424 425
f 288 425 421
f 421 426 324
f 324 426 427
f 324 427 322
f 322 427 428
f 322 428 280
f 428 429 280
f 280 429 430
f 280 430 278
f 278 430 431
f 278 431 276
f 276 431 432
f 276 432 274
f 274 432 433
f 433 434 274
f 274 434 435
f 274 435 333
f 333 435 436
f 333 436 331
f 331 436 437
f 331 437 329
f 329 437 364
f 406 405 438
f 404 403 439
f 401 400 440
f 399 398 441
f 396 395 442
f 394 393 443
f 391 390 444
f 389 384 445
f 387 386 446
f 385 379 447
f 382 381 448
f 380 378 449
f 377 376 450
f 374 373 451
f 372 371 452
f 309 307 453
f 261 259 454
f 268 267 455
f 282 281 456
f 314 313 457
f 360 359 458
f 363 362 459
f 348 346 460
f 353 351 461
f 461 351 462
f 461 462 463
f 463 462 464
f 463 464 465
f 465 464 452
f 465 452 370
f 370 452 371
f 351 349 462
f 462 349 466
f 462 466 464
f 464 466 467
f 464 467 452
f 452 467 451
f 452 451 372
f 372 451 373
f 375 374 468
f 468 374 451
f 468 451 469
f 469 451 467
f 469 467 460
f 460 467 466
f 460 466 348
f 348 466 349
f 346 344 460
f 460 344 470
f 460 470 469
f 469 470 471
f 469 471 468
f 468 471 450
f 468 450 375
f 375 450 376
f 344 342 470
f 470 342 472
f 470 472 471
f 471 472 473
f 471 473 450
f 450 473 449
f 450 449 377
f 377 449 378
f 381 380 448
f 448 380 449
f 448 449 474
f 474 449 473
f 474 473 459
f 459 473 472
f 459 472 363
f 363 472 342
f 383 382 475
f 475 382 448
f 475 448 476
f 476 448 474
f 476 474 458
f 458 474 459
f 458 459 360
f 360 459 362
f 359 318 458
f 458 318 477
f 458 477 476
f 476 477 478
f 476 478 475
f 475 478 447
f 475 447 383
f 383 447 379
f 318 316 477
f 477 316 479
f 477 479 478
f 478 479 480
f 478 480 447
f 447 480 446
f 447 446 385
f 385 446 386
f 388 387 481
f 481 387 446
f 481 446 482
f 482 446 480
f 482 480 457
f 457 480 479
f 457 479 314
f 314 479 316
f 313 286 457
f 457 286 483
f 457 483 482
f 482 483 484
f 482 484 481
f 481 484 445
f 481 445 388
f 388 445 384
f 286 284 483
f 483 284 485
f 483 485 484
f 484 485 486
f 484 486 445
f 445 486 444
f 445 444 389
f 389 444 390
f 392 391 487
f 487 391 444
f 487 444 488
f 488 444 486
f 488 486 456
f 456 486 485
f 456 485 282
f 282 485 284
f 281 272 456
f 456 272 489
f 456 489 488
f 488 489 490
f 488 490 487
f 487 490 443
f 487 443 392
f 392 443 393
f 272 270 489
f 489 270 491
f 489 491 490
f 490 491 492
f 490 492 443
f 443 492 442
f 443 442 394
f 394 442 395
f 397 396 493
f 493 396 442
f 493 442 494
f 494 442 492
f 494 492 455
f 455 492 491
f 455 491 268
f 268 491 270
f 267 265 455
f 455 265 495
f 455 495 494
f 494 495 496
f 494 496 493
f 493 496 441
f 493 441 397
f 397 441 398
f 265 263 495
f 495 263 497
f 495 497 496
f 496 497 498
f 496 498 441
f 441 498 440
f 441 440 399
f 399 440 400
f 402 401 499
f 499 401 440
f 499 440 500
f 500 440 498
f 500 498 454
f 454 498 497
f 454 497 261
f 261 497 263
f 259 312 454
f 454 312 501
f 454 501 500
f 500 501 502
f 500 502 499
f 499 502 439
f 499 439 402
f 402 439 403
f 312 311 501
f 501 311 503
f 501 503 502
f 502 503 504
f 502 504 439
f 439 504 438
f 439 438 404
f 404 438 405
f 407 406 505
f 505 406 438
f 505 438 506
f 506 438 504
f 506 504 453
f 453 504 503
f 453 503 309
f 309 503 311
f 369 368 507
f 367 366 508
f 364 437 509
f 436 435 510
f 433 432 511
f 431 430 512
f 428 427 513
f 426 421 514
f 424 423 515
f 422 416 516
f 419 418 517
f 417 415 518
f 414 413 519
f 411 410 520
f 409 408 521
f 355 353 461
f 330 328 522
f 275 335 523
f 321 320 524
f 289 326 525
f 337 336 526
f 340 339 527
f 302 300 528
f 307 305 453
f 453 305 529
f 453 529 506
f 506 529 530
f 506 530 505
f 505 530 521
f 505 521 407
f 407 521 408
f 305 303 529
f 529 303 531
f 529 531 530
f 530 531 532
f 530 532 521
f 521 532 520
f 521 520 409
f 409 520 410
f 412 411 533
f 533 411 520
f 533 520 534
f 534 520 532
f 534 532 528
f 528 532 531
f 528 531 302
f 302 531 303
f 300 298 528
f 528 298 535
f 528 535 534
f 534 535 536
f 534 536 533
f 533 536 519
f 533 519 412
f 412 519 413
f 298 296 535
f 535 296 537
f 535 537 536
f 536 537 538
f 536 538 519
f 519 538 518
f 519 518 414
f 414 518 415
f 418 417 517
f 517 417 518
f 517 518 539
f 539 518 538
f 539 538 527
f 527 538 537
f 527 537 340
f 340 537 296
f 420 419 540
f 540 419 517
f 540 517 541
f 541 517 539
f 541 539 526
f 526 539 527
f 526 527 337
f 337 527 339
f 336 293 526
f 526 293 542
f 526 542 541
f 541 542 543
f 541 543 540
f 540 543 516
f 540 516 420
f 420 516 416
f 293 291 542
f 542 291 544
f 542 544 543
f 543 544 545
f 543 545 516
f 516 545 515
f 516 515 422
f 422 515 423
f 425 424 546
f 546 424 515
f 546 515 547
f 547 515 545
f 547 545 525
f 525 545 544
f 525 544 289
f 289 544 291
f 326 325 525
f 525 325 548
f 525 548 547
f 547 548 549
f 547 549 546
f 546 549 514
f 546 514 425
f 425 514 421
f 325 323 548
f 548 323 550
f 548 550 549
f 549 550 551
f 549 551 514
f 514 551 513
f 514 513 426
f 426 513 427
f 429 428 552
f 552 428 513
f 552 513 553
f 553 513 551
f 553 551 524
f 524 551 550
f 524 550 321
f 321 550 323
f 320 279 524
f 524 279 554
f 524 554 553
f 553 554 555
f 553 555 552
f 552 555 512
f 552 512 429
f 429 512 430
f 279 277 554
f 554 277 556
f 554 556 555
f 555 556 557
f 555 557 512
f 512 557 511
f 512 511 431
f 431 511 432
f 434 433 558
f 558 433 511
f 558 511 559
f 559 511 557
f 559 557 523
f 523 557 556
f 523 556 275
f 275 556 277
f 335 334 523
f 523 334 560
f 523 560 559
f 559 560 561
f 559 561 558
f 558 561 510
f 558 510 434
f 434 510 435
f 334 332 560
f 560 332 562
f 560 562 561
f 561 562 563
f 561 563 510
f 510 563 509
f 510 509 436
f 436 509 437
f 365 364 564
f 564 364 509
f 564 509 565
f 565 509 563
f 565 563 522
f 522 563 562
f 522 562 330
f 330 562 332
f 328 358 522
f 522 358 566
f 522 566 565
f 565 566 567
f 565 567 564
f 564 567 508
f 564 508 365
f 365 508 366
f 358 357 566
f 566 357 568
f 566 568 567
f 567 568 569
f 567 569 508
f 508 569 507
f 508 507 367
f 367 507 368
f 370 369 465
f 465 369 507
f 465 507 463
f 463 507 569
f 463 569 461
f 461 569 568
f 461 568 355
f 355 568 357
f 570 571 572
f 572 571 573
f 572 573 574
f 575 576 573
f 573 576 577
f 573 577 574
f 582 578 579
f 579 578 580
f 579 580 575
f 575 580 581
f 575 581 576
f 582 579 583
f 582 583 584
f 584 583 585
f 585 583 586
f 585 586 587
f 587 586 588
f 588 586 589
f 588 589 590
f 590 589 591
f 591 589 592
f 591 592 593
f 593 592 594
f 594 592 595
f 594 595 596
f 596 595 598
f 598 595 597
f 599 600 597
f 597 600 598
f 604 602 601
f 601 602 599
f 599 602 603
f 599 603 600
f 604 601 605
f 604 605 606
f 606 605 607
f 607 605 608
f 607 608 609
f 597 610 599
f 599 610 611
f 599 611 601
f 573 612 575
f 575 612 613
f 575 613 579
f 589 614 592
f 592 614 615
f 592 615 595
f 595 615 616
f 595 616 597
f 597 616 617
f 597 617 610
f 613 618 579
f 579 618 619
f 579 619 583
f 583 619 620
f 583 620 586
f 586 620 621
f 586 621 589
f 589 621 622
f 589 622 614
f 623 624 625
f 625 624 626
f 625 626 571
f 571 626 627
f 571 627 573
f 573 627 628
f 573 628 612
f 611 629 601
f 601 629 630
f 601 630 605
f 605 630 631
f 605 631 608
f 608 631 632
f 608 632 633
f 634 635 636
f 636 635 637
f 636 637 623
f 623 637 638
f 623 638 624
f 639 640 641
f 641 640 642
f 641 642 643
f 643 642 644
f 643 644 645
f 632 646 633
f 633 646 647
f 633 647 648
f 648 647 649
f 648 649 639
f 639 649 650
f 639 650 640
f 644 651 645
f 645 651 652
f 645 652 653
f 653 652 654
f 653 654 655
f 655 654 656
f 655 656 634
f 634 656 657
f 634 657 635
f 609 608 658
f 658 608 633
f 658 633 659
f 648 660 633
f 633 660 661
f 633 661 659
f 665 662 639
f 639 662 663
f 639 663 648
f 648 663 664
f 648 664 660
f 665 639 641
f 665 641 666
f 666 641 667
f 667 641 643
f 667 643 668
f 668 643 669
f 669 643 645
f 669 645 670
f 670 645 671
f 671 645 653
f 671 653 672
f 672 653 673
f 673 653 655
f 673 655 674
f 674 655 675
f 675 655 634
f 636 676 634
f 634 676 675
f 679 677 623
f 623 677 636
f 636 677 678
f 636 678 676
f 679 623 625
f 679 625 680
f 680 625 681
f 681 625 571
f 681 571 570
f 617 682 683
f 598 600 684
f 684 600 685
f 684 685 682
f 602 686 687
f 685 600 603
f 685 603 687
f 687 603 602
f 609 688 689
f 602 604 686
f 686 604 690
f 690 604 606
f 690 606 689
f 689 606 607
f 689 607 609
f 609 658 688
f 688 658 659
f 688 659 691
f 691 659 661
f 691 661 692
f 662 693 694
f 661 660 692
f 692 660 664
f 692 664 694
f 694 664 663
f 694 663 662
f 668 695 696
f 662 665 693
f 693 665 697
f 697 665 666
f 697 666 696
f 696 666 667
f 696 667 668
f 674 698 699
f 668 669 695
f 695 669 670
f 695 670 700
f 700 670 671
f 700 671 701
f 701 671 672
f 701 672 699
f 699 672 673
f 699 673 674
f 674 675 698
f 698 675 702
f 682 685 683
f 683 685 687
f 683 687 703
f 703 687 686
f 703 686 704
f 704 686 690
f 704 690 705
f 705 690 689
f 705 689 706
f 706 689 688
f 706 688 707
f 707 688 691
f 707 691 708
f 708 691 692
f 708 692 709
f 709 692 694
f 709 694 710
f 710 694 693
f 710 693 711
f 711 693 697
f 711 697 712
f 712 697 696
f 712 696 713
f 713 696 695
f 713 695 714
f 714 695 700
f 714 700 715
f 715 700 701
f 715 701 716
f 716 701 699
f 716 699 717
f 717 699 698
f 717 698 718
f 718 698 702
f 718 702 719
f 617 683 610
f 610 683 703
f 610 703 611
f 611 703 704
f 611 704 629
f 629 704 705
f 629 705 630
f 630 705 706
f 630 706 631
f 631 706 707
f 631 707 632
f 632 707 708
f 632 708 646
f 646 708 709
f 646 709 647
f 647 709 710
f 647 710 649
f 649 710 711
f 649 711 650
f 650 711 712
f 650 712 640
f 640 712 713
f 640 713 642
f 642 713 714
f 642 714 644
f 644 714 715
f 644 715 651
f 651 715 716
f 651 716 652
f 652 716 717
f 652 717 654
f 654 717 718
f 654 718 656
f 656 718 719
f 656 719 657
f 657 719 720
f 675 676 702
f 702 676 721
f 702 721 719
f 677 722 723
f 721 676 678
f 721 678 723
f 723 678 677
f 570 724 725
f 677 679 722
f 722 679 726
f 726 679 680
f 726 680 725
f 725 680 681
f 725 681 570
f 570 572 724
f 724 572 574
f 724 574 727
f 727 574 577
f 727 577 728
f 578 729 730
f 577 576 728
f 728 576 581
f 728 581 730
f 730 581 580
f 730 580 578
f 587 731 732
f 578 582 729
f 729 582 733
f 733 582 584
f 733 584 732
f 732 584 585
f 732 585 587
f 596 734 735
f 587 588 731
f 731 588 590
f 731 590 736
f 736 590 591
f 736 591 737
f 737 591 593
f 737 593 735
f 735 593 594
f 735 594 596
f 596 598 734
f 734 598 684
f 719 721 720
f 720 721 723
f 720 723 738
f 738 723 722
f 738 722 739
f 739 722 726
f 739 726 740
f 740 726 725
f 740 725 741
f 741 725 724
f 741 724 742
f 742 724 727
f 742 727 743
f 743 727 728
f 743 728 744
f 744 728 730
f 744 730 745
f 745 730 729
f 745 729 746
f 746 729 733
f 746 733 747
f 747 733 732
f 747 732 748
f 748 732 731
f 748 731 749
f 749 731 736
f 749 736 750
f 750 736 737
f 750 737 751
f 751 737 735
f 751 735 752
f 752 735 734
f 752 734 753
f 753 734 684
f 753 684 682
f 657 720 635
f 635 720 738
f 635 738 637
f 637 738 739
f 637 739 638
f 638 739 740
f 638 740 624
f 624 740 741
f 624 741 626
f 626 741 742
f 626 742 627
f 627 742 743
f 627 743 628
f 628 743 744
f 628 744 612
f 612 744 745
f 612 745 613
f 613 745 746
f 613 746 618
f 618 746 747
f 618 747 619
f 619 747 748
f 619 748 620
f 620 748 749
f 620 749 621
f 621 749 750
f 621 750 622
f 622 750 751
f 622 751 614
f 614 751 752
f 614 752 615
f 615 752 753
f 615 753 616
f 616 753 682
f 616 682 617
f 755 821 939
f 760 756 757
f 758 761 759
f 758 759 757
f 757 759 760
f 761 758 762
f 761 762 763
f 763 762 764
f 763 764 765
f 767 768 769
f 769 768 770
f 769 770 771
f 771 770 772
f 771 772 773
f 773 772 774
f 773 774 775
f 775 774 776
f 778 776 823
f 779 782 766
f 766 782 780
f 783 781 779
f 779 781 782
f 783 784 781
f 785 788 786
f 787 790 785
f 785 790 788
f 789 792 787
f 787 792 790
f 791 794 789
f 789 794 792
f 793 796 791
f 791 796 794
f 795 797 793
f 793 797 796
f 795 918 797
f 798 799 777
f 777 799 800
f 777 800 823
f 801 802 798
f 798 802 803
f 798 803 799
f 804 805 801
f 801 805 806
f 801 806 802
f 807 808 804
f 804 808 809
f 804 809 805
f 990 810 807
f 807 810 811
f 807 811 808
f 991 812 990
f 990 812 813
f 990 813 810
f 815 814 991
f 991 814 812
f 764 816 765
f 765 816 817
f 818 768 819
f 819 768 767
f 820 822 755
f 822 821 755
f 1011 1010 823
f 1061 824 875
f 825 918 826
f 826 918 876
f 875 876 1061
f 1062 1039 828
f 828 1039 829
f 829 1039 830
f 830 1039 909
f 831 1044 832
f 832 1044 1054
f 832 1054 833
f 833 1054 834
f 834 1054 835
f 835 1054 836
f 836 1054 1055
f 836 1055 837
f 837 1055 838
f 838 1055 839
f 839 1055 840
f 840 1055 841
f 841 1055 842
f 842 1055 843
f 844 843 845
f 845 843 846
f 846 843 847
f 848 847 849
f 849 847 850
f 850 847 851
f 851 847 852
f 852 847 853
f 853 847 854
f 854 847 1052
f 854 1052 1039
f 855 933 856
f 856 857 855
f 855 857 858
f 855 858 859
f 859 858 860
f 859 860 861
f 861 860 862
f 861 862 863
f 864 865 866
f 866 865 867
f 868 869 870
f 866 867 871
f 866 871 872
f 872 871 868
f 872 868 873
f 873 868 870
f 992 874 1010
f 869 868 875
f 875 868 871
f 875 871 867
f 875 867 865
f 875 865 876
f 1001 877 878
f 878 877 879
f 878 879 880
f 883 884 885
f 885 884 881
f 882 1047 886
f 882 886 881
f 881 886 885
f 963 888 889
f 889 888 887
f 890 1060 964
f 964 1060 891
f 964 891 892
f 964 892 887
f 887 892 893
f 887 893 889
f 894 1002 895
f 897 1051 894
f 894 895 897
f 897 895 898
f 897 898 899
f 1051 897 827
f 827 897 899
f 827 899 896
f 993 900 901
f 882 881 961
f 962 902 1006
f 1048 954 903
f 903 954 902
f 902 954 1006
f 1006 882 962
f 962 882 961
f 938 905 906
f 992 938 906
f 992 906 874
f 874 906 820
f 874 820 755
f 874 755 754
f 874 754 1010
f 909 908 1054
f 909 1054 1044
f 1053 1039 1052
f 908 909 1039
f 910 911 912
f 912 911 913
f 787 785 914
f 787 914 789
f 789 914 915
f 789 915 791
f 791 915 916
f 791 916 793
f 793 916 917
f 793 917 795
f 795 917 918
f 919 920 764
f 919 764 921
f 921 764 762
f 921 762 922
f 922 762 758
f 922 758 923
f 923 758 757
f 923 757 924
f 924 757 756
f 924 756 1061
f 1011 823 776
f 1011 776 925
f 925 776 774
f 925 774 926
f 926 774 772
f 926 772 927
f 927 772 770
f 927 770 928
f 928 770 768
f 928 768 929
f 929 768 818
f 929 818 930
f 930 818 931
f 930 931 920
f 920 931 932
f 920 932 764
f 764 932 816
f 859 861 863
f 826 863 934
f 826 933 863
f 863 933 855
f 863 855 859
f 936 935 937
f 938 939 936
f 936 939 940
f 937 905 936
f 936 905 938
f 826 942 933
f 943 944 945
f 943 945 997
f 879 877 896
f 896 877 946
f 945 948 997
f 947 949 950
f 952 904 1006
f 953 952 954
f 954 952 1006
f 955 956 957
f 955 957 910
f 958 959 884
f 884 959 960
f 884 960 881
f 881 960 961
f 962 910 957
f 887 888 964
f 964 888 963
f 1009 965 966
f 1009 1056 965
f 1059 970 969
f 969 970 971
f 969 971 968
f 973 974 975
f 975 972 973
f 973 972 976
f 977 883 978
f 978 883 885
f 978 885 886
f 979 977 980
f 980 977 978
f 981 963 889
f 981 889 893
f 963 981 982
f 843 1055 847
f 847 1055 1052
f 1039 754 854
f 817 816 932
f 817 932 984
f 984 932 931
f 984 931 985
f 985 931 818
f 985 818 819
f 777 823 986
f 777 986 798
f 798 986 987
f 798 987 801
f 801 987 988
f 801 988 804
f 804 988 989
f 804 989 807
f 807 989 990
f 1062 864 941
f 941 864 856
f 907 992 941
f 942 941 933
f 933 941 856
f 865 864 876
f 876 864 1062
f 1048 903 994
f 994 903 902
f 1005 962 957
f 1005 957 956
f 1005 964 963
f 1004 896 948
f 948 896 946
f 948 945 944
f 995 901 996
f 996 901 900
f 995 993 901
f 998 999 1000
f 880 1002 1051
f 1051 1002 894
f 1051 1001 878
f 1051 878 880
f 1000 997 998
f 1004 827 896
f 908 827 1004
f 890 964 1005
f 1005 956 890
f 911 890 956
f 911 956 913
f 913 956 955
f 1006 904 1007
f 973 1007 904
f 973 904 974
f 974 904 952
f 1007 1047 1006
f 1006 1047 882
f 971 996 968
f 968 996 900
f 993 951 900
f 900 951 969
f 900 969 968
f 1008 947 948
f 949 947 1008
f 948 944 998
f 998 944 999
f 999 944 943
f 965 950 966
f 966 950 949
f 948 998 1053
f 948 1053 1008
f 1008 1053 1009
f 1008 1009 949
f 949 1009 966
f 1059 993 995
f 1059 995 970
f 970 995 996
f 970 996 971
f 974 952 975
f 975 952 953
f 975 953 972
f 972 953 954
f 979 959 958
f 979 958 977
f 977 958 884
f 977 884 883
f 913 955 912
f 912 955 910
f 879 896 899
f 879 899 898
f 879 898 880
f 880 898 895
f 880 895 1002
f 1056 947 965
f 965 947 950
f 999 943 1000
f 1000 943 997
f 872 856 866
f 866 856 864
f 1061 825 824
f 824 825 862
f 824 862 870
f 870 862 873
f 862 860 873
f 873 860 858
f 873 858 872
f 872 858 857
f 872 857 856
f 1061 918 825
f 820 906 1012
f 1012 1013 820
f 820 1013 1014
f 820 1014 822
f 822 1014 1015
f 822 1015 821
f 935 936 1014
f 1014 936 940
f 1014 940 1015
f 1015 940 939
f 1014 1013 935
f 935 1013 1012
f 935 1012 937
f 906 905 1012
f 1012 905 937
f 1015 939 821
f 875 824 869
f 869 824 870
f 863 862 934
f 934 862 825
f 934 825 826
f 831 832 1016
f 1016 832 1017
f 1017 832 833
f 1017 833 1018
f 1018 833 834
f 1018 834 1019
f 834 835 1019
f 1019 835 836
f 1019 836 1020
f 1020 836 837
f 1020 837 1021
f 1021 837 838
f 1021 838 1022
f 1022 838 839
f 1022 839 1023
f 1023 839 1024
f 1024 839 840
f 1024 840 1025
f 1025 840 841
f 1025 841 1026
f 1026 841 842
f 1026 842 1027
f 1027 842 843
f 1028 843 844
f 1028 844 1029
f 1029 844 845
f 1029 845 1030
f 1030 845 846
f 1030 846 1031
f 1031 846 847
f 1031 847 1032
f 1032 847 848
f 1032 848 1033
f 1033 848 849
f 1033 849 1034
f 1034 849 850
f 1034 850 1035
f 1035 850 851
f 1035 851 1036
f 1036 851 852
f 1036 852 1037
f 1037 852 853
f 1037 853 1038
f 1038 853 854
f 1040 1062 828
f 1040 828 1041
f 1041 828 829
f 1041 829 1042
f 1042 829 830
f 1042 830 1043
f 1043 830 909
f 1045 1044 831
f 1045 831 1046
f 1046 831 1016
f 1023 1024 754
f 754 1024 1025
f 754 1025 1026
f 754 1026 1027
f 754 1027 843
f 754 843 1028
f 754 1028 1029
f 754 1029 1030
f 754 1030 1031
f 754 1031 1032
f 754 1032 1033
f 754 1033 1034
f 754 1034 1035
f 754 1035 854
f 854 1035 1036
f 854 1036 1037
f 854 1037 1038
f 907 1062 1040
f 907 1040 1041
f 907 1041 1042
f 907 1042 1043
f 907 1043 909
f 907 909 1044
f 907 1044 983
f 983 1044 1045
f 1023 754 983
f 1023 983 1022
f 1022 983 1021
f 1021 983 1020
f 1020 983 1019
f 1019 983 1018
f 1018 983 1017
f 1017 983 1016
f 1016 983 1046
f 1046 983 1045
f 1053 998 1009
f 1051 827 908
f 891 890 911
f 891 893 892
f 1047 1007 973
f 1047 973 886
f 976 886 973
f 886 1049 978
f 978 1049 980
f 911 1050 891
f 891 1050 893
f 893 1050 981
f 981 1050 982
f 1051 1001 1003
f 1058 1003 1001
f 1053 1052 1039
f 1054 908 1060
f 1060 1055 1054
f 1052 908 1039
f 1060 890 891
f 1056 1009 998
f 1058 1057 1003
f 1059 969 967
f 967 969 951
f 876 918 1061
f 1011 778 823
f 823 800 986
f 800 799 986
f 986 799 803
f 986 803 987
f 803 802 987
f 987 802 806
f 987 806 988
f 806 805 988
f 988 805 809
f 988 809 989
f 809 808 989
f 989 808 811
f 989 811 990
f 811 810 990
f 990 810 813
f 990 813 991
f 813 812 991
f 991 812 814
f 991 814 815
f 797 918 917
f 797 917 796
f 796 917 916
f 796 916 794
f 794 916 915
f 794 915 792
f 792 915 914
f 792 914 790
f 790 914 785
f 790 785 788
f 788 785 786
f 784 783 779
f 784 779 781
f 781 779 782
f 782 779 766
f 782 766 780
f 907 754 1062
f 823 1010 1011
f 1062 1010 754
f 754 755 992
f 755 939 992
f 907 941 992
f 938 992 939
f 876 941 942
f 876 942 826
f 754 1039 1062
f 907 754 941
f 941 754 907
f 1011 925 776
f 776 925 775
f 778 1011 776
f 775 925 926
f 775 926 773
f 773 926 927
f 773 927 771
f 771 927 928
f 771 928 769
f 769 928 767
f 767 928 929
f 767 929 819
f 765 920 919
f 765 919 763
f 763 919 921
f 763 921 761
f 761 921 922
f 923 759 922
f 922 759 761
f 1061 756 924
f 924 756 760
f 924 760 923
f 923 760 759
f 819 929 985
f 985 929 930
f 985 930 920
f 985 920 984
f 984 920 765
f 984 765 817
f 983 754 907
f 1055 908 1052
f 1055 1060 908
f 754 1010 1062
f 876 1062 941
f 754 992 1010
f 959 954 994
f 959 994 960
f 886 979 1049
f 1049 979 980
f 959 979 954
f 954 979 886
f 954 886 972
f 972 886 976
f 994 954 1048
f 877 1001 1051
f 1001 1051 1058
f 1058 1051 1003
f 1058 1003 1057
f 998 997 1056
f 1056 997 948
f 948 946 877
f 948 877 1004
f 1059 967 993
f 993 967 951
f 947 1056 948
f 1004 877 1051
f 1004 1051 908
f 963 982 1050
f 963 1050 1005
f 962 961 960
f 962 960 902
f 902 960 994
f 962 1005 910
f 910 1005 1050
f 910 1050 911
f 1063 1064 1065
f 1065 1064 1066
f 1065 1066 1067
f 1067 1066 1068
f 1067 1068 1069
f 1069 1068 1070
f 1069 1070 1071
f 1070 1072 1071
f 1071 1072 1073
f 1071 1073 1074
f 1074 1073 1075
f 1074 1075 1076
f 1076 1075 1077
f 1076 1077 1078
f 1079 1080 1081
f 1081 1080 1082
f 1081 1082 1083
f 1083 1082 1084
f 1083 1084 1085
f 1077 1086 1078
f 1078 1086 1087
f 1078 1087 1088
f 1088 1087 1089
f 1088 1089 1090
f 1090 1089 1091
f 1090 1091 1092
f 1093 1094 1095
f 1095 1094 1096
f 1095 1096 1097
f 1097 1096 1098
f 1097 1098 1099
f 1100 1101 1102
f 1102 1101 1103
f 1102 1103 1104
f 1104 1103 1105
f 1104 1105 1106
f 1105 1107 1106
f 1106 1107 1108
f 1106 1108 1109
f 1109 1108 1110
f 1109 1110 1111
f 1111 1110 1112
f 1111 1112 1113
f 1113 1112 1114
f 1113 1114 1115
f 1115 1114 1116
f 1115 1116 1063
f 1063 1116 1117
f 1063 1117 1064
f 1091 1118 1092
f 1092 1118 1119
f 1092 1119 1120
f 1120 1119 1121
f 1120 1121 1122
f 1122 1121 1123
f 1122 1123 1124
f 1084 1125 1085
f 1085 1125 1126
f 1085 1126 1127
f 1127 1126 1128
f 1127 1128 1129
f 1129 1128 1130
f 1129 1130 1093
f 1093 1130 1131
f 1093 1131 1094
f 1132 1133 1134
f 1134 1133 1135
f 1134 1135 1136
f 1136 1135 1137
f 1136 1137 1138
f 1138 1137 1139
f 1138 1139 1079
f 1079 1139 1140
f 1079 1140 1080
f 1098 1141 1099
f 1099 1141 1142
f 1099 1142 1143
f 1143 1142 1144
f 1143 1144 1100
f 1100 1144 1145
f 1100 1145 1101
f 1146 1147 1148
f 1148 1147 1149
f 1148 1149 1150
f 1150 1149 1151
f 1150 1151 1152
f 1151 1153 1152
f 1152 1153 1154
f 1152 1154 1155
f 1155 1154 1156
f 1155 1156 1157
f 1157 1156 1158
f 1157 1158 1159
f 1159 1158 1160
f 1159 1160 1161
f 1161 1160 1162
f 1161 1162 1132
f 1132 1162 1163
f 1132 1163 1133
f 1123 1164 1124
f 1124 1164 1165
f 1124 1165 1166
f 1166 1165 1167
f 1166 1167 1146
f 1146 1167 1168
f 1146 1168 1147
f 1134 1169 1170
f 1134 1170 1132
f 1170 1171 1132
f 1132 1171 1172
f 1132 1172 1161
f 1161 1172 1173
f 1161 1173 1159
f 1173 1174 1159
f 1159 1174 1175
f 1159 1175 1157
f 1175 1176 1157
f 1157 1176 1177
f 1157 1177 1155
f 1155 1177 1178
f 1155 1178 1152
f 1178 1179 1152
f 1152 1179 1180
f 1152 1180 1150
f 1180 1181 1150
f 1150 1181 1182
f 1150 1182 1148
f 1148 1182 1183
f 1148 1183 1146
f 1184 1122 1124
f 1183 1185 1146
f 1146 1185 1186
f 1146 1186 1166
f 1166 1186 1187
f 1166 1187 1124
f 1124 1187 1188
f 1124 1188 1184
f 1189 1090 1092
f 1184 1190 1122
f 1122 1190 1191
f 1122 1191 1120
f 1120 1191 1192
f 1120 1192 1092
f 1092 1192 1193
f 1092 1193 1189
f 1189 1194 1090
f 1090 1194 1195
f 1090 1195 1088
f 1088 1195 1196
f 1088 1196 1078
f 1196 1197 1078
f 1078 1197 1198
f 1078 1198 1076
f 1076 1198 1199
f 1076 1199 1074
f 1074 1199 1200
f 1074 1200 1071
f 1071 1200 1201
f 1201 1202 1071
f 1071 1202 1203
f 1071 1203 1069
f 1069 1203 1204
f 1069 1204 1067
f 1067 1204 1205
f 1067 1205 1065
f 1065 1205 1206
f 1065 1206 1207
f 1065 1207 1063
f 1207 1208 1063
f 1063 1208 1209
f 1063 1209 1115
f 1115 1209 1210
f 1115 1210 1113
f 1210 1211 1113
f 1113 1211 1212
f 1113 1212 1111
f 1212 1213 1111
f 1111 1213 1214
f 1111 1214 1109
f 1109 1214 1215
f 1109 1215 1106
f 1215 1216 1106
f 1106 1216 1217
f 1106 1217 1104
f 1217 1218 1104
f 1104 1218 1219
f 1104 1219 1102
f 1102 1219 1220
f 1102 1220 1100
f 1221 1097 1099
f 1220 1222 1100
f 1100 1222 1223
f 1100 1223 1143
f 1143 1223 1224
f 1143 1224 1099
f 1099 1224 1225
f 1099 1225 1221
f 1226 1129 1093
f 1221 1227 1097
f 1097 1227 1228
f 1097 1228 1095
f 1095 1228 1229
f 1095 1229 1093
f 1093 1229 1230
f 1093 1230 1226
f 1226 1231 1129
f 1129 1231 1232
f 1129 1232 1127
f 1127 1232 1233
f 1127 1233 1085
f 1233 1234 1085
f 1085 1234 1235
f 1085 1235 1083
f 1083 1235 1236
f 1083 1236 1081
f 1081 1236 1237
f 1081 1237 1079
f 1079 1237 1238
f 1238 1239 1079
f 1079 1239 1240
f 1079 1240 1138
f 1138 1240 1241
f 1138 1241 1136
f 1136 1241 1242
f 1136 1242 1134
f 1134 1242 1169
f 1211 1210 1243
f 1209 1208 1244
f 1206 1205 1245
f 1204 1203 1246
f 1201 1200 1247
f 1199 1198 1248
f 1196 1195 1249
f 1194 1189 1250
f 1192 1191 1251
f 1190 1184 1252
f 1187 1186 1253
f 1185 1183 1254
f 1182 1181 1255
f 1179 1178 1256
f 1177 1176 1257
f 1114 1112 1258
f 1066 1064 1259
f 1073 1072 1260
f 1087 1086 1261
f 1119 1118 1262
f 1165 1164 1263
f 1168 1167 1264
f 1153 1151 1265
f 1158 1156 1266
f 1266 1156 1267
f 1266 1267 1268
f 1268 1267 1269
f 1268 1269 1270
f 1270 1269 1257
f 1270 1257 1175
f 1175 1257 1176
f 1156 1154 1267
f 1267 1154 1271
f 1267 1271 1269
f 1269 1271 1272
f 1269 1272 1257
f 1257 1272 1256
f 1257 1256 1177
f 1177 1256 1178
f 1180 1179 1273
f 1273 1179 1256
f 1273 1256 1274
f 1274 1256 1272
f 1274 1272 1265
f 1265 1272 1271
f 1265 1271 1153
f 1153 1271 1154
f 1151 1149 1265
f 1265 1149 1275
f 1265 1275 1274
f 1274 1275 1276
f 1274 1276 1273
f 1273 1276 1255
f 1273 1255 1180
f 1180 1255 1181
f 1149 1147 1275
f 1275 1147 1277
f 1275 1277 1276
f 1276 1277 1278
f 1276 1278 1255
f 1255 1278 1254
f 1255 1254 1182
f 1182 1254 1183
f 1186 1185 1253
f 1253 1185 1254
f 1253 1254 1279
f 1279 1254 1278
f 1279 1278 1264
f 1264 1278 1277
f 1264 1277 1168
f 1168 1277 1147
f 1188 1187 1280
f 1280 1187 1253
f 1280 1253 1281
f 1281 1253 1279
f 1281 1279 1263
f 1263 1279 1264
f 1263 1264 1165
f 1165 1264 1167
f 1164 1123 1263
f 1263 1123 1282
f 1263 1282 1281
f 1281 1282 1283
f 1281 1283 1280
f 1280 1283 1252
f 1280 1252 1188
f 1188 1252 1184
f 1123 1121 1282
f 1282 1121 1284
f 1282 1284 1283
f 1283 1284 1285
f 1283 1285 1252
f 1252 1285 1251
f 1252 1251 1190
f 1190 1251 1191
f 1193 1192 1286
f 1286 1192 1251
f 1286 1251 1287
f 1287 1251 1285
f 1287 1285 1262
f 1262 1285 1284
f 1262 1284 1119
f 1119 1284 1121
f 1118 1091 1262
f 1262 1091 1288
f 1262 1288 1287
f 1287 1288 1289
f 1287 1289 1286
f 1286 1289 1250
f 1286 1250 1193
f 1193 1250 1189
f 1091 1089 1288
f 1288 1089 1290
f 1288 1290 1289
f 1289 1290 1291
f 1289 1291 1250
f 1250 1291 1249
f 1250 1249 1194
f 1194 1249 1195
f 1197 1196 1292
f 1292 1196 1249
f 1292 1249 1293
f 1293 1249 1291
f 1293 1291 1261
f 1261 1291 1290
f 1261 1290 1087
f 1087 1290 1089
f 1086 1077 1261
f 1261 1077 1294
f 1261 1294 1293
f 1293 1294 1295
f 1293 1295 1292
f 1292 1295 1248
f 1292 1248 1197
f 1197 1248 1198
f 1077 1075 1294
f 1294 1075 1296
f 1294 1296 1295
f 1295 1296 1297
f 1295 1297 1248
f 1248 1297 1247
f 1248 1247 1199
f 1199 1247 1200
f 1202 1201 1298
f 1298 1201 1247
f 1298 1247 1299
f 1299 1247 1297
f 1299 1297 1260
f 1260 1297 1296
f 1260 1296 1073
f 1073 1296 1075
f 1072 1070 1260
f 1260 1070 1300
f 1260 1300 1299
f 1299 1300 1301
f 1299 1301 1298
f 1298 1301 1246
f 1298 1246 1202
f 1202 1246 1203
f 1070 1068 1300
f 1300 1068 1302
f 1300 1302 1301
f 1301 1302 1303
f 1301 1303 1246
f 1246 1303 1245
f 1246 1245 1204
f 1204 1245 1205
f 1207 1206 1304
f 1304 1206 1245
f 1304 1245 1305
f 1305 1245 1303
f 1305 1303 1259
f 1259 1303 1302
f 1259 1302 1066
f 1066 1302 1068
f 1064 1117 1259
f 1259 1117 1306
f 1259 1306 1305
f 1305 1306 1307
f 1305 1307 1304
f 1304 1307 1244
f 1304 1244 1207
f 1207 1244 1208
f 1117 1116 1306
f 1306 1116 1308
f 1306 1308 1307
f 1307 1308 1309
f 1307 1309 1244
f 1244 1309 1243
f 1244 1243 1209
f 1209 1243 1210
f 1212 1211 1310
f 1310 1211 1243
f 1310 1243 1311
f 1311 1243 1309
f 1311 1309 1258
f 1258 1309 1308
f 1258 1308 1114
f 1114 1308 1116
f 1174 1173 1312
f 1172 1171 1313
f 1169 1242 1314
f 1241 1240 1315
f 1238 1237 1316
f 1236 1235 1317
f 1233 1232 1318
f 1231 1226 1319
f 1229 1228 1320
f 1227 1221 1321
f 1224 1223 1322
f 1222 1220 1323
f 1219 1218 1324
f 1216 1215 1325
f 1214 1213 1326
f 1160 1158 1266
f 1135 1133 1327
f 1080 1140 1328
f 1126 1125 1329
f 1094 1131 1330
f 1142 1141 1331
f 1145 1144 1332
f 1107 1105 1333
f 1112 1110 1258
f 1258 1110 1334
f 1258 1334 1311
f 1311 1334 1335
f 1311 1335 1310
f 1310 1335 1326
f 1310 1326 1212
f 1212 1326 1213
f 1110 1108 1334
f 1334 1108 1336
f 1334 1336 1335
f 1335 1336 1337
f 1335 1337 1326
f 1326 1337 1325
f 1326 1325 1214
f 1214 1325 1215
f 1217 1216 1338
f 1338 1216 1325
f 1338 1325 1339
f 1339 1325 1337
f 1339 1337 1333
f 1333 1337 1336
f 1333 1336 1107
f 1107 1336 1108
f 1105 1103 1333
f 1333 1103 1340
f 1333 1340 1339
f 1339 1340 1341
f 1339 1341 1338
f 1338 1341 1324
f 1338 1324 1217
f 1217 1324 1218
f 1103 1101 1340
f 1340 1101 1342
f 1340 1342 1341
f 1341 1342 1343
f 1341 1343 1324
f 1324 1343 1323
f 1324 1323 1219
f 1219 1323 1220
f 1223 1222 1322
f 1322 1222 1323
f 1322 1323 1344
f 1344 1323 1343
f 1344 1343 1332
f 1332 1343 1342
f 1332 1342 1145
f 1145 1342 1101
f 1225 1224 1345
f 1345 1224 1322
f 1345 1322 1346
f 1346 1322 1344
f 1346 1344 1331
f 1331 1344 1332
f 1331 1332 1142
f 1142 1332 1144
f 1141 1098 1331
f 1331 1098 1347
f 1331 1347 1346
f 1346 1347 1348
f 1346 1348 1345
f 1345 1348 1321
f 1345 1321 1225
f 1225 1321 1221
f 1098 1096 1347
f 1347 1096 1349
f 1347 1349 1348
f 1348 1349 1350
f 1348 1350 1321
f 1321 1350 1320
f 1321 1320 1227
f 1227 1320 1228
f 1230 1229 1351
f 1351 1229 1320
f 1351 1320 1352
f 1352 1320 1350
f 1352 1350 1330
f 1330 1350 1349
f 1330 1349 1094
f 1094 1349 1096
f 1131 1130 1330
f 1330 1130 1353
f 1330 1353 1352
f 1352 1353 1354
f 1352 1354 1351
f 1351 1354 1319
f 1351 1319 1230
f 1230 1319 1226
f 1130 1128 1353
f 1353 1128 1355
f 1353 1355 1354
f 1354 1355 1356
f 1354 1356 1319
f 1319 1356 1318
f 1319 1318 1231
f 1231 1318 1232
f 1234 1233 1357
f 1357 1233 1318
f 1357 1318 1358
f 1358 1318 1356
f 1358 1356 1329
f 1329 1356 1355
f 1329 1355 1126
f 1126 1355 1128
f 1125 1084 1329
f 1329 1084 1359
f 1329 1359 1358
f 1358 1359 1360
f 1358 1360 1357
f 1357 1360 1317
f 1357 1317 1234
f 1234 1317 1235
f 1084 1082 1359
f 1359 1082 1361
f 1359 1361 1360
f 1360 1361 1362
f 1360 1362 1317
f 1317 1362 1316
f 1317 1316 1236
f 1236 1316 1237
f 1239 1238 1363
f 1363 1238 1316
f 1363 1316 1364
f 1364 1316 1362
f 1364 1362 1328
f 1328 1362 1361
f 1328 1361 1080
f 1080 1361 1082
f 1140 1139 1328
f 1328 1139 1365
f 1328 1365 1364
f 1364 1365 1366
f 1364 1366 1363
f 1363 1366 1315
f 1363 1315 1239
f 1239 1315 1240
f 1139 1137 1365
f 1365 1137 1367
f 1365 1367 1366
f 1366 1367 1368
f 1366 1368 1315
f 1315 1368 1314
f 1315 1314 1241
f 1241 1314 1242
f 1170 1169 1369
f 1369 1169 1314
f 1369 1314 1370
f 1370 1314 1368
f 1370 1368 1327
f 1327 1368 1367
f 1327 1367 1135
f 1135 1367 1137
f 1133 1163 1327
f 1327 1163 1371
f 1327 1371 1370
f 1370 1371 1372
f 1370 1372 1369
f 1369 1372 1313
f 1369 1313 1170
f 1170 1313 1171
f 1163 1162 1371
f 1371 1162 1373
f 1371 1373 1372
f 1372 1373 1374
f 1372 1374 1313
f 1313 1374 1312
f 1313 1312 1172
f 1172 1312 1173
f 1175 1174 1270
f 1270 1174 1312
f 1270 1312 1268
f 1268 1312 1374
f 1268 1374 1266
f 1266 1374 1373
f 1266 1373 1160
f 1160 1373 1162
f 1375 1376 1377
f 1377 1376 1378
f 1377 1378 1379
f 1380 1381 1378
f 1378 1381 1382
f 1378 1382 1379
f 1387 1383 1384
f 1384 1383 1385
f 1384 1385 1380
f 1380 1385 1386
f 1380 1386 1381
f 1387 1384 1388
f 1387 1388 1389
f 1389 1388 1390
f 1390 1388 1391
f 1390 1391 1392
f 1392 1391 1393
f 1393 1391 1394
f 1393 1394 1395
f 1395 1394 1396
f 1396 1394 1397
f 1396 1397 1398
f 1398 1397 1399
f 1399 1397 1400
f 1399 1400 1401
f 1401 1400 1403
f 1403 1400 1402
f 1404 1405 1402
f 1402 1405 1403
f 1409 1407 1406
f 1406 1407 1404
f 1404 1407 1408
f 1404 1408 1405
f 1409 1406 1410
f 1409 1410 1411
f 1411 1410 1412
f 1412 1410 1413
f 1412 1413 1414
f 1402 1415 1404
f 1404 1415 1416
f 1404 1416 1406
f 1378 1417 1380
f 1380 1417 1418
f 1380 1418 1384
f 1394 1419 1397
f 1397 1419 1420
f 1397 1420 1400
f 1400 1420 1421
f 1400 1421 1402
f 1402 1421 1422
f 1402 1422 1415
f 1418 1423 1384
f 1384 1423 1424
f 1384 1424 1388
f 1388 1424 1425
f 1388 1425 1391
f 1391 1425 1426
f 1391 1426 1394
f 1394 1426 1427
f 1394 1427 1419
f 1428 1429 1430
f 1430 1429 1431
f 1430 1431 1376
f 1376 1431 1432
f 1376 1432 1378
f 1378 1432 1433
f 1378 1433 1417
f 1416 1434 1406
f 1406 1434 1435
f 1406 1435 1410
f 1410 1435 1436
f 1410 1436 1413
f 1413 1436 1437
f 1413 1437 1438
f 1439 1440 1441
f 1441 1440 1442
f 1441 1442 1428
f 1428 1442 1443
f 1428 1443 1429
f 1444 1445 1446
f 1446 1445 1447
f 1446 1447 1448
f 1448 1447 1449
f 1448 1449 1450
f 1437 1451 1438
f 1438 1451 1452
f 1438 1452 1453
f 1453 1452 1454
f 1453 1454 1444
f 1444 1454 1455
f 1444 1455 1445
f 1449 1456 1450
f 1450 1456 1457
f 1450 1457 1458
f 1458 1457 1459
f 1458 1459 1460
f 1460 1459 1461
f 1460 1461 1439
f 1439 1461 1462
f 1439 1462 1440
f 1414 1413 1463
f 1463 1413 1438
f 1463 1438 1464
f 1453 1465 1438
f 1438 1465 1466
f 1438 1466 1464
f 1470 1467 1444
f 1444 1467 1468
f 1444 1468 1453
f 1453 1468 1469
f 1453 1469 1465
f 1470 1444 1446
f 1470 1446 1471
f 1471 1446 1472
f 1472 1446 1448
f 1472 1448 1473
f 1473 1448 1474
f 1474 1448 1450
f 1474 1450 1475
f 1475 1450 1476
f 1476 1450 1458
f 1476 1458 1477
f 1477 1458 1478
f 1478 1458 1460
f 1478 1460 1479
f 1479 1460 1480
f 1480 1460 1439
f 1441 1481 1439
f 1439 1481 1480
f 1484 1482 1428
f 1428 1482 1441
f 1441 1482 1483
f 1441 1483 1481
f 1484 1428 1430
f 1484 1430 1485
f 1485 1430 1486
f 1486 1430 1376
f 1486 1376 1375
f 1422 1487 1488
f 1403 1405 1489
f 1489 1405 1490
f 1489 1490 1487
f 1407 1491 1492
f 1490 1405 1408
f 1490 1408 1492
f 1492 1408 1407
f 1414 1493 1494
f 1407 1409 1491
f 1491 1409 1495
f 1495 1409 1411
f 1495 1411 1494
f 1494 1411 1412
f 1494 1412 1414
f 1414 1463 1493
f 1493 1463 1464
f 1493 1464 1496
f 1496 1464 1466
f 1496 1466 1497
f 1467 1498 1499
f 1466 1465 1497
f 1497 1465 1469
f 1497 1469 1499
f 1499 1469 1468
f 1499 1468 1467
f 1473 1500 1501
f 1467 1470 1498
f 1498 1470 1502
f 1502 1470 1471
f 1502 1471 1501
f 1501 1471 1472
f 1501 1472 1473
f 1479 1503 1504
f 1473 1474 1500
f 1500 1474 1475
f 1500 1475 1505
f 1505 1475 1476
f 1505 1476 1506
f 1506 1476 1477
f 1506 1477 1504
f 1504 1477 1478
f 1504 1478 1479
f 1479 1480 1503
f 1503 1480 1507
f 1487 1490 1488
f 1488 1490 1492
f 1488 1492 1508
f 1508 1492 1491
f 1508 1491 1509
f 1509 1491 1495
f 1509 1495 1510
f 1510 1495 1494
f 1510 1494 1511
f 1511 1494 1493
f 1511 1493 1512
f 1512 1493 1496
f 1512 1496 1513
f 1513 1496 1497
f 1513 1497 1514
f 1514 1497 1499
f 1514 1499 1515
f 1515 1499 1498
f 1515 1498 1516
f 1516 1498 1502
f 1516 1502 1517
f 1517 1502 1501
f 1517 1501 1518
f 1518 1501 1500
f 1518 1500 1519
f 1519 1500 1505
f 1519 1505 1520
f 1520 1505 1506
f 1520 1506 1521
f 1521 1506 1504
f 1521 1504 1522
f 1522 1504 1503
f 1522 1503 1523
f 1523 1503 1507
f 1523 1507 1524
f 1422 1488 1415
f 1415 1488 1508
f 1415 1508 1416
f 1416 1508 1509
f 1416 1509 1434
f 1434 1509 1510
f 1434 1510 1435
f 1435 1510 1511
f 1435 1511 1436
f 1436 1511 1512
f 1436 1512 1437
f 1437 1512 1513
f 1437 1513 1451
f 1451 1513 1514
f 1451 1514 1452
f 1452 1514 1515
f 1452 1515 1454
f 1454 1515 1516
f 1454 1516 1455
f 1455 1516 1517
f 1455 1517 1445
f 1445 1517 1518
f 1445 1518 1447
f 1447 1518 1519
f 1447 1519 1449
f 1449 1519 1520
f 1449 1520 1456
f 1456 1520 1521
f 1456 1521 1457
f 1457 1521 1522
f 1457 1522 1459
f 1459 1522 1523
f 1459 1523 1461
f 1461 1523 1524
f 1461 1524 1462
f 1462 1524 1525
f 1480 1481 1507
f 1507 1481 1526
f 1507 1526 1524
f 1482 1527 1528
f 1526 1481 1483
f 1526 1483 1528
f 1528 1483 1482
f 1375 1529 1530
f 1482 1484 1527
f 1527 1484 1531
f 1531 1484 1485
f 1531 1485 1530
f 1530 1485 1486
f 1530 1486 1375
f 1375 1377 1529
f 1529 1377 1379
f 1529 1379 1532
f 1532 1379 1382
f 1532 1382 1533
f 1383 1534 1535
f 1382 1381 1533
f 1533 1381 1386
f 1533 1386 1535
f 1535 1386 1385
f 1535 1385 1383
f 1392 1536 1537
f 1383 1387 1534
f 1534 1387 1538
f 1538 1387 1389
f 1538 1389 1537
f 1537 1389 1390
f 1537 1390 1392
f 1401 1539 1540
f 1392 1393 1536
f 1536 1393 1395
f 1536 1395 1541
f 1541 1395 1396
f 1541 1396 1542
f 1542 1396 1398
f 1542 1398 1540
f 1540 1398 1399
f 1540 1399 1401
f 1401 1403 1539
f 1539 1403 1489
f 1524 1526 1525
f 1525 1526 1528
f 1525 1528 1543
f 1543 1528 1527
f 1543 1527 1544
f 1544 1527 1531
f 1544 1531 1545
f 1545 1531 1530
f 1545 1530 1546
f 1546 1530 1529
f 1546 1529 1547
f 1547 1529 1532
f 1547 1532 1548
f 1548 1532 1533
f 1548 1533 1549
f 1549 1533 1535
f 1549 1535 1550
f 1550 1535 1534
f 1550 1534 1551
f 1551 1534 1538
f 1551 1538 1552
f 1552 1538 1537
f 1552 1537 1553
f 1553 1537 1536
f 1553 1536 1554
f 1554 1536 1541
f 1554 1541 1555
f 1555 1541 1542
f 1555 1542 1556
f 1556 1542 1540
f 1556 1540 1557
f 1557 1540 1539
f 1557 1539 1558
f 1558 1539 1489
f 1558 1489 1487
f 1462 1525 1440
f 1440 1525 1543
f 1440 1543 1442
f 1442 1543 1544
f 1442 1544 1443
f 1443 1544 1545
f 1443 1545 1429
f 1429 1545 1546
f 1429 1546 1431
f 1431 1546 1547
f 1431 1547 1432
f 1432 1547 1548
f 1432 1548 1433
f 1433 1548 1549
f 1433 1549 1417
f 1417 1549 1550
f 1417 1550 1418
f 1418 1550 1551
f 1418 1551 1423
f 1423 1551 1552
f 1423 1552 1424
f 1424 1552 1553
f 1424 1553 1425
f 1425 1553 1554
f 1425 1554 1426
f 1426 1554 1555
f 1426 1555 1427
f 1427 1555 1556
f 1427 1556 1419
f 1419 1556 1557
f 1419 1557 1420
f 1420 1557 1558
f 1420 1558 1421
f 1421 1558 1487
f 1421 1487 1422
f 1570 1590 1574
f 1571 1560 1561
f 1571 1559 1560
f 1560 1559 1569
f 1569 1559 1563
f 1564 1565 1566
f 1566 1567 1564
f 1564 1567 1568
f 1564 1568 1563
f 1563 1568 1569
f 1561 1570 1571
f 1593 1572 1562
f 1562 1572 1573
f 1573 1572 1570
f 1575 1578 1576
f 1576 1578 1577
f 1574 1578 1575
f 1589 1578 1574
f 1578 1589 1577
f 1577 1589 1579
f 1577 1579 1580
f 1581 1582 1583
f 1583 1582 1584
f 1583 1584 1585
f 1585 1584 1577
f 1585 1577 1586
f 1586 1577 1580
f 1586 1580 1587
f 1587 1580 1588
f 1589 1590 1569
f 1590 1593 1569
f 1574 1590 1589
f 1590 1570 1572
f 1590 1572 1593
f 1574 1559 1571
f 1574 1571 1570
f 1592 1570 1599
f 1594 1591 1595
f 1595 1591 1596
f 1599 1593 1592
f 1569 1599 1591
f 1591 1599 1596
f 1570 1596 1599
f 1593 1599 1569
f 1597 1592 1598
f 1598 1592 1593
f 1570 1592 1573
f 1573 1592 1597
f 1573 1597 1562
f 1562 1597 1598
f 1562 1598 1593
f 1569 1591 1560
f 1560 1591 1594
f 1560 1594 1561
f 1561 1594 1595
f 1561 1595 1570
f 1570 1595 1596
f 1600 1580 1566
f 1566 1580 1579
f 1566 1579 1567
f 1584 1601 1577
f 1577 1601 1565
f 1577 1565 1564
f 1602 1585 1603
f 1603 1585 1586
f 1567 1579 1568
f 1568 1579 1589
f 1568 1589 1569
f 1603 1586 1604
f 1604 1586 1587
f 1604 1587 1605
f 1605 1587 1588
f 1605 1588 1606
f 1606 1588 1580
f 1606 1580 1600
f 1601 1584 1582
f 1601 1582 1607
f 1607 1582 1581
f 1607 1581 1608
f 1608 1581 1583
f 1608 1583 1609
f 1585 1602 1583
f 1583 1602 1609
f 1577 1564 1576
f 1576 1564 1563
f 1576 1563 1575
f 1575 1563 1559
f 1575 1559 1574
f 1608 1609 1607
f 1607 1609 1601
f 1601 1609 1602
f 1605 1606 1604
f 1604 1606 1600
f 1604 1600 1603
f 1603 1600 1566
f 1603 1566 1602
f 1602 1566 1565
f 1602 1565 1601
f 1611 1994 1612
f 1944 1613 1889
f 1889 1613 1614
f 1950 1951 1615
f 1616 1610 2043
f 1616 2043 1944
f 1944 2043 1613
f 2004 2025 1617
f 2004 1617 1612
f 1612 1617 1618
f 1612 1618 1611
f 1611 1618 1610
f 1610 1618 1619
f 1610 1619 2043
f 1950 1620 1951
f 1951 1620 1906
f 1610 1616 1615
f 1610 1615 1951
f 1621 1630 1622
f 1622 1630 1623
f 1623 1630 1906
f 1611 1847 1994
f 1847 1624 1993
f 1847 1993 1994
f 1951 1906 1624
f 1951 1624 1610
f 1610 1624 1847
f 1610 1847 1611
f 1906 1625 1623
f 1623 1625 1626
f 1623 1626 1622
f 1622 1626 1627
f 1622 1627 1621
f 1621 1627 1962
f 1621 1962 1630
f 1630 1962 1628
f 1628 1906 1630
f 1634 1841 1629
f 1631 1630 1628
f 1628 1630 1906
f 1634 1630 1841
f 1632 1841 1631
f 1631 1841 1630
f 1632 1629 1840
f 1632 1840 1841
f 1841 1840 1629
f 1630 1634 1906
f 1629 1633 1629
f 1629 1633 1635
f 1629 1635 1634
f 1624 1672 1993
f 1993 1636 1629
f 1629 1636 1637
f 1629 1637 1633
f 1624 1906 1634
f 1672 1624 1638
f 1993 1672 1639
f 1993 1639 1636
f 1636 1639 1640
f 1636 1640 1641
f 1641 1640 1638
f 1641 1638 1635
f 1635 1638 1624
f 1635 1624 1634
f 1972 1642 1632
f 1917 1644 1643
f 1643 1644 1869
f 1869 1644 1645
f 2009 2005 1646
f 1646 2005 1647
f 1648 1972 1631
f 1972 1632 1631
f 1649 1907 1650
f 2009 1646 1648
f 2009 1648 1651
f 1651 1648 1631
f 1907 1963 1650
f 1652 1631 1653
f 1653 1631 1628
f 1653 1628 1963
f 1917 1643 1654
f 1917 1654 1652
f 1652 1654 1631
f 1631 1654 1651
f 1952 1625 1906
f 1655 1656 1657
f 1657 1656 1658
f 1659 1755 1660
f 1660 1755 1661
f 1663 1664 1665
f 1665 1664 1666
f 1665 1666 1667
f 1672 1667 1668
f 1668 1667 1666
f 1668 1666 1669
f 1669 1666 1670
f 1662 1635 1671
f 1671 1635 1664
f 1673 1672 1674
f 1662 1634 1635
f 1664 1663 1671
f 1671 1663 1673
f 1673 1663 1672
f 1675 1634 1662
f 1675 1662 1674
f 1672 1668 1675
f 1672 1675 1674
f 1669 1670 1676
f 1669 1676 1677
f 1677 1676 1635
f 1677 1635 1634
f 1662 1671 1678
f 1678 1671 1679
f 1678 1679 1680
f 1680 1679 1681
f 1680 1681 1682
f 1682 1681 1683
f 1682 1683 1684
f 1839 1685 1686
f 1686 1685 1687
f 1686 1687 1688
f 1688 1687 1684
f 1688 1684 1689
f 1689 1684 1683
f 1690 1691 1692
f 1693 1694 1692
f 1692 1687 1685
f 1695 1692 1685
f 1693 1692 1695
f 1692 1682 1684
f 1692 1684 1687
f 1690 1692 1694
f 1692 1678 1680
f 1692 1680 1682
f 1662 1678 1696
f 1696 1678 1692
f 1696 1692 1697
f 1697 1692 1698
f 1698 1692 1691
f 1700 1701 1704
f 1704 1701 1699
f 1702 1703 1704
f 1705 1706 1704
f 1704 1706 1707
f 1707 1708 1704
f 1656 1709 1710
f 1710 1709 1704
f 1710 1704 1711
f 1711 1704 1712
f 1709 1702 1704
f 1713 1714 1704
f 1704 1714 1715
f 1704 1715 1705
f 1703 1700 1704
f 1713 1704 1699
f 1658 1656 1716
f 1716 1656 1710
f 1716 1710 1717
f 1717 1710 1711
f 1717 1711 1718
f 1718 1711 1712
f 1718 1712 1719
f 1712 1704 1719
f 1719 1704 1708
f 1719 1708 1720
f 1720 1708 1707
f 1720 1707 1721
f 1722 1723 1724
f 1725 1726 1724
f 1727 1724 1721
f 1725 1724 1727
f 1724 1718 1719
f 1721 1724 1719
f 1721 1719 1720
f 1722 1724 1726
f 1724 1716 1717
f 1724 1717 1718
f 1658 1716 1728
f 1728 1716 1724
f 1728 1724 1729
f 1729 1724 1730
f 1730 1724 1723
f 1732 1733 1736
f 1736 1733 1731
f 1734 1735 1736
f 1737 1738 1736
f 1736 1738 1739
f 1739 1740 1736
f 1736 1740 1741
f 1659 1742 1743
f 1743 1742 1736
f 1743 1736 1744
f 1744 1736 1745
f 1745 1736 1741
f 1742 1734 1736
f 1746 1747 1736
f 1736 1747 1748
f 1736 1748 1737
f 1735 1732 1736
f 1746 1736 1731
f 1739 1749 1740
f 1740 1749 1750
f 1740 1750 1741
f 1741 1750 1751
f 1741 1751 1745
f 1745 1751 1752
f 1745 1752 1744
f 1744 1752 1753
f 1744 1753 1743
f 1743 1753 1754
f 1743 1754 1659
f 1659 1754 1755
f 1753 1752 1755
f 1755 1752 1751
f 1755 1751 1750
f 1755 1750 1749
f 1906 1755 1929
f 1755 1756 1929
f 1753 1755 1754
f 1749 1757 1755
f 1755 1757 1758
f 1755 1758 1759
f 1755 1759 1756
f 1661 1763 1760
f 1760 1763 1761
f 1761 1763 1762
f 1762 1763 1764
f 1764 1763 1765
f 1765 1763 1882
f 1906 1763 1755
f 1755 1763 1661
f 1660 1661 1766
f 1766 1661 1760
f 1766 1760 1767
f 1767 1760 1761
f 1767 1761 1768
f 1768 1761 1762
f 1768 1762 1769
f 1769 1762 1764
f 1769 1764 1770
f 1770 1764 1765
f 1770 1765 1771
f 1771 1765 1882
f 1773 1774 1777
f 1777 1774 1772
f 1775 1776 1777
f 1778 1779 1777
f 1777 1779 1660
f 1660 1766 1777
f 1777 1766 1767
f 1771 1780 1770
f 1770 1780 1777
f 1770 1777 1769
f 1769 1777 1768
f 1768 1777 1767
f 1780 1775 1777
f 1781 1782 1777
f 1777 1782 1783
f 1777 1783 1778
f 1776 1773 1777
f 1781 1777 1772
f 1659 1660 1742
f 1742 1660 1779
f 1742 1779 1734
f 1734 1779 1778
f 1734 1778 1735
f 1735 1778 1783
f 1735 1783 1732
f 1732 1783 1782
f 1732 1782 1733
f 1733 1782 1781
f 1733 1781 1731
f 1731 1781 1772
f 1730 1784 1729
f 1729 1784 1785
f 1729 1785 1728
f 1728 1785 1786
f 1728 1786 1658
f 1658 1786 1657
f 1789 1790 1791
f 1792 1793 1791
f 1785 1784 1794
f 1786 1785 1794
f 1657 1794 1795
f 1795 1794 1796
f 1786 1794 1657
f 1791 1793 1794
f 1794 1793 1797
f 1794 1797 1796
f 1791 1794 1798
f 1791 1798 1799
f 1791 1790 1792
f 1799 1800 1791
f 1791 1800 1789
f 1789 1801 1790
f 1790 1801 1802
f 1790 1802 1792
f 1792 1802 1803
f 1792 1803 1793
f 1793 1803 1804
f 1793 1804 1797
f 1797 1804 1805
f 1797 1805 1796
f 1796 1805 1806
f 1796 1806 1795
f 1795 1806 1655
f 1795 1655 1657
f 1809 1810 1807
f 1811 1812 1807
f 1807 1812 1655
f 1655 1806 1807
f 1807 1806 1805
f 1801 1813 1802
f 1802 1813 1807
f 1802 1807 1803
f 1803 1807 1804
f 1804 1807 1805
f 1813 1809 1807
f 1807 1808 1811
f 1814 1815 1808
f 1808 1815 1816
f 1808 1816 1811
f 1808 1699 1814
f 1814 1699 1701
f 1814 1701 1815
f 1815 1701 1700
f 1815 1700 1816
f 1816 1700 1703
f 1816 1703 1811
f 1811 1703 1702
f 1811 1702 1812
f 1812 1702 1709
f 1812 1709 1655
f 1655 1709 1656
f 1698 1817 1697
f 1697 1817 1818
f 1697 1818 1696
f 1696 1818 1819
f 1696 1819 1662
f 1662 1819 1674
f 1821 1822 1823
f 1824 1825 1823
f 1818 1817 1826
f 1819 1818 1826
f 1674 1826 1827
f 1827 1826 1828
f 1819 1826 1674
f 1823 1825 1826
f 1826 1825 1829
f 1826 1829 1828
f 1823 1826 1830
f 1823 1830 1831
f 1823 1822 1824
f 1831 1832 1823
f 1823 1832 1821
f 1821 1833 1822
f 1822 1833 1834
f 1822 1834 1824
f 1824 1834 1835
f 1824 1835 1825
f 1825 1835 1836
f 1825 1836 1829
f 1829 1836 1837
f 1829 1837 1828
f 1828 1837 1838
f 1828 1838 1827
f 1827 1838 1673
f 1827 1673 1674
f 1624 1675 1668
f 1624 1668 1669
f 1624 1669 1677
f 1624 1677 1634
f 1624 1634 1675
f 1635 1676 1670
f 1635 1670 1641
f 1641 1670 1636
f 1636 1670 1666
f 1636 1666 1637
f 1637 1666 1664
f 1637 1664 1633
f 1633 1664 1635
f 1672 1663 1639
f 1639 1663 1640
f 1640 1663 1638
f 1638 1663 1672
f 1672 1663 1665
f 1672 1665 1667
f 1840 1841 1839
f 1629 1632 1842
f 1842 1843 1629
f 1629 1843 1844
f 1629 1844 1629
f 1629 1844 1988
f 1988 1845 1629
f 1629 1845 1993
f 1993 1845 1846
f 1842 1632 1848
f 1841 1685 1839
f 1685 1841 1849
f 1840 1848 1849
f 1840 1849 1841
f 1685 1849 1695
f 1695 1849 1850
f 1695 1850 1693
f 1693 1850 1851
f 1693 1851 1694
f 1820 1698 1852
f 1852 1698 1691
f 1852 1691 1853
f 1853 1691 1690
f 1853 1690 1854
f 1854 1690 1694
f 1854 1694 1970
f 1970 1694 1851
f 1856 1707 1857
f 1857 1707 1706
f 1857 1706 1858
f 1858 1706 1705
f 1858 1705 1859
f 1859 1705 1715
f 1859 1715 1860
f 1860 1715 1714
f 1860 1714 1861
f 1861 1714 1713
f 1861 1713 1862
f 1862 1713 1699
f 1863 1721 1856
f 1856 1721 1707
f 1721 1863 1727
f 1727 1863 1864
f 1727 1864 1725
f 1725 1864 1865
f 1725 1865 1726
f 2023 1730 1866
f 1866 1730 1723
f 1866 1723 1867
f 1867 1723 1722
f 1867 1722 1868
f 1868 1722 1726
f 1868 1726 2016
f 2016 1726 1865
f 1870 1739 1871
f 1871 1739 1738
f 1871 1738 1872
f 1872 1738 1737
f 1872 1737 1873
f 1873 1737 1748
f 1873 1748 1874
f 1874 1748 1747
f 1874 1747 1875
f 1875 1747 1746
f 1875 1746 1876
f 1876 1746 1731
f 1877 1749 1870
f 1870 1749 1739
f 1878 1929 1756
f 1878 1756 1879
f 1879 1756 1759
f 1879 1759 1880
f 1880 1759 1758
f 1880 1758 1881
f 1881 1758 1757
f 1881 1757 1877
f 1877 1757 1749
f 1883 1771 1882
f 1775 1884 1776
f 1776 1884 1885
f 1776 1885 1773
f 1773 1885 1886
f 1773 1886 1774
f 1774 1886 1887
f 1774 1887 1772
f 1772 1887 1788
f 1771 1883 1780
f 1780 1883 1888
f 1780 1888 1775
f 1775 1888 1941
f 1775 1941 1884
f 1772 2023 1731
f 1772 1788 2023
f 1731 2023 1876
f 1784 1730 2023
f 2023 2022 1784
f 1784 2022 1890
f 1784 1890 1794
f 1794 1890 2042
f 1891 1789 1892
f 1892 1789 1800
f 1892 1800 1893
f 1893 1800 1799
f 1893 1799 1894
f 1894 1799 1798
f 1894 1798 2042
f 2042 1798 1794
f 1895 1801 1891
f 1891 1801 1789
f 1809 1896 1810
f 1810 1896 1897
f 1810 1897 1807
f 1807 1897 1898
f 1807 1898 1808
f 1801 1895 1813
f 1813 1895 1899
f 1813 1899 1809
f 1809 1899 2027
f 1809 2027 1896
f 1808 1898 1699
f 1699 1898 1862
f 1647 1862 1898
f 1698 1820 1817
f 1817 1820 2024
f 1817 2024 1900
f 1817 1900 1826
f 1901 1821 1902
f 1902 1821 1832
f 1902 1832 1903
f 1903 1832 1831
f 1903 1831 1904
f 1904 1831 1830
f 1904 1830 1900
f 1900 1830 1826
f 1821 1847 1833
f 1905 1847 1901
f 1901 1847 1821
f 1847 1905 1995
f 1909 1910 1911
f 1914 1870 1871
f 1915 1916 1913
f 1913 1916 1914
f 1917 1918 1913
f 1913 1918 1915
f 1914 1871 1913
f 1913 1871 1872
f 1913 1872 1873
f 1913 1873 1874
f 1913 1874 1875
f 1913 1875 1876
f 1917 1913 1911
f 1911 1913 1912
f 1911 1912 1909
f 1917 1911 1644
f 1644 1911 1910
f 1644 1910 1908
f 1644 1908 1645
f 1645 1908 1919
f 1919 1908 1920
f 1920 1908 1910
f 1920 1910 1921
f 1921 1910 1909
f 1921 1909 1922
f 1922 1909 1912
f 1922 1912 1923
f 1912 1913 1923
f 1923 1913 1876
f 1923 1876 2023
f 1870 1914 1877
f 1877 1914 1928
f 1928 1914 1924
f 1924 1914 1916
f 1924 1916 1925
f 1925 1916 1915
f 1925 1915 1926
f 1926 1915 1918
f 1926 1918 1927
f 1918 1917 1927
f 1927 1917 1652
f 1927 1652 1653
f 1645 1919 1869
f 2021 1919 2023
f 1919 1920 1921
f 1919 1921 1922
f 1919 1922 1923
f 2023 1919 1923
f 1925 1926 1963
f 1928 1963 1929
f 1928 1929 1878
f 1928 1878 1879
f 1928 1879 1880
f 1928 1880 1881
f 1928 1881 1877
f 1963 1928 1924
f 1963 1924 1925
f 1653 1963 1926
f 1653 1926 1927
f 1907 1929 1963
f 1907 1906 1929
f 1930 1889 1787
f 1930 1787 1931
f 1931 1787 1932
f 1932 1787 1933
f 1889 1930 1944
f 1944 1930 1934
f 1934 1930 1931
f 1934 1931 1935
f 1935 1931 1932
f 1935 1932 1936
f 1936 1932 1933
f 1936 1933 1937
f 1933 1787 1937
f 1937 1787 1788
f 1939 1940 1941
f 1935 1936 1945
f 1937 1788 1887
f 1936 1937 1945
f 1945 1937 1887
f 1945 1887 1886
f 1941 1945 1884
f 1884 1945 1885
f 1885 1945 1886
f 1888 1883 1941
f 1941 1883 1942
f 1941 1942 1943
f 1944 1934 1935
f 1935 1945 1944
f 1941 1943 1939
f 1944 1945 1616
f 1616 1945 1941
f 1616 1941 1940
f 1616 1940 1938
f 1882 1946 1883
f 1883 1946 1942
f 1942 1946 1943
f 1943 1946 1947
f 1943 1947 1939
f 1939 1947 1948
f 1939 1948 1940
f 1940 1948 1949
f 1940 1949 1938
f 1949 1950 1938
f 1938 1950 1615
f 1938 1615 1616
f 1948 1947 1620
f 1620 1947 1946
f 1950 1949 1620
f 1620 1949 1948
f 1946 1882 1620
f 1620 1882 1763
f 1620 1763 1906
f 1952 1906 1907
f 1953 1952 1954
f 1954 1952 1955
f 1955 1952 1956
f 1956 1952 1957
f 1957 1952 1907
f 1957 1907 1649
f 1952 1953 1625
f 1625 1953 1962
f 1962 1953 1958
f 1958 1953 1954
f 1958 1954 1959
f 1959 1954 1955
f 1959 1955 1960
f 1960 1955 1956
f 1960 1956 1961
f 1956 1957 1961
f 1961 1957 1649
f 1961 1649 1650
f 1959 1960 1962
f 1962 1627 1626
f 1962 1626 1625
f 1628 1962 1963
f 1962 1958 1959
f 1963 1962 1650
f 1650 1962 1960
f 1650 1960 1961
f 1964 1965 1967
f 1966 1820 1852
f 1965 1966 1967
f 1967 1966 1852
f 1967 1852 1853
f 1853 1854 1967
f 1967 1854 1970
f 1970 1851 1971
f 1851 1850 1971
f 1971 1850 1849
f 1971 1849 1968
f 1646 1969 1967
f 1967 1969 1964
f 1972 1971 1968
f 1972 1968 1973
f 1646 1967 1970
f 1646 1970 1971
f 1646 1971 1648
f 1648 1971 1972
f 1849 1848 1974
f 1849 1974 1968
f 1968 1974 1975
f 1968 1975 1973
f 1973 1975 1642
f 1973 1642 1972
f 1647 1976 1646
f 1646 1976 1969
f 1969 1976 1977
f 1969 1977 1964
f 1964 1977 1978
f 1964 1978 1965
f 1965 1978 1979
f 1965 1979 1966
f 1979 1855 1966
f 1966 1855 1820
f 1642 1975 1632
f 1975 1974 1632
f 1974 1848 1632
f 1848 1840 1980
f 1848 1980 1981
f 1848 1981 1842
f 1976 1647 1855
f 1976 1855 1977
f 1977 1855 1978
f 1978 1855 1979
f 1839 1982 1840
f 1840 1982 1980
f 1980 1982 1983
f 1980 1983 1981
f 1843 1842 1984
f 1984 1842 1981
f 1984 1981 1985
f 1985 1981 1983
f 1681 1679 1989
f 1985 1844 1843
f 1987 1845 1988
f 1843 1984 1985
f 1983 1982 1985
f 1679 1671 1989
f 1988 1989 1990
f 1988 1990 1986
f 1683 1681 1989
f 1686 1688 1989
f 1989 1688 1689
f 1989 1689 1683
f 1988 1844 1985
f 1988 1985 1989
f 1989 1985 1982
f 1989 1982 1686
f 1686 1982 1839
f 1989 1671 1673
f 1989 1673 1990
f 1990 1673 1991
f 1990 1991 1986
f 1986 1991 1992
f 1986 1992 1988
f 1988 1992 1987
f 1987 1992 1846
f 1987 1846 1845
f 1898 1820 1855
f 2024 1820 1898
f 1993 1846 1992
f 1993 1992 1991
f 1833 1993 1834
f 1834 1993 1835
f 1835 1993 1836
f 1836 1993 1837
f 1837 1993 1838
f 1838 1993 1991
f 1838 1991 1673
f 1833 1847 1994
f 1833 1994 1993
f 1995 1994 1847
f 1995 1996 1997
f 1995 1997 1998
f 1995 1998 1999
f 1994 1995 1999
f 1901 2000 1905
f 1905 2000 1995
f 1995 2000 1996
f 1996 2000 2001
f 1996 2001 1997
f 1997 2001 2002
f 1997 2002 1998
f 1998 2002 2003
f 1998 2003 1999
f 2003 2004 1999
f 1999 2004 1612
f 1999 1612 1994
f 2000 1901 1902
f 2002 2001 1900
f 1900 2001 2000
f 2004 2003 1900
f 1900 2003 2002
f 2000 1902 1900
f 1900 1902 1903
f 1900 1903 1904
f 2025 1900 2024
f 2004 1900 2025
f 2006 1856 1857
f 2007 2008 2005
f 2005 2008 2006
f 2009 2010 2005
f 2005 2010 2007
f 2006 1857 2005
f 2005 1857 1858
f 2005 1858 1859
f 2005 1859 1860
f 2005 1860 1861
f 2005 1861 1862
f 2005 1862 1647
f 1856 2006 1863
f 1863 2006 2016
f 2016 2006 2011
f 2011 2006 2008
f 2011 2008 2012
f 2012 2008 2007
f 2012 2007 2013
f 2013 2007 2010
f 2013 2010 2014
f 2010 2009 2014
f 2014 2009 1651
f 2014 1651 1654
f 2012 2013 2016
f 2021 2023 1866
f 2016 2021 1866
f 2016 1866 1867
f 1864 2016 1865
f 1868 2016 1867
f 1864 1863 2016
f 1643 2017 2016
f 2016 2017 2015
f 2016 2011 2012
f 1643 2016 1654
f 1654 2016 2013
f 1654 2013 2014
f 1869 2018 1643
f 1643 2018 2017
f 2017 2018 2019
f 2017 2019 2015
f 2015 2019 2020
f 2015 2020 2016
f 2016 2020 2021
f 1869 1919 2021
f 2018 1869 2021
f 2018 2021 2019
f 2019 2021 2020
f 1855 1647 1898
f 1787 2022 1788
f 1788 2022 2023
f 1787 1889 2022
f 2024 1898 2025
f 1898 1897 2025
f 2025 1897 1896
f 2025 1896 2027
f 2027 1899 1895
f 2027 1895 2026
f 2027 2026 2028
f 2025 2027 1617
f 1617 2027 1618
f 1618 2027 2028
f 1614 2029 1889
f 1889 2029 2030
f 1889 2030 2022
f 2029 2031 2030
f 2030 2031 2032
f 2030 2032 2033
f 2030 2033 2034
f 2022 2030 2034
f 1895 1891 2035
f 1895 2035 2026
f 2026 2035 2036
f 2026 2036 2028
f 2028 2036 1619
f 2028 1619 1618
f 1613 2037 1614
f 1614 2037 2029
f 2029 2037 2031
f 2031 2037 2038
f 2031 2038 2032
f 2032 2038 2039
f 2032 2039 2033
f 2033 2039 2040
f 2033 2040 2034
f 2040 2042 2034
f 2034 2042 1890
f 2034 1890 2022
f 2039 2038 2041
f 1619 2036 2043
f 2036 2035 2043
f 2035 1891 1892
f 2035 1892 2043
f 2043 1892 1893
f 2043 1893 1894
f 2043 1894 2042
f 2041 2042 2040
f 2041 2040 2039
f 2043 2042 1613
f 1613 2042 2041
f 1613 2041 2038
f 1613 2038 2037
f 2045 2047 2044
f 2046 2047 2045
f 2061 2048 2049
f 2049 2048 2050
f 2049 2050 2051
f 2051 2050 2052
f 2051 2052 2053
f 2053 2054 2051
f 2051 2054 2055
f 2051 2055 2056
f 2056 2055 2057
f 2058 2059 2060
f 2060 2059 2078
f 2060 2078 2049
f 2049 2078 2061
f 2057 2062 2056
f 2056 2062 2063
f 2056 2063 2060
f 2060 2063 2064
f 2060 2064 2058
f 2139 2067 2065
f 2067 2139 2066
f 2068 2069 2070
f 2070 2069 2071
f 2070 2071 2072
f 2072 2071 2073
f 2072 2073 2074
f 2075 2076 2077
f 2077 2076 2078
f 2077 2078 2070
f 2070 2078 2068
f 2074 2079 2072
f 2072 2079 2055
f 2072 2055 2080
f 2080 2055 2081
f 2081 2082 2080
f 2080 2082 2083
f 2080 2083 2077
f 2077 2083 2084
f 2077 2084 2075
f 2085 2086 2066
f 2087 2088 2080
f 2066 2086 2067
f 2045 2044 2089
f 2089 2044 2090
f 2091 2092 2066
f 2066 2092 2093
f 2066 2093 2085
f 2086 2094 2067
f 2067 2094 2095
f 2067 2095 2096
f 2096 2095 2097
f 2091 2087 2092
f 2092 2087 2080
f 2092 2080 2098
f 2098 2080 2077
f 2098 2077 2099
f 2100 2049 2101
f 2101 2049 2051
f 2101 2051 2102
f 2103 2049 2104
f 2104 2049 2100
f 2104 2100 2044
f 2044 2100 2105
f 2044 2105 2090
f 2106 2107 2077
f 2077 2107 2108
f 2077 2108 2099
f 2099 2108 2109
f 2099 2109 2110
f 2110 2109 2111
f 2110 2111 2112
f 2112 2111 2102
f 2112 2102 2113
f 2113 2102 2051
f 2113 2051 2097
f 2097 2051 2114
f 2097 2114 2096
f 2089 2115 2045
f 2045 2115 2116
f 2045 2116 2117
f 2117 2116 2107
f 2117 2107 2118
f 2118 2107 2106
f 2119 2056 2120
f 2120 2056 2060
f 2120 2060 2121
f 2122 2056 2123
f 2123 2056 2119
f 2123 2119 2065
f 2065 2119 2139
f 2060 2124 2121
f 2121 2124 2125
f 2121 2125 2126
f 2126 2125 2047
f 2047 2046 2127
f 2127 2046 2128
f 2128 2129 2127
f 2127 2129 2130
f 2127 2130 2131
f 2131 2130 2070
f 2131 2070 2132
f 2132 2070 2072
f 2132 2072 2133
f 2134 2139 2132
f 2134 2132 2135
f 2135 2132 2133
f 2136 2137 2138
f 2140 2141 2142
f 2143 2144 2145
f 2146 2147 2140
f 2140 2142 2148
f 2138 2137 2149
f 2149 2137 2150
f 2149 2150 2151
f 2142 2152 2148
f 2148 2152 2153
f 2148 2153 2047
f 2047 2153 2154
f 2149 2155 2139
f 2139 2155 2156
f 2140 2139 2146
f 2146 2139 2157
f 2157 2139 2156
f 2147 2158 2140
f 2140 2158 2159
f 2140 2159 2141
f 2141 2159 2160
f 2141 2160 2161
f 2161 2160 2162
f 2161 2162 2151
f 2162 2163 2151
f 2151 2163 2164
f 2151 2164 2149
f 2149 2164 2165
f 2149 2165 2155
f 2138 2143 2136
f 2136 2143 2145
f 2136 2145 2166
f 2166 2145 2047
f 2166 2047 2167
f 2167 2047 2154
f 2131 2132 2148
f 2148 2132 2140
f 2138 2149 2120
f 2120 2149 2119
f 2131 2148 2127
f 2127 2148 2047
f 2047 2145 2126
f 2126 2145 2144
f 2126 2144 2121
f 2121 2144 2143
f 2121 2143 2120
f 2120 2143 2138
f 2119 2149 2139
f 2132 2139 2140
f 2077 2070 2130
f 2077 2130 2106
f 2106 2130 2129
f 2106 2129 2118
f 2118 2129 2128
f 2118 2128 2117
f 2117 2128 2046
f 2117 2046 2045
f 2066 2139 2134
f 2066 2134 2091
f 2091 2134 2135
f 2091 2135 2087
f 2087 2135 2133
f 2087 2133 2088
f 2088 2133 2072
f 2088 2072 2080
f 2051 2056 2122
f 2051 2122 2114
f 2114 2122 2123
f 2114 2123 2096
f 2096 2123 2065
f 2096 2065 2067
f 2044 2047 2125
f 2044 2125 2104
f 2104 2125 2124
f 2104 2124 2103
f 2103 2124 2060
f 2103 2060 2049
f 2084 2083 2050
f 2050 2083 2052
f 2073 2071 2063
f 2063 2071 2064
f 2057 2055 2079
f 2057 2079 2062
f 2062 2079 2074
f 2062 2074 2063
f 2063 2074 2073
f 2064 2071 2058
f 2058 2071 2069
f 2058 2069 2059
f 2059 2069 2068
f 2059 2068 2078
f 2061 2078 2076
f 2061 2076 2048
f 2048 2076 2075
f 2048 2075 2050
f 2050 2075 2084
f 2052 2083 2053
f 2053 2083 2082
f 2053 2082 2054
f 2054 2082 2081
f 2054 2081 2055
f 2167 2089 2166
f 2166 2089 2090
f 2166 2090 2136
f 2136 2090 2105
f 2136 2105 2137
f 2137 2105 2100
f 2137 2100 2150
f 2150 2100 2101
f 2150 2101 2151
f 2151 2101 2102
f 2151 2102 2161
f 2161 2102 2111
f 2161 2111 2141
f 2141 2111 2109
f 2141 2109 2142
f 2142 2109 2108
f 2142 2108 2152
f 2152 2108 2107
f 2152 2107 2153
f 2153 2107 2116
f 2153 2116 2154
f 2154 2116 2115
f 2154 2115 2167
f 2167 2115 2089
f 2162 2110 2163
f 2163 2110 2112
f 2163 2112 2164
f 2164 2112 2113
f 2164 2113 2165
f 2165 2113 2097
f 2165 2097 2155
f 2155 2097 2095
f 2155 2095 2156
f 2156 2095 2094
f 2156 2094 2157
f 2157 2094 2086
f 2157 2086 2146
f 2146 2086 2085
f 2146 2085 2147
f 2147 2085 2093
f 2147 2093 2158
f 2158 2093 2092
f 2158 2092 2159
f 2159 2092 2098
f 2159 2098 2160
f 2160 2098 2099
f 2160 2099 2162
f 2162 2099 2110
f 2169 2170 2209
f 2209 2170 2189
f 2171 2172 2210
f 2210 2172 2209
f 2210 2209 2189
f 2210 2189 2200
f 2174 2173 2212
f 2173 2175 2212
f 2185 2200 2189
f 2177 2176 2180
f 2178 2179 2180
f 2181 2179 2178
f 2183 2182 2184
f 2184 2182 2168
f 2185 2199 2186
f 2186 2199 2187
f 2185 2189 2176
f 2176 2189 2178
f 2178 2189 2212
f 2212 2168 2178
f 2211 2188 2189
f 2188 2212 2189
f 2209 2172 2192
f 2171 2210 2194
f 2192 2172 2195
f 2195 2172 2171
f 2195 2171 2193
f 2193 2171 2194
f 2199 2185 2176
f 2182 2183 2187
f 2176 2178 2180
f 2180 2179 2177
f 2177 2179 2181
f 2187 2183 2186
f 2186 2183 2184
f 2186 2184 2185
f 2185 2184 2168
f 2178 2168 2182
f 2178 2182 2181
f 2176 2177 2199
f 2199 2177 2181
f 2199 2181 2187
f 2187 2181 2182
f 2194 2211 2196
f 2176 2200 2199
f 2194 2210 2211
f 2194 2196 2198
f 2179 2178 2197
f 2182 2168 2179
f 2179 2168 2178
f 2185 2179 2197
f 2199 2188 2176
f 2200 2176 2188
f 2188 2199 2197
f 2179 2185 2182
f 2212 2178 2168
f 2197 2199 2185
f 2185 2168 2182
f 2211 2200 2188
f 2178 2212 2197
f 2185 2199 2200
f 2197 2212 2188
f 2198 2196 2190
f 2190 2196 2189
f 2189 2196 2211
f 2192 2195 2193
f 2192 2193 2201
f 2201 2193 2194
f 2201 2194 2198
f 2202 2212 2175
f 2175 2173 2203
f 2175 2203 2202
f 2212 2191 2174
f 2174 2191 2204
f 2174 2204 2173
f 2204 2191 2205
f 2206 2190 2207
f 2190 2189 2170
f 2190 2170 2207
f 2207 2170 2169
f 2207 2169 2208
f 2208 2169 2209
f 2209 2192 2208
f 2208 2192 2201
f 2208 2201 2207
f 2207 2201 2206
f 2206 2201 2198
f 2206 2198 2190
f 2191 2212 2202
f 2191 2202 2205
f 2205 2202 2203
f 2205 2203 2204
f 2204 2203 2173
f 2210 2200 2211
f 2238 2213 2214
f 2213 2238 2215
f 2215 2238 2216
f 2215 2216 2217
f 2217 2216 2218
f 2217 2218 2214
f 2214 2218 2219
f 2214 2219 2238
f 2219 2218 2220
f 2221 2222 2223
f 2224 2225 2226
f 2221 2223 2224
f 2224 2223 2227
f 2224 2227 2225
f 2225 2227 2228
f 2225 2228 2232
f 2228 2222 2232
f 2232 2222 2221
f 2232 2221 2229
f 2229 2221 2230
f 2229 2230 2226
f 2226 2230 2231
f 2226 2231 2224
f 2232 2229 2238
f 2238 2229 2216
f 2233 2234 2235
f 2235 2234 2236
f 2219 2233 2238
f 2238 2233 2237
f 2238 2237 2232
f 2237 2239 2232
f 2232 2239 2235
f 2232 2235 2225
f 2225 2235 2236
f 2225 2236 2219
f 2219 2236 2240
f 2219 2240 2233
f 2233 2240 2241
f 2233 2241 2234
f 2218 2216 2226
f 2226 2216 2229
f 2225 2220 2226
f 2242 2243 2217
f 2217 2243 2215
f 2243 2244 2215
f 2215 2244 2213
f 2244 2245 2213
f 2213 2245 2214
f 2245 2242 2214
f 2214 2242 2217
f 2245 2244 2242
f 2242 2244 2243
f 2246 2247 2224
f 2224 2247 2221
f 2247 2248 2221
f 2221 2248 2230
f 2248 2249 2230
f 2230 2249 2231
f 2249 2246 2231
f 2231 2246 2224
f 2249 2248 2246
f 2246 2248 2247
f 2250 2251 2227
f 2227 2251 2228
f 2251 2252 2228
f 2228 2252 2222
f 2252 2253 2222
f 2222 2253 2223
f 2253 2250 2223
f 2223 2250 2227
f 2253 2252 2250
f 2250 2252 2251
f 2220 2225 2219
f 2226 2220 2218
f 2254 2255 2240
f 2240 2255 2241
f 2255 2256 2241
f 2241 2256 2234
f 2256 2257 2234
f 2234 2257 2236
f 2257 2254 2236
f 2236 2254 2240
f 2257 2256 2254
f 2254 2256 2255
f 2258 2259 2233
f 2233 2259 2237
f 2259 2260 2237
f 2237 2260 2239
f 2260 2261 2239
f 2239 2261 2235
f 2261 2258 2235
f 2235 2258 2233
f 2261 2260 2258
f 2258 2260 2259
f 2262 2263 2299
f 2299 2263 2264
f 2265 2264 2266
f 2266 2264 2263
f 2294 2265 2266
f 2299 2294 2267
f 2267 2294 2268
f 2265 2294 2264
f 2264 2294 2299
f 2269 2270 2271
f 2271 2270 2272
f 2271 2272 2273
f 2273 2272 2303
f 2274 2263 2275
f 2263 2301 2273
f 2263 2273 2303
f 2276 2277 2278
f 2278 2277 2279
f 2278 2279 2280
f 2280 2289 2278
f 2278 2289 2281
f 2278 2281 2274
f 2274 2281 2301
f 2274 2301 2263
f 2263 2303 2266
f 2282 2283 2284
f 2266 2303 2282
f 2284 2283 2285
f 2285 2283 2270
f 2285 2270 2286
f 2286 2270 2269
f 2286 2269 2287
f 2287 2269 2288
f 2287 2288 2280
f 2280 2288 2289
f 2268 2293 2290
f 2263 2262 2275
f 2275 2262 2291
f 2275 2291 2292
f 2293 2268 2294
f 2277 2276 2295
f 2277 2295 2290
f 2290 2295 2296
f 2290 2296 2268
f 2268 2296 2267
f 2267 2296 2297
f 2267 2297 2298
f 2298 2297 2292
f 2298 2292 2299
f 2299 2292 2291
f 2282 2284 2266
f 2266 2284 2293
f 2266 2293 2294
f 2300 2280 2279
f 2300 2279 2277
f 2300 2277 2290
f 2300 2290 2293
f 2300 2293 2284
f 2300 2284 2285
f 2300 2285 2286
f 2300 2286 2287
f 2300 2287 2280
f 2302 2301 2281
f 2302 2281 2289
f 2302 2289 2288
f 2302 2288 2269
f 2302 2269 2271
f 2302 2271 2273
f 2302 2273 2301
f 2303 2272 2270
f 2303 2270 2283
f 2303 2283 2282
f 2304 2275 2292
f 2304 2292 2297
f 2304 2297 2296
f 2304 2296 2295
f 2304 2295 2276
f 2304 2276 2278
f 2304 2278 2274
f 2304 2274 2275
f 2299 2267 2298
f 2299 2291 2262
f 2307 2305 2306
f 2308 2383 2305
f 2309 2324 2310
f 2309 2310 2311
f 2312 2311 2313
f 2312 2313 2447
f 2316 2476 2317
f 2316 2317 2318
f 2318 2317 2319
f 2318 2319 2320
f 2321 2322 2323
f 2326 2327 2328
f 2328 2327 2329
f 2328 2329 2321
f 2321 2329 2322
f 2330 2405 2331
f 2330 2331 2332
f 2332 2331 2333
f 2332 2333 2334
f 2335 2334 2336
f 2335 2336 2337
f 2337 2336 2338
f 2337 2338 2339
f 2339 2338 2340
f 2341 2342 2340
f 2340 2342 2339
f 2343 2344 2341
f 2341 2344 2342
f 2345 2346 2343
f 2343 2346 2344
f 2347 2348 2345
f 2345 2348 2346
f 2384 2349 2347
f 2347 2349 2348
f 2384 2307 2349
f 2350 2351 2307
f 2351 2350 2352
f 2352 2350 2353
f 2352 2353 2354
f 2354 2353 2355
f 2354 2355 2466
f 2356 2466 2357
f 2356 2357 2358
f 2358 2357 2359
f 2358 2359 2395
f 2360 2361 2362
f 2362 2361 2363
f 2362 2363 2364
f 2364 2363 2365
f 2369 2368 2360
f 2360 2368 2361
f 2372 2373 2374
f 2377 2375 2376
f 2377 2376 2378
f 2379 2305 2380
f 2382 2380 2381
f 2382 2381 2383
f 2385 2384 2305
f 2305 2384 2386
f 2387 2367 2388
f 2387 2388 2389
f 2389 2388 2390
f 2389 2390 2471
f 2363 2361 2368
f 2365 2363 2368
f 2391 2370 2366
f 2377 2391 2375
f 2366 2373 2391
f 2391 2373 2375
f 2375 2373 2372
f 2366 2365 2378
f 2394 2395 2438
f 2392 2370 2391
f 2392 2391 2396
f 2396 2391 2377
f 2397 2441 2371
f 2371 2441 2402
f 2402 2441 2396
f 2438 2398 2394
f 2394 2398 2399
f 2399 2398 2400
f 2400 2398 2401
f 2400 2401 2397
f 2397 2401 2441
f 2396 2377 2402
f 2402 2377 2378
f 2402 2378 2365
f 2370 2438 2393
f 2393 2438 2395
f 2365 2368 2402
f 2402 2368 2371
f 2397 2371 2367
f 2371 2368 2367
f 2403 2324 2309
f 2447 2403 2312
f 2312 2403 2309
f 2312 2309 2311
f 2447 2314 2326
f 2324 2314 2447
f 2327 2326 2314
f 2314 2404 2327
f 2327 2404 2329
f 2320 2406 2407
f 2407 2406 2408
f 2407 2408 2409
f 2409 2408 2454
f 2409 2454 2455
f 2320 2315 2406
f 2315 2410 2411
f 2411 2410 2412
f 2412 2413 2411
f 2404 2314 2414
f 2410 2415 2412
f 2412 2415 2416
f 2412 2416 2413
f 2413 2416 2461
f 2413 2461 2460
f 2323 2414 2410
f 2410 2414 2415
f 2325 2446 2403
f 2325 2403 2447
f 2414 2323 2404
f 2404 2323 2322
f 2404 2322 2329
f 2446 2324 2403
f 2410 2315 2323
f 2323 2315 2320
f 2424 2420 2423
f 2422 2425 2433
f 2433 2425 2419
f 2476 2426 2427
f 2427 2426 2428
f 2428 2421 2422
f 2428 2422 2429
f 2429 2422 2433
f 2477 2480 2418
f 2430 2480 2471
f 2480 2477 2471
f 2471 2477 2431
f 2471 2431 2432
f 2432 2431 2433
f 2430 2476 2480
f 2480 2476 2418
f 2418 2476 2417
f 2417 2476 2427
f 2433 2419 2466
f 2433 2466 2432
f 2420 2421 2423
f 2423 2421 2428
f 2423 2428 2426
f 2423 2426 2334
f 2423 2334 2434
f 2423 2434 2466
f 2423 2466 2424
f 2424 2466 2419
f 2344 2346 2342
f 2342 2346 2348
f 2342 2308 2339
f 2339 2308 2305
f 2349 2385 2379
f 2379 2380 2349
f 2349 2380 2382
f 2349 2382 2348
f 2349 2307 2385
f 2348 2382 2383
f 2348 2383 2342
f 2342 2383 2308
f 2307 2351 2339
f 2307 2339 2305
f 2385 2305 2379
f 2426 2476 2316
f 2334 2426 2332
f 2332 2426 2316
f 2332 2316 2330
f 2330 2316 2318
f 2318 2320 2407
f 2318 2407 2330
f 2330 2407 2409
f 2409 2455 2330
f 2330 2455 2405
f 2466 2356 2432
f 2471 2432 2389
f 2389 2432 2356
f 2389 2356 2387
f 2387 2356 2358
f 2358 2395 2394
f 2394 2399 2358
f 2358 2399 2400
f 2358 2400 2387
f 2387 2400 2397
f 2387 2397 2367
f 2434 2334 2335
f 2466 2434 2354
f 2354 2434 2335
f 2354 2335 2352
f 2352 2335 2337
f 2352 2337 2351
f 2351 2337 2339
f 2366 2370 2435
f 2435 2373 2366
f 2376 2436 2378
f 2437 2378 2436
f 2376 2374 2436
f 2436 2374 2373
f 2436 2373 2435
f 2376 2375 2374
f 2374 2375 2372
f 2365 2366 2437
f 2437 2366 2378
f 2438 2370 2393
f 2439 2440 2395
f 2395 2440 2438
f 2442 2441 2439
f 2439 2441 2440
f 2442 2443 2441
f 2442 2371 2443
f 2367 2371 2442
f 2438 2393 2395
f 2364 2365 2437
f 2443 2437 2436
f 2443 2436 2444
f 2444 2436 2435
f 2443 2371 2437
f 2437 2445 2364
f 2364 2445 2362
f 2371 2367 2368
f 2371 2368 2437
f 2437 2368 2445
f 2445 2368 2369
f 2445 2369 2362
f 2362 2369 2360
f 2310 2324 2448
f 2448 2447 2313
f 2448 2313 2310
f 2310 2313 2311
f 2447 2314 2324
f 2447 2326 2314
f 2404 2314 2326
f 2414 2404 2328
f 2328 2404 2326
f 2449 2406 2450
f 2449 2450 2451
f 2450 2452 2451
f 2451 2452 2453
f 2451 2453 2454
f 2454 2453 2455
f 2450 2406 2315
f 2457 2315 2458
f 2457 2458 2456
f 2456 2458 2459
f 2456 2459 2413
f 2404 2414 2314
f 2460 2461 2413
f 2413 2461 2456
f 2456 2461 2462
f 2456 2462 2457
f 2457 2462 2414
f 2323 2320 2315
f 2450 2315 2320
f 2323 2315 2457
f 2323 2457 2414
f 2324 2446 2448
f 2323 2414 2321
f 2321 2414 2328
f 2325 2447 2448
f 2325 2448 2446
f 2465 2464 2466
f 2465 2466 2467
f 2467 2468 2469
f 2464 2429 2470
f 2471 2472 2470
f 2429 2464 2473
f 2468 2474 2475
f 2475 2474 2476
f 2475 2476 2463
f 2334 2468 2479
f 2479 2468 2467
f 2479 2467 2466
f 2470 2472 2464
f 2464 2472 2466
f 2334 2474 2468
f 2468 2473 2469
f 2469 2473 2464
f 2470 2478 2471
f 2471 2478 2480
f 2463 2480 2477
f 2477 2480 2478
f 2471 2480 2481
f 2481 2480 2476
f 2463 2476 2480
f 2340 2350 2341
f 2341 2350 2307
f 2341 2307 2306
f 2341 2306 2343
f 2383 2345 2343
f 2383 2343 2305
f 2305 2343 2306
f 2384 2385 2307
f 2345 2383 2347
f 2386 2384 2347
f 2386 2380 2305
f 2347 2383 2381
f 2347 2381 2386
f 2386 2381 2380
f 2388 2367 2442
f 2388 2442 2439
f 2439 2395 2359
f 2439 2359 2388
f 2388 2359 2357
f 2388 2357 2390
f 2357 2466 2472
f 2357 2472 2390
f 2390 2472 2471
f 2331 2405 2455
f 2331 2455 2453
f 2453 2452 2319
f 2319 2452 2450
f 2319 2450 2320
f 2317 2476 2474
f 2453 2319 2331
f 2331 2319 2317
f 2331 2317 2333
f 2333 2317 2474
f 2333 2474 2334
f 2350 2340 2338
f 2350 2338 2353
f 2353 2338 2336
f 2353 2336 2355
f 2336 2334 2479
f 2336 2479 2355
f 2355 2479 2466
f 2435 2370 2392
f 2435 2392 2444
f 2444 2392 2396
f 2444 2396 2443
f 2398 2438 2440
f 2398 2440 2401
f 2401 2440 2441
f 2443 2396 2441
f 2413 2459 2411
f 2411 2459 2458
f 2451 2454 2408
f 2451 2408 2449
f 2449 2408 2406
f 2461 2416 2462
f 2462 2416 2415
f 2462 2415 2414
f 2458 2315 2411
f 2482 2471 2483
f 2482 2483 2484
f 2484 2483 2485
f 2484 2485 2486
f 2486 2485 2487
f 2488 2489 2490
f 2490 2489 2491
f 2490 2491 2492
f 2492 2491 2493
f 2492 2493 2476
f 2483 2471 2481
f 2481 2476 2493
f 2481 2493 2483
f 2483 2493 2491
f 2483 2491 2485
f 2485 2491 2489
f 2485 2489 2487
f 2486 2488 2484
f 2484 2488 2490
f 2484 2490 2482
f 2482 2490 2492
f 2492 2476 2430
f 2492 2430 2482
f 2482 2430 2471
f 2494 2495 2488
f 2488 2495 2489
f 2496 2497 2487
f 2487 2497 2486
f 2495 2496 2489
f 2489 2496 2487
f 2486 2497 2488
f 2488 2497 2494
f 2496 2495 2497
f 2497 2495 2494
f 2421 2469 2422
f 2422 2469 2464
f 2422 2464 2425
f 2467 2469 2420
f 2420 2469 2421
f 2419 2465 2424
f 2424 2465 2467
f 2424 2467 2420
f 2464 2465 2425
f 2425 2465 2419
f 2417 2475 2463
f 2417 2463 2418
f 2418 2463 2477
f 2477 2478 2431
f 2468 2475 2427
f 2427 2475 2417
f 2433 2470 2429
f 2428 2429 2473
f 2428 2473 2468
f 2428 2468 2427
f 2478 2470 2431
f 2431 2470 2433
f 2508 2499 2560
f 2597 2523 2498
f 2498 2523 2500
f 2498 2500 2560
f 2560 2500 2508
f 2500 2523 2501
f 2597 2499 2502
f 2499 2508 2503
f 2499 2503 2502
f 2502 2503 2504
f 2500 2501 2505
f 2505 2501 2506
f 2505 2506 2504
f 2504 2506 2507
f 2504 2507 2502
f 2511 2509 2517
f 2517 2509 2512
f 2509 2508 2510
f 2513 2514 2511
f 2511 2514 2515
f 2511 2515 2509
f 2509 2515 2508
f 2510 2508 2516
f 2510 2516 2523
f 2518 2516 2519
f 2518 2519 2520
f 2520 2519 2521
f 2520 2521 2513
f 2513 2521 2522
f 2513 2522 2514
f 2518 2523 2516
f 2512 2523 2517
f 2524 2525 2526
f 2527 2528 2529
f 2529 2530 2527
f 2527 2530 2531
f 2527 2531 2532
f 2532 2531 2533
f 2532 2533 2534
f 2534 2535 2532
f 2532 2535 2536
f 2532 2536 2537
f 2537 2536 2538
f 2537 2538 2539
f 2526 2540 2541
f 2528 2542 2543
f 2540 2526 2544
f 2544 2526 2525
f 2544 2525 2545
f 2541 2546 2526
f 2526 2546 2547
f 2526 2547 2527
f 2547 2548 2527
f 2527 2548 2549
f 2527 2549 2550
f 2539 2551 2537
f 2537 2551 2552
f 2537 2552 2526
f 2526 2552 2553
f 2526 2553 2524
f 2528 2543 2554
f 2554 2543 2555
f 2554 2555 2525
f 2525 2555 2556
f 2525 2556 2545
f 2550 2557 2527
f 2527 2557 2558
f 2527 2558 2528
f 2528 2558 2559
f 2528 2559 2542
f 2561 2562 2563
f 2564 2565 2566
f 2567 2568 2569
f 2570 2571 2572
f 2572 2571 2573
f 2566 2565 2567
f 2567 2565 2574
f 2567 2574 2568
f 2575 2576 2563
f 2563 2576 2577
f 2563 2577 2572
f 2572 2577 2578
f 2572 2578 2570
f 2569 2579 2567
f 2567 2579 2580
f 2567 2580 2563
f 2563 2580 2581
f 2563 2581 2561
f 2582 2583 2562
f 2562 2583 2584
f 2562 2584 2563
f 2563 2584 2585
f 2563 2585 2575
f 2586 2572 2587
f 2587 2572 2573
f 2587 2573 2588
f 2588 2573 2589
f 2588 2589 2590
f 2586 2591 2572
f 2572 2591 2592
f 2572 2592 2566
f 2566 2592 2593
f 2566 2593 2564
f 2590 2594 2588
f 2588 2594 2595
f 2588 2595 2562
f 2562 2595 2596
f 2562 2596 2582
f 2597 2517 2523
f 2501 2523 2518
f 2501 2518 2506
f 2506 2518 2520
f 2506 2520 2507
f 2507 2520 2513
f 2507 2513 2502
f 2502 2513 2511
f 2502 2511 2597
f 2597 2511 2517
f 2508 2515 2503
f 2503 2515 2514
f 2503 2514 2504
f 2504 2514 2522
f 2504 2522 2505
f 2505 2522 2521
f 2505 2521 2500
f 2500 2521 2519
f 2500 2519 2516
f 2500 2516 2508
f 2548 2577 2549
f 2549 2577 2576
f 2549 2576 2550
f 2550 2576 2575
f 2550 2575 2557
f 2557 2575 2585
f 2557 2585 2558
f 2558 2585 2584
f 2558 2584 2559
f 2559 2584 2583
f 2559 2583 2542
f 2542 2583 2582
f 2542 2582 2543
f 2543 2582 2596
f 2543 2596 2555
f 2555 2596 2595
f 2555 2595 2556
f 2556 2595 2594
f 2556 2594 2545
f 2545 2594 2590
f 2545 2590 2544
f 2544 2590 2589
f 2544 2589 2540
f 2540 2589 2573
f 2540 2573 2541
f 2541 2573 2571
f 2541 2571 2546
f 2546 2571 2570
f 2546 2570 2547
f 2547 2570 2578
f 2547 2578 2548
f 2548 2578 2577
f 2554 2588 2528
f 2528 2588 2562
f 2528 2562 2529
f 2529 2562 2561
f 2529 2561 2530
f 2530 2561 2581
f 2530 2581 2531
f 2531 2581 2580
f 2531 2580 2533
f 2533 2580 2579
f 2533 2579 2534
f 2534 2579 2569
f 2534 2569 2535
f 2535 2569 2568
f 2535 2568 2536
f 2536 2568 2574
f 2536 2574 2538
f 2538 2574 2565
f 2538 2565 2539
f 2539 2565 2564
f 2539 2564 2551
f 2551 2564 2593
f 2551 2593 2552
f 2552 2593 2592
f 2552 2592 2553
f 2553 2592 2591
f 2553 2591 2524
f 2524 2591 2586
f 2524 2586 2525
f 2525 2586 2587
f 2525 2587 2554
f 2554 2587 2588
f 2598 2566 2567
f 2532 2537 2598
f 2599 2526 2527
f 2563 2572 2599
f 2598 2509 2510
f 2566 2598 2510
f 2598 2537 2509
f 2523 2572 2510
f 2510 2572 2566
f 2526 2512 2537
f 2537 2512 2509
f 2599 2572 2523
f 2526 2599 2512
f 2512 2599 2523
f 2598 2567 2560
f 2598 2560 2499
f 2532 2598 2499
f 2563 2498 2567
f 2567 2498 2560
f 2597 2527 2499
f 2499 2527 2532
f 2599 2597 2498
f 2563 2599 2498
f 2599 2527 2597
f 2610 2601 2662
f 2699 2625 2600
f 2600 2625 2602
f 2600 2602 2662
f 2662 2602 2610
f 2602 2625 2603
f 2699 2601 2604
f 2601 2610 2605
f 2601 2605 2604
f 2604 2605 2606
f 2602 2603 2607
f 2607 2603 2608
f 2607 2608 2606
f 2606 2608 2609
f 2606 2609 2604
f 2613 2611 2619
f 2619 2611 2614
f 2611 2610 2612
f 2615 2616 2613
f 2613 2616 2617
f 2613 2617 2611
f 2611 2617 2610
f 2612 2610 2618
f 2612 2618 2625
f 2620 2618 2621
f 2620 2621 2622
f 2622 2621 2623
f 2622 2623 2615
f 2615 2623 2624
f 2615 2624 2616
f 2620 2625 2618
f 2614 2625 2619
f 2626 2627 2628
f 2629 2630 2631
f 2631 2632 2629
f 2629 2632 2633
f 2629 2633 2634
f 2634 2633 2635
f 2634 2635 2636
f 2636 2637 2634
f 2634 2637 2638
f 2634 2638 2639
f 2639 2638 2640
f 2639 2640 2641
f 2628 2642 2643
f 2630 2644 2645
f 2642 2628 2646
f 2646 2628 2627
f 2646 2627 2647
f 2643 2648 2628
f 2628 2648 2649
f 2628 2649 2629
f 2649 2650 2629
f 2629 2650 2651
f 2629 2651 2652
f 2641 2653 2639
f 2639 2653 2654
f 2639 2654 2628
f 2628 2654 2655
f 2628 2655 2626
f 2630 2645 2656
f 2656 2645 2657
f 2656 2657 2627
f 2627 2657 2658
f 2627 2658 2647
f 2652 2659 2629
f 2629 2659 2660
f 2629 2660 2630
f 2630 2660 2661
f 2630 2661 2644
f 2663 2664 2665
f 2666 2667 2668
f 2669 2670 2671
f 2672 2673 2674
f 2674 2673 2675
f 2668 2667 2669
f 2669 2667 2676
f 2669 2676 2670
f 2677 2678 2665
f 2665 2678 2679
f 2665 2679 2674
f 2674 2679 2680
f 2674 2680 2672
f 2671 2681 2669
f 2669 2681 2682
f 2669 2682 2665
f 2665 2682 2683
f 2665 2683 2663
f 2684 2685 2664
f 2664 2685 2686
f 2664 2686 2665
f 2665 2686 2687
f 2665 2687 2677
f 2688 2674 2689
f 2689 2674 2675
f 2689 2675 2690
f 2690 2675 2691
f 2690 2691 2692
f 2688 2693 2674
f 2674 2693 2694
f 2674 2694 2668
f 2668 2694 2695
f 2668 2695 2666
f 2692 2696 2690
f 2690 2696 2697
f 2690 2697 2664
f 2664 2697 2698
f 2664 2698 2684
f 2699 2619 2625
f 2603 2625 2620
f 2603 2620 2608
f 2608 2620 2622
f 2608 2622 2609
f 2609 2622 2615
f 2609 2615 2604
f 2604 2615 2613
f 2604 2613 2699
f 2699 2613 2619
f 2610 2617 2605
f 2605 2617 2616
f 2605 2616 2606
f 2606 2616 2624
f 2606 2624 2607
f 2607 2624 2623
f 2607 2623 2602
f 2602 2623 2621
f 2602 2621 2618
f 2602 2618 2610
f 2650 2679 2651
f 2651 2679 2678
f 2651 2678 2652
f 2652 2678 2677
f 2652 2677 2659
f 2659 2677 2687
f 2659 2687 2660
f 2660 2687 2686
f 2660 2686 2661
f 2661 2686 2685
f 2661 2685 2644
f 2644 2685 2684
f 2644 2684 2645
f 2645 2684 2698
f 2645 2698 2657
f 2657 2698 2697
f 2657 2697 2658
f 2658 2697 2696
f 2658 2696 2647
f 2647 2696 2692
f 2647 2692 2646
f 2646 2692 2691
f 2646 2691 2642
f 2642 2691 2675
f 2642 2675 2643
f 2643 2675 2673
f 2643 2673 2648
f 2648 2673 2672
f 2648 2672 2649
f 2649 2672 2680
f 2649 2680 2650
f 2650 2680 2679
f 2656 2690 2630
f 2630 2690 2664
f 2630 2664 2631
f 2631 2664 2663
f 2631 2663 2632
f 2632 2663 2683
f 2632 2683 2633
f 2633 2683 2682
f 2633 2682 2635
f 2635 2682 2681
f 2635 2681 2636
f 2636 2681 2671
f 2636 2671 2637
f 2637 2671 2670
f 2637 2670 2638
f 2638 2670 2676
f 2638 2676 2640
f 2640 2676 2667
f 2640 2667 2641
f 2641 2667 2666
f 2641 2666 2653
f 2653 2666 2695
f 2653 2695 2654
f 2654 2695 2694
f 2654 2694 2655
f 2655 2694 2693
f 2655 2693 2626
f 2626 2693 2688
f 2626 2688 2627
f 2627 2688 2689
f 2627 2689 2656
f 2656 2689 2690
f 2700 2668 2669
f 2634 2639 2700
f 2701 2628 2629
f 2665 2674 2701
f 2700 2611 2612
f 2668 2700 2612
f 2700 2639 2611
f 2625 2674 2612
f 2612 2674 2668
f 2628 2614 2639
f 2639 2614 2611
f 2701 2674 2625
f 2628 2701 2614
f 2614 2701 2625
f 2700 2669 2662
f 2700 2662 2601
f 2634 2700 2601
f 2665 2600 2669
f 2669 2600 2662
f 2699 2629 2601
f 2601 2629 2634
f 2701 2699 2600
f 2665 2701 2600
f 2701 2629 2699
f 2702 2742 2724
f 2742 2702 2718
f 2718 2702 2703
f 2704 2718 2703
f 2725 2723 2706
f 2725 2706 2705
f 2705 2706 2707
f 2707 2706 2708
f 2723 2742 2709
f 2709 2742 2718
f 2709 2718 2710
f 2709 2710 2711
f 2711 2710 2712
f 2711 2712 2713
f 2713 2712 2714
f 2713 2714 2715
f 2715 2714 2716
f 2715 2716 2717
f 2717 2716 2718
f 2717 2718 2708
f 2708 2718 2704
f 2708 2704 2719
f 2719 2704 2720
f 2721 2722 2720
f 2720 2722 2719
f 2724 2723 2725
f 2724 2725 2726
f 2726 2725 2727
f 2728 2729 2727
f 2727 2729 2726
f 2730 2728 2727
f 2708 2719 2707
f 2707 2719 2722
f 2731 2705 2732
f 2732 2705 2707
f 2732 2707 2733
f 2722 2734 2707
f 2707 2734 2735
f 2707 2735 2733
f 2731 2730 2705
f 2705 2730 2727
f 2705 2727 2725
f 2736 2734 2721
f 2721 2734 2722
f 2734 2736 2735
f 2735 2736 2737
f 2735 2737 2733
f 2733 2737 2738
f 2733 2738 2732
f 2732 2738 2739
f 2732 2739 2731
f 2731 2739 2740
f 2731 2740 2730
f 2730 2740 2741
f 2730 2741 2728
f 2728 2741 2729
f 2721 2720 2704
f 2724 2726 2702
f 2702 2726 2729
f 2702 2729 2741
f 2704 2703 2721
f 2721 2703 2737
f 2721 2737 2736
f 2741 2740 2702
f 2702 2740 2739
f 2702 2739 2703
f 2703 2739 2738
f 2703 2738 2737
f 2742 2723 2724
f 2712 2710 2714
f 2714 2710 2718
f 2714 2718 2716
f 2711 2708 2709
f 2709 2708 2706
f 2709 2706 2723
f 2717 2708 2715
f 2715 2708 2713
f 2713 2708 2711
f 2743 2783 2765
f 2783 2743 2759
f 2759 2743 2744
f 2745 2759 2744
f 2766 2764 2747
f 2766 2747 2746
f 2746 2747 2748
f 2748 2747 2749
f 2764 2783 2750
f 2750 2783 2759
f 2750 2759 2751
f 2750 2751 2752
f 2752 2751 2753
f 2752 2753 2754
f 2754 2753 2755
f 2754 2755 2756
f 2756 2755 2757
f 2756 2757 2758
f 2758 2757 2759
f 2758 2759 2749
f 2749 2759 2745
f 2749 2745 2760
f 2760 2745 2761
f 2762 2763 2761
f 2761 2763 2760
f 2765 2764 2766
f 2765 2766 2767
f 2767 2766 2768
f 2769 2770 2768
f 2768 2770 2767
f 2771 2769 2768
f 2749 2760 2748
f 2748 2760 2763
f 2772 2746 2773
f 2773 2746 2748
f 2773 2748 2774
f 2763 2775 2748
f 2748 2775 2776
f 2748 2776 2774
f 2772 2771 2746
f 2746 2771 2768
f 2746 2768 2766
f 2777 2775 2762
f 2762 2775 2763
f 2775 2777 2776
f 2776 2777 2778
f 2776 2778 2774
f 2774 2778 2779
f 2774 2779 2773
f 2773 2779 2780
f 2773 2780 2772
f 2772 2780 2781
f 2772 2781 2771
f 2771 2781 2782
f 2771 2782 2769
f 2769 2782 2770
f 2762 2761 2745
f 2765 2767 2743
f 2743 2767 2770
f 2743 2770 2782
f 2745 2744 2762
f 2762 2744 2778
f 2762 2778 2777
f 2782 2781 2743
f 2743 2781 2780
f 2743 2780 2744
f 2744 2780 2779
f 2744 2779 2778
f 2783 2764 2765
f 2753 2751 2755
f 2755 2751 2759
f 2755 2759 2757
f 2752 2749 2750
f 2750 2749 2747
f 2750 2747 2764
f 2758 2749 2756
f 2756 2749 2754
f 2754 2749 2752
f 2784 2785 2786
f 2784 2786 2787
f 2787 2786 2788
f 2787 2788 2789
f 2785 2799 2786
f 2790 2799 2791
f 2790 2791 2792
f 2791 2793 2792
f 2792 2793 2794
f 2795 2796 2797
f 2797 2796 2798
f 2797 2798 2789
f 2795 2799 2796
f 2800 2801 2802
f 2802 2801 2803
f 2802 2803 2794
f 2800 2799 2801
f 2787 2789 2798
f 2787 2798 2784
f 2788 2797 2789
f 2794 2803 2792
f 2793 2802 2794
f 2802 2793 2800
f 2800 2793 2791
f 2800 2791 2799
f 2801 2799 2790
f 2801 2790 2803
f 2803 2790 2792
f 2797 2788 2795
f 2795 2788 2786
f 2795 2786 2799
f 2796 2799 2785
f 2796 2785 2798
f 2798 2785 2784
f 2804 2863 2805
f 2819 2863 2804
f 2808 2809 2806
f 2809 2805 2807
f 2809 2807 2806
f 2819 2805 2809
f 2806 2809 2808
f 2819 2804 2805
f 2809 2863 2819
f 2806 2807 2805
f 2805 2863 2806
f 2806 2863 2809
f 2817 2811 2813
f 2813 2811 2812
f 2814 2815 2816
f 2816 2813 2814
f 2814 2813 2812
f 2814 2812 2815
f 2815 2812 2811
f 2818 2813 2816
f 2818 2817 2813
f 2817 2815 2811
f 2810 2815 2817
f 2818 2810 2817
f 2815 2810 2816
f 2816 2810 2818
f 2820 2821 2822
f 2824 2825 2826
f 2826 2825 2827
f 2827 2825 2828
f 2829 2830 2831
f 2831 2830 2832
f 2831 2832 2834
f 2834 2832 2833
f 2834 2833 2835
f 2834 2835 2836
f 2823 2837 2838
f 2839 2849 2840
f 2840 2849 2841
f 2863 2834 2836
f 2863 2836 2821
f 2821 2836 2842
f 2821 2842 2843
f 2821 2843 2822
f 2829 2831 2841
f 2829 2841 2844
f 2844 2841 2845
f 2845 2841 2820
f 2845 2820 2846
f 2846 2820 2822
f 2839 2847 2849
f 2849 2847 2848
f 2849 2848 2850
f 2849 2850 2852
f 2852 2850 2851
f 2852 2851 2853
f 2852 2853 2854
f 2824 2840 2825
f 2825 2840 2841
f 2825 2841 2831
f 2855 2852 2828
f 2828 2852 2854
f 2828 2854 2856
f 2828 2856 2827
f 2857 2855 2858
f 2858 2855 2838
f 2858 2838 2859
f 2859 2838 2837
f 2860 2861 2862
f 2862 2861 2805
f 2860 2804 2861
f 2861 2804 2819
f 2807 2805 2864
f 2805 2865 2866
f 2805 2866 2867
f 2805 2867 2864
f 2868 2809 2869
f 2869 2809 2808
f 2869 2808 2870
f 2870 2808 2871
f 2871 2808 2872
f 2873 2874 2875
f 2875 2874 2876
f 2876 2874 2877
f 2873 2865 2874
f 2874 2865 2805
f 2872 2808 2878
f 2878 2808 2806
f 2868 2879 2809
f 2809 2879 2880
f 2809 2880 2882
f 2882 2880 2881
f 2881 2883 2882
f 2882 2883 2884
f 2882 2884 2886
f 2886 2884 2885
f 2864 2887 2807
f 2807 2887 2888
f 2807 2888 2806
f 2806 2888 2889
f 2806 2889 2890
f 2885 2878 2886
f 2886 2878 2806
f 2886 2806 2877
f 2877 2806 2890
f 2877 2890 2891
f 2877 2891 2876
f 2823 2819 2804
f 2823 2804 2857
f 2857 2804 2805
f 2857 2805 2855
f 2855 2805 2852
f 2852 2805 2849
f 2849 2805 2807
f 2849 2807 2806
f 2849 2806 2841
f 2841 2806 2808
f 2841 2808 2820
f 2820 2808 2821
f 2821 2808 2809
f 2821 2809 2863
f 2823 2861 2819
f 2855 2805 2838
f 2838 2805 2861
f 2838 2861 2823
f 2863 2809 2834
f 2834 2809 2882
f 2834 2882 2831
f 2831 2882 2886
f 2831 2886 2825
f 2825 2886 2877
f 2825 2877 2828
f 2828 2877 2874
f 2828 2874 2855
f 2855 2874 2805
f 2885 2829 2878
f 2878 2829 2844
f 2878 2844 2872
f 2872 2844 2845
f 2872 2845 2871
f 2871 2845 2846
f 2871 2846 2870
f 2870 2846 2822
f 2870 2822 2869
f 2869 2822 2843
f 2869 2843 2868
f 2868 2843 2842
f 2868 2842 2879
f 2879 2842 2836
f 2879 2836 2880
f 2880 2836 2835
f 2880 2835 2881
f 2881 2835 2833
f 2881 2833 2883
f 2883 2833 2832
f 2883 2832 2884
f 2884 2832 2830
f 2884 2830 2885
f 2885 2830 2829
f 2866 2851 2867
f 2867 2851 2850
f 2867 2850 2864
f 2864 2850 2848
f 2864 2848 2887
f 2887 2848 2847
f 2887 2847 2888
f 2888 2847 2839
f 2888 2839 2889
f 2889 2839 2840
f 2889 2840 2890
f 2890 2840 2824
f 2890 2824 2891
f 2891 2824 2826
f 2891 2826 2876
f 2876 2826 2827
f 2876 2827 2875
f 2875 2827 2856
f 2875 2856 2873
f 2873 2856 2854
f 2873 2854 2865
f 2865 2854 2853
f 2865 2853 2866
f 2866 2853 2851
f 2804 2823 2857
f 2804 2857 2805
f 2805 2857 2858
f 2805 2858 2862
f 2862 2858 2859
f 2862 2859 2860
f 2860 2859 2837
f 2860 2837 2804
f 2804 2837 2823
f 2892 2893 2894
f 2908 2894 2893
f 2895 2896 2897
f 2898 2899 2894
f 2894 2899 2900
f 2894 2900 2892
f 2892 2900 2901
f 2892 2901 2902
f 2902 2901 2903
f 2902 2903 2904
f 2897 2904 2905
f 2897 2905 2895
f 2919 2906 2898
f 2898 2906 2896
f 2898 2896 2895
f 2894 2919 2898
f 2894 2908 2919
f 2906 2912 2893
f 2893 2912 2907
f 2907 2893 2921
f 2925 2921 2893
f 2909 2931 2910
f 2910 2935 2909
f 2909 2935 2911
f 2911 2921 2925
f 2907 2921 2935
f 2907 2912 2906
f 2922 2924 2915
f 2922 2915 2926
f 2911 2925 2915
f 2915 2924 2916
f 2910 2931 2913
f 2910 2913 2914
f 2915 2916 2931
f 2931 2916 2913
f 2922 2906 2924
f 2924 2906 2913
f 2913 2906 2917
f 2913 2917 2914
f 2914 2917 2935
f 2935 2917 2907
f 2907 2917 2912
f 2918 2898 2895
f 2918 2895 2905
f 2918 2905 2904
f 2918 2904 2903
f 2918 2903 2901
f 2918 2901 2900
f 2918 2900 2899
f 2918 2899 2898
f 2908 2893 2918
f 2908 2918 2919
f 2918 2893 2920
f 2918 2920 2919
f 2919 2920 2906
f 2920 2893 2906
f 2893 2907 2906
f 2904 2920 2902
f 2902 2920 2892
f 2892 2920 2893
f 2893 2920 2906
f 2906 2920 2896
f 2896 2920 2897
f 2897 2920 2904
f 2925 2893 2921
f 2907 2921 2893
f 2935 2921 2911
f 2923 2924 2922
f 2893 2926 2919
f 2925 2923 2893
f 2893 2923 2922
f 2893 2922 2926
f 2926 2893 2919
f 2926 2915 2922
f 2925 2893 2926
f 2922 2915 2925
f 2922 2925 2926
f 2912 2935 2907
f 2907 2935 2921
f 2922 2924 2927
f 2906 2922 2912
f 2912 2922 2927
f 2912 2927 2928
f 2928 2927 2929
f 2925 2921 2931
f 2930 2931 2921
f 2930 2921 2935
f 2931 2923 2925
f 2928 2929 2932
f 2928 2932 2933
f 2933 2932 2916
f 2933 2916 2934
f 2914 2912 2933
f 2914 2933 2934
f 2914 2934 2930
f 2930 2934 2931
f 2934 2916 2923
f 2923 2916 2924
f 2912 2914 2935
f 2931 2909 2911
f 2931 2911 2923
f 2923 2911 2915
f 2923 2915 2934
f 2934 2915 2931
f 2912 2917 2933
f 2933 2917 2928
f 2928 2917 2912
f 2912 2917 2906
f 2932 2924 2916
f 2916 2924 2913
f 2927 2924 2929
f 2929 2924 2932
f 2930 2935 2910
f 2930 2910 2914
f 2936 2976 2958
f 2976 2936 2952
f 2952 2936 2937
f 2938 2952 2937
f 2959 2957 2940
f 2959 2940 2939
f 2939 2940 2941
f 2941 2940 2942
f 2957 2976 2943
f 2943 2976 2952
f 2943 2952 2944
f 2943 2944 2945
f 2945 2944 2946
f 2945 2946 2947
f 2947 2946 2948
f 2947 2948 2949
f 2949 2948 2950
f 2949 2950 2951
f 2951 2950 2952
f 2951 2952 2942
f 2942 2952 2938
f 2942 2938 2953
f 2953 2938 2954
f 2955 2956 2954
f 2954 2956 2953
f 2958 2957 2959
f 2958 2959 2960
f 2960 2959 2961
f 2962 2963 2961
f 2961 2963 2960
f 2964 2962 2961
f 2942 2953 2941
f 2941 2953 2956
f 2965 2939 2966
f 2966 2939 2941
f 2966 2941 2967
f 2956 2968 2941
f 2941 2968 2969
f 2941 2969 2967
f 2965 2964 2939
f 2939 2964 2961
f 2939 2961 2959
f 2970 2968 2955
f 2955 2968 2956
f 2968 2970 2969
f 2969 2970 2971
f 2969 2971 2967
f 2967 2971 2972
f 2967 2972 2966
f 2966 2972 2973
f 2966 2973 2965
f 2965 2973 2974
f 2965 2974 2964
f 2964 2974 2975
f 2964 2975 2962
f 2962 2975 2963
f 2955 2954 2938
f 2958 2960 2936
f 2936 2960 2963
f 2936 2963 2975
f 2938 2937 2955
f 2955 2937 2971
f 2955 2971 2970
f 2975 2974 2936
f 2936 2974 2973
f 2936 2973 2937
f 2937 2973 2972
f 2937 2972 2971
f 2976 2957 2958
f 2946 2944 2948
f 2948 2944 2952
f 2948 2952 2950
f 2945 2942 2943
f 2943 2942 2940
f 2943 2940 2957
f 2951 2942 2949
f 2949 2942 2947
f 2947 2942 2945
f 2977 3017 2999
f 3017 2977 2993
f 2993 2977 2978
f 2979 2993 2978
f 3000 2998 2981
f 3000 2981 2980
f 2980 2981 2982
f 2982 2981 2983
f 2998 3017 2984
f 2984 3017 2993
f 2984 2993 2985
f 2984 2985 2986
f 2986 2985 2987
f 2986 2987 2988
f 2988 2987 2989
f 2988 2989 2990
f 2990 2989 2991
f 2990 2991 2992
f 2992 2991 2993
f 2992 2993 2983
f 2983 2993 2979
f 2983 2979 2994
f 2994 2979 2995
f 2996 2997 2995
f 2995 2997 2994
f 2999 2998 3000
f 2999 3000 3001
f 3001 3000 3002
f 3003 3004 3002
f 3002 3004 3001
f 3005 3003 3002
f 2983 2994 2982
f 2982 2994 2997
f 3006 2980 3007
f 3007 2980 2982
f 3007 2982 3008
f 2997 3009 2982
f 2982 3009 3010
f 2982 3010 3008
f 3006 3005 2980
f 2980 3005 3002
f 2980 3002 3000
f 3011 3009 2996
f 2996 3009 2997
f 3009 3011 3010
f 3010 3011 3012
f 3010 3012 3008
f 3008 3012 3013
f 3008 3013 3007
f 3007 3013 3014
f 3007 3014 3006
f 3006 3014 3015
f 3006 3015 3005
f 3005 3015 3016
f 3005 3016 3003
f 3003 3016 3004
f 2996 2995 2979
f 2999 3001 2977
f 2977 3001 3004
f 2977 3004 3016
f 2979 2978 2996
f 2996 2978 3012
f 2996 3012 3011
f 3016 3015 2977
f 2977 3015 3014
f 2977 3014 2978
f 2978 3014 3013
f 2978 3013 3012
f 3017 2998 2999
f 2987 2985 2989
f 2989 2985 2993
f 2989 2993 2991
f 2986 2983 2984
f 2984 2983 2981
f 2984 2981 2998
f 2992 2983 2990
f 2990 2983 2988
f 2988 2983 2986
f 3018 3058 3040
f 3058 3018 3034
f 3034 3018 3019
f 3020 3034 3019
f 3041 3039 3022
f 3041 3022 3021
f 3021 3022 3023
f 3023 3022 3024
f 3039 3058 3025
f 3025 3058 3034
f 3025 3034 3026
f 3025 3026 3027
f 3027 3026 3028
f 3027 3028 3029
f 3029 3028 3030
f 3029 3030 3031
f 3031 3030 3032
f 3031 3032 3033
f 3033 3032 3034
f 3033 3034 3024
f 3024 3034 3020
f 3024 3020 3035
f 3035 3020 3036
f 3037 3038 3036
f 3036 3038 3035
f 3040 3039 3041
f 3040 3041 3042
f 3042 3041 3043
f 3044 3045 3043
f 3043 3045 3042
f 3046 3044 3043
f 3024 3035 3023
f 3023 3035 3038
f 3047 3021 3048
f 3048 3021 3023
f 3048 3023 3049
f 3038 3050 3023
f 3023 3050 3051
f 3023 3051 3049
f 3047 3046 3021
f 3021 3046 3043
f 3021 3043 3041
f 3052 3050 3037
f 3037 3050 3038
f 3050 3052 3051
f 3051 3052 3053
f 3051 3053 3049
f 3049 3053 3054
f 3049 3054 3048
f 3048 3054 3055
f 3048 3055 3047
f 3047 3055 3056
f 3047 3056 3046
f 3046 3056 3057
f 3046 3057 3044
f 3044 3057 3045
f 3037 3036 3020
f 3040 3042 3018
f 3018 3042 3045
f 3018 3045 3057
f 3020 3019 3037
f 3037 3019 3053
f 3037 3053 3052
f 3057 3056 3018
f 3018 3056 3055
f 3018 3055 3019
f 3019 3055 3054
f 3019 3054 3053
f 3058 3039 3040
f 3028 3026 3030
f 3030 3026 3034
f 3030 3034 3032
f 3027 3024 3025
f 3025 3024 3022
f 3025 3022 3039
f 3033 3024 3031
f 3031 3024 3029
f 3029 3024 3027
f 3059 3099 3081
f 3099 3059 3075
f 3075 3059 3060
f 3061 3075 3060
f 3082 3080 3063
f 3082 3063 3062
f 3062 3063 3064
f 3064 3063 3065
f 3080 3099 3066
f 3066 3099 3075
f 3066 3075 3067
f 3066 3067 3068
f 3068 3067 3069
f 3068 3069 3070
f 3070 3069 3071
f 3070 3071 3072
f 3072 3071 3073
f 3072 3073 3074
f 3074 3073 3075
f 3074 3075 3065
f 3065 3075 3061
f 3065 3061 3076
f 3076 3061 3077
f 3078 3079 3077
f 3077 3079 3076
f 3081 3080 3082
f 3081 3082 3083
f 3083 3082 3084
f 3085 3086 3084
f 3084 3086 3083
f 3087 3085 3084
f 3065 3076 3064
f 3064 3076 3079
f 3088 3062 3089
f 3089 3062 3064
f 3089 3064 3090
f 3079 3091 3064
f 3064 3091 3092
f 3064 3092 3090
f 3088 3087 3062
f 3062 3087 3084
f 3062 3084 3082
f 3093 3091 3078
f 3078 3091 3079
f 3091 3093 3092
f 3092 3093 3094
f 3092 3094 3090
f 3090 3094 3095
f 3090 3095 3089
f 3089 3095 3096
f 3089 3096 3088
f 3088 3096 3097
f 3088 3097 3087
f 3087 3097 3098
f 3087 3098 3085
f 3085 3098 3086
f 3078 3077 3061
f 3081 3083 3059
f 3059 3083 3086
f 3059 3086 3098
f 3061 3060 3078
f 3078 3060 3094
f 3078 3094 3093
f 3098 3097 3059
f 3059 3097 3096
f 3059 3096 3060
f 3060 3096 3095
f 3060 3095 3094
f 3099 3080 3081
f 3069 3067 3071
f 3071 3067 3075
f 3071 3075 3073
f 3068 3065 3066
f 3066 3065 3063
f 3066 3063 3080
f 3074 3065 3072
f 3072 3065 3070
f 3070 3065 3068
f 3131 3100 3102
f 3102 3100 3101
f 3127 3101 3100
f 3115 3106 3128
f 3106 3115 3114
f 3113 3116 3105
f 3104 3105 3103
f 3105 3104 3113
f 3107 3108 3109
f 3109 3108 3110
f 3109 3110 3111
f 3111 3110 3106
f 3108 3107 3112
f 3108 3112 3104
f 3104 3112 3113
f 3106 3114 3111
f 3128 3106 3104
f 3104 3106 3108
f 3103 3128 3104
f 3100 3126 3127
f 3114 3115 3116
f 3117 3126 3118
f 3119 3120 3121
f 3121 3120 3122
f 3121 3122 3123
f 3123 3122 3131
f 3117 3118 3125
f 3117 3125 3101
f 3101 3125 3102
f 3118 3131 3120
f 3120 3119 3124
f 3120 3124 3118
f 3118 3124 3125
f 3102 3125 3123
f 3102 3123 3131
f 3118 3100 3131
f 3128 3103 3105
f 3128 3105 3115
f 3116 3115 3105
f 3117 3101 3127
f 3117 3127 3126
f 3126 3100 3118
f 3113 3114 3116
f 3100 3127 3126
f 3100 3126 3127
f 3129 3106 3110
f 3129 3110 3108
f 3129 3108 3106
f 3130 3107 3109
f 3130 3109 3111
f 3130 3111 3114
f 3130 3114 3113
f 3130 3113 3112
f 3130 3112 3107
f 3131 3122 3120
f 3132 3119 3121
f 3132 3121 3123
f 3132 3123 3125
f 3132 3125 3124
f 3132 3124 3119

