# https://github.com/mikedh/trimesh
v 0.02577361 0.01475000 -0.00087924
v 0.02577361 0.01245000 -0.00087924
v 0.02546743 0.01475000 -0.00062257
v -0.01526804 0.01478346 0.02214951
v -0.01880414 0.01475000 0.01926065
v -0.02194898 0.01475000 0.01558237
v -0.01910192 0.01486780 0.01896535
v -0.01718920 0.01488977 0.02072179
v -0.02334284 0.01488065 0.01356172
v -0.02438439 0.01475000 0.01140043
v -0.02600891 0.01486780 0.00693574
v -0.02603163 0.01475000 0.00685000
v -0.02603163 0.01486780 0.00685000
v 0.02637458 0.01475836 0.00533670
v -0.02597818 0.01486780 -0.00705000
v -0.02597818 0.01475000 -0.00705000
v -0.02441844 0.01486780 -0.01132731
v -0.02429599 0.01475000 -0.01158763
v -0.02324726 0.01488223 -0.01356615
v -0.02182849 0.01475000 -0.01575071
v -0.02050508 0.01488354 -0.01744579
v -0.01865545 0.01475000 -0.01940470
v -0.01712085 0.01488336 -0.02078373
v -0.01393147 0.01490594 -0.02213460
v -0.01062245 0.01475000 -0.02473321
v 0.02501242 0.01475805 0.00991715
v 0.02715126 0.01619729 -0.00007549
v 0.02436398 0.01486780 0.01144398
v 0.02563121 0.01486966 0.00830708
v 0.02268219 0.01477227 0.01449011
v 0.02303310 0.01486780 0.01392999
v 0.01647884 0.01476019 0.02126569
v 0.01994467 0.01477272 0.01804998
v 0.01259182 0.01475000 0.02379105
v 0.01790138 0.01487444 0.02013391
v 0.00812838 0.01475000 0.02566121
v 0.01407874 0.01487630 0.02296829
v 0.00340221 0.01475000 0.02670193
v 0.00981718 0.01487823 0.02508530
v -0.00143393 0.01475000 0.02687958
v 0.00525007 0.01488013 0.02641884
v -0.00622372 0.01475000 0.02618842
v 0.00052035 0.01488186 0.02692737
v -0.00422376 0.01488314 0.02659526
v -0.00602213 0.01475000 -0.02623551
v -0.00687352 0.01486781 -0.02602543
v -0.01062245 0.01486780 -0.02473321
v -0.00122717 0.01475000 -0.02688982
v -0.00227121 0.01486781 -0.02682182
v -0.00602213 0.01486780 -0.02623551
v 0.00360747 0.01475000 -0.02667498
v 0.00239948 0.01486781 -0.02681065
v -0.00122717 0.01486780 -0.02688982
v 0.00832549 0.01475000 -0.02559794
v 0.00699793 0.01486781 -0.02599226
v 0.00360747 0.01486780 -0.02667498
v 0.01138568 0.01486781 -0.02439128
v 0.00832549 0.01486780 -0.02559794
v 0.01543063 0.01486781 -0.02205593
v 0.01277442 0.01486780 -0.02369351
v 0.01797934 0.01487233 -0.02006613
v 0.02004833 0.01477180 -0.01793567
v -0.02611661 0.01475000 0.00685000
v -0.02611661 0.01495000 0.00685000
v -0.02606334 0.01475000 -0.00705000
v -0.02606334 0.01495000 -0.00705000
v 0.02549852 0.01225000 0.00027438
v 0.02496864 0.01275281 0.00007125
v 0.02613450 0.01227813 0.00097585
v 0.02588945 0.01224820 0.00075037
v -0.01299694 0.01500512 -0.02363249
v -0.01364825 0.01225000 0.02188098
v -0.01212537 0.01225000 0.02276022
v -0.01210772 0.01474133 0.02269488
v -0.02087471 -0.00000000 0.01751596
v -0.01926866 -0.00000000 0.01926866
v -0.01751596 -0.00000000 0.02087471
v -0.01562996 -0.00000000 0.02232189
v -0.01362500 -0.00000000 0.02359919
v 0.00932005 -0.00000000 0.02560662
v 0.01362500 -0.00000000 0.02359919
v 0.01751596 -0.00000000 0.02087471
v 0.02087471 -0.00000000 0.01751596
v 0.02359919 -0.00000000 0.01362500
v 0.02560662 -0.00000000 0.00932005
v 0.02683601 -0.00000000 0.00473191
v 0.02725000 -0.00000000 0.00000000
v 0.02683601 -0.00000000 -0.00473191
v -0.01189685 0.01456167 0.02256790
v -0.01183263 0.01225000 0.02258847
v -0.01189786 0.01225000 0.02256754
v -0.01198116 0.01225000 0.02257355
v -0.01197669 0.01460292 0.02257234
v -0.01205474 0.01225000 0.02261305
v -0.01204432 0.01466302 0.02260445
v -0.01209864 0.01225000 0.02266563
v -0.01209867 0.01474249 0.02266566
v -0.01674767 0.01641620 0.01707282
v -0.01420618 0.01312584 0.02053969
v -0.01355621 0.01467732 0.02174830
v -0.01357969 0.01474257 0.02181055
v -0.01357969 0.01225000 0.02181055
v -0.01355494 0.01462039 0.02168198
v -0.01355869 0.01225000 0.02166276
v -0.01355611 0.01225000 0.02174624
v 0.02548791 -0.00125000 -0.00078527
v -0.01206389 -0.00125000 -0.02246581
v 0.01263650 -0.00240911 -0.02437803
v -0.01359764 0.01475357 0.02183853
v -0.01228558 -0.00725105 0.01853956
v -0.01223848 -0.01305398 0.01864637
v -0.01229736 -0.00725000 0.01880229
v -0.01229736 -0.01321667 0.01880229
v 0.02246528 -0.00725000 0.00124952
v 0.02345446 -0.00705294 0.00080382
v 0.02245139 -0.01323611 0.00124906
v 0.02245139 -0.00725000 0.00124906
v 0.02245833 -0.01324305 0.00124930
v 0.02254029 -0.01332216 0.00120380
v 0.01015052 -0.00725000 0.02008026
v 0.01014398 -0.00725000 0.02006800
v 0.01014724 -0.01324305 0.02007414
v 0.01242551 -0.01015152 0.02016787
v 0.01102214 -0.01320956 0.02041122
v 0.01048416 -0.01325000 0.02047349
v 0.01015052 -0.01325000 0.02008026
v -0.01231110 -0.01324305 0.01882483
v -0.01230741 -0.01201000 0.01881895
v -0.01240506 -0.00717392 0.01896141
v -0.01233253 -0.01201000 0.01886057
v -0.01230741 -0.01077000 0.01881895
v -0.01233253 -0.01015000 0.01886057
v -0.01015052 -0.00725000 -0.02008026
v -0.00995150 -0.00725000 -0.02017964
v 0.02240084 -0.00324996 -0.00117956
v 0.02173333 -0.00325000 -0.00582343
v 0.02246528 -0.00725000 -0.00124952
v -0.01183263 0.01455000 -0.02258847
v -0.01183263 0.01225000 -0.02258847
v -0.01206389 0.01225000 -0.02246581
v 0.02547850 0.01455000 0.00104687
v 0.02547850 0.01225000 0.00104687
v -0.01896655 0.02397063 -0.01742133
v -0.02359919 0.00300000 -0.01362500
v -0.02469689 0.00300000 -0.01151635
v -0.02560662 0.00300000 -0.00932005
v -0.02632148 0.00300000 -0.00705282
v -0.02683601 0.00300000 -0.00473191
v -0.02714630 0.00300000 -0.00237499
v -0.02668110 0.00437890 0.00056458
v -0.01665676 0.02388504 0.02156766
v -0.02294043 -0.01917995 -0.01392061
v -0.00003285 -0.01421053 0.02658167
v 0.01221249 -0.00880082 0.01748119
v 0.01245908 -0.01323035 0.01891031
v 0.01223620 -0.01303814 0.01862892
v 0.01230741 -0.01323611 0.01881895
v 0.01133585 0.01475000 0.02428453
v 0.00696730 0.01475000 0.02587850
v 0.00238898 0.01475000 0.02669331
v -0.00226127 0.01475000 0.02670443
v -0.01265759 0.01532536 0.02381749
v -0.02589509 0.01475000 0.00690539
v -0.02669895 0.01475000 0.00232513
v -0.02431157 0.01475000 0.01127774
v -0.02199608 0.01475000 0.01531053
v -0.01901832 0.01475000 0.01888235
v -0.01546796 0.01475000 0.02188566
v -0.01901833 0.01475000 -0.01888235
v -0.02199608 0.01475000 -0.01531053
v -0.02431157 0.01475000 -0.01127774
v -0.02589509 0.01475000 -0.00690539
v -0.02669895 0.01475000 -0.00232513
v -0.02688923 0.01475000 -0.00244320
v -0.02690717 0.01475000 0.00223701
v -0.01180621 0.01454873 0.02260958
v -0.01210047 0.01474628 0.02266886
v 0.02554442 0.01461050 0.00090651
v 0.02556009 0.01462496 0.00089386
v 0.02549025 0.01455911 0.00098165
v 0.02536888 0.01466363 0.00322861
v 0.02569784 0.01475170 0.00085141
v 0.02562212 0.01468665 0.00086283
v -0.00698106 0.01463733 0.02460764
v 0.02568577 0.01475000 -0.00085522
v -0.01198715 0.01461050 -0.02257537
v -0.01200594 0.01462497 -0.02258262
v -0.01189498 0.01455911 -0.02256603
v -0.01002096 0.01466480 -0.02352395
v 0.02503093 0.01468139 -0.00560278
v -0.02245139 -0.00725000 0.00124905
v -0.02246528 -0.00725000 0.00124952
v -0.02245183 -0.00725000 0.00147157
v -0.01770549 -0.00725000 0.01358208
v -0.02238518 -0.00722928 -0.00125894
v -0.02314931 -0.00523658 0.00218000
v -0.02246528 -0.00725000 -0.00124952
v -0.02245139 -0.00725000 -0.00124906
v -0.01226735 -0.00975764 -0.02004942
v 0.02245139 -0.00725000 -0.00124905
v 0.02224692 -0.00725000 -0.00128417
v 0.02222745 -0.00741348 -0.00296284
v 0.01230741 -0.00725000 0.01881895
v 0.01231475 -0.00725000 0.01883074
v 0.01369713 -0.00725000 0.01785045
v 0.02224574 -0.00725000 0.00128464
v 0.02207430 -0.00725000 0.00139926
v 0.02206815 -0.00725000 0.00149322
v 0.02122424 -0.00725000 0.00772785
v 0.02045876 -0.00404535 0.01054593
v 0.00889179 -0.00744206 0.01942509
v 0.01005991 -0.00709989 0.02022698
v -0.02232723 -0.01311257 -0.00125675
v -0.02245833 -0.01324305 -0.00124930
v -0.01231599 -0.01324903 -0.01864363
v -0.01014724 -0.01324305 -0.02007414
v -0.01015152 -0.01324233 -0.02009875
v -0.01003995 -0.01306772 -0.01993189
v -0.01014398 -0.01323611 -0.02006800
v 0.02212593 -0.01289120 -0.00135777
v 0.02248739 -0.01325688 -0.00124890
v 0.02245139 -0.01323611 -0.00124905
v 0.02225149 -0.01303841 -0.00128234
v 0.02077217 -0.01319694 -0.00846853
v 0.02228149 -0.01306772 0.00127109
v 0.02245183 -0.01325000 0.00147157
v 0.02207431 -0.01286875 0.00139919
v 0.02180065 -0.01320769 0.00484878
v -0.01039511 -0.01328776 0.02030957
v -0.00971767 -0.00610592 0.02014947
v 0.00765906 -0.01325000 0.02115629
v 0.00215970 -0.01323461 0.02237209
v 0.02911124 0.01479314 -0.00655539
v 0.02592320 0.00300000 -0.00848455
v 0.02469689 0.00300000 -0.01151635
v 0.02359919 0.00300000 -0.01362500
v 0.02232189 0.00300000 -0.01562996
v 0.02087471 0.00300000 -0.01751596
v 0.01926866 0.00300000 -0.01926866
v 0.01751596 0.00300000 -0.02087471
v 0.01562996 0.00300000 -0.02232189
v 0.01362500 0.00300000 -0.02359919
v 0.01151635 0.00300000 -0.02469689
v 0.00932005 0.00300000 -0.02560662
v 0.00705282 0.00300000 -0.02632148
v 0.00473191 0.00300000 -0.02683601
v -0.01895707 0.00566980 -0.01858189
v -0.01926866 0.00300000 -0.01926866
v -0.02232189 0.00300000 -0.01562996
v -0.02087471 0.00300000 -0.01751596
v -0.02689819 0.01495000 0.00234248
v -0.02680914 0.01493219 -0.00343947
v -0.00684344 0.01475000 -0.02591153
v -0.00226127 0.01475000 -0.02670443
v 0.00238898 0.01475000 -0.02669331
v 0.00696730 0.01475000 -0.02587850
v 0.01257800 0.01476003 -0.02378218
v 0.01659238 0.01475932 -0.02117922
v 0.02060414 0.00500183 0.01652261
v -0.00895470 -0.00534273 -0.02093733
v 0.02191699 -0.00325000 -0.00297963
v -0.01001034 -0.00725000 -0.01990770
v -0.01014398 -0.00725000 -0.02006800
v -0.02096088 -0.01031965 0.00204148
v -0.02252204 -0.01325173 0.00134733
v -0.02245139 -0.01323611 0.00124905
v -0.02225149 -0.01303841 0.00128234
v -0.01252823 -0.01342543 0.01855543
v -0.01230321 -0.01322815 0.01881219
v -0.01842691 -0.01327306 0.01283931
v -0.01148079 -0.01157442 0.02130849
v 0.01227357 -0.00401170 0.01889706
v 0.02254686 -0.00711684 -0.00140427
v 0.02297265 -0.01325000 -0.00115720
v -0.02324321 -0.00704996 -0.00104318
v -0.02253450 -0.01325605 -0.00136223
v -0.01601514 0.01462385 -0.01913303
v -0.01355973 0.01460310 -0.02165860
v -0.01359492 0.01456188 -0.02158782
v -0.01189791 0.01225000 -0.02256753
v -0.01355816 0.01225000 -0.02175612
v -0.01355754 0.01225000 -0.02166771
v -0.01359510 0.01225000 -0.02158766
v -0.01198602 0.01225000 -0.02257502
v -0.01206228 0.01225000 -0.02261977
v 0.02492150 0.01291085 -0.00134755
v 0.02662404 0.01226202 -0.00098966
v 0.02570863 0.01225000 -0.00085739
v 0.02549301 0.01225000 0.00097987
v 0.02554355 0.01225000 0.00090732
v 0.02562043 0.01225000 0.00086365
v 0.02570863 0.01225000 0.00085739
v 0.02570863 0.01475000 -0.00085739
v 0.02541285 0.00300000 -0.00997381
v 0.02441650 0.00300000 -0.01221165
v 0.02322357 0.00300000 -0.01435117
v 0.02184365 0.00300000 -0.01637514
v 0.02028785 0.00300000 -0.01826727
v 0.01856872 0.00300000 -0.02001232
v 0.01670007 0.00300000 -0.02159624
v 0.01469697 0.00300000 -0.02300628
v 0.01257554 0.00300000 -0.02423109
v 0.01035285 0.00300000 -0.02526081
v 0.00804682 0.00300000 -0.02608714
v 0.00567599 0.00300000 -0.02670343
v 0.00325946 0.00300000 -0.02710472
v 0.00129027 0.00299997 -0.02725384
v -0.01915908 0.00300000 -0.01944787
v -0.02082525 0.00300000 -0.01765217
v -0.02232374 0.00300000 -0.01571435
v -0.02364249 0.00300000 -0.01365000
v -0.02477089 0.00300000 -0.01147575
v -0.02569985 0.00300000 -0.00920911
v -0.02642189 0.00300000 -0.00686832
v -0.02693119 0.00300000 -0.00447223
v -0.02722367 0.00300000 -0.00204013
v 0.01329480 -0.00000000 0.02384404
v 0.01733866 -0.00000000 0.02108698
v 0.02082525 -0.00000000 0.01765217
v 0.02364249 -0.00000000 0.01365000
v 0.02569985 -0.00000000 0.00920911
v 0.02693119 -0.00000000 0.00447223
v 0.02729695 -0.00000000 -0.00040839
v 0.02678535 -0.00000000 -0.00527589
v 0.02620459 -0.00000000 -0.00765567
v 0.00385836 -0.02638452 -0.00835441
v -0.00923340 0.00154834 -0.02632761
v -0.02641521 -0.01436481 0.01480239
v -0.02893692 0.01529681 0.00206101
v -0.02184365 -0.00000000 0.01637514
v -0.02028785 -0.00000000 0.01826727
v -0.01856872 -0.00000000 0.02001232
v -0.01670007 -0.00000000 0.02159624
v -0.01469697 -0.00000000 0.02300628
v -0.01257554 -0.00000000 0.02423109
v 0.00316864 -0.00056834 0.02686335
v 0.00647229 -0.00000000 0.02652168
v 0.00882362 -0.00000000 0.02583474
v 0.02417247 -0.01325011 0.00002181
v 0.01164915 -0.00930221 -0.02002715
v 0.02207058 -0.01363154 0.00147016
v 0.01097605 -0.01365254 0.01931967
v -0.01250811 -0.01320209 0.01875737
v -0.02751826 -0.01984960 -0.00082264
v 0.02167957 -0.02055896 0.02247000
v -0.02231901 -0.01324023 -0.00161060
v -0.02067426 -0.01316296 0.00841093
v -0.01905456 -0.01364467 0.01136767
v -0.00958944 -0.01317740 -0.02030164
v 0.02048465 -0.02405546 0.00883446
v 0.00704907 0.01653729 -0.02641970
v -0.01412341 0.01428263 0.02299803
v 0.01641276 0.02041978 0.02144196
v -0.00312717 0.00446337 0.02463755
v -0.02797176 0.00966251 -0.00268188
v -0.01251670 -0.02582214 0.01836478
v -0.01560604 -0.02325000 0.01405174
v -0.01765606 -0.02325000 0.01118363
v -0.01818653 -0.02325000 0.01050000
v -0.01840890 -0.02325000 0.00989557
v -0.01918446 -0.02325000 0.00854147
v -0.01906794 -0.02325000 0.00855708
v -0.01997219 -0.02325000 0.00648936
v -0.02009166 -0.02325000 0.00575633
v -0.02088496 -0.02325000 0.00219510
v -0.02070636 -0.02325000 0.00283840
v -0.02085610 -0.02325000 0.00135399
v -0.02100000 -0.02325000 -0.00000000
v -0.02089955 -0.02325000 -0.00013731
v -0.02088496 -0.02325000 -0.00219510
v -0.02066728 -0.02325000 -0.00311023
v -0.01997219 -0.02325000 -0.00648936
v 0.02088496 -0.02325000 -0.00219510
v 0.02085610 -0.02325000 -0.00135399
v 0.02100000 -0.02325000 0.00000000
v 0.02089955 -0.02325000 0.00013731
v 0.02088496 -0.02325000 0.00219510
v 0.02066728 -0.02325000 0.00311023
v 0.01997219 -0.02325000 0.00648936
v -0.02001428 -0.02325000 -0.00601984
v -0.01953384 -0.02325000 -0.00743230
v -0.01918445 -0.02325000 -0.00854147
v -0.01895386 -0.02325000 -0.00880689
v -0.01818653 -0.02325000 -0.01050000
v -0.01750758 -0.02325000 -0.01141466
v -0.01560604 -0.02325000 -0.01405174
v 0.01560604 -0.02325000 0.01405174
v 0.01468112 -0.02325000 0.01487531
v 0.01405174 -0.02325000 0.01560604
v 0.01358252 -0.02325000 0.01588475
v 0.01234349 -0.02325000 0.01698936
v 0.01118363 -0.02325000 0.01765606
v 0.00854147 -0.02325000 0.01918446
v 0.00436615 -0.02325000 0.02054110
v 0.00283840 -0.02325000 0.02070636
v 0.00219510 -0.02325000 0.02088496
v -0.00013731 -0.02325000 0.02089955
v -0.00000000 -0.02325000 0.02100000
v -0.00311023 -0.02325000 0.02066728
v -0.00436615 -0.02325000 0.02054110
v -0.00457669 -0.02325000 0.02039274
v -0.00601984 -0.02325000 0.02001428
v -0.00648936 -0.02325000 0.01997219
v -0.00880689 -0.02325000 0.01895386
v -0.00854147 -0.02325000 0.01918445
v -0.01141466 -0.02325000 0.01750758
v -0.01234349 -0.02325000 0.01698936
v -0.01263456 -0.02325000 0.01664866
v -0.01405174 -0.02325000 0.01560604
v -0.01379007 -0.02325000 0.01570490
v -0.01588475 -0.02325000 0.01358252
v -0.01570490 -0.02325000 -0.01379007
v -0.01468112 -0.02325000 -0.01487531
v -0.01405174 -0.02325000 -0.01560604
v -0.01358252 -0.02325000 -0.01588475
v -0.01234349 -0.02325000 -0.01698936
v -0.01118363 -0.02325000 -0.01765606
v -0.00854147 -0.02325000 -0.01918446
v 0.02001428 -0.02325000 0.00601984
v 0.01953384 -0.02325000 0.00743230
v 0.01918445 -0.02325000 0.00854147
v 0.01895386 -0.02325000 0.00880689
v 0.01818653 -0.02325000 0.01050000
v 0.01750758 -0.02325000 0.01141466
v 0.01570490 -0.02325000 0.01379007
v 0.01560604 -0.02325000 -0.01405174
v 0.01765606 -0.02325000 -0.01118363
v 0.01818653 -0.02325000 -0.01050000
v 0.01840890 -0.02325000 -0.00989557
v 0.01918446 -0.02325000 -0.00854147
v 0.01906794 -0.02325000 -0.00855708
v 0.01997219 -0.02325000 -0.00648936
v 0.02009166 -0.02325000 -0.00575633
v 0.02070636 -0.02325000 -0.00283840
v 0.00855708 -0.02325000 0.01906794
v 0.00717499 -0.02325000 0.01962981
v 0.00648936 -0.02325000 0.01997219
v 0.00575633 -0.02325000 0.02009166
v 0.00430834 -0.02325000 0.02045112
v -0.00436615 -0.02325000 -0.02054110
v -0.00283840 -0.02325000 -0.02070636
v -0.00219510 -0.02325000 -0.02088496
v 0.00013731 -0.02325000 -0.02089955
v 0.00000000 -0.02325000 -0.02100000
v 0.00311023 -0.02325000 -0.02066728
v 0.00436615 -0.02325000 -0.02054110
v 0.00457669 -0.02325000 -0.02039274
v 0.00601984 -0.02325000 -0.02001428
v 0.00648936 -0.02325000 -0.01997219
v 0.00880689 -0.02325000 -0.01895386
v 0.00854147 -0.02325000 -0.01918445
v 0.01141466 -0.02325000 -0.01750758
v 0.01234349 -0.02325000 -0.01698936
v 0.01263456 -0.02325000 -0.01664866
v 0.01405174 -0.02325000 -0.01560604
v 0.01379007 -0.02325000 -0.01570490
v 0.01588475 -0.02325000 -0.01358252
v -0.00855708 -0.02325000 -0.01906794
v -0.00717499 -0.02325000 -0.01962981
v -0.00648936 -0.02325000 -0.01997219
v -0.00575633 -0.02325000 -0.02009166
v -0.00430834 -0.02325000 -0.02045112
v 0.01818653 -0.02315000 -0.01050000
v 0.01774054 -0.02315000 -0.01123714
v 0.01596075 -0.02315000 -0.01364751
v 0.01560604 -0.02315000 -0.01405174
v 0.01385605 -0.02315000 -0.01578005
v 0.01234349 -0.02315000 -0.01698936
v 0.01146928 -0.02315000 -0.01759135
v 0.00884903 -0.02315000 -0.01904454
v 0.00854147 -0.02315000 -0.01918445
v 0.00604864 -0.02315000 -0.02011005
v 0.00436615 -0.02315000 -0.02054110
v 0.00312511 -0.02315000 -0.02076617
v 0.00013797 -0.02315000 -0.02099955
v 0.00000000 -0.02315000 -0.02100000
v -0.00285198 -0.02315000 -0.02080544
v -0.01123714 -0.02315000 -0.01774054
v -0.00436615 -0.02315000 -0.02054110
v -0.00578387 -0.02315000 -0.02018779
v -0.00854147 -0.02315000 -0.01918446
v -0.00859802 -0.02315000 -0.01915918
v -0.01759135 -0.02315000 -0.01146928
v -0.01234349 -0.02315000 -0.01698936
v -0.01364751 -0.02315000 -0.01596075
v -0.01560604 -0.02315000 -0.01405174
v -0.01578005 -0.02315000 -0.01385605
v -0.01818653 -0.02315000 -0.01050000
v -0.01904454 -0.02315000 -0.00884903
v -0.01997219 -0.02315000 -0.00648936
v -0.02011005 -0.02315000 -0.00604864
v -0.02076617 -0.02315000 -0.00312511
v -0.02088496 -0.02315000 -0.00219510
v -0.02099955 -0.02315000 -0.00013797
v -0.02088496 -0.02315000 0.00219510
v -0.02080544 -0.02315000 0.00285198
v -0.02018779 -0.02315000 0.00578387
v -0.01997219 -0.02315000 0.00648936
v -0.01915918 -0.02315000 0.00859802
v -0.01818653 -0.02315000 0.01050000
v -0.01774054 -0.02315000 0.01123714
v -0.01596075 -0.02315000 0.01364751
v -0.01560604 -0.02315000 0.01405174
v -0.01385605 -0.02315000 0.01578005
v -0.01234349 -0.02315000 0.01698936
v -0.01146928 -0.02315000 0.01759135
v -0.00884903 -0.02315000 0.01904454
v -0.00854147 -0.02315000 0.01918445
v -0.00604864 -0.02315000 0.02011005
v -0.00436615 -0.02315000 0.02054110
v -0.00312511 -0.02315000 0.02076617
v -0.00013797 -0.02315000 0.02099955
v -0.00000000 -0.02315000 0.02100000
v 0.00285198 -0.02315000 0.02080544
v 0.01123714 -0.02315000 0.01774054
v 0.00436615 -0.02315000 0.02054110
v 0.00578387 -0.02315000 0.02018779
v 0.00854147 -0.02315000 0.01918446
v 0.00859802 -0.02315000 0.01915918
v 0.01759135 -0.02315000 0.01146928
v 0.01234349 -0.02315000 0.01698936
v 0.01364751 -0.02315000 0.01596075
v 0.01560604 -0.02315000 0.01405174
v 0.01578005 -0.02315000 0.01385605
v 0.01818653 -0.02315000 0.01050000
v 0.01904454 -0.02315000 0.00884903
v 0.01997219 -0.02315000 0.00648936
v 0.02011005 -0.02315000 0.00604864
v 0.02076617 -0.02315000 0.00312511
v 0.02088496 -0.02315000 0.00219510
v 0.02099955 -0.02315000 0.00013797
v 0.02088496 -0.02315000 -0.00219510
v 0.02080544 -0.02315000 -0.00285198
v 0.02018779 -0.02315000 -0.00578387
v 0.01997219 -0.02315000 -0.00648936
v 0.01915918 -0.02315000 -0.00859802
v -0.01385103 -0.02318827 0.01577433
v -0.01595497 -0.02318827 0.01364256
v -0.01915223 -0.02318827 0.00859491
v -0.02018047 -0.02318827 0.00578178
v -0.02099193 -0.02318827 -0.00013792
v -0.02075864 -0.02318827 -0.00312398
v -0.01903764 -0.02318827 -0.00884582
v -0.01758497 -0.02318827 -0.01146512
v -0.01364256 -0.02318827 -0.01595497
v -0.01123307 -0.02318827 -0.01773410
v -0.00578178 -0.02318827 -0.02018047
v -0.00285095 -0.02318827 -0.02079790
v 0.00013792 -0.02318827 -0.02099193
v 0.00604645 -0.02318827 -0.02010276
v 0.00884582 -0.02318827 -0.01903764
v -0.01143557 -0.02324239 0.01753964
v -0.01768839 -0.02324239 0.01120411
v -0.02074428 -0.02324239 0.00284360
v -0.02005093 -0.02324239 -0.00603086
v -0.01573366 -0.02324239 -0.01381532
v -0.00857275 -0.02324239 -0.01910285
v -0.00576687 -0.02324239 -0.02012845
v 0.00311593 -0.02324239 -0.02070512
v 0.01143557 -0.02324239 -0.01753964
v 0.00882302 -0.02324239 -0.01898856
v 0.01145328 -0.02322071 -0.01756682
v 0.00883669 -0.02322071 -0.01901798
v 0.01146512 -0.02318827 -0.01758497
v 0.00603086 -0.02324239 -0.02005093
v 0.00604020 -0.02322071 -0.02008200
v 0.00312398 -0.02318827 -0.02075864
v 0.00312076 -0.02322071 -0.02073720
v 0.00013757 -0.02324239 -0.02093782
v 0.00013778 -0.02322071 -0.02097026
v -0.00284360 -0.02324239 -0.02074428
v -0.00284800 -0.02322071 -0.02077642
v -0.00577581 -0.02322071 -0.02015963
v -0.00859491 -0.02318827 -0.01915223
v -0.00858603 -0.02322071 -0.01913245
v -0.01120411 -0.02324239 -0.01768839
v -0.01122147 -0.02322071 -0.01771579
v -0.01360739 -0.02324239 -0.01591383
v -0.01362847 -0.02322071 -0.01593849
v -0.01577433 -0.02318827 -0.01385103
v -0.01575804 -0.02322071 -0.01383672
v -0.01753964 -0.02324239 -0.01143557
v -0.01756682 -0.02322071 -0.01145328
v -0.01898856 -0.02324239 -0.00882302
v -0.01901798 -0.02322071 -0.00883669
v -0.02010276 -0.02318827 -0.00604645
v -0.02008200 -0.02322071 -0.00604020
v -0.02070512 -0.02324239 -0.00311593
v -0.02073720 -0.02322071 -0.00312076
v -0.02093782 -0.02324239 -0.00013757
v -0.02097026 -0.02322071 -0.00013778
v -0.02079790 -0.02318827 0.00285095
v -0.02077642 -0.02322071 0.00284800
v -0.02012845 -0.02324239 0.00576687
v -0.02015963 -0.02322071 0.00577581
v -0.01910285 -0.02324239 0.00857275
v -0.01913245 -0.02322071 0.00858603
v -0.01773410 -0.02318827 0.01123307
v -0.01771579 -0.02322071 0.01122147
v -0.01591383 -0.02324239 0.01360739
v -0.01593849 -0.02322071 0.01362847
v -0.01381532 -0.02324239 0.01573366
v -0.01383672 -0.02322071 0.01575804
v -0.01146512 -0.02318827 0.01758497
v -0.01145328 -0.02322071 0.01756682
v 0.01385103 -0.02318827 -0.01577433
v 0.01595497 -0.02318827 -0.01364256
v 0.01915223 -0.02318827 -0.00859491
v 0.02018047 -0.02318827 -0.00578178
v 0.02099193 -0.02318827 0.00013792
v 0.02075864 -0.02318827 0.00312398
v 0.01903764 -0.02318827 0.00884582
v 0.01758497 -0.02318827 0.01146512
v 0.01364256 -0.02318827 0.01595497
v 0.01123307 -0.02318827 0.01773410
v 0.00578178 -0.02318827 0.02018047
v 0.00285095 -0.02318827 0.02079790
v -0.00013792 -0.02318827 0.02099193
v -0.00604645 -0.02318827 0.02010276
v -0.00884582 -0.02318827 0.01903764
v 0.01768839 -0.02324239 -0.01120411
v 0.02074428 -0.02324239 -0.00284360
v 0.02005093 -0.02324239 0.00603086
v 0.01573366 -0.02324239 0.01381532
v 0.00857275 -0.02324239 0.01910285
v 0.00576687 -0.02324239 0.02012845
v -0.00311593 -0.02324239 0.02070512
v -0.00882302 -0.02324239 0.01898856
v -0.00883669 -0.02322071 0.01901798
v -0.00603086 -0.02324239 0.02005093
v -0.00604020 -0.02322071 0.02008200
v -0.00312398 -0.02318827 0.02075864
v -0.00312076 -0.02322071 0.02073720
v -0.00013757 -0.02324239 0.02093782
v -0.00013778 -0.02322071 0.02097026
v 0.00284360 -0.02324239 0.02074428
v 0.00284800 -0.02322071 0.02077642
v 0.00577581 -0.02322071 0.02015963
v 0.00859491 -0.02318827 0.01915223
v 0.00858603 -0.02322071 0.01913245
v 0.01120411 -0.02324239 0.01768839
v 0.01122147 -0.02322071 0.01771579
v 0.01360739 -0.02324239 0.01591383
v 0.01362847 -0.02322071 0.01593849
v 0.01577433 -0.02318827 0.01385103
v 0.01575804 -0.02322071 0.01383672
v 0.01753964 -0.02324239 0.01143557
v 0.01756682 -0.02322071 0.01145328
v 0.01898856 -0.02324239 0.00882302
v 0.01901798 -0.02322071 0.00883669
v 0.02010276 -0.02318827 0.00604645
v 0.02008200 -0.02322071 0.00604020
v 0.02070512 -0.02324239 0.00311593
v 0.02073720 -0.02322071 0.00312076
v 0.02093782 -0.02324239 0.00013757
v 0.02097026 -0.02322071 0.00013778
v 0.02079790 -0.02318827 -0.00285095
v 0.02077642 -0.02322071 -0.00284800
v 0.02012845 -0.02324239 -0.00576687
v 0.02015963 -0.02322071 -0.00577581
v 0.01910285 -0.02324239 -0.00857275
v 0.01913245 -0.02322071 -0.00858603
v 0.01773410 -0.02318827 -0.01123307
v 0.01771579 -0.02322071 -0.01122147
v 0.01591383 -0.02324239 -0.01360739
v 0.01593849 -0.02322071 -0.01362847
v 0.01381532 -0.02324239 -0.01573366
v 0.01383672 -0.02322071 -0.01575804
v -0.00597710 -0.02315000 -0.01375770
v -0.00597710 -0.02325000 -0.01375770
v -0.00678565 -0.02315000 -0.01337740
v -0.00909585 -0.02325000 -0.01192751
v -0.00900553 -0.02315000 -0.01199585
v -0.01168598 -0.02325000 -0.00940414
v -0.01095177 -0.02315000 -0.01024982
v -0.00909585 -0.02315000 -0.01192751
v -0.01359697 -0.02315000 -0.00633424
v -0.01359697 -0.02325000 -0.00633424
v -0.01256525 -0.02315000 -0.00819234
v -0.01168598 -0.02315000 -0.00940414
v -0.01426066 -0.02308146 -0.00465410
v -0.01471774 -0.02325000 -0.00289621
v -0.01471774 -0.02315000 -0.00289621
v -0.01497800 -0.02315000 -0.00081215
v -0.01498318 -0.02325000 0.00071014
v -0.01498318 -0.02315000 0.00071014
v -0.01489148 -0.02315000 0.00180109
v -0.01437785 -0.02325000 0.00427521
v -0.01435249 -0.02315000 0.00435960
v -0.01337740 -0.02315000 0.00678565
v -0.01293693 -0.02325000 0.00759183
v -0.01293693 -0.02315000 0.00759183
v -0.01199585 -0.02315000 0.00900553
v -0.01074416 -0.02325000 0.01046723
v -0.01074416 -0.02315000 0.01046723
v -0.00792698 -0.02325000 0.01273432
v -0.00935046 -0.02309122 0.01172888
v -0.00464912 -0.02325000 0.01426134
v -0.00666995 -0.02312499 0.01344632
v -0.00110106 -0.02325000 0.01495953
v -0.00255163 -0.02312470 0.01479058
v -0.00464912 -0.02315000 0.01426134
v 0.00063288 -0.02309390 0.01498647
v 0.00251098 -0.02325000 0.01478834
v 0.00251098 -0.02315000 0.01478834
v 0.00435960 -0.02315000 0.01435249
v 0.00597710 -0.02325000 0.01375770
v 0.00597710 -0.02315000 0.01375770
v -0.00592519 -0.02325000 0.01388892
v -0.00342339 -0.02325000 0.01470682
v -0.01102478 -0.02325000 -0.01031815
v -0.01264902 -0.02325000 -0.00824696
v -0.01346659 -0.02325000 0.00683089
v -0.01207583 -0.02325000 0.00906556
v -0.01031815 -0.02325000 0.01102478
v -0.00824696 -0.02325000 0.01264902
v -0.01388892 -0.02325000 -0.00592519
v -0.01470682 -0.02325000 -0.00342339
v -0.01507785 -0.02325000 -0.00081757
v -0.01499075 -0.02325000 0.00181309
v -0.01444817 -0.02325000 0.00438867
v 0.00110106 -0.02325000 -0.01495953
v -0.00181309 -0.02325000 -0.01499075
v -0.00251098 -0.02325000 -0.01478834
v -0.00438867 -0.02325000 -0.01444817
v -0.00683089 -0.02325000 -0.01346659
v -0.00906556 -0.02325000 -0.01207583
v -0.00081757 -0.02325000 0.01507785
v 0.00181309 -0.02325000 0.01499075
v 0.00438867 -0.02325000 0.01444817
v 0.00683089 -0.02325000 0.01346659
v 0.00909585 -0.02325000 0.01192751
v 0.00792698 -0.02325000 -0.01273432
v 0.00592519 -0.02325000 -0.01388892
v 0.00464912 -0.02325000 -0.01426134
v 0.00342339 -0.02325000 -0.01470682
v 0.00081757 -0.02325000 -0.01507785
v 0.01359697 -0.02325000 0.00633424
v 0.01470682 -0.02325000 0.00342339
v 0.01471774 -0.02325000 0.00289621
v 0.01507785 -0.02325000 0.00081757
v 0.01498318 -0.02325000 -0.00071014
v 0.01499075 -0.02325000 -0.00181309
v 0.01437785 -0.02325000 -0.00427521
v 0.00906556 -0.02325000 0.01207583
v 0.01102478 -0.02325000 0.01031815
v 0.01168598 -0.02325000 0.00940414
v 0.01264902 -0.02325000 0.00824696
v 0.01388892 -0.02325000 0.00592519
v 0.01444817 -0.02325000 -0.00438867
v 0.01346659 -0.02325000 -0.00683089
v 0.01293693 -0.02325000 -0.00759183
v 0.01207583 -0.02325000 -0.00906556
v 0.01074416 -0.02325000 -0.01046723
v 0.01031815 -0.02325000 -0.01102478
v 0.00824696 -0.02325000 -0.01264902
v 0.00678565 -0.02315000 0.01337740
v 0.00900553 -0.02315000 0.01199585
v 0.01095177 -0.02315000 0.01024982
v 0.00909585 -0.02315000 0.01192751
v 0.01359697 -0.02315000 0.00633424
v 0.01256525 -0.02315000 0.00819234
v 0.01168598 -0.02315000 0.00940414
v 0.01426066 -0.02308146 0.00465410
v 0.01471774 -0.02315000 0.00289621
v 0.01497800 -0.02315000 0.00081215
v 0.01498318 -0.02315000 -0.00071014
v 0.01489148 -0.02315000 -0.00180109
v 0.01435249 -0.02315000 -0.00435960
v 0.01337740 -0.02315000 -0.00678565
v 0.01293693 -0.02315000 -0.00759183
v 0.01199585 -0.02315000 -0.00900553
v 0.01074416 -0.02315000 -0.01046723
v 0.00935046 -0.02309122 -0.01172888
v 0.00666995 -0.02312499 -0.01344632
v 0.00255163 -0.02312470 -0.01479058
v 0.00464912 -0.02315000 -0.01426134
v -0.00063288 -0.02309390 -0.01498647
v -0.00251098 -0.02315000 -0.01478834
v -0.00435960 -0.02315000 -0.01435249
v -0.00821965 -0.02323660 0.01260713
v -0.00590557 -0.02323660 0.01384293
v -0.00819966 -0.02320000 0.01257647
v -0.00589121 -0.02320000 0.01380926
v -0.00081288 -0.02320000 0.01499138
v -0.00340375 -0.02320000 0.01462247
v 0.00679171 -0.02320000 0.01338935
v 0.00436350 -0.02320000 0.01436531
v 0.00180270 -0.02320000 0.01490478
v 0.00901357 -0.02320000 0.01200657
v 0.01096155 -0.02320000 0.01025897
v 0.01380926 -0.02320000 0.00589121
v 0.01257647 -0.02320000 0.00819966
v 0.01490478 -0.02320000 -0.00180270
v 0.01499138 -0.02320000 0.00081288
v 0.01462247 -0.02320000 0.00340375
v 0.01025897 -0.02320000 -0.01096155
v 0.01200657 -0.02320000 -0.00901357
v 0.01436531 -0.02320000 -0.00436350
v 0.01338935 -0.02320000 -0.00679171
v 0.00819966 -0.02320000 -0.01257647
v -0.00341205 -0.02323660 0.01465812
v -0.00081486 -0.02323660 0.01502792
v 0.00180709 -0.02323660 0.01494111
v 0.00437413 -0.02323660 0.01440033
v 0.00680827 -0.02323660 0.01342199
v 0.00903554 -0.02323660 0.01203584
v 0.01098828 -0.02323660 0.01028398
v 0.01260713 -0.02323660 0.00821965
v 0.01384293 -0.02323660 0.00590557
v 0.01465812 -0.02323660 0.00341205
v 0.01502792 -0.02323660 0.00081486
v 0.01494111 -0.02323660 -0.00180709
v 0.01440033 -0.02323660 -0.00437413
v 0.01342199 -0.02323660 -0.00680827
v 0.01203584 -0.02323660 -0.00903554
v 0.01028398 -0.02323660 -0.01098828
v 0.00821965 -0.02323660 -0.01260713
v 0.00590557 -0.02323660 -0.01384293
v 0.00589121 -0.02320000 -0.01380926
v 0.00081288 -0.02320000 -0.01499138
v 0.00340375 -0.02320000 -0.01462247
v -0.00679171 -0.02320000 -0.01338935
v -0.00436350 -0.02320000 -0.01436531
v -0.00180270 -0.02320000 -0.01490478
v -0.00901357 -0.02320000 -0.01200657
v -0.01096155 -0.02320000 -0.01025897
v -0.01380926 -0.02320000 -0.00589121
v -0.01257647 -0.02320000 -0.00819966
v -0.01490478 -0.02320000 0.00180270
v -0.01499138 -0.02320000 -0.00081288
v -0.01462247 -0.02320000 -0.00340375
v -0.01025897 -0.02320000 0.01096155
v -0.01200657 -0.02320000 0.00901357
v -0.01436531 -0.02320000 0.00436350
v -0.01338935 -0.02320000 0.00679171
v 0.00341205 -0.02323660 -0.01465812
v 0.00081486 -0.02323660 -0.01502792
v -0.00180709 -0.02323660 -0.01494111
v -0.00437413 -0.02323660 -0.01440033
v -0.00680827 -0.02323660 -0.01342199
v -0.00903554 -0.02323660 -0.01203584
v -0.01098828 -0.02323660 -0.01028398
v -0.01260713 -0.02323660 -0.00821965
v -0.01384293 -0.02323660 -0.00590557
v -0.01465812 -0.02323660 -0.00341205
v -0.01502792 -0.02323660 -0.00081486
v -0.01494111 -0.02323660 0.00180709
v -0.01440033 -0.02323660 0.00437413
v -0.01342199 -0.02323660 0.00680827
v -0.01203584 -0.02323660 0.00903554
v -0.01028398 -0.02323660 0.01098828
v -0.12744502 -0.02225274 0.01823416
v -0.12848446 -0.02255238 -0.01739830
v -0.13091311 -0.02265731 0.01568980
v -0.13091311 -0.02265731 -0.01568980
v -0.13102591 -0.02257188 0.01568980
v -0.13102591 -0.02257188 -0.01568980
v -0.13109472 -0.02248496 0.01568980
v -0.13109472 -0.02248496 -0.01568980
v -0.13113399 -0.02240807 0.01568980
v -0.13113399 -0.02240807 -0.01568980
v -0.13117002 -0.02224617 0.01568980
v -0.15685221 -0.02615808 -0.01572387
v -0.13299298 -0.02065506 0.01898212
v -0.07137680 -0.02222000 -0.01005000
v -0.13102140 -0.02256647 0.01591470
v -0.07064377 -0.02262828 0.01106484
v -0.07187681 -0.02272000 0.00995000
v -0.07168546 -0.02268194 0.00995000
v -0.07136033 -0.02248117 0.01042521
v -0.07144380 -0.02247000 0.00995000
v -0.07152325 -0.02257355 0.00995000
v -0.07154832 -0.02268045 0.01058832
v -0.06707019 -0.01702021 -0.00168409
v -0.07144380 -0.02247000 -0.01005000
v -0.07162680 -0.02265301 -0.01005000
v -0.07187681 -0.02272000 -0.01005000
v -0.07123044 -0.02263233 -0.01096942
v -0.05867070 -0.02272000 -0.01451355
v -0.05891311 -0.02265731 0.01451355
v -0.05891311 -0.02265731 -0.01451355
v -0.05891952 -0.02265369 0.01451355
v -0.05891952 -0.02265369 -0.01451355
v -0.05909473 -0.02248496 0.01451355
v -0.05909473 -0.02248496 -0.01451355
v -0.05910236 -0.02247234 0.01451355
v -0.05910236 -0.02247234 -0.01451355
v -0.05917002 -0.02224617 0.01451355
v -0.04411520 -0.02365657 0.00165577
v -0.04397257 -0.02348238 0.00154290
v -0.04430632 -0.02372000 0.00180703
v -0.04464568 -0.02348238 0.00155014
v -0.04450065 -0.02365657 0.00165992
v -0.04483004 -0.02195067 0.00001048
v -0.05774301 -0.02178310 -0.01573521
v -0.05620128 -0.02085849 -0.01829462
v -0.04354562 -0.02406343 -0.01709072
v -0.09570768 -0.02173438 -0.00156361
v -0.12804581 -0.02099337 -0.01894157
v -0.12706599 -0.02191234 -0.01911798
v -0.12700431 -0.02186957 -0.01920272
v -0.07709135 -0.02340959 -0.01175529
v -0.09328859 -0.02272000 -0.00000000
v -0.06429528 -0.00745823 0.02047469
v -0.05324271 -0.02358269 0.01304227
v -0.05316156 -0.02365731 0.01310370
v -0.03498058 -0.02358269 0.01303641
v -0.03506038 -0.02365731 0.01309957
v -0.03511035 -0.02368699 0.01313912
v -0.18686496 -0.02258933 -0.01175000
v -0.16804716 -0.02268286 -0.00146837
v -0.16920322 -0.02242287 -0.00167765
v -0.16918707 -0.02248496 -0.00170639
v -0.17071141 -0.02272000 -0.00000000
v -0.17059192 -0.02265657 -0.00021243
v -0.16851781 -0.02072765 0.00044898
v -0.05889501 -0.02265369 -0.01462127
v -0.05913196 -0.02237347 -0.01466309
v -0.12466317 -0.02269312 -0.01774822
v -0.12463018 -0.02265785 -0.01784790
v -0.12398231 -0.02282968 -0.01747558
v -0.11890588 -0.02354606 -0.01398597
v -0.12220727 -0.02322374 -0.01608087
v -0.12471916 -0.02270020 -0.01764598
v -0.12215933 -0.02325456 -0.01618108
v -0.12210970 -0.02325982 -0.01627832
v -0.11951052 -0.02358647 -0.01465396
v -0.11941911 -0.02359917 -0.01482671
v -0.12075429 -0.02344937 -0.01560629
v -0.12206212 -0.02324359 -0.01636635
v -0.05757170 -0.02129851 0.01517831
v -0.05909341 -0.02239377 0.01473337
v -0.05885512 -0.02268642 0.01458451
v -0.05426068 -0.02339438 0.01419500
v -0.13096558 -0.02219486 -0.01605191
v -0.06461409 -0.02169729 -0.01825050
v -0.03432506 -0.02364431 0.01416336
v -0.03370048 -0.02336033 0.01444407
v -0.02510957 -0.02033663 0.02127099
v -0.03101718 -0.02253696 0.01798725
v -0.18781051 -0.02392853 -0.01233437
v -0.18711319 -0.02250568 -0.01180375
v -0.18705219 -0.02248496 -0.01175552
v -0.18697466 -0.02244286 -0.01168487
v -0.18627618 -0.02081921 -0.01106572
v -0.20267071 -0.02272000 -0.01451355
v -0.20291311 -0.02265731 0.01451355
v -0.20291311 -0.02265731 -0.01451355
v -0.20291953 -0.02265369 0.01451355
v -0.20291953 -0.02265369 -0.01451355
v -0.20296343 -0.02262706 0.01456297
v -0.18607102 -0.02270164 -0.00879382
v -0.18610423 -0.02271534 -0.00876680
v -0.18553586 -0.02086969 -0.00912528
v -0.18597132 -0.02265553 -0.00886591
v 0.02069239 -0.02836495 0.00911279
v -0.01605686 -0.02672954 -0.02300004
v -0.02983283 -0.00068656 -0.02358316
v -0.06550967 0.00000988 -0.02371091
v -0.09599559 -0.02355454 -0.01489227
v -0.09743127 -0.02137457 -0.01985899
v -0.09737283 -0.02241302 -0.01831017
v -0.09708741 -0.02305267 -0.01683688
v -0.09730132 -0.02316636 -0.01660352
v -0.09722906 -0.02357157 -0.01500878
v -0.09681061 -0.01879022 -0.02195112
v -0.09187174 -0.02136496 -0.02477676
v -0.09477542 0.00003000 -0.02375000
v -0.09611265 -0.02252078 -0.01655350
v -0.09722456 0.00003000 -0.02375000
v -0.13209148 -0.01981352 -0.01968310
v -0.13077544 0.00003000 -0.02375000
v -0.13322456 0.00003000 -0.02375000
v -0.19084418 -0.02577080 -0.02053354
v -0.16677544 0.00003000 -0.02375000
v -0.16922458 0.00003000 -0.02375000
v -0.14892970 -0.02410875 0.02659647
v -0.20774076 -0.01600480 0.01353735
v -0.13077544 0.00003000 0.02375000
v -0.08443282 -0.02913828 0.01588563
v -0.09692764 -0.00034693 0.02396062
v -0.09716167 0.00001902 0.02374600
v -0.09722456 0.00003000 0.02375000
v -0.09477542 0.00003000 0.02375000
v -0.04267568 -0.01134821 0.02664095
v -0.00578752 -0.02522000 -0.02786818
v -0.00000000 -0.02522000 -0.02800000
v -0.00589532 -0.02522000 -0.02796500
v -0.00603593 -0.02522000 -0.02800000
v -0.00573766 -0.02522000 -0.02773212
v -0.00575739 -0.02522000 -0.02758857
v -0.00000000 -0.02522000 -0.02535881
v -0.00584212 -0.02522000 -0.02747101
v -0.00691144 -0.02522000 -0.02717082
v -0.00000000 -0.02522000 0.02800000
v -0.00589532 -0.02522000 0.02796500
v -0.00603593 -0.02522000 0.02800000
v -0.00584212 -0.02522000 0.02747101
v -0.00575739 -0.02522000 0.02758857
v -0.00573766 -0.02522000 0.02773212
v -0.00578752 -0.02522000 0.02786818
v -0.18979735 -0.01876526 -0.01032288
v -0.20289500 -0.02265369 -0.01462127
v -0.20218699 -0.02268933 0.01484073
v -0.18212953 -0.02640855 0.01328502
v -0.24832424 0.00004694 -0.02458355
v -0.22091185 -0.02365037 -0.01969353
v -0.27663406 -0.02736428 0.02138538
v -0.24964220 -0.02523831 0.02370450
v -0.26400000 -0.02522000 0.02800000
v -0.25796407 -0.02522000 0.02800000
v -0.25810468 -0.02522000 0.02796500
v -0.25821248 -0.02522000 0.02786818
v -0.25826234 -0.02522000 0.02773212
v -0.25708857 -0.02522000 0.02717082
v -0.25815788 -0.02522000 0.02747101
v -0.25824261 -0.02522000 0.02758857
v -0.27621217 -0.02779181 -0.02115226
v -0.26400000 -0.02522000 -0.02800000
v -0.25824261 -0.02522000 -0.02758857
v -0.25826234 -0.02522000 -0.02773212
v -0.25821248 -0.02522000 -0.02786818
v -0.25810468 -0.02522000 -0.02796500
v -0.25796407 -0.02522000 -0.02800000
v 0.01161124 -0.02744638 -0.02141557
v -0.06173259 -0.00997000 -0.01773990
v -0.05862092 -0.00996710 -0.01771657
v -0.06245693 -0.00996926 -0.01994602
v -0.06305000 -0.00997000 -0.02025000
v -0.05975413 -0.00996818 -0.02338419
v -0.20103863 -0.00997000 -0.01952009
v -0.20291846 -0.00997000 -0.01739820
v -0.20307813 -0.00996927 -0.01778159
v -0.20291846 -0.00997000 -0.02310180
v -0.20279411 -0.00996786 -0.02230962
v -0.20103863 -0.00997000 -0.02097991
v -0.20384342 -0.00249936 -0.01850099
v -0.00597206 0.00003000 -0.02740688
v -0.00584212 0.00003000 -0.02747101
v -0.00575739 0.00003000 -0.02758857
v -0.00573766 0.00003000 -0.02773212
v -0.00578752 0.00003000 -0.02786818
v -0.00589532 0.00003000 -0.02796500
v -0.00624033 0.00003000 -0.02791277
v -0.06104356 0.00009831 -0.01716987
v -0.06683771 0.00003000 -0.02375000
v -0.19716230 0.00003000 -0.02375000
v -0.25796407 0.00003000 -0.02800000
v -0.25810468 0.00003000 -0.02796500
v -0.25821248 0.00003000 -0.02786818
v -0.25826234 0.00003000 -0.02773212
v -0.25824261 0.00003000 -0.02758857
v -0.20467338 -0.00996166 0.02030726
v -0.25802794 0.00003000 0.02740688
v -0.25815788 0.00003000 0.02747101
v -0.25824261 0.00003000 0.02758857
v -0.25826234 0.00003000 0.02773212
v -0.25821248 0.00003000 0.02786818
v -0.25810468 0.00003000 0.02796500
v -0.06683771 0.00003000 0.02375000
v -0.00603593 0.00003000 0.02800000
v -0.00589532 0.00003000 0.02796500
v -0.00578752 0.00003000 0.02786818
v -0.00573766 0.00003000 0.02773212
v -0.00575739 0.00003000 0.02758857
v -0.00584212 0.00003000 0.02747101
v -0.23609838 0.00003000 0.02800000
v -0.23415684 0.00002115 -0.02697501
v -0.20293848 -0.02156899 -0.01532822
v -0.20498036 -0.02253613 -0.01479096
v -0.20482999 -0.02224617 -0.01451355
v -0.20490527 -0.02248496 -0.01451355
v -0.20489764 -0.02247234 -0.01451355
v -0.20508048 -0.02265369 -0.01451355
v -0.20513639 -0.02267713 -0.01460445
v -0.20508689 -0.02265731 -0.01451355
v -0.20490527 -0.02248496 0.01451355
v -0.20508048 -0.02265369 0.01451355
v -0.20510499 -0.02265369 0.01462127
v -0.20489764 -0.02247234 0.01451355
v -0.20487460 -0.02237777 0.01467429
v -0.20532930 -0.02272000 0.01451355
v -0.20508689 -0.02265731 0.01451355
v -0.22191331 -0.02166450 0.01941574
v -0.22168045 -0.02491134 0.00414669
v -0.24682358 -0.02472000 -0.02287181
v -0.24689170 -0.02485568 -0.02292584
v -0.20806380 -0.02270940 -0.01633833
v -0.24700089 -0.01709907 -0.02300719
v -0.06214786 -0.00997053 0.02248429
v -0.06305000 -0.00997000 0.02025000
v -0.05909565 -0.00996378 0.01978584
v -0.20103863 -0.00997000 0.02097991
v -0.20103863 -0.00997000 0.01952009
v -0.06305000 -0.02296679 -0.02025000
v -0.06300749 -0.02331072 -0.01974251
v -0.06267651 -0.02389033 -0.01874527
v -0.06212267 -0.02421388 -0.01805985
v -0.06161062 -0.02438093 -0.01765994
v -0.06173365 -0.02434848 -0.01774063
v -0.05929822 -0.02454773 -0.01719311
v -0.06100757 -0.02449153 -0.01737123
v -0.05649313 -0.02261342 -0.02106018
v -0.06002700 -0.01977840 -0.02329988
v -0.06150006 -0.02020437 -0.02302251
v -0.06302658 -0.02268346 -0.02062721
v -0.06295714 -0.02238239 -0.02099690
v -0.06267974 -0.02173441 -0.02170655
v -0.20119891 -0.02196273 -0.02146977
v -0.20103558 -0.02240285 -0.02097656
v -0.20399322 -0.02455113 -0.01720037
v -0.20332173 -0.02452412 -0.01727700
v -0.20291896 -0.02447883 -0.01740195
v -0.20171786 -0.02418641 -0.01814514
v -0.20097342 -0.02268480 -0.02062683
v -0.20095135 -0.02300840 -0.02019170
v -0.20103922 -0.02344905 -0.01952427
v -0.20221399 -0.02058669 -0.02272269
v -0.20171396 -0.02111622 -0.02229219
v -0.20309913 -0.01998135 -0.02316384
v -0.20282437 -0.02012430 -0.02306617
v -0.20772461 -0.02374452 -0.01952474
v -0.20453403 -0.01976817 -0.02330914
v -0.02630753 0.00003000 -0.02525000
v -0.24969046 -0.02691187 -0.02360024
v -0.24693558 -0.01322000 -0.02525000
v -0.23362559 -0.03022000 0.02725969
v -0.23480777 -0.03022000 0.02781095
v -0.23265119 -0.03022000 0.02639254
v -0.23480777 0.00003000 0.02781095
v -0.23362559 0.00003000 0.02725969
v -0.23265119 0.00003000 0.02639254
v -0.25775967 0.00003000 0.02791278
v -0.24907552 0.00003000 0.02375000
v -0.23169248 0.00003000 0.02525000
v -0.06179240 -0.02058719 0.02271774
v -0.06139362 -0.02025621 0.02296299
v -0.06256559 -0.02146597 0.02198570
v -0.06299862 -0.02254271 0.02080747
v -0.05986473 -0.01976281 0.02330744
v -0.06055683 -0.01985769 0.02324708
v -0.03328047 -0.02813183 0.00516513
v -0.06302659 -0.02268556 0.02062712
v -0.06305000 -0.02296679 0.02025000
v -0.06296650 -0.02343678 0.01954119
v -0.20320435 -0.01993668 0.02319439
v -0.20369640 -0.01980221 0.02328485
v -0.20200755 -0.02070249 0.02265378
v -0.20122021 -0.02192621 0.02150509
v -0.20095024 -0.02299152 0.02021261
v -0.20097341 -0.02268424 0.02062714
v -0.20101888 -0.02246971 0.02089452
v -0.20112329 -0.02365486 0.01917899
v -0.23020985 -0.02859418 0.00315460
v -0.01706442 -0.01322000 0.02525000
v -0.23169248 -0.01322000 0.02525000
v -0.01722253 -0.01523007 0.02508045
v -0.01753719 -0.01667119 0.02474301
v -0.01801491 -0.01805981 0.02423072
v -0.01077658 -0.02742712 0.02372652
v -0.04230506 -0.02855333 -0.00607375
v -0.02716279 -0.01805981 -0.02423072
v -0.02673294 -0.01667119 -0.02474301
v -0.02644979 -0.01523007 -0.02508045
v -0.03637671 -0.02522000 -0.01325000
v -0.03420986 -0.02493542 -0.01583271
v -0.24598509 -0.01805981 -0.02423072
v -0.23761983 -0.02505045 -0.01526007
v -0.23574540 -0.02522000 -0.01325000
v -0.24646281 -0.01667119 -0.02474301
v -0.24677747 -0.01523007 -0.02508045
v -0.23083720 -0.01805981 0.02423072
v -0.23126706 -0.01667119 0.02474301
v -0.23155020 -0.01523007 0.02508045
v -0.13777805 -0.02478250 -0.00437522
v -0.24865454 -0.01602326 0.02410970
v -0.24904844 -0.02484936 0.02373296
v -0.24893549 -0.02500428 0.02366142
v -0.24883695 -0.02507888 0.02359840
v -0.25215662 -0.02783889 0.02105441
v -0.23472348 -0.02497000 0.02368301
v -0.23342739 -0.02493441 0.02359169
v -0.21152147 -0.02153247 -0.01043896
v -0.20651750 -0.02272000 0.01492684
v -0.20685597 -0.02247234 0.01519470
v -0.20690903 -0.02224617 0.01523670
v -0.20671262 -0.02265369 0.01508125
v -0.20614994 -0.02164766 0.01573759
v -0.23689481 -0.02273188 -0.01835528
v -0.23299990 -0.02336599 -0.01491732
v -0.23194112 -0.02348496 -0.01351314
v -0.23200373 -0.02358269 -0.01346359
v -0.23208353 -0.02365731 -0.01340043
v -0.23493216 -0.02127681 -0.01949350
v -0.21989789 -0.02427364 0.00663828
v -0.21250659 -0.02271996 -0.00604066
v -0.21250001 -0.02272000 0.00736735
v -0.21269009 -0.02265731 0.00751778
v -0.21275175 -0.02260333 0.00756657
v -0.21286100 -0.02241508 0.00765304
v -0.21283250 -0.02248496 0.00763049
v -0.21916750 -0.02348496 0.00262759
v -0.21924827 -0.02360332 0.00269151
v -0.21930991 -0.02365731 0.00274030
v -0.21950001 -0.02372000 0.00289073
v -0.21900000 -0.02322000 0.01045425
v -0.21903767 -0.02340699 0.00277574
v -0.21966025 -0.02093191 -0.00010388
v -0.21296146 -0.02238528 0.00752688
v -0.21942221 -0.02371963 0.01086998
v -0.21809822 -0.02366125 0.01089028
v -0.21903805 -0.02341134 0.01045425
v -0.21906699 -0.02347000 0.01045425
v -0.21914645 -0.02357355 0.01045425
v -0.21924999 -0.02365301 0.01045425
v -0.21903852 -0.02341243 0.00289073
v -0.21931192 -0.02368328 0.00289073
v -0.21914811 -0.02357521 0.00289073
v -0.21952583 -0.02370918 -0.00124987
v -0.21888985 -0.02354551 -0.01100434
v -0.21922736 -0.02363913 -0.00156229
v -0.21910502 -0.02350799 -0.00140992
v -0.21924999 -0.02365301 -0.01054575
v -0.21914645 -0.02357355 -0.01054575
v -0.21269134 -0.02268194 -0.00597788
v -0.21252324 -0.02271953 -0.00602214
v -0.21281002 -0.02260575 -0.00627259
v -0.21285188 -0.02257522 0.00736735
v -0.21268807 -0.02268328 0.00736735
v -0.23909722 0.01294036 0.00006498
v -0.27926808 0.01481346 0.02214947
v -0.28280413 0.01478000 0.01926065
v -0.28594899 0.01478000 0.01558237
v -0.28310192 0.01489780 0.01896535
v -0.28118912 0.01491977 0.02072186
v -0.28734295 0.01491061 0.01356144
v -0.28838438 0.01478000 0.01140043
v -0.29000890 0.01489780 0.00693574
v -0.29003164 0.01478000 0.00685000
v -0.29003164 0.01489780 0.00685000
v -0.23762542 0.01478836 0.00533666
v -0.28997818 0.01489780 -0.00705000
v -0.28997818 0.01478000 -0.00705000
v -0.28841844 0.01489780 -0.01132731
v -0.28829598 0.01478000 -0.01158763
v -0.28724736 0.01491222 -0.01356592
v -0.28582850 0.01478000 -0.01575071
v -0.28450557 0.01491354 -0.01744524
v -0.28265545 0.01478000 -0.01940470
v -0.28112079 0.01491336 -0.02078378
v -0.27923771 0.01482224 -0.02216617
v -0.27462244 0.01478000 -0.02473321
v -0.27743816 0.01583380 -0.02355131
v -0.23898757 0.01478805 0.00991714
v -0.23684874 0.01622729 -0.00007549
v -0.23963602 0.01489780 0.01144398
v -0.23836880 0.01489966 0.00830710
v -0.24131779 0.01480227 0.01449008
v -0.24096690 0.01489780 0.01392999
v -0.24752119 0.01479019 0.02126571
v -0.24405531 0.01480272 0.01804997
v -0.25140819 0.01478000 0.02379105
v -0.24609856 0.01490444 0.02013386
v -0.25587162 0.01478000 0.02566121
v -0.24992111 0.01490630 0.02296819
v -0.26059780 0.01478000 0.02670193
v -0.25418276 0.01490823 0.02508528
v -0.26543394 0.01478000 0.02687958
v -0.25874998 0.01491013 0.02641885
v -0.27022374 0.01478000 0.02618842
v -0.26347967 0.01491186 0.02692737
v -0.26822390 0.01491314 0.02659524
v -0.27002212 0.01478000 -0.02623551
v -0.27087352 0.01489781 -0.02602543
v -0.27462244 0.01489780 -0.02473321
v -0.26522717 0.01478000 -0.02688982
v -0.26627120 0.01489781 -0.02682182
v -0.27002212 0.01489780 -0.02623551
v -0.26039255 0.01478000 -0.02667498
v -0.26160052 0.01489781 -0.02681065
v -0.26522717 0.01489780 -0.02688982
v -0.25567451 0.01478000 -0.02559794
v -0.25700209 0.01489781 -0.02599226
v -0.26039255 0.01489780 -0.02667498
v -0.25261432 0.01489781 -0.02439128
v -0.25567451 0.01489780 -0.02559794
v -0.24856937 0.01489781 -0.02205593
v -0.25122559 0.01489780 -0.02369351
v -0.24602062 0.01490233 -0.02006610
v -0.24395169 0.01480180 -0.01793569
v -0.29011661 0.01478000 0.00685000
v -0.29011661 0.01498000 0.00685000
v -0.29006335 0.01478000 -0.00705000
v -0.29006335 0.01498000 -0.00705000
v -0.23850147 0.01228000 0.00027438
v -0.23786544 0.01230813 0.00097585
v -0.23811053 0.01227820 0.00075038
v -0.27654546 0.01514550 -0.02316713
v -0.27764824 0.01228000 0.02188098
v -0.27612537 0.01228000 0.02276022
v -0.27610773 0.01477133 0.02269488
v -0.28151596 0.00003000 0.02087471
v -0.27962995 0.00003000 0.02232189
v -0.27762499 0.00003000 0.02359919
v -0.28596898 -0.01873703 -0.00857488
v -0.27589685 0.01459167 0.02256790
v -0.27583262 0.01228000 0.02258847
v -0.27589786 0.01228000 0.02256754
v -0.27598116 0.01228000 0.02257355
v -0.27597669 0.01463292 0.02257234
v -0.27605474 0.01228000 0.02261305
v -0.27604431 0.01469302 0.02260445
v -0.27609864 0.01228000 0.02266563
v -0.27609866 0.01477250 0.02266567
v -0.27764586 0.01228000 0.02154160
v -0.27764586 0.01458000 0.02154160
v -0.27759513 0.01228000 0.02158762
v -0.27759576 0.01458895 0.02158389
v -0.27755621 0.01470732 0.02174830
v -0.27757969 0.01477257 0.02181055
v -0.27757969 0.01228000 0.02181055
v -0.27755493 0.01465039 0.02168198
v -0.27755868 0.01228000 0.02166276
v -0.27755609 0.01228000 0.02174624
v -0.23851210 -0.00122000 -0.00078527
v -0.27759762 0.01478357 0.02183853
v -0.27772496 0.01506695 0.02116882
v -0.27628558 -0.00722105 0.01853956
v -0.27623847 -0.01302398 0.01864637
v -0.27629736 -0.00722000 0.01880229
v -0.27629736 -0.01318667 0.01880229
v -0.24153472 -0.00722000 0.00124952
v -0.24054554 -0.00702294 0.00080382
v -0.24154861 -0.01320611 0.00124906
v -0.24154861 -0.00722000 0.00124906
v -0.24154167 -0.01321305 0.00124930
v -0.24145962 -0.01329216 0.00120377
v -0.25384948 -0.00722000 0.02008026
v -0.25385600 -0.00722000 0.02006800
v -0.25385275 -0.01321305 0.02007414
v -0.25157468 -0.01012155 0.02016805
v -0.25297786 -0.01317956 0.02041122
v -0.25351584 -0.01322000 0.02047349
v -0.25384948 -0.01322000 0.02008026
v -0.27631110 -0.01321305 0.01882483
v -0.27630740 -0.01198000 0.01881895
v -0.27640506 -0.00714392 0.01896141
v -0.27633253 -0.01198000 0.01886057
v -0.27630740 -0.01074000 0.01881895
v -0.27633253 -0.01012000 0.01886057
v -0.27415052 -0.00722000 -0.02008026
v -0.27395150 -0.00722000 -0.02017964
v -0.24159916 -0.00321996 -0.00117957
v -0.24226667 -0.00322000 -0.00582343
v -0.24153472 -0.00722000 -0.00124952
v -0.23852150 0.01458000 0.00104687
v -0.23852150 0.01228000 0.00104687
v -0.26403285 -0.01418054 0.02658167
v -0.25178752 -0.00877082 0.01748119
v -0.25154079 -0.01320036 0.01891025
v -0.25176379 -0.01300814 0.01862892
v -0.25169259 -0.01320611 0.01881895
v -0.25266415 0.01478000 0.02428453
v -0.25703269 0.01478000 0.02587850
v -0.26161101 0.01478000 0.02669331
v -0.26626128 0.01478000 0.02670443
v -0.27665760 0.01535536 0.02381749
v -0.28989509 0.01478000 0.00690539
v -0.29069895 0.01478000 0.00232513
v -0.28831157 0.01478000 0.01127774
v -0.28599608 0.01478000 0.01531053
v -0.28301832 0.01478000 0.01888235
v -0.27946797 0.01478000 0.02188566
v -0.27946797 0.01478000 -0.02188566
v -0.28301832 0.01478000 -0.01888235
v -0.28599608 0.01478000 -0.01531053
v -0.28831157 0.01478000 -0.01127774
v -0.28989509 0.01478000 -0.00690539
v -0.29069895 0.01478000 -0.00232513
v -0.29088923 0.01478000 -0.00244320
v -0.29090717 0.01478000 0.00223701
v -0.27580616 0.01457873 0.02260960
v -0.27610049 0.01477628 0.02266886
v -0.23845558 0.01464050 0.00090651
v -0.23843990 0.01465496 0.00089386
v -0.23850971 0.01458914 0.00098156
v -0.23863111 0.01469363 0.00322860
v -0.23830216 0.01478170 0.00085141
v -0.23837787 0.01471665 0.00086283
v -0.26142951 0.00830253 0.02538244
v -0.27098083 0.01466733 0.02460770
v -0.28645140 -0.00722000 0.00124905
v -0.28646529 -0.00722000 0.00124952
v -0.28645182 -0.00722000 0.00147157
v -0.28170551 -0.00722000 0.01358206
v -0.28638519 -0.00719928 -0.00125893
v -0.28714931 -0.00520658 0.00218000
v -0.28646529 -0.00722000 -0.00124952
v -0.28645140 -0.00722000 -0.00124906
v -0.27626742 -0.00972771 -0.02004927
v -0.24154861 -0.00722000 -0.00124905
v -0.24175309 -0.00722000 -0.00128417
v -0.24177257 -0.00738346 -0.00296288
v -0.25169259 -0.00722000 0.01881895
v -0.25168523 -0.00722000 0.01883074
v -0.25030288 -0.00722000 0.01785045
v -0.24175426 -0.00722000 0.00128464
v -0.24192570 -0.00722000 0.00139926
v -0.24193186 -0.00722000 0.00149322
v -0.24277574 -0.00722000 0.00772779
v -0.24354124 -0.00401535 0.01054594
v -0.25510816 -0.00741205 0.01942509
v -0.25394010 -0.00706989 0.02022698
v -0.28632721 -0.01308257 -0.00125675
v -0.28645834 -0.01321305 -0.00124930
v -0.27631594 -0.01321902 -0.01864369
v -0.27414724 -0.01321305 -0.02007414
v -0.27415151 -0.01321233 -0.02009876
v -0.27403995 -0.01303772 -0.01993189
v -0.27414399 -0.01320611 -0.02006800
v -0.24187402 -0.01286125 -0.00135774
v -0.24151260 -0.01322689 -0.00124890
v -0.24154861 -0.01320611 -0.00124905
v -0.24174851 -0.01300841 -0.00128234
v -0.24322786 -0.01316694 -0.00846862
v -0.24171850 -0.01303772 0.00127109
v -0.24154818 -0.01322000 0.00147157
v -0.24192569 -0.01283875 0.00139919
v -0.24219942 -0.01317769 0.00484902
v -0.27661327 -0.02040284 0.02378621
v -0.27371757 -0.00607600 0.02014943
v -0.25634095 -0.01322000 0.02115629
v -0.26184024 -0.01320461 0.02237209
v -0.29089820 0.01498000 0.00234248
v -0.29080953 0.01496227 -0.00343595
v -0.27084345 0.01478000 -0.02591153
v -0.26626128 0.01478000 -0.02670443
v -0.26161101 0.01478000 -0.02669331
v -0.25703269 0.01478000 -0.02587850
v -0.25142204 0.01479003 -0.02378219
v -0.24740764 0.01478932 -0.02117924
v -0.24366617 0.00339093 0.01703179
v -0.27295469 -0.00531273 -0.02093733
v -0.24208301 -0.00322000 -0.00297963
v -0.27401033 -0.00722000 -0.01990770
v -0.27414399 -0.00722000 -0.02006800
v -0.28496087 -0.01028956 0.00204152
v -0.28652205 -0.01322173 0.00134733
v -0.28645140 -0.01320611 0.00124905
v -0.28625149 -0.01300841 0.00128234
v -0.27652822 -0.01339543 0.01855544
v -0.27630363 -0.01319895 0.01881287
v -0.28242688 -0.01324306 0.01283935
v -0.25172642 -0.00398170 0.01889706
v -0.24145314 -0.00708684 -0.00140427
v -0.24102736 -0.01322000 -0.00115720
v -0.28724327 -0.00701996 -0.00104316
v -0.28653452 -0.01322606 -0.00136222
v -0.26908532 0.00870757 -0.02601573
v -0.27795192 0.01498389 -0.02220994
v -0.23850699 0.01228000 0.00097987
v -0.23845644 0.01228000 0.00090732
v -0.23837957 0.01228000 0.00086365
v -0.23829137 0.01228000 0.00085739
v -0.24535110 -0.01899000 -0.00350775
v -0.26297166 0.01763200 -0.02188848
v -0.29084849 0.01348790 0.00795488
v -0.28256872 0.00003000 0.02001232
v -0.28070009 0.00003000 0.02159624
v -0.27869698 0.00003000 0.02300628
v -0.27657554 0.00003000 0.02423109
v -0.25947058 0.01964308 0.02798726
v -0.24001125 -0.01322010 0.00068500
v -0.24192943 -0.01360154 0.00147018
v -0.25302383 -0.01362253 0.01931961
v -0.27650811 -0.01317209 0.01875737
v -0.29151823 -0.01981958 -0.00082266
v -0.25185115 -0.01579167 0.02087291
v -0.28631901 -0.01321022 -0.00161059
v -0.28467426 -0.01313296 0.00841095
v -0.28305456 -0.01361467 0.01136767
v -0.27358941 -0.01314739 -0.02030165
v -0.27812343 0.01431263 0.02299801
v -0.25858536 -0.02731253 0.01000367
v -0.27960604 -0.02322000 0.01405174
v -0.28165606 -0.02322000 0.01118363
v -0.28218654 -0.02322000 0.01050000
v -0.28240889 -0.02322000 0.00989557
v -0.28318447 -0.02322000 0.00854147
v -0.28306794 -0.02322000 0.00855708
v -0.28397217 -0.02322000 0.00648936
v -0.28409165 -0.02322000 0.00575633
v -0.28488496 -0.02322000 0.00219510
v -0.28470635 -0.02322000 0.00283840
v -0.28485611 -0.02322000 0.00135399
v -0.28500000 -0.02322000 -0.00000000
v -0.28489956 -0.02322000 -0.00013731
v -0.28488496 -0.02322000 -0.00219510
v -0.28466728 -0.02322000 -0.00311023
v -0.28397217 -0.02322000 -0.00648936
v -0.24311504 -0.02322000 -0.00219510
v -0.24314390 -0.02322000 -0.00135399
v -0.24300000 -0.02322000 0.00000000
v -0.24310045 -0.02322000 0.00013731
v -0.24311504 -0.02322000 0.00219510
v -0.24333271 -0.02322000 0.00311023
v -0.24402781 -0.02322000 0.00648936
v -0.28401428 -0.02322000 -0.00601984
v -0.28353384 -0.02322000 -0.00743230
v -0.28318447 -0.02322000 -0.00854147
v -0.28295386 -0.02322000 -0.00880689
v -0.28218654 -0.02322000 -0.01050000
v -0.28150758 -0.02322000 -0.01141466
v -0.27960604 -0.02322000 -0.01405174
v -0.24839395 -0.02322000 0.01405174
v -0.24931888 -0.02322000 0.01487531
v -0.24994826 -0.02322000 0.01560604
v -0.25041747 -0.02322000 0.01588475
v -0.25165650 -0.02322000 0.01698936
v -0.25281638 -0.02322000 0.01765606
v -0.25545853 -0.02322000 0.01918446
v -0.25963387 -0.02322000 0.02054110
v -0.26116160 -0.02322000 0.02070636
v -0.26180491 -0.02322000 0.02088496
v -0.26413733 -0.02322000 0.02089955
v -0.26400000 -0.02322000 0.02100000
v -0.26711023 -0.02322000 0.02066728
v -0.26836616 -0.02322000 0.02054110
v -0.26857668 -0.02322000 0.02039274
v -0.27001983 -0.02322000 0.02001428
v -0.27048936 -0.02322000 0.01997219
v -0.27280688 -0.02322000 0.01895386
v -0.27254146 -0.02322000 0.01918445
v -0.27541468 -0.02322000 0.01750758
v -0.27634349 -0.02322000 0.01698936
v -0.27663454 -0.02322000 0.01664866
v -0.27805173 -0.02322000 0.01560604
v -0.27779007 -0.02322000 0.01570490
v -0.27988476 -0.02322000 0.01358252
v -0.27970490 -0.02322000 -0.01379007
v -0.27868113 -0.02322000 -0.01487531
v -0.27805173 -0.02322000 -0.01560604
v -0.27758253 -0.02322000 -0.01588475
v -0.27634349 -0.02322000 -0.01698936
v -0.27518362 -0.02322000 -0.01765606
v -0.27254146 -0.02322000 -0.01918446
v -0.24398571 -0.02322000 0.00601984
v -0.24446616 -0.02322000 0.00743230
v -0.24481554 -0.02322000 0.00854147
v -0.24504614 -0.02322000 0.00880689
v -0.24581347 -0.02322000 0.01050000
v -0.24649242 -0.02322000 0.01141466
v -0.24829510 -0.02322000 0.01379007
v -0.24839395 -0.02322000 -0.01405174
v -0.24634394 -0.02322000 -0.01118363
v -0.24581346 -0.02322000 -0.01050000
v -0.24559110 -0.02322000 -0.00989557
v -0.24481554 -0.02322000 -0.00854147
v -0.24493206 -0.02322000 -0.00855708
v -0.24402781 -0.02322000 -0.00648936
v -0.24390835 -0.02322000 -0.00575633
v -0.24329364 -0.02322000 -0.00283840
v -0.25544292 -0.02322000 0.01906794
v -0.25682500 -0.02322000 0.01962981
v -0.25751063 -0.02322000 0.01997219
v -0.25824368 -0.02322000 0.02009166
v -0.25969166 -0.02322000 0.02045112
v -0.26836616 -0.02322000 -0.02054110
v -0.26683840 -0.02322000 -0.02070636
v -0.26619509 -0.02322000 -0.02088496
v -0.26386270 -0.02322000 -0.02089955
v -0.26400000 -0.02322000 -0.02100000
v -0.26088977 -0.02322000 -0.02066728
v -0.25963387 -0.02322000 -0.02054110
v -0.25942332 -0.02322000 -0.02039274
v -0.25798017 -0.02322000 -0.02001428
v -0.25751063 -0.02322000 -0.01997219
v -0.25519311 -0.02322000 -0.01895386
v -0.25545853 -0.02322000 -0.01918445
v -0.25258532 -0.02322000 -0.01750758
v -0.25165650 -0.02322000 -0.01698936
v -0.25136545 -0.02322000 -0.01664866
v -0.24994826 -0.02322000 -0.01560604
v -0.25020993 -0.02322000 -0.01570490
v -0.24811526 -0.02322000 -0.01358252
v -0.27255708 -0.02322000 -0.01906794
v -0.27117500 -0.02322000 -0.01962981
v -0.27048936 -0.02322000 -0.01997219
v -0.26975632 -0.02322000 -0.02009166
v -0.26830834 -0.02322000 -0.02045112
v -0.24581346 -0.02312000 -0.01050000
v -0.24625947 -0.02312000 -0.01123714
v -0.24803925 -0.02312000 -0.01364751
v -0.24839395 -0.02312000 -0.01405174
v -0.25014395 -0.02312000 -0.01578005
v -0.25165650 -0.02312000 -0.01698936
v -0.25253072 -0.02312000 -0.01759135
v -0.25515097 -0.02312000 -0.01904454
v -0.25545853 -0.02312000 -0.01918445
v -0.25795135 -0.02312000 -0.02011005
v -0.25963387 -0.02312000 -0.02054110
v -0.26087490 -0.02312000 -0.02076617
v -0.26386201 -0.02312000 -0.02099955
v -0.26400000 -0.02312000 -0.02100000
v -0.26685199 -0.02312000 -0.02080544
v -0.27523714 -0.02312000 -0.01774054
v -0.26836616 -0.02312000 -0.02054110
v -0.26978388 -0.02312000 -0.02018779
v -0.27254146 -0.02312000 -0.01918446
v -0.27259803 -0.02312000 -0.01915918
v -0.28159136 -0.02312000 -0.01146928
v -0.27634349 -0.02312000 -0.01698936
v -0.27764750 -0.02312000 -0.01596075
v -0.27960604 -0.02312000 -0.01405174
v -0.27978006 -0.02312000 -0.01385605
v -0.28218654 -0.02312000 -0.01050000
v -0.28304455 -0.02312000 -0.00884903
v -0.28397217 -0.02312000 -0.00648936
v -0.28411004 -0.02312000 -0.00604864
v -0.28476617 -0.02312000 -0.00312511
v -0.28488496 -0.02312000 -0.00219510
v -0.28499955 -0.02312000 -0.00013797
v -0.28488496 -0.02312000 0.00219510
v -0.28480545 -0.02312000 0.00285198
v -0.28418779 -0.02312000 0.00578387
v -0.28397217 -0.02312000 0.00648936
v -0.28315917 -0.02312000 0.00859802
v -0.28218654 -0.02312000 0.01050000
v -0.28174055 -0.02312000 0.01123714
v -0.27996075 -0.02312000 0.01364751
v -0.27960604 -0.02312000 0.01405174
v -0.27785605 -0.02312000 0.01578005
v -0.27634349 -0.02312000 0.01698936
v -0.27546927 -0.02312000 0.01759135
v -0.27284902 -0.02312000 0.01904454
v -0.27254146 -0.02312000 0.01918445
v -0.27004865 -0.02312000 0.02011005
v -0.26836616 -0.02312000 0.02054110
v -0.26712510 -0.02312000 0.02076617
v -0.26413798 -0.02312000 0.02099955
v -0.26400000 -0.02312000 0.02100000
v -0.26114801 -0.02312000 0.02080544
v -0.25276285 -0.02312000 0.01774054
v -0.25963387 -0.02312000 0.02054110
v -0.25821611 -0.02312000 0.02018779
v -0.25545853 -0.02312000 0.01918446
v -0.25540197 -0.02312000 0.01915918
v -0.24640866 -0.02312000 0.01146928
v -0.25165650 -0.02312000 0.01698936
v -0.25035250 -0.02312000 0.01596075
v -0.24839395 -0.02312000 0.01405174
v -0.24821995 -0.02312000 0.01385605
v -0.24581347 -0.02312000 0.01050000
v -0.24495545 -0.02312000 0.00884903
v -0.24402781 -0.02312000 0.00648936
v -0.24388996 -0.02312000 0.00604864
v -0.24323383 -0.02312000 0.00312511
v -0.24311504 -0.02312000 0.00219510
v -0.24300045 -0.02312000 0.00013797
v -0.24311504 -0.02312000 -0.00219510
v -0.24319457 -0.02312000 -0.00285198
v -0.24381222 -0.02312000 -0.00578387
v -0.24402781 -0.02312000 -0.00648936
v -0.24484083 -0.02312000 -0.00859802
v -0.27785102 -0.02315827 0.01577433
v -0.27995497 -0.02315827 0.01364256
v -0.28315222 -0.02315827 0.00859491
v -0.28418046 -0.02315827 0.00578178
v -0.28499195 -0.02315827 -0.00013792
v -0.28475863 -0.02315827 -0.00312398
v -0.28303763 -0.02315827 -0.00884582
v -0.28158498 -0.02315827 -0.01146512
v -0.27764255 -0.02315827 -0.01595497
v -0.27523306 -0.02315827 -0.01773410
v -0.26978177 -0.02315827 -0.02018047
v -0.26685095 -0.02315827 -0.02079790
v -0.26386207 -0.02315827 -0.02099193
v -0.25795355 -0.02315827 -0.02010276
v -0.25515419 -0.02315827 -0.01903764
v -0.27543557 -0.02321239 0.01753964
v -0.28168839 -0.02321239 0.01120411
v -0.28474426 -0.02321239 0.00284360
v -0.28405094 -0.02321239 -0.00603086
v -0.27973366 -0.02321239 -0.01381532
v -0.27257276 -0.02321239 -0.01910285
v -0.26976687 -0.02321239 -0.02012845
v -0.26088408 -0.02321239 -0.02070512
v -0.25256443 -0.02321239 -0.01753964
v -0.25517699 -0.02321239 -0.01898856
v -0.25254673 -0.02319071 -0.01756682
v -0.25516331 -0.02319071 -0.01901798
v -0.25253487 -0.02315827 -0.01758497
v -0.25796914 -0.02321239 -0.02005093
v -0.25795978 -0.02319071 -0.02008200
v -0.26087603 -0.02315827 -0.02075864
v -0.26087925 -0.02319071 -0.02073720
v -0.26386243 -0.02321239 -0.02093782
v -0.26386222 -0.02319071 -0.02097026
v -0.26684359 -0.02321239 -0.02074428
v -0.26684800 -0.02319071 -0.02077642
v -0.26977581 -0.02319071 -0.02015963
v -0.27259490 -0.02315827 -0.01915223
v -0.27258602 -0.02319071 -0.01913245
v -0.27520412 -0.02321239 -0.01768839
v -0.27522147 -0.02319071 -0.01771579
v -0.27760738 -0.02321239 -0.01591383
v -0.27762848 -0.02319071 -0.01593849
v -0.27977434 -0.02315827 -0.01385103
v -0.27975804 -0.02319071 -0.01383672
v -0.28153965 -0.02321239 -0.01143557
v -0.28156683 -0.02319071 -0.01145328
v -0.28298855 -0.02321239 -0.00882302
v -0.28301799 -0.02319071 -0.00883669
v -0.28410277 -0.02315827 -0.00604645
v -0.28408200 -0.02319071 -0.00604020
v -0.28470513 -0.02321239 -0.00311593
v -0.28473720 -0.02319071 -0.00312076
v -0.28493783 -0.02321239 -0.00013757
v -0.28497025 -0.02319071 -0.00013778
v -0.28479791 -0.02315827 0.00285095
v -0.28477642 -0.02319071 0.00284800
v -0.28412846 -0.02321239 0.00576687
v -0.28415963 -0.02319071 0.00577581
v -0.28310284 -0.02321239 0.00857275
v -0.28313246 -0.02319071 0.00858603
v -0.28173411 -0.02315827 0.01123307
v -0.28171578 -0.02319071 0.01122147
v -0.27991384 -0.02321239 0.01360739
v -0.27993849 -0.02319071 0.01362847
v -0.27781531 -0.02321239 0.01573366
v -0.27783671 -0.02319071 0.01575804
v -0.27546513 -0.02315827 0.01758497
v -0.27545330 -0.02319071 0.01756682
v -0.25014898 -0.02315827 -0.01577433
v -0.24804503 -0.02315827 -0.01364256
v -0.24484777 -0.02315827 -0.00859491
v -0.24381953 -0.02315827 -0.00578178
v -0.24300806 -0.02315827 0.00013792
v -0.24324135 -0.02315827 0.00312398
v -0.24496236 -0.02315827 0.00884582
v -0.24641502 -0.02315827 0.01146512
v -0.25035745 -0.02315827 0.01595497
v -0.25276694 -0.02315827 0.01773410
v -0.25821823 -0.02315827 0.02018047
v -0.26114905 -0.02315827 0.02079790
v -0.26413792 -0.02315827 0.02099193
v -0.27004644 -0.02315827 0.02010276
v -0.27284583 -0.02315827 0.01903764
v -0.24631162 -0.02321239 -0.01120411
v -0.24325572 -0.02321239 -0.00284360
v -0.24394907 -0.02321239 0.00603086
v -0.24826634 -0.02321239 0.01381532
v -0.25542724 -0.02321239 0.01910285
v -0.25823313 -0.02321239 0.02012845
v -0.26711592 -0.02321239 0.02070512
v -0.27282301 -0.02321239 0.01898856
v -0.27283669 -0.02319071 0.01901798
v -0.27003086 -0.02321239 0.02005093
v -0.27004021 -0.02319071 0.02008200
v -0.26712397 -0.02315827 0.02075864
v -0.26712075 -0.02319071 0.02073720
v -0.26413757 -0.02321239 0.02093782
v -0.26413777 -0.02319071 0.02097026
v -0.26115641 -0.02321239 0.02074428
v -0.26115200 -0.02319071 0.02077642
v -0.25822419 -0.02319071 0.02015963
v -0.25540510 -0.02315827 0.01915223
v -0.25541398 -0.02319071 0.01913245
v -0.25279588 -0.02321239 0.01768839
v -0.25277853 -0.02319071 0.01771579
v -0.25039262 -0.02321239 0.01591383
v -0.25037152 -0.02319071 0.01593849
v -0.24822567 -0.02315827 0.01385103
v -0.24824196 -0.02319071 0.01383672
v -0.24646036 -0.02321239 0.01143557
v -0.24643318 -0.02319071 0.01145328
v -0.24501143 -0.02321239 0.00882302
v -0.24498202 -0.02319071 0.00883669
v -0.24389724 -0.02315827 0.00604645
v -0.24391800 -0.02319071 0.00604020
v -0.24329488 -0.02321239 0.00311593
v -0.24326280 -0.02319071 0.00312076
v -0.24306218 -0.02321239 0.00013757
v -0.24302974 -0.02319071 0.00013778
v -0.24320211 -0.02315827 -0.00285095
v -0.24322358 -0.02319071 -0.00284800
v -0.24387155 -0.02321239 -0.00576687
v -0.24384037 -0.02319071 -0.00577581
v -0.24489714 -0.02321239 -0.00857275
v -0.24486755 -0.02319071 -0.00858603
v -0.24626589 -0.02315827 -0.01123307
v -0.24628420 -0.02319071 -0.01122147
v -0.24808617 -0.02321239 -0.01360739
v -0.24806151 -0.02319071 -0.01362847
v -0.25018468 -0.02321239 -0.01573366
v -0.25016329 -0.02319071 -0.01575804
v -0.26997709 -0.02312000 -0.01375770
v -0.26997709 -0.02322000 -0.01375770
v -0.27078566 -0.02312000 -0.01337740
v -0.27309585 -0.02322000 -0.01192751
v -0.27300552 -0.02312000 -0.01199585
v -0.27568597 -0.02322000 -0.00940414
v -0.27495176 -0.02312000 -0.01024982
v -0.27309585 -0.02312000 -0.01192751
v -0.27759695 -0.02312000 -0.00633424
v -0.27759695 -0.02322000 -0.00633424
v -0.27656525 -0.02312000 -0.00819234
v -0.27568597 -0.02312000 -0.00940414
v -0.27826046 -0.02305142 -0.00465480
v -0.27871776 -0.02322000 -0.00289621
v -0.27871776 -0.02312000 -0.00289621
v -0.27897799 -0.02312000 -0.00081215
v -0.27898318 -0.02322000 0.00071014
v -0.27898318 -0.02312000 0.00071014
v -0.27889147 -0.02312000 0.00180109
v -0.27837786 -0.02322000 0.00427521
v -0.27835250 -0.02312000 0.00435960
v -0.27737740 -0.02312000 0.00678565
v -0.27693692 -0.02322000 0.00759183
v -0.27693692 -0.02312000 0.00759183
v -0.27599585 -0.02312000 0.00900553
v -0.27474415 -0.02322000 0.01046723
v -0.27474415 -0.02312000 0.01046723
v -0.27192700 -0.02322000 0.01273432
v -0.27335106 -0.02306124 0.01172838
v -0.26864913 -0.02322000 0.01426134
v -0.27067037 -0.02309495 0.01344612
v -0.26510108 -0.02322000 0.01495953
v -0.26655155 -0.02309470 0.01479059
v -0.26864913 -0.02312000 0.01426134
v -0.26336712 -0.02306389 0.01498647
v -0.26148900 -0.02322000 0.01478834
v -0.26148900 -0.02312000 0.01478834
v -0.25964040 -0.02312000 0.01435249
v -0.25802290 -0.02322000 0.01375770
v -0.25802290 -0.02312000 0.01375770
v -0.26992518 -0.02322000 0.01388892
v -0.26742339 -0.02322000 0.01470682
v -0.27502477 -0.02322000 -0.01031815
v -0.27664903 -0.02322000 -0.00824696
v -0.27746660 -0.02322000 0.00683089
v -0.27607584 -0.02322000 0.00906556
v -0.27431816 -0.02322000 0.01102478
v -0.27224696 -0.02322000 0.01264902
v -0.27788892 -0.02322000 -0.00592519
v -0.27870682 -0.02322000 -0.00342339
v -0.27907786 -0.02322000 -0.00081757
v -0.27899075 -0.02322000 0.00181309
v -0.27844816 -0.02322000 0.00438867
v -0.26289892 -0.02322000 -0.01495953
v -0.26581308 -0.02322000 -0.01499075
v -0.26651099 -0.02322000 -0.01478834
v -0.26838866 -0.02322000 -0.01444817
v -0.27083090 -0.02322000 -0.01346659
v -0.27306557 -0.02322000 -0.01207583
v -0.26481757 -0.02322000 0.01507785
v -0.26218691 -0.02322000 0.01499075
v -0.25961134 -0.02322000 0.01444817
v -0.25716910 -0.02322000 0.01346659
v -0.25490415 -0.02322000 0.01192751
v -0.25607303 -0.02322000 -0.01273432
v -0.25807482 -0.02322000 -0.01388892
v -0.25935087 -0.02322000 -0.01426134
v -0.26057661 -0.02322000 -0.01470682
v -0.26318243 -0.02322000 -0.01507785
v -0.25040305 -0.02322000 0.00633424
v -0.24929318 -0.02322000 0.00342339
v -0.24928226 -0.02322000 0.00289621
v -0.24892215 -0.02322000 0.00081757
v -0.24901682 -0.02322000 -0.00071014
v -0.24900925 -0.02322000 -0.00181309
v -0.24962215 -0.02322000 -0.00427521
v -0.25493443 -0.02322000 0.01207583
v -0.25297523 -0.02322000 0.01031815
v -0.25231403 -0.02322000 0.00940414
v -0.25135097 -0.02322000 0.00824696
v -0.25011107 -0.02322000 0.00592519
v -0.24955183 -0.02322000 -0.00438867
v -0.25053340 -0.02322000 -0.00683089
v -0.25106308 -0.02322000 -0.00759183
v -0.25192419 -0.02322000 -0.00906556
v -0.25325584 -0.02322000 -0.01046723
v -0.25368184 -0.02322000 -0.01102478
v -0.25575304 -0.02322000 -0.01264902
v -0.25721434 -0.02312000 0.01337740
v -0.25499448 -0.02312000 0.01199585
v -0.25304824 -0.02312000 0.01024982
v -0.25490415 -0.02312000 0.01192751
v -0.25040305 -0.02312000 0.00633424
v -0.25143474 -0.02312000 0.00819234
v -0.25231403 -0.02312000 0.00940414
v -0.24973936 -0.02305150 0.00465409
v -0.24928226 -0.02312000 0.00289621
v -0.24902201 -0.02312000 0.00081215
v -0.24901682 -0.02312000 -0.00071014
v -0.24910852 -0.02312000 -0.00180109
v -0.24964751 -0.02312000 -0.00435960
v -0.25062260 -0.02312000 -0.00678565
v -0.25106308 -0.02312000 -0.00759183
v -0.25200415 -0.02312000 -0.00900553
v -0.25325584 -0.02312000 -0.01046723
v -0.25464933 -0.02306122 -0.01172872
v -0.25733015 -0.02309497 -0.01344636
v -0.26144845 -0.02309470 -0.01479059
v -0.25935087 -0.02312000 -0.01426134
v -0.26463295 -0.02306389 -0.01498647
v -0.26651099 -0.02312000 -0.01478834
v -0.26835960 -0.02312000 -0.01435249
v -0.27221966 -0.02320660 0.01260713
v -0.26990557 -0.02320660 0.01384293
v -0.27219966 -0.02317000 0.01257647
v -0.26989120 -0.02317000 0.01380926
v -0.26481289 -0.02317000 0.01499138
v -0.26740375 -0.02317000 0.01462247
v -0.25720829 -0.02317000 0.01338935
v -0.25963649 -0.02317000 0.01436531
v -0.26219732 -0.02317000 0.01490478
v -0.25498644 -0.02317000 0.01200657
v -0.25303844 -0.02317000 0.01025897
v -0.25019073 -0.02317000 0.00589121
v -0.25142354 -0.02317000 0.00819966
v -0.24909522 -0.02317000 -0.00180270
v -0.24900863 -0.02317000 0.00081288
v -0.24937753 -0.02317000 0.00340375
v -0.25374103 -0.02317000 -0.01096155
v -0.25199342 -0.02317000 -0.00901357
v -0.24963470 -0.02317000 -0.00436350
v -0.25061065 -0.02317000 -0.00679171
v -0.25580034 -0.02317000 -0.01257647
v -0.26741207 -0.02320660 0.01465812
v -0.26481485 -0.02320660 0.01502792
v -0.26219290 -0.02320660 0.01494111
v -0.25962585 -0.02320660 0.01440033
v -0.25719172 -0.02320660 0.01342199
v -0.25496444 -0.02320660 0.01203584
v -0.25301173 -0.02320660 0.01028398
v -0.25139287 -0.02320660 0.00821965
v -0.25015706 -0.02320660 0.00590557
v -0.24934189 -0.02320660 0.00341205
v -0.24897207 -0.02320660 0.00081486
v -0.24905889 -0.02320660 -0.00180709
v -0.24959967 -0.02320660 -0.00437413
v -0.25057802 -0.02320660 -0.00680827
v -0.25196415 -0.02320660 -0.00903554
v -0.25371602 -0.02320660 -0.01098828
v -0.25578034 -0.02320660 -0.01260713
v -0.25809443 -0.02320660 -0.01384293
v -0.25810879 -0.02317000 -0.01380926
v -0.26318711 -0.02317000 -0.01499138
v -0.26059625 -0.02317000 -0.01462247
v -0.27079171 -0.02317000 -0.01338935
v -0.26836351 -0.02317000 -0.01436531
v -0.26580271 -0.02317000 -0.01490478
v -0.27301356 -0.02317000 -0.01200657
v -0.27496156 -0.02317000 -0.01025897
v -0.27780926 -0.02317000 -0.00589121
v -0.27657646 -0.02317000 -0.00819966
v -0.27890477 -0.02317000 0.00180270
v -0.27899137 -0.02317000 -0.00081288
v -0.27862248 -0.02317000 -0.00340375
v -0.27425897 -0.02317000 0.01096155
v -0.27600658 -0.02317000 0.00901357
v -0.27836531 -0.02317000 0.00436350
v -0.27738935 -0.02317000 0.00679171
v -0.26058796 -0.02320660 -0.01465812
v -0.26318514 -0.02320660 -0.01502792
v -0.26580709 -0.02320660 -0.01494111
v -0.26837415 -0.02320660 -0.01440033
v -0.27080828 -0.02320660 -0.01342199
v -0.27303556 -0.02320660 -0.01203584
v -0.27498826 -0.02320660 -0.01028398
v -0.27660713 -0.02320660 -0.00821965
v -0.27784294 -0.02320660 -0.00590557
v -0.27865812 -0.02320660 -0.00341205
v -0.27902791 -0.02320660 -0.00081486
v -0.27894112 -0.02320660 0.00180709
v -0.27840033 -0.02320660 0.00437413
v -0.27742198 -0.02320660 0.00680827
v -0.27603585 -0.02320660 0.00903554
v -0.27428398 -0.02320660 0.01098828
v -0.00603593 0.00000000 -0.02800000
v -0.00589532 0.00000000 -0.02796500
v -0.00578752 0.00000000 -0.02786818
v -0.00691144 0.00000000 -0.02717082
v -0.02894114 0.00000000 -0.02375000
v -0.02123682 0.00012979 -0.02544735
v -0.02937415 0.00000000 -0.02500000
v -0.02919115 0.00000000 -0.02518301
v -0.02944115 0.00000000 -0.02475000
v -0.02944115 0.00000000 -0.02425000
v -0.02937415 0.00000000 -0.02400000
v -0.02919115 0.00000000 -0.02381699
v -0.00584212 0.00000000 -0.02747101
v -0.00575739 0.00000000 -0.02758857
v -0.00573766 0.00000000 -0.02773212
v -0.25333672 0.00000000 0.02617923
v -0.25796407 0.00000000 0.02800000
v -0.25815788 0.00000000 0.02747101
v -0.25826234 0.00000000 0.02773212
v -0.25824261 0.00000000 0.02758857
v -0.25821248 0.00000000 0.02786818
v -0.25810468 0.00000000 0.02796500
v -0.24027995 0.01463090 0.02812980
v -0.25796407 0.02695000 0.02800000
v -0.26400000 0.02695000 0.02800000
v -0.25803652 0.02694112 0.02799112
v -0.25810468 0.02691500 0.02796500
v -0.25825504 0.02674839 0.02779193
v -0.25821248 0.02681818 0.02786818
v -0.23609838 0.03005000 0.02800000
v -0.26806656 0.02675000 0.02618613
v -0.26356608 0.02675000 0.02649645
v -0.25824261 0.02675000 0.02758857
v -0.25815788 0.02675000 0.02747101
v -0.26400000 0.02695000 -0.02800000
v -0.25300104 0.02970854 -0.02867232
v -0.26400000 0.02675000 -0.02780000
v -0.25824680 0.02675827 -0.02781240
v -0.25810468 0.02691500 -0.02796500
v -0.25810468 0.00000000 -0.02796500
v -0.25821248 0.00000000 -0.02786818
v -0.25826234 0.02675000 -0.02773212
v -0.25826550 0.00000000 -0.02765854
v -0.25029849 0.02908406 0.01387368
v -0.27502396 0.02814285 0.02666095
v -0.26948034 0.02815597 -0.02824665
v -0.23732348 0.00000222 0.02446217
v -0.23477173 0.03025000 0.02780000
v -0.23362559 0.03025000 0.02725969
v -0.23265119 0.03025000 0.02639254
v -0.22162329 0.02525000 0.01325000
v -0.21916682 0.03025000 0.01032249
v -0.23160633 0.01481631 0.02514734
v -0.23134938 0.01635583 0.02484111
v -0.23169248 0.01325000 0.02525000
v -0.23092601 0.01784220 0.02433655
v -0.23034346 0.01925000 0.02364231
v -0.22961171 0.02055514 0.02277024
v -0.22874327 0.02173528 0.02173528
v -0.22775301 0.02277024 0.02055514
v -0.22665788 0.02364230 0.01925000
v -0.22547659 0.02433655 0.01784220
v -0.22422938 0.02484111 0.01635583
v -0.22293757 0.02514734 0.01481631
v -0.02534881 0.03025000 -0.02639254
v -0.02630753 0.01325000 -0.02525000
v -0.02639367 0.01481631 -0.02514734
v -0.02665062 0.01635583 -0.02484111
v -0.02707400 0.01784220 -0.02433655
v -0.02765654 0.01925000 -0.02364230
v -0.02838829 0.02055514 -0.02277024
v -0.02925672 0.02173528 -0.02173528
v -0.03024697 0.02277024 -0.02055514
v -0.03134212 0.02364230 -0.01925000
v -0.03252341 0.02433655 -0.01784220
v -0.03377062 0.02484111 -0.01635583
v -0.03506242 0.02514734 -0.01481631
v -0.03637671 0.02525000 -0.01325000
v -0.02825460 0.02525000 0.01325000
v -0.23574540 0.02525000 -0.01325000
v -0.21079286 0.02490217 -0.00789425
v -0.05479442 0.02525000 0.00925000
v -0.19381909 0.02525000 0.00925000
v -0.20920558 0.02525000 -0.00925000
v -0.07018091 0.02525000 -0.00925000
v -0.04313601 0.02525000 -0.00391470
v -0.21775730 0.02752273 0.00701133
v -0.24816556 0.03025000 -0.02656899
v -0.21988351 0.02518319 -0.01887273
v -0.27488436 0.02892599 -0.01685423
v -0.21514328 0.01879013 0.01911001
v -0.01544464 -0.00021189 0.02596828
v -0.01706442 0.01325000 0.02525000
v -0.02679399 0.02514734 0.01481631
v -0.02535837 0.02484111 0.01635583
v -0.02397230 0.02433655 0.01784220
v -0.02265951 0.02364230 0.01925000
v -0.02144244 0.02277024 0.02055514
v -0.02034195 0.02173528 0.02173528
v -0.01937683 0.02055514 0.02277024
v -0.01856362 0.01925000 0.02364231
v -0.01791622 0.01784220 0.02433655
v -0.01744572 0.01635583 0.02484111
v -0.01716015 0.01481631 0.02514734
v -0.01583444 0.03025000 0.02656899
v -0.25060487 0.00000015 -0.02832801
v -0.24693558 0.00000000 -0.02525000
v -0.24693558 0.01325000 -0.02525000
v -0.24683985 0.01481631 -0.02514734
v -0.24655429 0.01635583 -0.02484111
v -0.24462317 0.02055514 -0.02277024
v -0.24543639 0.01925000 -0.02364230
v -0.24608378 0.01784220 -0.02433655
v -0.24134049 0.02364230 -0.01925000
v -0.24255756 0.02277024 -0.02055514
v -0.24365805 0.02173528 -0.02173528
v -0.23720601 0.02514734 -0.01481631
v -0.23864163 0.02484111 -0.01635583
v -0.24002770 0.02433655 -0.01784220
v -0.21011361 0.01483174 -0.00805259
v -0.20643186 0.02178150 0.01570171
v -0.20660041 0.02271480 0.01510952
v -0.20482999 0.02227617 0.01451355
v -0.20493435 0.02255764 0.01469601
v -0.20240948 0.02272808 0.01475636
v -0.20267071 0.02275000 0.01451355
v -0.17661379 0.02943535 0.01679690
v -0.21250531 -0.00002110 -0.02384047
v -0.13194795 0.01883702 0.01981386
v -0.05650298 0.02104013 0.01702761
v -0.06092503 0.00300417 0.01899921
v -0.03994115 0.01000000 -0.02525000
v -0.03994115 0.00000000 -0.02525000
v -0.02894114 0.01000000 -0.02525000
v -0.09397344 0.02590076 -0.01885418
v -0.16922458 0.00000000 -0.02375000
v -0.19716230 0.00000000 -0.02375000
v -0.21023373 0.00000000 -0.02365652
v -0.07018091 0.02425000 -0.00925000
v -0.19381909 0.02425000 0.00925000
v -0.05373285 0.02475000 0.00871158
v -0.04327665 0.03025000 -0.00403048
v -0.20671262 0.02268369 0.01508125
v -0.20685597 0.02250234 0.01519470
v -0.20490527 0.02251496 0.01451355
v -0.20489764 0.02250234 0.01451355
v -0.20508048 0.02268369 0.01451355
v -0.20514467 0.02271638 0.01458407
v -0.20508689 0.02268731 0.01451355
v -0.20532930 0.02275000 -0.01451355
v -0.21660903 0.02275000 0.00217518
v -0.21703833 0.02293760 -0.00171392
v -0.20304076 0.02251384 -0.01476567
v -0.20309165 0.02134672 -0.01525969
v -0.20291311 0.02268731 0.01451355
v -0.20289500 0.02268369 0.01462127
v -0.20310235 0.02250234 0.01451355
v -0.20301552 0.02250508 0.01478928
v -0.20309472 0.02251496 0.01451355
v -0.20291953 0.02268369 0.01451355
v -0.20267071 0.02275000 -0.01451355
v -0.19838110 0.02265268 -0.01844548
v -0.20068304 0.02115845 0.01609993
v -0.10873387 0.02677973 0.01745557
v -0.06434503 0.02267449 0.01657073
v -0.06090608 0.02238285 0.01479450
v -0.05759765 0.02275000 0.01487389
v -0.05867070 0.02275000 0.01451355
v -0.02868636 0.02082808 0.01999374
v -0.05547211 0.02326248 0.01637584
v -0.05745692 0.02133875 -0.01574326
v -0.05748251 0.02275000 -0.01492683
v -0.05909312 0.02242057 -0.01473812
v -0.05917002 0.02227617 -0.01451355
v -0.07005082 0.02438170 -0.01325292
v -0.06132929 0.02275000 -0.01451355
v -0.09708478 0.02605420 -0.00597006
v -0.06613293 0.02478333 -0.00719178
v -0.20470938 0.02456250 0.00309089
v -0.20601506 0.02268023 -0.01530418
v -0.21716952 0.02267427 0.00176481
v -0.21687892 0.02261269 0.00238877
v -0.21723538 0.02247092 0.00203955
v -0.20489764 0.02250234 -0.01451355
v -0.20490527 0.02251496 -0.01451355
v -0.20508048 0.02268369 -0.01451355
v -0.20508689 0.02268731 -0.01451355
v -0.20510499 0.02268369 -0.01462127
v -0.20486388 0.02241869 -0.01463402
v -0.20310235 0.02250234 -0.01451355
v -0.20309472 0.02251496 -0.01451355
v -0.20289500 0.02268369 -0.01462127
v -0.20291311 0.02268731 -0.01451355
v -0.20291953 0.02268369 -0.01451355
v -0.16794712 0.02172212 -0.00085881
v -0.14433396 0.02146297 -0.02085875
v -0.13303585 0.02261707 -0.01593032
v -0.13400240 0.02275000 -0.01594269
v -0.13332930 0.02275000 -0.01568980
v -0.13110827 0.02239891 -0.01592358
v -0.13607508 0.02280611 -0.01729846
v -0.13332930 0.02275000 0.01568980
v -0.13289173 0.02239891 0.01592358
v -0.06509476 0.02233524 0.01849135
v -0.06447004 0.02268369 0.01649593
v -0.06346427 0.02272203 0.01594180
v -0.06515540 0.02117097 0.01742325
v -0.06089765 0.02250234 0.01451355
v -0.06090528 0.02251496 0.01451355
v -0.06114526 0.02271647 0.01458528
v -0.06108689 0.02268731 0.01451355
v -0.06108047 0.02268369 0.01451355
v -0.05909473 0.02251496 0.01451355
v -0.05891952 0.02268369 0.01451355
v -0.05889501 0.02268369 0.01462127
v -0.05910236 0.02250234 0.01451355
v -0.05913126 0.02242155 0.01464297
v -0.05891311 0.02268731 0.01451355
v -0.05763131 0.02258365 0.01529815
v -0.05725348 0.02250234 0.01513441
v -0.05739926 0.02268369 0.01502407
v -0.04601151 0.02275000 -0.00043209
v -0.04555713 0.02243852 -0.00029430
v -0.04839154 0.02327617 -0.00700347
v -0.03060433 0.02327556 0.01544688
v -0.03205888 0.02351496 0.01351314
v -0.03034487 0.02361092 0.01517875
v -0.03191647 0.02368731 0.01340043
v -0.03199627 0.02361269 0.01346359
v -0.03498058 0.02361269 0.01303641
v -0.03351485 0.02339230 0.01474441
v -0.03506038 0.02368731 0.01309957
v -0.04238698 0.02357687 0.01845850
v -0.04427242 0.02105155 0.00052481
v -0.12897859 0.02124546 -0.01802661
v -0.06528405 0.02175619 -0.01799282
v -0.04443911 0.02378164 0.00158758
v -0.05395298 0.02364214 0.01412892
v -0.05324271 0.02361269 0.01304227
v -0.04849246 0.02351120 -0.00724857
v -0.04847047 0.02343460 -0.00715902
v -0.04850000 0.02368731 -0.00755451
v -0.04850000 0.02358103 -0.00734128
v -0.04851024 0.02350205 -0.00818999
v -0.05729242 0.02268731 -0.01507727
v -0.05909473 0.02251496 -0.01451355
v -0.05910236 0.02250234 -0.01451355
v -0.05828095 0.02268559 -0.01512580
v -0.05891952 0.02268369 -0.01451355
v -0.05889501 0.02268369 -0.01462127
v -0.05891311 0.02268731 -0.01451355
v -0.06108689 0.02268731 -0.01451355
v -0.06110500 0.02268369 -0.01462127
v -0.06089765 0.02250234 -0.01451355
v -0.06098448 0.02250508 -0.01478928
v -0.06090528 0.02251496 -0.01451355
v -0.06108047 0.02268369 -0.01451355
v -0.13286601 0.02243807 -0.01568980
v -0.13313687 0.02271149 -0.01568980
v -0.13290527 0.02251496 -0.01568980
v -0.13297409 0.02260188 -0.01568980
v -0.13308689 0.02268731 -0.01568980
v -0.13113399 0.02243807 -0.01568980
v -0.13109472 0.02251496 -0.01568980
v -0.13102591 0.02260188 -0.01568980
v -0.13093710 0.02256080 -0.01601699
v -0.13313687 0.02271149 0.01568980
v -0.13286601 0.02243807 0.01568980
v -0.13290527 0.02251496 0.01568980
v -0.13297409 0.02260188 0.01568980
v -0.13356922 0.02275419 0.01610154
v -0.13308689 0.02268731 0.01568980
v -0.13113399 0.02243807 0.01568980
v -0.13109472 0.02251496 0.01568980
v -0.13102591 0.02260188 0.01568980
v -0.13096848 0.02262168 0.01592092
v -0.09650035 0.02208153 0.00134382
v -0.09349726 0.02251238 0.00037097
v -0.09340808 0.02268657 0.00021243
v -0.04567213 0.02251238 -0.00017521
v -0.04581717 0.02268657 -0.00028499
v -0.04562552 0.02259668 -0.00051114
v -0.04411520 0.02368657 0.00165577
v -0.04397257 0.02351238 0.00154290
v -0.04450065 0.02368657 0.00165992
v -0.04464568 0.02351238 0.00155014
v -0.09301331 0.02143681 0.00163123
v -0.00076518 0.02925000 -0.02803059
v 0.00805694 0.03085925 0.00533440
v -0.02740360 0.02881156 -0.01389811
v -0.01555823 0.02674516 -0.02333689
v -0.00492183 0.02675000 -0.02603892
v -0.01283306 0.02675000 -0.02494222
v -0.00923082 0.02675000 -0.02648762
v -0.00597206 0.02675000 -0.02740688
v -0.00584212 0.02675000 -0.02747101
v -0.00043392 0.02675000 -0.02649645
v -0.00575739 0.02675000 -0.02758857
v 0.00406656 0.02675000 -0.02618613
v -0.00574496 0.02674839 -0.02779193
v 0.00370845 0.02752340 0.02750537
v -0.00575739 0.02675000 0.02758857
v -0.00000000 0.02675000 0.02780000
v -0.00575320 0.02675827 0.02781240
v -0.00573766 0.02675000 0.02773212
v -0.03969115 0.00000000 -0.02518301
v -0.03950813 0.00000000 -0.02500000
v -0.03944114 0.00000000 -0.02425000
v -0.04056261 0.00003666 -0.02366012
v -0.03944114 0.00000000 -0.02475000
v -0.00000000 0.02695000 0.02800000
v -0.01319615 0.02994304 0.02816579
v -0.00596348 0.02694112 0.02799112
v -0.00589532 0.02691500 0.02796500
v 0.02249751 0.02755025 -0.01629481
v 0.01160311 0.02730443 -0.02623863
v -0.00000000 0.02695000 -0.02800000
v -0.02235552 0.03013389 -0.02836667
v -0.00578752 0.02681818 -0.02786818
v -0.00589532 0.02691500 -0.02796500
v -0.00596348 0.02694112 -0.02799112
v -0.01501350 0.02648032 -0.02369382
v -0.01524773 0.02665461 -0.02354377
v -0.01516202 0.02660813 -0.02359905
v -0.05198274 0.00214495 -0.02244521
v -0.02894114 0.01000000 -0.02375000
v -0.04721970 0.02595586 -0.01485582
v -0.02721471 0.02062477 -0.02254655
v -0.02327652 0.02660355 -0.02360355
v -0.02327652 0.02668301 -0.02350000
v -0.02446732 0.02654942 -0.02356532
v -0.02944115 0.01000000 -0.02425000
v -0.02944115 0.01000000 -0.02475000
v -0.03944114 0.01000000 -0.02475000
v -0.03944114 0.01000000 -0.02425000
v -0.03969115 0.01000000 -0.02518301
v -0.03950813 0.01000000 -0.02500000
v -0.02937415 0.01000000 -0.02400000
v -0.03950813 0.01000000 -0.02400000
v -0.02919115 0.01000000 -0.02381699
v -0.02919115 0.01000000 -0.02518301
v -0.02937415 0.01000000 -0.02500000
f 1 2 68
f 1 68 3
f 68 69 182
f 8 4 5
f 6 9 7
f 6 7 5
f 5 7 8
f 9 6 10
f 9 10 11
f 11 10 12
f 11 12 13
f 15 16 17
f 17 16 18
f 17 18 19
f 19 18 20
f 19 20 21
f 21 20 22
f 21 22 23
f 23 22 24
f 26 29 14
f 14 29 27
f 30 28 26
f 26 28 29
f 30 31 28
f 32 35 33
f 34 37 32
f 32 37 35
f 36 39 34
f 34 39 37
f 38 41 36
f 36 41 39
f 40 43 38
f 38 43 41
f 42 44 40
f 40 44 43
f 42 162 44
f 45 46 25
f 25 46 47
f 25 47 71
f 48 49 45
f 45 49 50
f 45 50 46
f 51 52 48
f 48 52 53
f 48 53 49
f 54 55 51
f 51 55 56
f 51 56 52
f 257 57 54
f 54 57 58
f 54 58 55
f 258 59 257
f 257 59 60
f 257 60 57
f 62 61 258
f 258 61 59
f 12 63 13
f 13 63 64
f 65 16 66
f 66 16 15
f 67 70 68
f 287 68 2
f 70 69 68
f 352 72 109
f 73 162 74
f 74 162 98
f 109 98 352
f 329 328 75
f 75 328 76
f 76 328 77
f 77 328 78
f 78 328 79
f 79 328 153
f 80 336 81
f 81 336 345
f 81 345 82
f 82 345 83
f 83 345 84
f 84 345 85
f 85 345 326
f 85 326 86
f 86 326 87
f 87 326 88
f 89 176 90
f 90 91 89
f 89 91 92
f 89 92 93
f 93 92 94
f 93 94 95
f 95 94 96
f 95 96 97
f 100 101 102
f 99 103 104
f 104 103 100
f 104 100 105
f 105 100 102
f 259 106 108
f 108 107 355
f 101 100 109
f 109 100 103
f 109 103 99
f 109 99 98
f 268 110 111
f 111 110 112
f 111 112 113
f 116 117 118
f 118 117 114
f 115 339 119
f 115 119 114
f 114 119 118
f 211 121 122
f 122 121 120
f 123 350 212
f 212 350 124
f 212 124 125
f 212 125 120
f 120 125 126
f 120 126 122
f 127 269 128
f 130 343 127
f 127 128 130
f 130 128 131
f 130 131 132
f 343 130 271
f 271 130 132
f 271 132 129
f 260 133 134
f 115 114 209
f 210 135 273
f 340 202 136
f 136 202 135
f 135 202 273
f 273 115 210
f 210 115 209
f 189 138 139
f 277 355 140
f 140 355 107
f 140 107 139
f 139 107 108
f 139 108 189
f 181 141 142
f 259 181 142
f 259 142 106
f 106 142 67
f 106 67 68
f 106 68 286
f 106 286 108
f 108 351 189
f 286 190 108
f 108 190 351
f 143 144 145
f 145 146 143
f 143 146 147
f 147 148 143
f 143 148 149
f 143 149 150
f 153 356 345
f 153 345 336
f 344 328 152
f 356 153 328
f 154 155 156
f 156 155 157
f 34 32 158
f 34 158 36
f 36 158 159
f 36 159 38
f 38 159 160
f 38 160 40
f 40 160 161
f 40 161 42
f 42 161 162
f 163 164 12
f 163 12 165
f 165 12 10
f 165 10 166
f 166 10 6
f 166 6 167
f 167 6 5
f 167 5 168
f 168 5 4
f 168 4 352
f 24 22 169
f 169 22 20
f 169 20 170
f 170 20 18
f 170 18 171
f 171 18 16
f 171 16 172
f 172 16 65
f 172 65 173
f 173 65 174
f 173 174 164
f 164 174 175
f 164 175 12
f 12 175 63
f 93 95 97
f 74 97 177
f 74 176 97
f 97 176 89
f 97 89 93
f 179 178 180
f 181 182 179
f 179 182 183
f 180 141 179
f 179 141 181
f 74 184 176
f 286 185 190
f 187 186 188
f 189 71 187
f 188 138 187
f 187 138 189
f 191 192 193
f 191 193 264
f 112 110 129
f 129 110 194
f 193 196 264
f 195 197 198
f 200 137 273
f 201 200 202
f 202 200 273
f 203 204 205
f 203 205 154
f 206 207 117
f 117 207 208
f 117 208 114
f 114 208 209
f 210 154 205
f 120 121 212
f 212 121 211
f 276 213 214
f 276 346 213
f 349 218 217
f 217 218 219
f 217 219 216
f 221 222 223
f 223 220 221
f 221 220 224
f 225 116 226
f 226 116 118
f 226 118 119
f 227 225 228
f 228 225 226
f 231 211 122
f 231 122 126
f 211 231 232
f 345 350 326
f 152 328 326
f 233 234 235
f 235 236 233
f 233 236 237
f 237 238 233
f 233 238 239
f 233 239 351
f 239 240 351
f 351 240 241
f 241 242 351
f 351 242 243
f 243 244 351
f 351 244 245
f 245 246 351
f 351 246 307
f 307 327 351
f 351 327 247
f 144 143 249
f 249 143 247
f 249 247 250
f 250 247 248
f 64 63 175
f 64 175 251
f 251 175 174
f 251 174 252
f 252 174 65
f 252 65 66
f 25 71 253
f 25 253 45
f 45 253 254
f 45 254 48
f 48 254 255
f 48 255 51
f 51 255 256
f 51 256 54
f 54 256 257
f 355 98 354
f 354 98 90
f 353 259 354
f 184 354 176
f 176 354 90
f 340 136 261
f 261 136 135
f 272 210 205
f 272 205 204
f 272 212 211
f 230 129 196
f 196 129 194
f 196 193 192
f 262 134 263
f 263 134 133
f 262 260 134
f 265 266 267
f 113 269 343
f 343 269 127
f 343 268 111
f 343 111 113
f 267 264 265
f 230 271 129
f 123 212 272
f 272 204 123
f 155 123 204
f 155 204 157
f 157 204 203
f 273 137 274
f 221 274 137
f 221 137 222
f 222 137 200
f 274 339 273
f 273 339 115
f 219 263 216
f 216 263 133
f 260 199 133
f 133 199 217
f 133 217 216
f 275 195 196
f 197 195 275
f 196 192 265
f 265 192 266
f 266 192 191
f 213 198 214
f 214 198 197
f 196 265 344
f 196 344 275
f 275 344 276
f 275 276 197
f 197 276 214
f 349 260 262
f 349 262 218
f 218 262 263
f 218 263 219
f 222 200 223
f 223 200 201
f 223 201 220
f 220 201 202
f 227 207 206
f 227 206 225
f 225 206 117
f 225 117 116
f 157 203 156
f 156 203 154
f 230 229 271
f 112 129 132
f 112 132 131
f 112 131 113
f 113 131 128
f 113 128 269
f 346 195 213
f 213 195 198
f 266 191 267
f 267 191 264
f 278 24 279
f 24 277 279
f 104 90 99
f 99 90 98
f 352 73 72
f 72 73 96
f 72 96 102
f 102 96 105
f 96 94 105
f 105 94 92
f 105 92 104
f 104 92 91
f 104 91 90
f 352 162 73
f 140 139 280
f 281 282 280
f 280 282 283
f 280 283 140
f 140 283 277
f 280 284 281
f 281 284 285
f 281 285 71
f 68 287 288
f 68 288 286
f 67 142 289
f 289 290 67
f 67 290 291
f 67 291 70
f 70 291 292
f 70 292 69
f 277 283 279
f 279 283 282
f 279 282 278
f 278 282 281
f 278 281 24
f 24 281 71
f 71 285 187
f 187 285 186
f 285 284 186
f 186 284 280
f 186 280 188
f 139 138 280
f 280 138 188
f 288 287 2
f 185 286 288
f 185 288 293
f 293 288 2
f 293 2 1
f 178 179 291
f 291 179 183
f 291 183 292
f 292 183 182
f 291 290 178
f 178 290 289
f 178 289 180
f 142 141 289
f 289 141 180
f 292 182 69
f 109 72 101
f 101 72 102
f 97 96 177
f 177 96 73
f 177 73 74
f 234 294 235
f 235 294 295
f 235 295 236
f 236 295 296
f 236 296 237
f 237 296 297
f 237 297 238
f 238 297 298
f 238 298 239
f 239 298 299
f 239 299 240
f 240 299 300
f 240 300 241
f 241 300 301
f 241 301 242
f 242 301 302
f 242 302 243
f 243 302 303
f 243 303 244
f 244 303 304
f 244 304 245
f 245 304 305
f 245 305 246
f 246 305 306
f 246 306 307
f 247 327 308
f 247 308 248
f 248 308 309
f 248 309 250
f 250 309 310
f 250 310 249
f 249 310 144
f 144 310 311
f 144 311 145
f 145 311 312
f 145 312 146
f 146 312 313
f 146 313 147
f 147 313 314
f 147 314 148
f 148 314 315
f 148 315 149
f 149 315 316
f 149 316 150
f 80 81 317
f 317 81 318
f 318 81 82
f 318 82 319
f 319 82 83
f 319 83 320
f 83 84 320
f 320 84 85
f 320 85 321
f 321 85 86
f 321 86 322
f 322 86 87
f 322 87 323
f 323 87 88
f 323 88 324
f 324 88 325
f 325 88 326
f 330 329 75
f 330 75 331
f 331 75 76
f 331 76 332
f 332 76 77
f 332 77 333
f 333 77 78
f 333 78 334
f 334 78 79
f 334 79 335
f 335 79 153
f 337 336 80
f 337 80 338
f 338 80 317
f 324 325 234
f 234 325 294
f 294 325 326
f 294 326 295
f 295 326 296
f 296 326 297
f 297 326 298
f 298 326 299
f 299 326 300
f 300 326 301
f 301 326 302
f 302 326 303
f 303 326 304
f 304 326 305
f 305 326 306
f 306 326 307
f 307 326 327
f 308 327 326
f 308 326 309
f 309 326 310
f 310 326 311
f 311 326 312
f 312 326 328
f 312 328 313
f 313 328 314
f 314 328 315
f 315 328 316
f 316 328 150
f 150 328 329
f 151 329 330
f 151 330 331
f 151 331 332
f 151 332 333
f 151 333 334
f 151 334 335
f 151 335 153
f 151 153 336
f 151 336 353
f 353 336 337
f 234 233 324
f 324 233 323
f 323 233 322
f 322 233 321
f 321 233 320
f 320 233 319
f 319 233 318
f 318 233 317
f 317 233 353
f 317 353 338
f 338 353 337
f 344 265 276
f 343 271 229
f 124 123 155
f 124 126 125
f 339 274 221
f 339 221 119
f 224 119 221
f 119 341 226
f 226 341 228
f 155 342 124
f 124 342 126
f 126 342 231
f 231 342 232
f 343 268 270
f 348 270 268
f 356 271 229
f 344 356 328
f 345 356 350
f 356 344 152
f 356 152 326
f 350 123 124
f 356 229 271
f 346 276 265
f 348 347 270
f 349 217 215
f 215 217 199
f 98 162 352
f 71 47 253
f 47 46 253
f 253 46 50
f 253 50 254
f 50 49 254
f 254 49 53
f 254 53 255
f 53 52 255
f 255 52 56
f 255 56 256
f 56 55 256
f 256 55 58
f 256 58 257
f 58 57 257
f 257 57 60
f 257 60 258
f 60 59 258
f 258 59 61
f 258 61 62
f 44 162 161
f 44 161 43
f 43 161 160
f 43 160 41
f 41 160 159
f 41 159 39
f 39 159 158
f 39 158 37
f 37 158 32
f 37 32 35
f 35 32 33
f 31 30 26
f 31 26 28
f 28 26 29
f 29 26 14
f 29 14 27
f 353 351 355
f 353 355 329
f 353 329 98
f 353 98 151
f 351 233 2296
f 1 3 293
f 293 3 185
f 189 351 24
f 24 71 189
f 3 68 351
f 355 277 351
f 351 68 259
f 185 3 190
f 190 3 351
f 68 182 259
f 277 24 351
f 181 259 182
f 98 354 184
f 98 184 74
f 2297 351 2296
f 355 143 329
f 353 233 351
f 151 98 329
f 355 351 143
f 23 24 169
f 23 169 21
f 21 169 170
f 21 170 19
f 19 170 171
f 19 171 17
f 17 171 15
f 15 171 172
f 15 172 66
f 13 164 163
f 13 163 11
f 11 163 165
f 11 165 9
f 9 165 166
f 167 7 166
f 166 7 9
f 352 4 168
f 168 4 8
f 168 8 167
f 167 8 7
f 66 172 252
f 252 172 173
f 252 173 164
f 252 164 251
f 251 164 13
f 251 13 64
f 150 329 143
f 353 2282 151
f 143 351 247
f 233 351 2296
f 2296 351 2297
f 2282 353 151
f 326 350 356
f 351 108 355
f 98 355 354
f 353 354 259
f 351 259 108
f 207 202 261
f 207 261 208
f 119 227 341
f 341 227 228
f 207 227 202
f 202 227 119
f 202 119 220
f 220 119 224
f 261 202 340
f 110 268 343
f 268 343 348
f 348 343 270
f 348 270 347
f 265 264 346
f 346 264 196
f 196 194 110
f 196 110 230
f 349 215 260
f 260 215 199
f 195 346 196
f 230 110 343
f 230 343 229
f 211 232 342
f 211 342 272
f 210 209 208
f 210 208 135
f 135 208 261
f 210 272 154
f 154 272 342
f 154 342 155
f 357 358 359
f 359 358 360
f 359 360 361
f 361 360 362
f 361 362 363
f 363 362 364
f 363 364 365
f 364 366 365
f 365 366 367
f 365 367 368
f 368 367 369
f 368 369 370
f 370 369 371
f 370 371 372
f 373 374 375
f 375 374 376
f 375 376 377
f 377 376 378
f 377 378 379
f 371 380 372
f 372 380 381
f 372 381 382
f 382 381 383
f 382 383 384
f 384 383 385
f 384 385 386
f 387 388 389
f 389 388 390
f 389 390 391
f 391 390 392
f 391 392 393
f 394 395 396
f 396 395 397
f 396 397 398
f 398 397 399
f 398 399 400
f 399 401 400
f 400 401 402
f 400 402 403
f 403 402 404
f 403 404 405
f 405 404 406
f 405 406 407
f 407 406 408
f 407 408 409
f 409 408 410
f 409 410 357
f 357 410 411
f 357 411 358
f 385 412 386
f 386 412 413
f 386 413 414
f 414 413 415
f 414 415 416
f 416 415 417
f 416 417 418
f 378 419 379
f 379 419 420
f 379 420 421
f 421 420 422
f 421 422 423
f 423 422 424
f 423 424 387
f 387 424 425
f 387 425 388
f 426 427 428
f 428 427 429
f 428 429 430
f 430 429 431
f 430 431 432
f 432 431 433
f 432 433 373
f 373 433 434
f 373 434 374
f 392 435 393
f 393 435 436
f 393 436 437
f 437 436 438
f 437 438 394
f 394 438 439
f 394 439 395
f 440 441 442
f 442 441 443
f 442 443 444
f 444 443 445
f 444 445 446
f 445 447 446
f 446 447 448
f 446 448 449
f 449 448 450
f 449 450 451
f 451 450 452
f 451 452 453
f 453 452 454
f 453 454 455
f 455 454 456
f 455 456 426
f 426 456 457
f 426 457 427
f 417 458 418
f 418 458 459
f 418 459 460
f 460 459 461
f 460 461 440
f 440 461 462
f 440 462 441
f 428 463 464
f 428 464 426
f 464 465 426
f 426 465 466
f 426 466 455
f 455 466 467
f 455 467 453
f 467 468 453
f 453 468 469
f 453 469 451
f 469 470 451
f 451 470 471
f 451 471 449
f 449 471 472
f 449 472 446
f 472 473 446
f 446 473 474
f 446 474 444
f 474 475 444
f 444 475 476
f 444 476 442
f 442 476 477
f 442 477 440
f 478 416 418
f 477 479 440
f 440 479 480
f 440 480 460
f 460 480 481
f 460 481 418
f 418 481 482
f 418 482 478
f 483 384 386
f 478 484 416
f 416 484 485
f 416 485 414
f 414 485 486
f 414 486 386
f 386 486 487
f 386 487 483
f 483 488 384
f 384 488 489
f 384 489 382
f 382 489 490
f 382 490 372
f 490 491 372
f 372 491 492
f 372 492 370
f 370 492 493
f 370 493 368
f 368 493 494
f 368 494 365
f 365 494 495
f 495 496 365
f 365 496 497
f 365 497 363
f 363 497 498
f 363 498 361
f 361 498 499
f 361 499 359
f 359 499 500
f 359 500 501
f 359 501 357
f 501 502 357
f 357 502 503
f 357 503 409
f 409 503 504
f 409 504 407
f 504 505 407
f 407 505 506
f 407 506 405
f 506 507 405
f 405 507 508
f 405 508 403
f 403 508 509
f 403 509 400
f 509 510 400
f 400 510 511
f 400 511 398
f 511 512 398
f 398 512 513
f 398 513 396
f 396 513 514
f 396 514 394
f 515 391 393
f 514 516 394
f 394 516 517
f 394 517 437
f 437 517 518
f 437 518 393
f 393 518 519
f 393 519 515
f 520 423 387
f 515 521 391
f 391 521 522
f 391 522 389
f 389 522 523
f 389 523 387
f 387 523 524
f 387 524 520
f 520 525 423
f 423 525 526
f 423 526 421
f 421 526 527
f 421 527 379
f 527 528 379
f 379 528 529
f 379 529 377
f 377 529 530
f 377 530 375
f 375 530 531
f 375 531 373
f 373 531 532
f 532 533 373
f 373 533 534
f 373 534 432
f 432 534 535
f 432 535 430
f 430 535 536
f 430 536 428
f 428 536 463
f 505 504 537
f 503 502 538
f 500 499 539
f 498 497 540
f 495 494 541
f 493 492 542
f 490 489 543
f 488 483 544
f 486 485 545
f 484 478 546
f 481 480 547
f 479 477 548
f 476 475 549
f 473 472 550
f 471 470 551
f 408 406 552
f 360 358 553
f 367 366 554
f 381 380 555
f 413 412 556
f 459 458 557
f 462 461 558
f 447 445 559
f 452 450 560
f 560 450 561
f 560 561 562
f 562 561 563
f 562 563 564
f 564 563 551
f 564 551 469
f 469 551 470
f 450 448 561
f 561 448 565
f 561 565 563
f 563 565 566
f 563 566 551
f 551 566 550
f 551 550 471
f 471 550 472
f 474 473 567
f 567 473 550
f 567 550 568
f 568 550 566
f 568 566 559
f 559 566 565
f 559 565 447
f 447 565 448
f 445 443 559
f 559 443 569
f 559 569 568
f 568 569 570
f 568 570 567
f 567 570 549
f 567 549 474
f 474 549 475
f 443 441 569
f 569 441 571
f 569 571 570
f 570 571 572
f 570 572 549
f 549 572 548
f 549 548 476
f 476 548 477
f 480 479 547
f 547 479 548
f 547 548 573
f 573 548 572
f 573 572 558
f 558 572 571
f 558 571 462
f 462 571 441
f 482 481 574
f 574 481 547
f 574 547 575
f 575 547 573
f 575 573 557
f 557 573 558
f 557 558 459
f 459 558 461
f 458 417 557
f 557 417 576
f 557 576 575
f 575 576 577
f 575 577 574
f 574 577 546
f 574 546 482
f 482 546 478
f 417 415 576
f 576 415 578
f 576 578 577
f 577 578 579
f 577 579 546
f 546 579 545
f 546 545 484
f 484 545 485
f 487 486 580
f 580 486 545
f 580 545 581
f 581 545 579
f 581 579 556
f 556 579 578
f 556 578 413
f 413 578 415
f 412 385 556
f 556 385 582
f 556 582 581
f 581 582 583
f 581 583 580
f 580 583 544
f 580 544 487
f 487 544 483
f 385 383 582
f 582 383 584
f 582 584 583
f 583 584 585
f 583 585 544
f 544 585 543
f 544 543 488
f 488 543 489
f 491 490 586
f 586 490 543
f 586 543 587
f 587 543 585
f 587 585 555
f 555 585 584
f 555 584 381
f 381 584 383
f 380 371 555
f 555 371 588
f 555 588 587
f 587 588 589
f 587 589 586
f 586 589 542
f 586 542 491
f 491 542 492
f 371 369 588
f 588 369 590
f 588 590 589
f 589 590 591
f 589 591 542
f 542 591 541
f 542 541 493
f 493 541 494
f 496 495 592
f 592 495 541
f 592 541 593
f 593 541 591
f 593 591 554
f 554 591 590
f 554 590 367
f 367 590 369
f 366 364 554
f 554 364 594
f 554 594 593
f 593 594 595
f 593 595 592
f 592 595 540
f 592 540 496
f 496 540 497
f 364 362 594
f 594 362 596
f 594 596 595
f 595 596 597
f 595 597 540
f 540 597 539
f 540 539 498
f 498 539 499
f 501 500 598
f 598 500 539
f 598 539 599
f 599 539 597
f 599 597 553
f 553 597 596
f 553 596 360
f 360 596 362
f 358 411 553
f 553 411 600
f 553 600 599
f 599 600 601
f 599 601 598
f 598 601 538
f 598 538 501
f 501 538 502
f 411 410 600
f 600 410 602
f 600 602 601
f 601 602 603
f 601 603 538
f 538 603 537
f 538 537 503
f 503 537 504
f 506 505 604
f 604 505 537
f 604 537 605
f 605 537 603
f 605 603 552
f 552 603 602
f 552 602 408
f 408 602 410
f 468 467 606
f 466 465 607
f 463 536 608
f 535 534 609
f 532 531 610
f 530 529 611
f 527 526 612
f 525 520 613
f 523 522 614
f 521 515 615
f 518 517 616
f 516 514 617
f 513 512 618
f 510 509 619
f 508 507 620
f 454 452 560
f 429 427 621
f 374 434 622
f 420 419 623
f 388 425 624
f 436 435 625
f 439 438 626
f 401 399 627
f 406 404 552
f 552 404 628
f 552 628 605
f 605 628 629
f 605 629 604
f 604 629 620
f 604 620 506
f 506 620 507
f 404 402 628
f 628 402 630
f 628 630 629
f 629 630 631
f 629 631 620
f 620 631 619
f 620 619 508
f 508 619 509
f 511 510 632
f 632 510 619
f 632 619 633
f 633 619 631
f 633 631 627
f 627 631 630
f 627 630 401
f 401 630 402
f 399 397 627
f 627 397 634
f 627 634 633
f 633 634 635
f 633 635 632
f 632 635 618
f 632 618 511
f 511 618 512
f 397 395 634
f 634 395 636
f 634 636 635
f 635 636 637
f 635 637 618
f 618 637 617
f 618 617 513
f 513 617 514
f 517 516 616
f 616 516 617
f 616 617 638
f 638 617 637
f 638 637 626
f 626 637 636
f 626 636 439
f 439 636 395
f 519 518 639
f 639 518 616
f 639 616 640
f 640 616 638
f 640 638 625
f 625 638 626
f 625 626 436
f 436 626 438
f 435 392 625
f 625 392 641
f 625 641 640
f 640 641 642
f 640 642 639
f 639 642 615
f 639 615 519
f 519 615 515
f 392 390 641
f 641 390 643
f 641 643 642
f 642 643 644
f 642 644 615
f 615 644 614
f 615 614 521
f 521 614 522
f 524 523 645
f 645 523 614
f 645 614 646
f 646 614 644
f 646 644 624
f 624 644 643
f 624 643 388
f 388 643 390
f 425 424 624
f 624 424 647
f 624 647 646
f 646 647 648
f 646 648 645
f 645 648 613
f 645 613 524
f 524 613 520
f 424 422 647
f 647 422 649
f 647 649 648
f 648 649 650
f 648 650 613
f 613 650 612
f 613 612 525
f 525 612 526
f 528 527 651
f 651 527 612
f 651 612 652
f 652 612 650
f 652 650 623
f 623 650 649
f 623 649 420
f 420 649 422
f 419 378 623
f 623 378 653
f 623 653 652
f 652 653 654
f 652 654 651
f 651 654 611
f 651 611 528
f 528 611 529
f 378 376 653
f 653 376 655
f 653 655 654
f 654 655 656
f 654 656 611
f 611 656 610
f 611 610 530
f 530 610 531
f 533 532 657
f 657 532 610
f 657 610 658
f 658 610 656
f 658 656 622
f 622 656 655
f 622 655 374
f 374 655 376
f 434 433 622
f 622 433 659
f 622 659 658
f 658 659 660
f 658 660 657
f 657 660 609
f 657 609 533
f 533 609 534
f 433 431 659
f 659 431 661
f 659 661 660
f 660 661 662
f 660 662 609
f 609 662 608
f 609 608 535
f 535 608 536
f 464 463 663
f 663 463 608
f 663 608 664
f 664 608 662
f 664 662 621
f 621 662 661
f 621 661 429
f 429 661 431
f 427 457 621
f 621 457 665
f 621 665 664
f 664 665 666
f 664 666 663
f 663 666 607
f 663 607 464
f 464 607 465
f 457 456 665
f 665 456 667
f 665 667 666
f 666 667 668
f 666 668 607
f 607 668 606
f 607 606 466
f 466 606 467
f 469 468 564
f 564 468 606
f 564 606 562
f 562 606 668
f 562 668 560
f 560 668 667
f 560 667 454
f 454 667 456
f 669 670 671
f 671 670 672
f 671 672 673
f 674 675 672
f 672 675 676
f 672 676 673
f 681 677 678
f 678 677 679
f 678 679 674
f 674 679 680
f 674 680 675
f 681 678 682
f 681 682 683
f 683 682 684
f 684 682 685
f 684 685 686
f 686 685 687
f 687 685 688
f 687 688 689
f 689 688 690
f 690 688 691
f 690 691 692
f 692 691 693
f 693 691 694
f 693 694 695
f 695 694 697
f 697 694 696
f 698 699 696
f 696 699 697
f 703 701 700
f 700 701 698
f 698 701 702
f 698 702 699
f 703 700 704
f 703 704 705
f 705 704 706
f 706 704 707
f 706 707 708
f 696 709 698
f 698 709 710
f 698 710 700
f 672 711 674
f 674 711 712
f 674 712 678
f 688 713 691
f 691 713 714
f 691 714 694
f 694 714 715
f 694 715 696
f 696 715 716
f 696 716 709
f 712 717 678
f 678 717 718
f 678 718 682
f 682 718 719
f 682 719 685
f 685 719 720
f 685 720 688
f 688 720 721
f 688 721 713
f 722 723 724
f 724 723 725
f 724 725 670
f 670 725 726
f 670 726 672
f 672 726 727
f 672 727 711
f 710 728 700
f 700 728 729
f 700 729 704
f 704 729 730
f 704 730 707
f 707 730 731
f 707 731 732
f 733 734 735
f 735 734 736
f 735 736 722
f 722 736 737
f 722 737 723
f 738 739 740
f 740 739 741
f 740 741 742
f 742 741 743
f 742 743 744
f 731 745 732
f 732 745 746
f 732 746 747
f 747 746 748
f 747 748 738
f 738 748 749
f 738 749 739
f 743 750 744
f 744 750 751
f 744 751 752
f 752 751 753
f 752 753 754
f 754 753 755
f 754 755 733
f 733 755 756
f 733 756 734
f 708 707 757
f 757 707 732
f 757 732 758
f 747 759 732
f 732 759 760
f 732 760 758
f 764 761 738
f 738 761 762
f 738 762 747
f 747 762 763
f 747 763 759
f 764 738 740
f 764 740 765
f 765 740 766
f 766 740 742
f 766 742 767
f 767 742 768
f 768 742 744
f 768 744 769
f 769 744 770
f 770 744 752
f 770 752 771
f 771 752 772
f 772 752 754
f 772 754 773
f 773 754 774
f 774 754 733
f 735 775 733
f 733 775 774
f 778 776 722
f 722 776 735
f 735 776 777
f 735 777 775
f 778 722 724
f 778 724 779
f 779 724 780
f 780 724 670
f 780 670 669
f 716 781 782
f 697 699 783
f 783 699 784
f 783 784 781
f 701 785 786
f 784 699 702
f 784 702 786
f 786 702 701
f 708 787 788
f 701 703 785
f 785 703 789
f 789 703 705
f 789 705 788
f 788 705 706
f 788 706 708
f 708 757 787
f 787 757 758
f 787 758 790
f 790 758 760
f 790 760 791
f 761 792 793
f 760 759 791
f 791 759 763
f 791 763 793
f 793 763 762
f 793 762 761
f 767 794 795
f 761 764 792
f 792 764 796
f 796 764 765
f 796 765 795
f 795 765 766
f 795 766 767
f 773 797 798
f 767 768 794
f 794 768 769
f 794 769 799
f 799 769 770
f 799 770 800
f 800 770 771
f 800 771 798
f 798 771 772
f 798 772 773
f 773 774 797
f 797 774 801
f 781 784 782
f 782 784 786
f 782 786 802
f 802 786 785
f 802 785 803
f 803 785 789
f 803 789 804
f 804 789 788
f 804 788 805
f 805 788 787
f 805 787 806
f 806 787 790
f 806 790 807
f 807 790 791
f 807 791 808
f 808 791 793
f 808 793 809
f 809 793 792
f 809 792 810
f 810 792 796
f 810 796 811
f 811 796 795
f 811 795 812
f 812 795 794
f 812 794 813
f 813 794 799
f 813 799 814
f 814 799 800
f 814 800 815
f 815 800 798
f 815 798 816
f 816 798 797
f 816 797 817
f 817 797 801
f 817 801 818
f 716 782 709
f 709 782 802
f 709 802 710
f 710 802 803
f 710 803 728
f 728 803 804
f 728 804 729
f 729 804 805
f 729 805 730
f 730 805 806
f 730 806 731
f 731 806 807
f 731 807 745
f 745 807 808
f 745 808 746
f 746 808 809
f 746 809 748
f 748 809 810
f 748 810 749
f 749 810 811
f 749 811 739
f 739 811 812
f 739 812 741
f 741 812 813
f 741 813 743
f 743 813 814
f 743 814 750
f 750 814 815
f 750 815 751
f 751 815 816
f 751 816 753
f 753 816 817
f 753 817 755
f 755 817 818
f 755 818 756
f 756 818 819
f 774 775 801
f 801 775 820
f 801 820 818
f 776 821 822
f 820 775 777
f 820 777 822
f 822 777 776
f 669 823 824
f 776 778 821
f 821 778 825
f 825 778 779
f 825 779 824
f 824 779 780
f 824 780 669
f 669 671 823
f 823 671 673
f 823 673 826
f 826 673 676
f 826 676 827
f 677 828 829
f 676 675 827
f 827 675 680
f 827 680 829
f 829 680 679
f 829 679 677
f 686 830 831
f 677 681 828
f 828 681 832
f 832 681 683
f 832 683 831
f 831 683 684
f 831 684 686
f 695 833 834
f 686 687 830
f 830 687 689
f 830 689 835
f 835 689 690
f 835 690 836
f 836 690 692
f 836 692 834
f 834 692 693
f 834 693 695
f 695 697 833
f 833 697 783
f 818 820 819
f 819 820 822
f 819 822 837
f 837 822 821
f 837 821 838
f 838 821 825
f 838 825 839
f 839 825 824
f 839 824 840
f 840 824 823
f 840 823 841
f 841 823 826
f 841 826 842
f 842 826 827
f 842 827 843
f 843 827 829
f 843 829 844
f 844 829 828
f 844 828 845
f 845 828 832
f 845 832 846
f 846 832 831
f 846 831 847
f 847 831 830
f 847 830 848
f 848 830 835
f 848 835 849
f 849 835 836
f 849 836 850
f 850 836 834
f 850 834 851
f 851 834 833
f 851 833 852
f 852 833 783
f 852 783 781
f 756 819 734
f 734 819 837
f 734 837 736
f 736 837 838
f 736 838 737
f 737 838 839
f 737 839 723
f 723 839 840
f 723 840 725
f 725 840 841
f 725 841 726
f 726 841 842
f 726 842 727
f 727 842 843
f 727 843 711
f 711 843 844
f 711 844 712
f 712 844 845
f 712 845 717
f 717 845 846
f 717 846 718
f 718 846 847
f 718 847 719
f 719 847 848
f 719 848 720
f 720 848 849
f 720 849 721
f 721 849 850
f 721 850 713
f 713 850 851
f 713 851 714
f 714 851 852
f 714 852 715
f 715 852 781
f 715 781 716
f 853 854 855
f 855 854 856
f 855 856 857
f 857 856 858
f 857 858 859
f 859 858 860
f 859 860 861
f 861 860 862
f 861 862 863
f 863 862 936
f 866 875 879
f 875 866 871
f 863 867 861
f 861 867 859
f 859 867 857
f 867 853 855
f 867 855 857
f 936 862 860
f 936 860 858
f 936 858 856
f 936 856 854
f 972 865 936
f 936 865 863
f 972 864 865
f 864 912 917
f 864 917 865
f 1006 865 917
f 869 874 870
f 871 872 873
f 871 873 874
f 874 868 871
f 871 868 875
f 876 866 879
f 877 876 879
f 878 877 879
f 869 870 878
f 878 870 877
f 870 874 877
f 877 874 873
f 877 873 876
f 876 873 872
f 876 872 866
f 866 872 871
f 934 880 881
f 881 880 882
f 881 882 883
f 883 882 884
f 883 884 885
f 885 884 886
f 885 886 887
f 887 886 888
f 887 888 889
f 889 888 919
f 895 890 891
f 890 895 892
f 893 894 895
f 894 892 895
f 895 898 897
f 853 981 899
f 865 867 863
f 867 865 853
f 854 853 899
f 854 899 900
f 900 901 902
f 903 899 937
f 904 937 899
f 905 904 899
f 895 932 935
f 895 935 893
f 893 935 906
f 893 906 894
f 894 906 907
f 894 907 892
f 892 907 986
f 891 939 895
f 939 891 908
f 908 891 890
f 908 890 909
f 909 890 910
f 910 890 892
f 910 892 986
f 895 1143 898
f 864 942 911
f 913 912 914
f 917 912 913
f 916 915 917
f 886 884 918
f 918 880 896
f 884 882 918
f 918 882 880
f 918 896 919
f 918 919 886
f 886 919 888
f 923 899 903
f 920 921 902
f 921 920 922
f 900 924 925
f 925 924 926
f 925 926 920
f 920 926 927
f 920 927 922
f 928 923 929
f 928 929 930
f 902 901 920
f 920 901 925
f 925 901 900
f 900 923 924
f 924 923 928
f 924 928 926
f 926 928 930
f 926 930 927
f 927 930 931
f 927 931 922
f 905 868 904
f 904 868 874
f 904 874 869
f 932 875 905
f 905 875 868
f 869 878 904
f 904 878 879
f 875 932 937
f 875 937 879
f 904 879 937
f 919 932 889
f 885 887 933
f 933 887 889
f 883 934 881
f 883 885 934
f 934 885 933
f 934 933 932
f 880 934 895
f 895 934 932
f 895 939 940
f 939 941 940
f 895 940 1143
f 900 899 923
f 906 935 907
f 907 935 986
f 932 986 935
f 909 910 938
f 986 938 910
f 986 941 938
f 938 941 939
f 938 939 909
f 909 939 908
f 972 936 900
f 942 943 911
f 911 943 944
f 912 864 911
f 912 911 914
f 914 911 944
f 914 944 913
f 913 944 945
f 913 945 917
f 917 945 946
f 1003 946 943
f 1005 947 948
f 948 947 949
f 948 949 950
f 950 949 951
f 950 951 952
f 952 951 1070
f 952 1070 979
f 955 1006 954
f 953 956 954
f 954 956 955
f 954 915 953
f 953 915 916
f 955 956 916
f 916 956 953
f 916 917 955
f 1006 917 915
f 955 917 946
f 955 946 1003
f 1006 978 865
f 898 958 959
f 896 880 895
f 896 932 919
f 937 960 968
f 967 962 963
f 967 963 964
f 964 965 970
f 970 965 966
f 970 966 961
f 964 970 967
f 962 967 900
f 900 967 972
f 937 970 903
f 903 970 961
f 900 902 962
f 962 902 921
f 962 921 963
f 963 921 922
f 963 922 964
f 964 922 931
f 964 931 965
f 965 931 930
f 965 930 966
f 966 930 929
f 966 929 961
f 961 929 923
f 961 923 903
f 970 937 968
f 972 967 971
f 864 972 974
f 975 864 976
f 865 978 979
f 983 982 984
f 853 865 981
f 981 865 982
f 937 932 896
f 932 933 889
f 897 896 895
f 936 854 900
f 899 981 905
f 986 940 941
f 1143 940 1161
f 987 988 989
f 989 988 990
f 991 992 993
f 992 994 993
f 993 994 995
f 987 991 988
f 988 991 993
f 988 993 1026
f 997 998 996
f 1161 996 957
f 999 1000 996
f 1000 1001 996
f 996 1001 1002
f 996 1002 997
f 999 996 1161
f 1143 958 898
f 995 958 993
f 993 958 1026
f 942 864 975
f 1003 942 975
f 955 1003 1006
f 946 945 943
f 943 945 944
f 943 942 1003
f 1003 975 1070
f 949 947 1004
f 1070 1004 947
f 1004 1070 951
f 1004 951 949
f 1005 948 952
f 952 948 950
f 952 979 1005
f 947 1005 1006
f 1003 1070 947
f 1003 947 1006
f 1006 915 954
f 1011 1181 1009
f 1012 1013 1011
f 1011 1013 1014
f 1011 1014 1015
f 1016 1010 1181
f 1016 1181 1017
f 1017 1181 1011
f 1017 1011 1018
f 1018 1011 1015
f 1126 1019 1155
f 1019 1126 1020
f 1126 1021 1020
f 1020 1021 1022
f 1022 1023 1020
f 1020 1023 1024
f 1020 1024 1025
f 996 1161 957
f 1028 1027 1029
f 1029 1030 1031
f 1036 1038 1035
f 1034 1036 1037
f 1034 1037 1032
f 1034 1038 1036
f 1028 1046 1031
f 1031 1046 1029
f 1029 1046 1028
f 1039 995 994
f 1039 994 1040
f 1040 994 992
f 1040 992 1041
f 1041 992 991
f 1041 991 1042
f 1042 991 987
f 1042 987 1043
f 1043 987 989
f 1043 989 1044
f 1044 989 990
f 1044 990 1045
f 995 1039 1045
f 995 1045 958
f 958 1045 959
f 898 959 897
f 1046 896 897
f 896 1046 937
f 1047 968 960
f 960 937 1046
f 969 968 1047
f 969 971 967
f 967 970 968
f 969 967 968
f 973 972 971
f 973 974 972
f 976 864 974
f 976 977 975
f 975 977 1048
f 1049 1025 1024
f 1049 1024 1050
f 1050 1024 1023
f 1050 1023 1051
f 1051 1023 1022
f 1051 1022 1052
f 1052 1022 1021
f 1052 1021 1053
f 1053 1021 1126
f 1053 1126 1007
f 988 1026 990
f 990 1026 958
f 990 958 1045
f 1045 958 959
f 1049 1007 1025
f 1025 1007 1126
f 1025 1126 1020
f 1126 1019 1020
f 1055 1016 1017
f 1055 1017 1056
f 1056 1017 1018
f 1056 1018 1057
f 1057 1018 1015
f 1057 1015 1058
f 1058 1015 1014
f 1058 1014 1059
f 1059 1014 1013
f 1059 1013 1060
f 1060 1013 1012
f 1060 1012 1134
f 979 978 1006
f 865 979 980
f 984 982 980
f 980 982 865
f 983 984 985
f 985 981 982
f 985 982 983
f 981 985 1061
f 905 981 1061
f 2073 940 986
f 2073 1161 940
f 1062 998 997
f 1062 997 1063
f 1063 997 1002
f 1063 1002 1064
f 1064 1002 1001
f 1064 1001 1065
f 1065 1001 1000
f 1065 1000 1066
f 1066 1000 999
f 1066 999 1067
f 1067 999 1161
f 1067 1161 2073
f 1062 2073 998
f 998 2073 1161
f 998 1161 996
f 1011 1009 1012
f 1012 1009 1181
f 1012 1181 1134
f 1134 1181 1068
f 1069 1008 1089
f 1069 1089 1038
f 1038 975 1048
f 1070 1071 1072
f 1073 1074 1071
f 1071 1074 1072
f 1075 1076 1077
f 1075 1073 1076
f 1076 1073 1071
f 979 1070 1072
f 979 1072 1082
f 1078 1079 1080
f 1080 1083 1189
f 1079 1084 1080
f 1080 1084 1083
f 1080 1189 1082
f 1080 1082 1078
f 1078 1082 1081
f 1189 979 1082
f 1005 979 1006
f 1086 1155 1196
f 1196 1087 1086
f 1086 1087 1088
f 1086 1088 1155
f 1155 1088 1126
f 1007 1008 1069
f 1007 1126 1090
f 1090 1126 1088
f 1195 1090 1087
f 1087 1090 1088
f 1093 1091 1092
f 1054 1095 1094
f 1143 1162 958
f 1096 1030 1097
f 1097 1030 1029
f 1097 1029 1098
f 1098 1029 1027
f 1098 1027 1099
f 1028 1100 1027
f 1027 1100 1101
f 1027 1101 1099
f 1028 1102 1103
f 1028 1103 1100
f 1028 1104 1102
f 1031 1104 1028
f 1104 1031 1105
f 1105 1031 1106
f 1096 1107 1030
f 1030 1107 1108
f 1030 1108 1031
f 1031 1108 1109
f 1031 1109 1106
f 1110 1111 1037
f 1034 1123 1038
f 1123 1034 1112
f 1112 1034 1113
f 1113 1034 1033
f 1113 1033 1114
f 1034 1115 1033
f 1033 1115 1114
f 1032 1115 1034
f 1037 1111 1032
f 1032 1111 1116
f 1116 1117 1032
f 1032 1117 1118
f 1032 1118 1115
f 1119 1120 1036
f 1036 1120 1037
f 1037 1120 1110
f 1124 1035 1038
f 1124 1121 1035
f 1035 1121 1122
f 1035 1122 1036
f 1036 1122 1119
f 1123 1124 1038
f 1045 1039 1040
f 1043 1044 1042
f 1042 1044 1045
f 1042 1045 1041
f 1041 1045 1040
f 1051 1052 1050
f 1050 1052 1053
f 1050 1053 1049
f 1049 1053 1007
f 1046 897 960
f 960 897 1125
f 1125 897 959
f 976 974 1125
f 1125 974 973
f 1125 973 971
f 971 969 1125
f 1125 969 1047
f 1125 1047 960
f 1069 1038 1048
f 1069 1048 1125
f 1125 1048 977
f 1125 977 976
f 1069 1125 1127
f 1127 1125 959
f 1128 1129 1181
f 1128 1181 1130
f 1130 1181 1155
f 1126 1155 1019
f 1068 1181 1129
f 1068 1129 1131
f 1131 1129 1128
f 1131 1128 1132
f 1132 1128 1130
f 1132 1130 1133
f 1134 1055 1056
f 1060 1134 1059
f 1059 1134 1056
f 1059 1056 1058
f 1058 1056 1057
f 1134 1068 1135
f 1135 1068 1131
f 1135 1131 1132
f 1132 1133 1135
f 1135 1133 1136
f 1135 1136 979
f 1063 1064 1062
f 1062 1064 1065
f 2073 1062 1067
f 1067 1062 1065
f 1067 1065 1066
f 905 986 932
f 984 980 1136
f 1136 980 979
f 986 905 1061
f 986 1061 1136
f 1136 1061 985
f 1136 985 984
f 1139 1091 1137
f 1137 1091 1138
f 1091 1139 1092
f 1092 1139 1140
f 1143 1141 1093
f 1093 1141 1142
f 1093 1142 1091
f 1091 1142 1138
f 1140 1144 1092
f 1092 1144 1145
f 1092 1145 1093
f 1093 1145 1146
f 1093 1146 1143
f 1147 1148 1054
f 1054 1148 1155
f 1054 1149 1147
f 1149 1054 1094
f 1149 1094 1150
f 1154 1151 1095
f 1095 1151 1152
f 1095 1152 1094
f 1094 1152 1153
f 1094 1153 1150
f 1154 1095 1054
f 1154 1054 1155
f 1156 2073 986
f 986 1136 1157
f 986 1157 1156
f 1158 1161 1156
f 1156 1161 2073
f 1158 1159 1161
f 1161 1159 1160
f 1163 1164 958
f 959 958 1165
f 1165 958 1164
f 1162 1166 1167
f 1162 1167 958
f 1120 1119 1109
f 1099 1115 1118
f 1117 1097 1118
f 1118 1097 1098
f 1118 1098 1099
f 1111 1108 1116
f 1116 1108 1107
f 1116 1107 1117
f 1117 1107 1096
f 1117 1096 1097
f 1108 1111 1110
f 1108 1110 1109
f 1109 1110 1120
f 958 1104 1163
f 1163 1104 1105
f 1105 1119 1122
f 1119 1106 1109
f 1105 1106 1119
f 1105 1122 1121
f 1105 1121 1163
f 1163 1121 1124
f 1168 1124 1123
f 1168 1123 1126
f 1103 1102 1169
f 1169 1123 1112
f 1169 1112 1103
f 1103 1112 1113
f 1103 1113 1100
f 1100 1113 1101
f 1101 1113 1114
f 1101 1114 1099
f 1099 1114 1115
f 1167 1102 1104
f 1167 1104 958
f 1102 1167 1169
f 1169 1167 1166
f 1169 1166 1170
f 1124 1168 1163
f 1163 1168 1171
f 1163 1171 1164
f 1164 1171 1172
f 1164 1172 1165
f 1165 1172 1127
f 1165 1127 959
f 1169 1126 1123
f 1172 1126 1127
f 1127 1126 1007
f 1127 1007 1069
f 1172 1171 1126
f 1126 1171 1168
f 1170 1155 1169
f 1169 1155 1126
f 1173 1174 1130
f 1136 1133 1157
f 1157 1133 1130
f 1157 1130 1175
f 1175 1130 1174
f 1130 1155 1173
f 1146 1154 1143
f 1143 1154 1155
f 1173 1155 1148
f 1149 1137 1147
f 1147 1137 1138
f 1147 1138 1148
f 1148 1138 1142
f 1160 1141 1161
f 1161 1141 1143
f 1154 1146 1151
f 1151 1146 1145
f 1151 1145 1152
f 1152 1145 1144
f 1152 1144 1153
f 1153 1144 1140
f 1153 1140 1150
f 1150 1140 1139
f 1137 1149 1150
f 1137 1150 1139
f 1142 1141 1148
f 1148 1141 1160
f 1148 1160 1173
f 1173 1160 1159
f 1173 1159 1174
f 1174 1159 1158
f 1174 1158 1175
f 1175 1158 1156
f 1175 1156 1157
f 1135 1177 1010
f 1010 1177 1178
f 1010 1178 1179
f 1179 1180 1010
f 1010 1180 1181
f 1016 1055 1134
f 1016 1134 1010
f 1010 1134 1135
f 1177 1183 1178
f 1178 1183 1182
f 1178 1182 1179
f 1179 1182 1180
f 1182 1183 1180
f 1180 1183 1155
f 1180 1155 1181
f 1070 1038 1089
f 1038 1070 975
f 1076 1071 1089
f 1071 1070 1089
f 1082 1072 1081
f 1081 1072 1074
f 1081 1074 1078
f 1078 1074 1073
f 1078 1073 1079
f 1079 1073 1075
f 1079 1075 1084
f 1084 1075 1077
f 1084 1077 1083
f 1083 1077 1076
f 1185 1189 1083
f 1189 1186 1187
f 1188 1189 1185
f 1188 1186 1189
f 1193 1192 1191
f 1191 1190 1194
f 1191 1194 1193
f 1195 1209 1008
f 1085 1196 1155
f 1087 1190 1195
f 1087 1196 1190
f 1008 1007 1090
f 1195 1008 1090
f 1177 1135 979
f 1183 1177 1085
f 1183 1085 1155
f 1197 1184 1228
f 1198 1185 1184
f 1184 1185 1083
f 1184 1083 1089
f 1089 1083 1076
f 1185 1198 1199
f 1185 1199 1188
f 1188 1199 1200
f 1188 1200 1186
f 1210 1187 1201
f 1201 1187 1186
f 1201 1186 1202
f 1202 1186 1200
f 979 1189 1210
f 1210 1189 1187
f 1209 1191 1203
f 1203 1191 1192
f 1203 1192 1204
f 1204 1192 1193
f 1204 1193 1205
f 1205 1193 1194
f 1205 1194 1206
f 1206 1194 1190
f 1206 1190 1196
f 1209 1190 1191
f 1209 1195 1190
f 1208 1207 1209
f 1209 1207 979
f 979 1085 1177
f 1155 1170 1176
f 1176 1170 1166
f 1176 1143 1155
f 1143 1176 1162
f 1162 1176 1166
f 1196 1085 1211
f 1211 1085 1212
f 1085 979 1212
f 1196 1211 1206
f 1212 979 1207
f 1207 1213 1212
f 1212 1213 1214
f 1212 1214 1215
f 1212 1215 1216
f 1216 1211 1212
f 1207 1208 1217
f 1206 1211 1216
f 1206 1216 1218
f 1218 1216 1215
f 1218 1215 1219
f 1219 1215 1214
f 1219 1214 1217
f 1217 1214 1213
f 1217 1213 1207
f 1208 1209 1203
f 1208 1203 1204
f 1217 1208 1219
f 1219 1208 1204
f 1219 1204 1218
f 1218 1204 1205
f 1218 1205 1206
f 1209 1220 1008
f 1209 1221 1223
f 1223 1222 1220
f 1220 1209 1223
f 1008 1220 1224
f 1224 1220 1222
f 1224 1222 1225
f 1222 1223 1225
f 1225 1223 1221
f 1221 1209 979
f 1225 1221 1224
f 1221 1008 1224
f 979 1184 1221
f 1008 1221 1184
f 1184 1089 1008
f 1226 1227 1228
f 1228 1227 1197
f 1210 1228 979
f 979 1228 1184
f 1210 1229 1228
f 1230 1227 1226
f 1230 1226 1229
f 1229 1226 1228
f 1227 1230 1197
f 1197 1230 1198
f 1197 1198 1184
f 1210 1201 1202
f 1210 1202 1200
f 1229 1210 1200
f 1229 1200 1230
f 1230 1200 1199
f 1230 1199 1198
f 1231 1297 1389
f 1236 1232 1233
f 1234 1237 1235
f 1234 1235 1233
f 1233 1235 1236
f 1237 1234 1238
f 1237 1238 1239
f 1239 1238 1240
f 1239 1240 1241
f 1243 1244 1245
f 1245 1244 1246
f 1245 1246 1247
f 1247 1246 1248
f 1247 1248 1249
f 1249 1248 1250
f 1249 1250 1251
f 1251 1250 1252
f 1254 1252 1299
f 1255 1258 1242
f 1242 1258 1256
f 1259 1257 1255
f 1255 1257 1258
f 1259 1260 1257
f 1261 1264 1262
f 1263 1266 1261
f 1261 1266 1264
f 1265 1268 1263
f 1263 1268 1266
f 1267 1270 1265
f 1265 1270 1268
f 1269 1272 1267
f 1267 1272 1270
f 1271 1273 1269
f 1269 1273 1272
f 1271 1368 1273
f 1274 1275 1253
f 1253 1275 1276
f 1253 1276 1299
f 1277 1278 1274
f 1274 1278 1279
f 1274 1279 1275
f 1280 1281 1277
f 1277 1281 1282
f 1277 1282 1278
f 1283 1284 1280
f 1280 1284 1285
f 1280 1285 1281
f 1441 1286 1283
f 1283 1286 1287
f 1283 1287 1284
f 1442 1288 1441
f 1441 1288 1289
f 1441 1289 1286
f 1291 1290 1442
f 1442 1290 1288
f 1240 1292 1241
f 1241 1292 1293
f 1294 1244 1295
f 1295 1244 1243
f 1296 1298 1231
f 1298 1297 1231
f 1461 1460 1299
f 1484 1300 1327
f 1301 1368 1302
f 1302 1368 1328
f 1327 1328 1484
f 1468 1306 1303
f 1303 1306 1304
f 1304 1306 1305
f 1305 1306 1359
f 1307 1383 1308
f 1308 1309 1307
f 1307 1309 1310
f 1307 1310 1311
f 1311 1310 1312
f 1311 1312 1313
f 1313 1312 1314
f 1313 1314 1315
f 1316 1317 1318
f 1318 1317 1319
f 1320 1321 1322
f 1318 1319 1323
f 1318 1323 1324
f 1324 1323 1320
f 1324 1320 1325
f 1325 1320 1322
f 1443 1326 1460
f 1321 1320 1327
f 1327 1320 1323
f 1327 1323 1319
f 1327 1319 1317
f 1327 1317 1328
f 1452 1329 1330
f 1330 1329 1331
f 1330 1331 1332
f 1335 1336 1337
f 1337 1336 1333
f 1334 1474 1338
f 1334 1338 1333
f 1333 1338 1337
f 1413 1340 1341
f 1341 1340 1339
f 1342 1479 1414
f 1414 1479 1343
f 1414 1343 1344
f 1414 1344 1339
f 1339 1344 1345
f 1339 1345 1341
f 1346 1453 1347
f 1349 1477 1346
f 1346 1347 1349
f 1349 1347 1350
f 1349 1350 1351
f 1477 1349 1431
f 1431 1349 1351
f 1431 1351 1348
f 1444 1352 1353
f 1334 1333 1411
f 1412 1354 1456
f 1466 1404 1355
f 1355 1404 1354
f 1354 1404 1456
f 1456 1334 1412
f 1412 1334 1411
f 1388 1357 1358
f 1443 1388 1358
f 1443 1358 1326
f 1326 1358 1296
f 1326 1296 1231
f 1326 1231 1467
f 1326 1467 1460
f 1359 1485 1466
f 1359 1466 1473
f 1431 1359 1306
f 1360 1361 1362
f 1362 1361 1363
f 1263 1261 1364
f 1263 1364 1265
f 1265 1364 1365
f 1265 1365 1267
f 1267 1365 1366
f 1267 1366 1269
f 1269 1366 1367
f 1269 1367 1271
f 1271 1367 1368
f 1369 1370 1240
f 1369 1240 1371
f 1371 1240 1238
f 1371 1238 1372
f 1372 1238 1234
f 1372 1234 1373
f 1373 1234 1233
f 1373 1233 1374
f 1374 1233 1232
f 1374 1232 1484
f 1461 1299 1252
f 1461 1252 1375
f 1375 1252 1250
f 1375 1250 1376
f 1376 1250 1248
f 1376 1248 1377
f 1377 1248 1246
f 1377 1246 1378
f 1378 1246 1244
f 1378 1244 1379
f 1379 1244 1294
f 1379 1294 1380
f 1380 1294 1381
f 1380 1381 1370
f 1370 1381 1382
f 1370 1382 1240
f 1240 1382 1292
f 1311 1313 1315
f 1302 1315 1384
f 1302 1383 1315
f 1315 1383 1307
f 1315 1307 1311
f 1386 1385 1387
f 1388 1389 1386
f 1386 1389 1390
f 1387 1357 1386
f 1386 1357 1388
f 1302 1392 1383
f 1393 1394 1395
f 1393 1395 1448
f 1331 1329 1348
f 1348 1329 1396
f 1395 1398 1448
f 1397 1399 1400
f 1402 1356 1456
f 1403 1402 1404
f 1404 1402 1456
f 1405 1406 1407
f 1405 1407 1360
f 1408 1409 1336
f 1336 1409 1410
f 1336 1410 1333
f 1333 1410 1411
f 1412 1360 1407
f 1339 1340 1414
f 1414 1340 1413
f 1459 1415 1416
f 1459 1480 1415
f 1483 1420 1419
f 1419 1420 1421
f 1419 1421 1418
f 1423 1424 1425
f 1425 1422 1423
f 1423 1422 1426
f 1427 1335 1428
f 1428 1335 1337
f 1428 1337 1338
f 1429 1427 1430
f 1430 1427 1428
f 1433 1413 1341
f 1433 1341 1345
f 1413 1433 1434
f 1293 1292 1382
f 1293 1382 1435
f 1435 1382 1381
f 1435 1381 1436
f 1436 1381 1294
f 1436 1294 1295
f 1253 1299 1437
f 1253 1437 1274
f 1274 1437 1438
f 1274 1438 1277
f 1277 1438 1439
f 1277 1439 1280
f 1280 1439 1440
f 1280 1440 1283
f 1283 1440 1441
f 1468 1316 1391
f 1391 1316 1308
f 1473 1443 1391
f 1392 1391 1383
f 1383 1391 1308
f 1317 1316 1328
f 1328 1316 1468
f 1466 1355 1445
f 1445 1355 1354
f 1455 1412 1407
f 1455 1407 1406
f 1455 1414 1413
f 1432 1348 1398
f 1398 1348 1396
f 1398 1395 1394
f 1446 1353 1447
f 1447 1353 1352
f 1446 1444 1353
f 1449 1450 1451
f 1332 1453 1477
f 1477 1453 1346
f 1477 1452 1330
f 1477 1330 1332
f 1451 1448 1449
f 1432 1431 1348
f 1342 1414 1455
f 1455 1406 1342
f 1361 1342 1406
f 1361 1406 1363
f 1363 1406 1405
f 1456 1356 1457
f 1423 1457 1356
f 1423 1356 1424
f 1424 1356 1402
f 1457 1474 1456
f 1456 1474 1334
f 1421 1447 1418
f 1418 1447 1352
f 1444 1401 1352
f 1352 1401 1419
f 1352 1419 1418
f 1458 1397 1398
f 1399 1397 1458
f 1398 1394 1449
f 1449 1394 1450
f 1450 1394 1393
f 1415 1400 1416
f 1416 1400 1399
f 1398 1449 1478
f 1398 1478 1458
f 1458 1478 1459
f 1458 1459 1399
f 1399 1459 1416
f 1483 1444 1446
f 1483 1446 1420
f 1420 1446 1447
f 1420 1447 1421
f 1424 1402 1425
f 1425 1402 1403
f 1425 1403 1422
f 1422 1403 1404
f 1429 1409 1408
f 1429 1408 1427
f 1427 1408 1336
f 1427 1336 1335
f 1363 1405 1362
f 1362 1405 1360
f 1331 1348 1351
f 1331 1351 1350
f 1331 1350 1332
f 1332 1350 1347
f 1332 1347 1453
f 1480 1397 1415
f 1415 1397 1400
f 1450 1393 1451
f 1451 1393 1448
f 1324 1308 1318
f 1318 1308 1316
f 1484 1301 1300
f 1300 1301 1314
f 1300 1314 1322
f 1322 1314 1325
f 1314 1312 1325
f 1325 1312 1310
f 1325 1310 1324
f 1324 1310 1309
f 1324 1309 1308
f 1484 1368 1301
f 1296 1358 1462
f 1462 1463 1296
f 1296 1463 1464
f 1296 1464 1298
f 1298 1464 1465
f 1298 1465 1297
f 1385 1386 1464
f 1464 1386 1390
f 1464 1390 1465
f 1465 1390 1389
f 1464 1463 1385
f 1385 1463 1462
f 1385 1462 1387
f 1358 1357 1462
f 1462 1357 1387
f 1465 1389 1297
f 1327 1300 1321
f 1321 1300 1322
f 1315 1314 1384
f 1384 1314 1301
f 1384 1301 1302
f 1466 1306 1467
f 1469 1468 1303
f 1469 1303 1470
f 1470 1303 1304
f 1470 1304 1471
f 1471 1304 1305
f 1471 1305 1472
f 1472 1305 1359
f 1473 1468 1469
f 1473 1469 1470
f 1473 1470 1471
f 1473 1471 1472
f 1473 1472 1359
f 1478 1449 1459
f 1343 1342 1361
f 1343 1345 1344
f 1474 1457 1423
f 1474 1423 1338
f 1426 1338 1423
f 1338 1475 1428
f 1428 1475 1430
f 1361 1476 1343
f 1343 1476 1345
f 1345 1476 1433
f 1433 1476 1434
f 1477 1452 1454
f 1482 1454 1452
f 1479 1466 1485
f 1431 1306 1485
f 1485 1466 1479
f 1431 1485 1359
f 1479 1342 1343
f 1480 1459 1449
f 1482 1481 1454
f 1483 1419 1417
f 1417 1419 1401
f 1328 1368 1484
f 1461 1254 1299
f 1299 1276 1437
f 1276 1275 1437
f 1437 1275 1279
f 1437 1279 1438
f 1279 1278 1438
f 1438 1278 1282
f 1438 1282 1439
f 1282 1281 1439
f 1439 1281 1285
f 1439 1285 1440
f 1285 1284 1440
f 1440 1284 1287
f 1440 1287 1441
f 1287 1286 1441
f 1441 1286 1289
f 1441 1289 1442
f 1289 1288 1442
f 1442 1288 1290
f 1442 1290 1291
f 1273 1368 1367
f 1273 1367 1272
f 1272 1367 1366
f 1272 1366 1270
f 1270 1366 1365
f 1270 1365 1268
f 1268 1365 1364
f 1268 1364 1266
f 1266 1364 1261
f 1266 1261 1264
f 1264 1261 1262
f 1260 1259 1255
f 1260 1255 1257
f 1257 1255 1258
f 1258 1255 1242
f 1258 1242 1256
f 1473 1467 1468
f 1299 1460 1461
f 1468 1460 1467
f 1467 1231 1443
f 1231 1389 1443
f 1473 1391 1443
f 1388 1443 1389
f 1328 1391 1392
f 1328 1392 1302
f 1467 1306 1468
f 1473 1467 1391
f 1391 1467 1473
f 1461 1375 1252
f 1252 1375 1251
f 1254 1461 1252
f 1251 1375 1376
f 1251 1376 1249
f 1249 1376 1377
f 1249 1377 1247
f 1247 1377 1378
f 1247 1378 1245
f 1245 1378 1243
f 1243 1378 1379
f 1243 1379 1295
f 1241 1370 1369
f 1241 1369 1239
f 1239 1369 1371
f 1239 1371 1237
f 1237 1371 1372
f 1373 1235 1372
f 1372 1235 1237
f 1484 1232 1374
f 1374 1232 1236
f 1374 1236 1373
f 1373 1236 1235
f 1295 1379 1436
f 1436 1379 1380
f 1436 1380 1370
f 1436 1370 1435
f 1435 1370 1241
f 1435 1241 1293
f 1466 1467 1473
f 1466 1485 1306
f 1467 1460 1468
f 1328 1468 1391
f 1467 1443 1460
f 1409 1404 1445
f 1409 1445 1410
f 1338 1429 1475
f 1475 1429 1430
f 1409 1429 1404
f 1404 1429 1338
f 1404 1338 1422
f 1422 1338 1426
f 1445 1404 1466
f 1329 1452 1477
f 1452 1477 1482
f 1482 1477 1454
f 1482 1454 1481
f 1449 1448 1480
f 1480 1448 1398
f 1398 1396 1329
f 1398 1329 1432
f 1483 1417 1444
f 1444 1417 1401
f 1397 1480 1398
f 1432 1329 1477
f 1432 1477 1431
f 1413 1434 1476
f 1413 1476 1455
f 1412 1411 1410
f 1412 1410 1354
f 1354 1410 1445
f 1412 1455 1360
f 1360 1455 1476
f 1360 1476 1361
f 1486 1487 1488
f 1488 1487 1489
f 1488 1489 1490
f 1490 1489 1491
f 1490 1491 1492
f 1492 1491 1493
f 1492 1493 1494
f 1493 1495 1494
f 1494 1495 1496
f 1494 1496 1497
f 1497 1496 1498
f 1497 1498 1499
f 1499 1498 1500
f 1499 1500 1501
f 1502 1503 1504
f 1504 1503 1505
f 1504 1505 1506
f 1506 1505 1507
f 1506 1507 1508
f 1500 1509 1501
f 1501 1509 1510
f 1501 1510 1511
f 1511 1510 1512
f 1511 1512 1513
f 1513 1512 1514
f 1513 1514 1515
f 1516 1517 1518
f 1518 1517 1519
f 1518 1519 1520
f 1520 1519 1521
f 1520 1521 1522
f 1523 1524 1525
f 1525 1524 1526
f 1525 1526 1527
f 1527 1526 1528
f 1527 1528 1529
f 1528 1530 1529
f 1529 1530 1531
f 1529 1531 1532
f 1532 1531 1533
f 1532 1533 1534
f 1534 1533 1535
f 1534 1535 1536
f 1536 1535 1537
f 1536 1537 1538
f 1538 1537 1539
f 1538 1539 1486
f 1486 1539 1540
f 1486 1540 1487
f 1514 1541 1515
f 1515 1541 1542
f 1515 1542 1543
f 1543 1542 1544
f 1543 1544 1545
f 1545 1544 1546
f 1545 1546 1547
f 1507 1548 1508
f 1508 1548 1549
f 1508 1549 1550
f 1550 1549 1551
f 1550 1551 1552
f 1552 1551 1553
f 1552 1553 1516
f 1516 1553 1554
f 1516 1554 1517
f 1555 1556 1557
f 1557 1556 1558
f 1557 1558 1559
f 1559 1558 1560
f 1559 1560 1561
f 1561 1560 1562
f 1561 1562 1502
f 1502 1562 1563
f 1502 1563 1503
f 1521 1564 1522
f 1522 1564 1565
f 1522 1565 1566
f 1566 1565 1567
f 1566 1567 1523
f 1523 1567 1568
f 1523 1568 1524
f 1569 1570 1571
f 1571 1570 1572
f 1571 1572 1573
f 1573 1572 1574
f 1573 1574 1575
f 1574 1576 1575
f 1575 1576 1577
f 1575 1577 1578
f 1578 1577 1579
f 1578 1579 1580
f 1580 1579 1581
f 1580 1581 1582
f 1582 1581 1583
f 1582 1583 1584
f 1584 1583 1585
f 1584 1585 1555
f 1555 1585 1586
f 1555 1586 1556
f 1546 1587 1547
f 1547 1587 1588
f 1547 1588 1589
f 1589 1588 1590
f 1589 1590 1569
f 1569 1590 1591
f 1569 1591 1570
f 1557 1592 1593
f 1557 1593 1555
f 1593 1594 1555
f 1555 1594 1595
f 1555 1595 1584
f 1584 1595 1596
f 1584 1596 1582
f 1596 1597 1582
f 1582 1597 1598
f 1582 1598 1580
f 1598 1599 1580
f 1580 1599 1600
f 1580 1600 1578
f 1578 1600 1601
f 1578 1601 1575
f 1601 1602 1575
f 1575 1602 1603
f 1575 1603 1573
f 1603 1604 1573
f 1573 1604 1605
f 1573 1605 1571
f 1571 1605 1606
f 1571 1606 1569
f 1607 1545 1547
f 1606 1608 1569
f 1569 1608 1609
f 1569 1609 1589
f 1589 1609 1610
f 1589 1610 1547
f 1547 1610 1611
f 1547 1611 1607
f 1612 1513 1515
f 1607 1613 1545
f 1545 1613 1614
f 1545 1614 1543
f 1543 1614 1615
f 1543 1615 1515
f 1515 1615 1616
f 1515 1616 1612
f 1612 1617 1513
f 1513 1617 1618
f 1513 1618 1511
f 1511 1618 1619
f 1511 1619 1501
f 1619 1620 1501
f 1501 1620 1621
f 1501 1621 1499
f 1499 1621 1622
f 1499 1622 1497
f 1497 1622 1623
f 1497 1623 1494
f 1494 1623 1624
f 1624 1625 1494
f 1494 1625 1626
f 1494 1626 1492
f 1492 1626 1627
f 1492 1627 1490
f 1490 1627 1628
f 1490 1628 1488
f 1488 1628 1629
f 1488 1629 1630
f 1488 1630 1486
f 1630 1631 1486
f 1486 1631 1632
f 1486 1632 1538
f 1538 1632 1633
f 1538 1633 1536
f 1633 1634 1536
f 1536 1634 1635
f 1536 1635 1534
f 1635 1636 1534
f 1534 1636 1637
f 1534 1637 1532
f 1532 1637 1638
f 1532 1638 1529
f 1638 1639 1529
f 1529 1639 1640
f 1529 1640 1527
f 1640 1641 1527
f 1527 1641 1642
f 1527 1642 1525
f 1525 1642 1643
f 1525 1643 1523
f 1644 1520 1522
f 1643 1645 1523
f 1523 1645 1646
f 1523 1646 1566
f 1566 1646 1647
f 1566 1647 1522
f 1522 1647 1648
f 1522 1648 1644
f 1649 1552 1516
f 1644 1650 1520
f 1520 1650 1651
f 1520 1651 1518
f 1518 1651 1652
f 1518 1652 1516
f 1516 1652 1653
f 1516 1653 1649
f 1649 1654 1552
f 1552 1654 1655
f 1552 1655 1550
f 1550 1655 1656
f 1550 1656 1508
f 1656 1657 1508
f 1508 1657 1658
f 1508 1658 1506
f 1506 1658 1659
f 1506 1659 1504
f 1504 1659 1660
f 1504 1660 1502
f 1502 1660 1661
f 1661 1662 1502
f 1502 1662 1663
f 1502 1663 1561
f 1561 1663 1664
f 1561 1664 1559
f 1559 1664 1665
f 1559 1665 1557
f 1557 1665 1592
f 1634 1633 1666
f 1632 1631 1667
f 1629 1628 1668
f 1627 1626 1669
f 1624 1623 1670
f 1622 1621 1671
f 1619 1618 1672
f 1617 1612 1673
f 1615 1614 1674
f 1613 1607 1675
f 1610 1609 1676
f 1608 1606 1677
f 1605 1604 1678
f 1602 1601 1679
f 1600 1599 1680
f 1537 1535 1681
f 1489 1487 1682
f 1496 1495 1683
f 1510 1509 1684
f 1542 1541 1685
f 1588 1587 1686
f 1591 1590 1687
f 1576 1574 1688
f 1581 1579 1689
f 1689 1579 1690
f 1689 1690 1691
f 1691 1690 1692
f 1691 1692 1693
f 1693 1692 1680
f 1693 1680 1598
f 1598 1680 1599
f 1579 1577 1690
f 1690 1577 1694
f 1690 1694 1692
f 1692 1694 1695
f 1692 1695 1680
f 1680 1695 1679
f 1680 1679 1600
f 1600 1679 1601
f 1603 1602 1696
f 1696 1602 1679
f 1696 1679 1697
f 1697 1679 1695
f 1697 1695 1688
f 1688 1695 1694
f 1688 1694 1576
f 1576 1694 1577
f 1574 1572 1688
f 1688 1572 1698
f 1688 1698 1697
f 1697 1698 1699
f 1697 1699 1696
f 1696 1699 1678
f 1696 1678 1603
f 1603 1678 1604
f 1572 1570 1698
f 1698 1570 1700
f 1698 1700 1699
f 1699 1700 1701
f 1699 1701 1678
f 1678 1701 1677
f 1678 1677 1605
f 1605 1677 1606
f 1609 1608 1676
f 1676 1608 1677
f 1676 1677 1702
f 1702 1677 1701
f 1702 1701 1687
f 1687 1701 1700
f 1687 1700 1591
f 1591 1700 1570
f 1611 1610 1703
f 1703 1610 1676
f 1703 1676 1704
f 1704 1676 1702
f 1704 1702 1686
f 1686 1702 1687
f 1686 1687 1588
f 1588 1687 1590
f 1587 1546 1686
f 1686 1546 1705
f 1686 1705 1704
f 1704 1705 1706
f 1704 1706 1703
f 1703 1706 1675
f 1703 1675 1611
f 1611 1675 1607
f 1546 1544 1705
f 1705 1544 1707
f 1705 1707 1706
f 1706 1707 1708
f 1706 1708 1675
f 1675 1708 1674
f 1675 1674 1613
f 1613 1674 1614
f 1616 1615 1709
f 1709 1615 1674
f 1709 1674 1710
f 1710 1674 1708
f 1710 1708 1685
f 1685 1708 1707
f 1685 1707 1542
f 1542 1707 1544
f 1541 1514 1685
f 1685 1514 1711
f 1685 1711 1710
f 1710 1711 1712
f 1710 1712 1709
f 1709 1712 1673
f 1709 1673 1616
f 1616 1673 1612
f 1514 1512 1711
f 1711 1512 1713
f 1711 1713 1712
f 1712 1713 1714
f 1712 1714 1673
f 1673 1714 1672
f 1673 1672 1617
f 1617 1672 1618
f 1620 1619 1715
f 1715 1619 1672
f 1715 1672 1716
f 1716 1672 1714
f 1716 1714 1684
f 1684 1714 1713
f 1684 1713 1510
f 1510 1713 1512
f 1509 1500 1684
f 1684 1500 1717
f 1684 1717 1716
f 1716 1717 1718
f 1716 1718 1715
f 1715 1718 1671
f 1715 1671 1620
f 1620 1671 1621
f 1500 1498 1717
f 1717 1498 1719
f 1717 1719 1718
f 1718 1719 1720
f 1718 1720 1671
f 1671 1720 1670
f 1671 1670 1622
f 1622 1670 1623
f 1625 1624 1721
f 1721 1624 1670
f 1721 1670 1722
f 1722 1670 1720
f 1722 1720 1683
f 1683 1720 1719
f 1683 1719 1496
f 1496 1719 1498
f 1495 1493 1683
f 1683 1493 1723
f 1683 1723 1722
f 1722 1723 1724
f 1722 1724 1721
f 1721 1724 1669
f 1721 1669 1625
f 1625 1669 1626
f 1493 1491 1723
f 1723 1491 1725
f 1723 1725 1724
f 1724 1725 1726
f 1724 1726 1669
f 1669 1726 1668
f 1669 1668 1627
f 1627 1668 1628
f 1630 1629 1727
f 1727 1629 1668
f 1727 1668 1728
f 1728 1668 1726
f 1728 1726 1682
f 1682 1726 1725
f 1682 1725 1489
f 1489 1725 1491
f 1487 1540 1682
f 1682 1540 1729
f 1682 1729 1728
f 1728 1729 1730
f 1728 1730 1727
f 1727 1730 1667
f 1727 1667 1630
f 1630 1667 1631
f 1540 1539 1729
f 1729 1539 1731
f 1729 1731 1730
f 1730 1731 1732
f 1730 1732 1667
f 1667 1732 1666
f 1667 1666 1632
f 1632 1666 1633
f 1635 1634 1733
f 1733 1634 1666
f 1733 1666 1734
f 1734 1666 1732
f 1734 1732 1681
f 1681 1732 1731
f 1681 1731 1537
f 1537 1731 1539
f 1597 1596 1735
f 1595 1594 1736
f 1592 1665 1737
f 1664 1663 1738
f 1661 1660 1739
f 1659 1658 1740
f 1656 1655 1741
f 1654 1649 1742
f 1652 1651 1743
f 1650 1644 1744
f 1647 1646 1745
f 1645 1643 1746
f 1642 1641 1747
f 1639 1638 1748
f 1637 1636 1749
f 1583 1581 1689
f 1558 1556 1750
f 1503 1563 1751
f 1549 1548 1752
f 1517 1554 1753
f 1565 1564 1754
f 1568 1567 1755
f 1530 1528 1756
f 1535 1533 1681
f 1681 1533 1757
f 1681 1757 1734
f 1734 1757 1758
f 1734 1758 1733
f 1733 1758 1749
f 1733 1749 1635
f 1635 1749 1636
f 1533 1531 1757
f 1757 1531 1759
f 1757 1759 1758
f 1758 1759 1760
f 1758 1760 1749
f 1749 1760 1748
f 1749 1748 1637
f 1637 1748 1638
f 1640 1639 1761
f 1761 1639 1748
f 1761 1748 1762
f 1762 1748 1760
f 1762 1760 1756
f 1756 1760 1759
f 1756 1759 1530
f 1530 1759 1531
f 1528 1526 1756
f 1756 1526 1763
f 1756 1763 1762
f 1762 1763 1764
f 1762 1764 1761
f 1761 1764 1747
f 1761 1747 1640
f 1640 1747 1641
f 1526 1524 1763
f 1763 1524 1765
f 1763 1765 1764
f 1764 1765 1766
f 1764 1766 1747
f 1747 1766 1746
f 1747 1746 1642
f 1642 1746 1643
f 1646 1645 1745
f 1745 1645 1746
f 1745 1746 1767
f 1767 1746 1766
f 1767 1766 1755
f 1755 1766 1765
f 1755 1765 1568
f 1568 1765 1524
f 1648 1647 1768
f 1768 1647 1745
f 1768 1745 1769
f 1769 1745 1767
f 1769 1767 1754
f 1754 1767 1755
f 1754 1755 1565
f 1565 1755 1567
f 1564 1521 1754
f 1754 1521 1770
f 1754 1770 1769
f 1769 1770 1771
f 1769 1771 1768
f 1768 1771 1744
f 1768 1744 1648
f 1648 1744 1644
f 1521 1519 1770
f 1770 1519 1772
f 1770 1772 1771
f 1771 1772 1773
f 1771 1773 1744
f 1744 1773 1743
f 1744 1743 1650
f 1650 1743 1651
f 1653 1652 1774
f 1774 1652 1743
f 1774 1743 1775
f 1775 1743 1773
f 1775 1773 1753
f 1753 1773 1772
f 1753 1772 1517
f 1517 1772 1519
f 1554 1553 1753
f 1753 1553 1776
f 1753 1776 1775
f 1775 1776 1777
f 1775 1777 1774
f 1774 1777 1742
f 1774 1742 1653
f 1653 1742 1649
f 1553 1551 1776
f 1776 1551 1778
f 1776 1778 1777
f 1777 1778 1779
f 1777 1779 1742
f 1742 1779 1741
f 1742 1741 1654
f 1654 1741 1655
f 1657 1656 1780
f 1780 1656 1741
f 1780 1741 1781
f 1781 1741 1779
f 1781 1779 1752
f 1752 1779 1778
f 1752 1778 1549
f 1549 1778 1551
f 1548 1507 1752
f 1752 1507 1782
f 1752 1782 1781
f 1781 1782 1783
f 1781 1783 1780
f 1780 1783 1740
f 1780 1740 1657
f 1657 1740 1658
f 1507 1505 1782
f 1782 1505 1784
f 1782 1784 1783
f 1783 1784 1785
f 1783 1785 1740
f 1740 1785 1739
f 1740 1739 1659
f 1659 1739 1660
f 1662 1661 1786
f 1786 1661 1739
f 1786 1739 1787
f 1787 1739 1785
f 1787 1785 1751
f 1751 1785 1784
f 1751 1784 1503
f 1503 1784 1505
f 1563 1562 1751
f 1751 1562 1788
f 1751 1788 1787
f 1787 1788 1789
f 1787 1789 1786
f 1786 1789 1738
f 1786 1738 1662
f 1662 1738 1663
f 1562 1560 1788
f 1788 1560 1790
f 1788 1790 1789
f 1789 1790 1791
f 1789 1791 1738
f 1738 1791 1737
f 1738 1737 1664
f 1664 1737 1665
f 1593 1592 1792
f 1792 1592 1737
f 1792 1737 1793
f 1793 1737 1791
f 1793 1791 1750
f 1750 1791 1790
f 1750 1790 1558
f 1558 1790 1560
f 1556 1586 1750
f 1750 1586 1794
f 1750 1794 1793
f 1793 1794 1795
f 1793 1795 1792
f 1792 1795 1736
f 1792 1736 1593
f 1593 1736 1594
f 1586 1585 1794
f 1794 1585 1796
f 1794 1796 1795
f 1795 1796 1797
f 1795 1797 1736
f 1736 1797 1735
f 1736 1735 1595
f 1595 1735 1596
f 1598 1597 1693
f 1693 1597 1735
f 1693 1735 1691
f 1691 1735 1797
f 1691 1797 1689
f 1689 1797 1796
f 1689 1796 1583
f 1583 1796 1585
f 1798 1799 1800
f 1800 1799 1801
f 1800 1801 1802
f 1803 1804 1801
f 1801 1804 1805
f 1801 1805 1802
f 1810 1806 1807
f 1807 1806 1808
f 1807 1808 1803
f 1803 1808 1809
f 1803 1809 1804
f 1810 1807 1811
f 1810 1811 1812
f 1812 1811 1813
f 1813 1811 1814
f 1813 1814 1815
f 1815 1814 1816
f 1816 1814 1817
f 1816 1817 1818
f 1818 1817 1819
f 1819 1817 1820
f 1819 1820 1821
f 1821 1820 1822
f 1822 1820 1823
f 1822 1823 1824
f 1824 1823 1826
f 1826 1823 1825
f 1827 1828 1825
f 1825 1828 1826
f 1832 1830 1829
f 1829 1830 1827
f 1827 1830 1831
f 1827 1831 1828
f 1832 1829 1833
f 1832 1833 1834
f 1834 1833 1835
f 1835 1833 1836
f 1835 1836 1837
f 1825 1838 1827
f 1827 1838 1839
f 1827 1839 1829
f 1801 1840 1803
f 1803 1840 1841
f 1803 1841 1807
f 1817 1842 1820
f 1820 1842 1843
f 1820 1843 1823
f 1823 1843 1844
f 1823 1844 1825
f 1825 1844 1845
f 1825 1845 1838
f 1841 1846 1807
f 1807 1846 1847
f 1807 1847 1811
f 1811 1847 1848
f 1811 1848 1814
f 1814 1848 1849
f 1814 1849 1817
f 1817 1849 1850
f 1817 1850 1842
f 1851 1852 1853
f 1853 1852 1854
f 1853 1854 1799
f 1799 1854 1855
f 1799 1855 1801
f 1801 1855 1856
f 1801 1856 1840
f 1839 1857 1829
f 1829 1857 1858
f 1829 1858 1833
f 1833 1858 1859
f 1833 1859 1836
f 1836 1859 1860
f 1836 1860 1861
f 1862 1863 1864
f 1864 1863 1865
f 1864 1865 1851
f 1851 1865 1866
f 1851 1866 1852
f 1867 1868 1869
f 1869 1868 1870
f 1869 1870 1871
f 1871 1870 1872
f 1871 1872 1873
f 1860 1874 1861
f 1861 1874 1875
f 1861 1875 1876
f 1876 1875 1877
f 1876 1877 1867
f 1867 1877 1878
f 1867 1878 1868
f 1872 1879 1873
f 1873 1879 1880
f 1873 1880 1881
f 1881 1880 1882
f 1881 1882 1883
f 1883 1882 1884
f 1883 1884 1862
f 1862 1884 1885
f 1862 1885 1863
f 1837 1836 1886
f 1886 1836 1861
f 1886 1861 1887
f 1876 1888 1861
f 1861 1888 1889
f 1861 1889 1887
f 1893 1890 1867
f 1867 1890 1891
f 1867 1891 1876
f 1876 1891 1892
f 1876 1892 1888
f 1893 1867 1869
f 1893 1869 1894
f 1894 1869 1895
f 1895 1869 1871
f 1895 1871 1896
f 1896 1871 1897
f 1897 1871 1873
f 1897 1873 1898
f 1898 1873 1899
f 1899 1873 1881
f 1899 1881 1900
f 1900 1881 1901
f 1901 1881 1883
f 1901 1883 1902
f 1902 1883 1903
f 1903 1883 1862
f 1864 1904 1862
f 1862 1904 1903
f 1907 1905 1851
f 1851 1905 1864
f 1864 1905 1906
f 1864 1906 1904
f 1907 1851 1853
f 1907 1853 1908
f 1908 1853 1909
f 1909 1853 1799
f 1909 1799 1798
f 1845 1910 1911
f 1826 1828 1912
f 1912 1828 1913
f 1912 1913 1910
f 1830 1914 1915
f 1913 1828 1831
f 1913 1831 1915
f 1915 1831 1830
f 1837 1916 1917
f 1830 1832 1914
f 1914 1832 1918
f 1918 1832 1834
f 1918 1834 1917
f 1917 1834 1835
f 1917 1835 1837
f 1837 1886 1916
f 1916 1886 1887
f 1916 1887 1919
f 1919 1887 1889
f 1919 1889 1920
f 1890 1921 1922
f 1889 1888 1920
f 1920 1888 1892
f 1920 1892 1922
f 1922 1892 1891
f 1922 1891 1890
f 1896 1923 1924
f 1890 1893 1921
f 1921 1893 1925
f 1925 1893 1894
f 1925 1894 1924
f 1924 1894 1895
f 1924 1895 1896
f 1902 1926 1927
f 1896 1897 1923
f 1923 1897 1898
f 1923 1898 1928
f 1928 1898 1899
f 1928 1899 1929
f 1929 1899 1900
f 1929 1900 1927
f 1927 1900 1901
f 1927 1901 1902
f 1902 1903 1926
f 1926 1903 1930
f 1910 1913 1911
f 1911 1913 1915
f 1911 1915 1931
f 1931 1915 1914
f 1931 1914 1932
f 1932 1914 1918
f 1932 1918 1933
f 1933 1918 1917
f 1933 1917 1934
f 1934 1917 1916
f 1934 1916 1935
f 1935 1916 1919
f 1935 1919 1936
f 1936 1919 1920
f 1936 1920 1937
f 1937 1920 1922
f 1937 1922 1938
f 1938 1922 1921
f 1938 1921 1939
f 1939 1921 1925
f 1939 1925 1940
f 1940 1925 1924
f 1940 1924 1941
f 1941 1924 1923
f 1941 1923 1942
f 1942 1923 1928
f 1942 1928 1943
f 1943 1928 1929
f 1943 1929 1944
f 1944 1929 1927
f 1944 1927 1945
f 1945 1927 1926
f 1945 1926 1946
f 1946 1926 1930
f 1946 1930 1947
f 1845 1911 1838
f 1838 1911 1931
f 1838 1931 1839
f 1839 1931 1932
f 1839 1932 1857
f 1857 1932 1933
f 1857 1933 1858
f 1858 1933 1934
f 1858 1934 1859
f 1859 1934 1935
f 1859 1935 1860
f 1860 1935 1936
f 1860 1936 1874
f 1874 1936 1937
f 1874 1937 1875
f 1875 1937 1938
f 1875 1938 1877
f 1877 1938 1939
f 1877 1939 1878
f 1878 1939 1940
f 1878 1940 1868
f 1868 1940 1941
f 1868 1941 1870
f 1870 1941 1942
f 1870 1942 1872
f 1872 1942 1943
f 1872 1943 1879
f 1879 1943 1944
f 1879 1944 1880
f 1880 1944 1945
f 1880 1945 1882
f 1882 1945 1946
f 1882 1946 1884
f 1884 1946 1947
f 1884 1947 1885
f 1885 1947 1948
f 1903 1904 1930
f 1930 1904 1949
f 1930 1949 1947
f 1905 1950 1951
f 1949 1904 1906
f 1949 1906 1951
f 1951 1906 1905
f 1798 1952 1953
f 1905 1907 1950
f 1950 1907 1954
f 1954 1907 1908
f 1954 1908 1953
f 1953 1908 1909
f 1953 1909 1798
f 1798 1800 1952
f 1952 1800 1802
f 1952 1802 1955
f 1955 1802 1805
f 1955 1805 1956
f 1806 1957 1958
f 1805 1804 1956
f 1956 1804 1809
f 1956 1809 1958
f 1958 1809 1808
f 1958 1808 1806
f 1815 1959 1960
f 1806 1810 1957
f 1957 1810 1961
f 1961 1810 1812
f 1961 1812 1960
f 1960 1812 1813
f 1960 1813 1815
f 1824 1962 1963
f 1815 1816 1959
f 1959 1816 1818
f 1959 1818 1964
f 1964 1818 1819
f 1964 1819 1965
f 1965 1819 1821
f 1965 1821 1963
f 1963 1821 1822
f 1963 1822 1824
f 1824 1826 1962
f 1962 1826 1912
f 1947 1949 1948
f 1948 1949 1951
f 1948 1951 1966
f 1966 1951 1950
f 1966 1950 1967
f 1967 1950 1954
f 1967 1954 1968
f 1968 1954 1953
f 1968 1953 1969
f 1969 1953 1952
f 1969 1952 1970
f 1970 1952 1955
f 1970 1955 1971
f 1971 1955 1956
f 1971 1956 1972
f 1972 1956 1958
f 1972 1958 1973
f 1973 1958 1957
f 1973 1957 1974
f 1974 1957 1961
f 1974 1961 1975
f 1975 1961 1960
f 1975 1960 1976
f 1976 1960 1959
f 1976 1959 1977
f 1977 1959 1964
f 1977 1964 1978
f 1978 1964 1965
f 1978 1965 1979
f 1979 1965 1963
f 1979 1963 1980
f 1980 1963 1962
f 1980 1962 1981
f 1981 1962 1912
f 1981 1912 1910
f 1885 1948 1863
f 1863 1948 1966
f 1863 1966 1865
f 1865 1966 1967
f 1865 1967 1866
f 1866 1967 1968
f 1866 1968 1852
f 1852 1968 1969
f 1852 1969 1854
f 1854 1969 1970
f 1854 1970 1855
f 1855 1970 1971
f 1855 1971 1856
f 1856 1971 1972
f 1856 1972 1840
f 1840 1972 1973
f 1840 1973 1841
f 1841 1973 1974
f 1841 1974 1846
f 1846 1974 1975
f 1846 1975 1847
f 1847 1975 1976
f 1847 1976 1848
f 1848 1976 1977
f 1848 1977 1849
f 1849 1977 1978
f 1849 1978 1850
f 1850 1978 1979
f 1850 1979 1842
f 1842 1979 1980
f 1842 1980 1843
f 1843 1980 1981
f 1843 1981 1844
f 1844 1981 1910
f 1844 1910 1845
f 1982 1983 1984
f 1987 1982 1985
f 1988 1989 1990
f 1990 1989 1987
f 1990 1987 1991
f 1991 1987 1986
f 1991 1986 1992
f 1992 1986 1993
f 1994 1985 1995
f 1995 1985 1982
f 1995 1982 1996
f 1996 1982 1984
f 1997 1998 1999
f 2000 2001 2002
f 2002 2001 1999
f 2002 1999 2003
f 2003 1999 1998
f 2005 2006 2007
f 2007 2006 2008
f 2026 2009 2006
f 2006 2009 2010
f 2006 2010 2008
f 1998 1997 2005
f 2005 1997 2004
f 2004 1068 2011
f 2004 2011 2005
f 2005 2011 2026
f 2005 2026 2006
f 2012 2026 2013
f 2013 2026 2025
f 2025 2004 1997
f 2000 2014 2001
f 2001 2014 2015
f 2001 2015 1999
f 1999 2015 2025
f 1999 2025 1997
f 2010 2009 2000
f 2000 2009 2014
f 2000 2002 2010
f 2010 2002 2003
f 2010 2003 2008
f 2008 2003 2007
f 2007 2003 1998
f 2007 1998 2005
f 2019 2018 2016
f 2019 2016 2020
f 2020 2016 2017
f 2017 2087 2021
f 2017 2021 2020
f 2020 2021 2022
f 2023 2019 2022
f 2022 2019 2020
f 2022 2024 2023
f 2023 2024 2071
f 2027 2016 2018
f 2072 2025 2071
f 2071 2025 2026
f 2018 2019 2023
f 2025 2072 2004
f 2025 2015 2013
f 2013 2015 2014
f 2013 2014 2012
f 2012 2014 2009
f 2071 2027 2018
f 2071 2018 2023
f 2026 2012 2009
f 2029 2025 2011
f 2011 2025 2026
f 2011 1068 1131
f 2011 1131 2029
f 2029 1131 1132
f 2029 1132 2030
f 2030 1132 1133
f 2030 1133 2031
f 2032 2068 2033
f 2031 2034 2035
f 2034 2031 2036
f 2036 2031 1133
f 2036 1133 1136
f 2035 2037 2031
f 2031 2037 2038
f 2031 2038 2039
f 2039 2040 2031
f 2031 2040 2041
f 2031 2041 2042
f 2042 2043 2031
f 2031 2043 2044
f 2031 2044 2033
f 2033 2044 2045
f 2033 2045 2032
f 2028 2004 2072
f 2046 1987 2047
f 2047 2048 2046
f 2046 2048 2049
f 2046 2049 2050
f 2050 2051 2046
f 2046 2051 2052
f 2046 2052 2053
f 2053 2054 2046
f 2046 2054 2055
f 2046 2055 2056
f 2056 2057 2046
f 2046 2057 2058
f 2046 2058 2123
f 2123 2058 2059
f 2123 2059 2067
f 2062 2061 2068
f 2062 2068 2160
f 2122 2063 2060
f 2060 2063 2064
f 2060 2064 2032
f 2032 2064 2160
f 2032 2160 2068
f 2062 2065 2061
f 2061 2065 2066
f 2061 2066 2059
f 2059 2066 2159
f 2059 2159 2067
f 2122 2060 2067
f 2122 2067 2159
f 2027 2071 2017
f 2068 2025 2033
f 2033 2025 2031
f 2031 2025 2030
f 2030 2025 2029
f 2071 2069 2017
f 2025 2068 2069
f 2025 2069 2071
f 2071 2026 2025
f 2016 2027 2017
f 2073 2074 986
f 986 2074 2036
f 986 2036 1136
f 2060 2032 2075
f 2075 2032 2045
f 2075 2045 2076
f 2076 2045 2044
f 2076 2044 2077
f 2077 2044 2043
f 2077 2043 2078
f 2078 2043 2042
f 2078 2042 2079
f 2079 2042 2041
f 2079 2041 2080
f 2080 2041 2040
f 2080 2040 2081
f 2081 2040 2039
f 2081 2039 2082
f 2082 2039 2038
f 2082 2038 2083
f 2083 2038 2037
f 2083 2037 2084
f 2084 2037 2035
f 2084 2035 2085
f 2085 2035 2034
f 2085 2034 2074
f 2074 2034 2036
f 2084 2085 2086
f 2086 2085 2074
f 2086 2074 2073
f 2081 2082 2086
f 2086 2082 2083
f 2086 2083 2084
f 2078 2079 2086
f 2086 2079 2080
f 2086 2080 2081
f 2075 2076 2086
f 2086 2076 2077
f 2086 2077 2078
f 2075 2086 2060
f 2060 2086 2123
f 2060 2123 2067
f 2087 2017 2069
f 2088 2087 2089
f 2089 2087 2069
f 2089 2069 2090
f 2090 2069 2091
f 2092 2093 2069
f 2069 2093 2094
f 2069 2094 2091
f 2095 2096 2069
f 2069 2096 2097
f 2069 2097 2092
f 2098 2099 2069
f 2069 2099 2100
f 2069 2100 2095
f 2098 2069 2061
f 2061 2069 2068
f 2102 2144 2072
f 2102 2072 2101
f 2102 2103 2129
f 2104 2144 2105
f 2108 2072 2144
f 2070 2101 2071
f 2101 2072 2071
f 2145 2185 2110
f 2112 2110 2185
f 2112 2188 2111
f 2113 2114 2088
f 1987 2115 2047
f 2047 2115 2113
f 2047 2113 2089
f 2089 2113 2088
f 2217 2306 2152
f 2306 2308 2152
f 2177 2117 2116
f 2177 2101 2117
f 2117 2101 2118
f 2101 2143 2135
f 2101 2070 2119
f 2119 2070 2109
f 2109 2070 2071
f 2062 2120 2065
f 2065 2120 2066
f 2064 2063 2121
f 2121 2063 2122
f 2061 2059 2098
f 2098 2059 2058
f 2098 2058 2099
f 2099 2058 2057
f 2099 2057 2100
f 2100 2057 2056
f 2100 2056 2095
f 2095 2056 2055
f 2095 2055 2096
f 2096 2055 2054
f 2096 2054 2097
f 2097 2054 2053
f 2097 2053 2092
f 2092 2053 2052
f 2092 2052 2093
f 2093 2052 2051
f 2093 2051 2094
f 2094 2051 2050
f 2094 2050 2091
f 2091 2050 2049
f 2091 2049 2090
f 2090 2049 2048
f 2090 2048 2089
f 2089 2048 2047
f 2293 2086 2073
f 2103 2102 2124
f 2124 2102 2125
f 2126 2127 2105
f 2105 2127 2104
f 2128 2129 2130
f 2105 2102 2129
f 2128 2126 2129
f 2129 2126 2105
f 2105 2144 2102
f 2133 2131 2129
f 2129 2103 2133
f 2133 2103 2132
f 2135 2144 2170
f 2170 2144 2104
f 2136 2107 2137
f 2144 2139 2106
f 2139 2137 2106
f 2106 2137 2107
f 2144 2138 2139
f 2139 2138 2140
f 2139 2140 2137
f 2137 2140 2141
f 2137 2141 2136
f 2107 2142 2106
f 2106 2142 2143
f 2106 2143 2144
f 2144 2143 2176
f 2072 2108 2110
f 2148 2200 2149
f 2152 2229 2154
f 2152 2154 2155
f 2156 2217 2157
f 2217 2116 2306
f 2177 2143 2101
f 2133 2161 2131
f 2135 2161 2101
f 2134 2135 2143
f 2122 2159 2121
f 2121 2159 2120
f 2160 2121 2120
f 2160 2120 2062
f 2161 2133 2101
f 2133 2132 2162
f 2162 2163 2164
f 2133 2162 2164
f 2101 2133 2164
f 2132 2103 2124
f 2101 2164 2102
f 2102 2164 2125
f 2125 2164 2163
f 2125 2163 2124
f 2124 2163 2162
f 2124 2162 2132
f 2170 2104 2165
f 2165 2104 2127
f 2165 2127 2166
f 2166 2127 2126
f 2166 2126 2167
f 2167 2126 2128
f 2167 2128 2168
f 2168 2128 2130
f 2168 2130 2131
f 2131 2130 2129
f 2166 2167 2169
f 2135 2170 2161
f 2169 2131 2161
f 2167 2168 2169
f 2169 2168 2131
f 2169 2161 2170
f 2169 2170 2166
f 2166 2170 2165
f 2143 2142 2134
f 2135 2134 2171
f 2171 2134 2172
f 2172 2134 2173
f 2142 2174 2173
f 2173 2174 2175
f 2173 2175 2172
f 2173 2134 2142
f 2144 2135 2138
f 2138 2135 2171
f 2138 2171 2140
f 2140 2171 2172
f 2140 2172 2141
f 2141 2172 2175
f 2141 2175 2136
f 2136 2175 2174
f 2136 2174 2107
f 2107 2174 2142
f 2177 2176 2143
f 2179 2182 2180
f 2180 2182 2178
f 2177 2182 2176
f 2110 2176 2252
f 2110 2108 2176
f 2108 2144 2176
f 2185 2188 2112
f 2186 2187 2146
f 2146 2187 2188
f 2157 2191 2156
f 2156 2191 2187
f 2147 2111 2188
f 2189 2147 2190
f 2190 2147 2191
f 2191 2192 2193
f 2191 2193 2190
f 2147 2188 2187
f 2147 2187 2191
f 2152 2111 2147
f 2111 2152 2198
f 2198 2152 2155
f 2194 2195 2196
f 2200 2111 2149
f 2196 2149 2111
f 2195 2199 2196
f 2196 2199 2149
f 2196 2111 2198
f 2196 2198 2194
f 2194 2198 2197
f 2111 2200 2201
f 2202 2200 2148
f 2202 2201 2200
f 2203 2148 2153
f 2153 2148 2149
f 2153 2149 2229
f 2204 2215 2111
f 2205 2206 2152
f 2152 2206 2215
f 2150 2215 2206
f 2150 2206 2208
f 2225 151 2208
f 2209 2208 2206
f 2209 2206 2210
f 2206 2207 2210
f 2211 2212 2213
f 2213 2212 2214
f 2212 2215 2150
f 2212 2150 2214
f 2111 2215 2151
f 2215 2204 2263
f 2219 2151 2220
f 2214 2151 2219
f 2214 2219 2218
f 2207 2206 2205
f 2209 2210 2221
f 2221 2210 2207
f 2221 2207 2222
f 2222 2207 2205
f 2221 2224 2209
f 2209 2224 2223
f 2209 2223 2208
f 2208 2223 2225
f 2225 2223 2224
f 2152 2226 2229
f 2229 2226 2153
f 2227 2228 2154
f 2154 2228 2155
f 2230 2231 2232
f 2232 2231 2229
f 2230 2227 2231
f 2231 2227 2154
f 2231 2154 2229
f 2233 2157 2234
f 2217 2152 2236
f 2236 2234 2217
f 2217 2234 2157
f 2152 2235 2236
f 2236 2235 2237
f 2236 2237 2234
f 2234 2237 2238
f 2234 2238 2233
f 2217 2158 2116
f 2177 2116 2216
f 2216 2116 2158
f 2216 2110 2184
f 2216 2178 2182
f 2216 2182 2177
f 2240 2180 2178
f 2216 2239 2178
f 2178 2239 2241
f 2178 2241 2242
f 2178 2242 2243
f 2178 2243 2240
f 2179 2180 2183
f 2183 2252 2179
f 2179 2252 2182
f 2182 2252 2176
f 2244 2181 2245
f 2245 2181 2247
f 2245 2247 2246
f 2216 2247 2181
f 2247 2216 2246
f 2110 2216 2181
f 2248 2252 2183
f 2249 2184 2250
f 2250 2184 2252
f 2250 2252 2251
f 2184 2110 2252
f 2252 2248 2253
f 2252 2253 2251
f 2110 2257 2145
f 2110 2254 2257
f 2257 2254 2255
f 2257 2255 2256
f 2145 2258 2185
f 2188 2268 2259
f 2188 2259 2146
f 2146 2259 2186
f 2186 2259 2260
f 2186 2260 2187
f 2187 2260 2156
f 2152 2147 2235
f 2235 2147 2189
f 2235 2189 2237
f 2237 2189 2190
f 2237 2190 2238
f 2238 2190 2193
f 2238 2193 2233
f 2233 2193 2192
f 2233 2192 2157
f 2157 2192 2191
f 2258 2217 2156
f 2198 2155 2197
f 2197 2155 2228
f 2197 2228 2194
f 2194 2228 2227
f 2194 2227 2195
f 2195 2227 2230
f 2195 2230 2199
f 2199 2230 2232
f 2199 2232 2149
f 2149 2232 2229
f 2204 2111 2201
f 2204 2201 2261
f 2261 2201 2202
f 2261 2202 2262
f 2262 2202 2148
f 2262 2148 2203
f 2203 2153 2226
f 2152 2215 2263
f 2152 2263 2226
f 2226 2263 2203
f 2308 2225 2152
f 2152 2225 2205
f 2205 2225 2222
f 2222 2225 2221
f 2221 2225 2224
f 2214 2218 2213
f 2213 2218 2264
f 2213 2264 2211
f 2211 2264 2265
f 2211 2265 2212
f 2212 2265 2215
f 2218 2266 2267
f 2218 2215 2265
f 2265 2264 2218
f 2267 2215 2218
f 2218 2219 2266
f 2266 2219 2220
f 2266 2220 2267
f 2267 2220 2151
f 2267 2151 2215
f 2203 2263 2262
f 2263 2204 2262
f 2262 2204 2261
f 2268 2185 2258
f 2185 2268 2188
f 2258 2145 2216
f 2216 2158 2258
f 2217 2258 2158
f 2258 2260 2259
f 2260 2258 2156
f 2268 2258 2259
f 2183 2180 2248
f 2248 2180 2240
f 2248 2240 2253
f 2253 2240 2243
f 2253 2243 2251
f 2251 2243 2242
f 2251 2242 2250
f 2250 2242 2241
f 2250 2241 2249
f 2249 2241 2239
f 2249 2239 2184
f 2184 2239 2216
f 2110 2181 2254
f 2254 2181 2244
f 2254 2244 2255
f 2255 2244 2245
f 2255 2245 2256
f 2256 2245 2246
f 2256 2246 2257
f 2257 2246 2216
f 2257 2216 2145
f 2282 151 2270
f 143 2269 2270
f 2296 2270 2269
f 2270 2271 143
f 2272 143 2271
f 143 2272 2273
f 2273 2272 2274
f 2273 2274 2275
f 2275 2276 2273
f 2273 2276 2277
f 2273 2277 2278
f 2278 2277 2279
f 2278 2279 2280
f 2280 2279 2281
f 2297 2280 2281
f 151 2282 2283
f 2284 2285 2286
f 2286 2283 2284
f 2284 2283 2282
f 986 151 2073
f 151 986 2150
f 2150 986 2214
f 151 2150 2208
f 2214 2111 2151
f 2214 986 2111
f 2111 986 2112
f 151 2225 2308
f 151 2123 2086
f 2282 151 2293
f 2293 151 2086
f 2123 151 2046
f 2046 151 2299
f 2296 2270 2282
f 151 2270 2299
f 2282 2270 151
f 2299 2270 2296
f 2299 2296 2297
f 2087 2071 2024
f 2087 2024 2021
f 2021 2024 2022
f 2071 2087 2088
f 2071 2088 2109
f 2290 2306 2114
f 2114 2306 2116
f 2109 2088 2114
f 2109 2114 2119
f 2119 2114 2118
f 2119 2118 2101
f 2290 2114 2287
f 2290 2287 2288
f 2114 2116 2117
f 2114 2117 2118
f 2288 2291 2290
f 2290 2291 2289
f 1062 2293 2073
f 2028 1133 1132
f 1132 1131 2028
f 2028 1131 1068
f 1068 2004 2028
f 1062 2073 1067
f 1064 1063 1065
f 1065 1063 1062
f 1065 1062 1066
f 1066 1062 1067
f 1133 2028 1136
f 1136 2028 2072
f 1136 2072 2110
f 2112 986 2110
f 2110 986 1136
f 2306 2309 2308
f 2293 1062 2294
f 2294 1062 1063
f 2294 1063 2295
f 2295 1063 1064
f 2286 2285 1064
f 1064 2285 2295
f 1064 1065 2286
f 2286 1065 1066
f 2286 1066 2283
f 2283 1066 1067
f 2283 1067 151
f 151 1067 2073
f 2282 353 2296
f 2292 2293 2294
f 2285 2284 2292
f 2285 2292 2295
f 2295 2292 2294
f 2282 2293 2292
f 2299 1987 2046
f 2297 2298 2299
f 1982 1987 2299
f 1996 2279 1995
f 1995 2279 2277
f 1995 2277 1994
f 1994 2277 2276
f 1994 2276 1985
f 2300 2281 1996
f 1996 2281 2279
f 1996 1984 2300
f 2300 1984 1983
f 2300 1983 2301
f 2301 1983 2302
f 2302 1983 1982
f 2302 1982 2299
f 2303 1987 2274
f 2272 2304 2274
f 2274 2304 2305
f 2274 2305 2303
f 2274 1987 2275
f 2275 1987 1985
f 2275 1985 2276
f 2309 2306 2307
f 2307 1986 2309
f 2309 1986 1987
f 2308 2309 2271
f 2310 2311 2312
f 1987 2312 2309
f 2309 2312 2271
f 2271 2312 2311
f 2272 2271 2311
f 2303 2305 2310
f 2310 2305 2304
f 2310 2304 2311
f 2311 2304 2272
f 2310 2312 2303
f 2303 2312 1987
f 2299 2298 2302
f 2302 2298 2301
f 2297 2281 2298
f 2298 2281 2300
f 2298 2300 2301
f 2282 2292 2284
f 353 2282 2270
f 353 2270 2296
f 2297 2296 2269
f 2297 2269 2280
f 2280 2269 2278
f 2278 2269 2273
f 2273 2269 143
f 151 2308 2270
f 2270 2308 2271
f 2313 2314 1991
f 1991 2314 1990
f 2315 2316 2291
f 2291 2316 2289
f 2113 2115 2317
f 2317 2115 2318
f 2319 2320 2316
f 2307 2306 2320
f 2307 2320 2321
f 2321 2320 2319
f 2115 2322 2318
f 2318 2322 2323
f 2318 2323 2315
f 2315 2323 2314
f 2315 2314 2316
f 2316 2314 2313
f 2316 2313 2319
f 2114 2113 2317
f 2114 2317 2287
f 2287 2317 2318
f 2287 2318 2288
f 2288 2318 2315
f 2288 2315 2291
f 2289 2316 2320
f 2289 2320 2290
f 2290 2320 2306
f 2313 1991 1992
f 2313 1992 2319
f 2319 1992 1993
f 2319 1993 2321
f 2321 1993 1986
f 2321 1986 2307
f 2115 1987 1989
f 2115 1989 2322
f 2322 1989 1988
f 2322 1988 2323
f 2323 1988 1990
f 2323 1990 2314
f 2121 2160 2064
f 2120 2159 2066

