# https://github.com/mikedh/trimesh
v -0.01974395 0.04028395 -0.05114019
v -0.05125365 -0.05635048 -0.02806190
v -0.05256482 -0.06668764 -0.00683444
v -0.01591679 0.05555260 -0.01590924
v -0.03412278 0.06481977 -0.01463047
v -0.03846763 -0.01778095 -0.04038068
v -0.03731760 -0.02164396 -0.04651448
v -0.03846764 -0.03957722 -0.01950402
v -0.03837122 0.00903245 0.03529395
v -0.03869793 0.03619545 -0.02518862
v -0.03884352 0.03586654 -0.00207752
v -0.03815910 -0.05518092 -0.02909998
v -0.03840534 0.01035609 0.02745266
v -0.03854223 0.01589482 0.02599864
v -0.01571198 -0.02434095 -0.00526162
v -0.01604160 -0.02612402 -0.00449457
v -0.01611810 -0.02612390 -0.00449462
v -0.01642723 -0.02791027 -0.00372614
v -0.01575346 -0.02434205 -0.00525227
v -0.01579613 -0.02434507 -0.00521920
v -0.01657957 -0.02788383 -0.00370111
v -0.01654425 -0.02790036 -0.00372195
v -0.01660058 -0.02786475 -0.00366720
v -0.01622416 -0.02610123 -0.00438164
v -0.01582693 -0.02435459 -0.00514441
v -0.01580751 -0.02434699 -0.00520317
v -0.01581996 -0.02435014 -0.00517658
v -0.01509653 -0.02274331 -0.00223466
v -0.01525077 -0.02291408 -0.00240743
v -0.01525369 -0.02276932 -0.00225718
v -0.01521762 -0.02274882 -0.00223960
v -0.01528639 -0.02301946 -0.00006710
v -0.01486638 0.01880882 0.01266443
v -0.01451425 -0.02114304 0.00411909
v -0.01640543 -0.02733219 -0.00076580
v -0.01634826 -0.02826543 -0.00299700
v -0.02627585 0.04246394 0.00551763
v -0.03803627 0.04352392 0.00537931
v -0.02628619 0.04263251 0.00530977
v -0.03803841 0.04359473 0.00513885
v -0.02629086 0.04272207 0.00503617
v -0.03803626 0.04358169 0.00488860
v -0.02628689 0.04269854 0.00474925
v -0.03803007 0.04348652 0.00465646
v -0.02627654 0.04258291 0.00450789
v -0.03802053 0.04331983 0.00446847
v -0.02626321 0.04241696 0.00434140
v -0.03800073 0.04322339 0.00440577
v -0.02056678 0.04303166 0.00460596
v -0.02063031 0.04312631 0.00537287
v -0.01934390 0.04461051 0.00567132
v -0.01882841 0.03072175 0.00826916
v -0.03819149 0.03708363 0.00176119
v -0.03819149 0.04311358 0.00430958
v -0.03835841 0.03713269 0.00165912
v -0.03845742 0.04384497 0.00471579
v -0.03835841 0.03136555 -0.00139262
v -0.03319241 0.04447150 0.01113056
v -0.03830336 0.04336912 0.00569497
v -0.02626252 0.03600190 -0.02284544
v -0.03802054 0.03675273 -0.02336291
v -0.02627585 0.03607592 -0.02306855
v -0.03803627 0.03679901 -0.02385585
v -0.02628619 0.03607146 -0.02333613
v -0.03803841 0.03669870 -0.02408557
v -0.02629086 0.03596419 -0.02360328
v -0.03803626 0.03652784 -0.02426889
v -0.02628689 0.03576173 -0.02380796
v -0.03803007 0.03630572 -0.02438554
v -0.02627654 0.03551802 -0.02391853
v -0.02055323 0.03637159 -0.02311566
v -0.02068773 0.03635928 -0.02387055
v -0.01956009 0.03711516 -0.02410899
v -0.01685893 0.01785948 -0.02057142
v -0.03835563 0.03694180 -0.02353718
v -0.03817100 0.03630386 -0.02286326
v -0.03849453 0.02826322 -0.01219352
v -0.02656300 0.00452552 -0.02978877
v -0.02573398 0.01378926 -0.03882572
v -0.02702629 0.00434088 -0.03073306
v -0.03801700 0.00396265 -0.03029872
v -0.02702237 0.00432157 -0.03045980
v -0.03801761 0.00402111 -0.03004354
v -0.02702096 0.00438094 -0.03018095
v -0.03801700 0.00414416 -0.02981190
v -0.03075999 0.01201805 -0.06179060
v -0.01678845 -0.00056412 -0.02394274
v -0.03846743 0.01280888 -0.02687517
v -0.05531259 0.01302063 -0.02611103
v -0.03798319 -0.01638882 -0.03991742
v -0.02626252 -0.01624670 -0.03942202
v -0.03802054 -0.01662593 -0.04025130
v -0.02627585 -0.01645356 -0.03953366
v -0.03803627 -0.01710334 -0.04038248
v -0.02628619 -0.01671786 -0.03957573
v -0.03803841 -0.01734699 -0.04032357
v -0.02629086 -0.01699958 -0.03951648
v -0.03803626 -0.01755719 -0.04018714
v -0.02628689 -0.01723630 -0.03935264
v -0.03803007 -0.01771065 -0.03998866
v -0.02627654 -0.01738751 -0.03913183
v -0.03802053 -0.01779010 -0.03975031
v -0.02055323 -0.01644862 -0.03983302
v -0.02068771 -0.01719418 -0.03995197
v -0.02017592 -0.03148464 -0.05692955
v -0.01982860 -0.01789418 -0.03974433
v -0.03839489 -0.01506632 -0.02521737
v -0.03080750 -0.01379050 -0.02700536
v -0.03824257 -0.01741387 -0.03382572
v -0.03822530 -0.01758975 -0.04536099
v -0.03815102 -0.01684135 -0.04039409
v -0.03798319 -0.03821273 -0.02004396
v -0.02626252 -0.03778568 -0.01975584
v -0.03802054 -0.03860924 -0.02014735
v -0.02627585 -0.03801591 -0.01970839
v -0.03803627 -0.03905928 -0.01994095
v -0.02628619 -0.03824541 -0.01957073
v -0.03803841 -0.03920806 -0.01973922
v -0.02629086 -0.03842314 -0.01934426
v -0.03803626 -0.03928139 -0.01949959
v -0.02628689 -0.03849916 -0.01906659
v -0.03803007 -0.03927136 -0.01924891
v -0.02627654 -0.03847306 -0.01880025
v -0.03802053 -0.03917901 -0.01901525
v -0.02055323 -0.03820455 -0.01994089
v -0.02068772 -0.03885214 -0.01955278
v -0.01881972 -0.02874104 -0.00632085
v -0.02704836 -0.02632884 -0.01809270
v -0.03795773 -0.02521974 -0.01825881
v -0.02661270 -0.02534262 -0.01800610
v -0.03801524 -0.02491959 -0.01813171
v -0.03869037 -0.03296436 -0.01098276
v -0.03854745 -0.02825377 -0.00963721
v -0.03842099 -0.03881966 -0.02035717
v -0.03835839 -0.03832268 -0.02027636
v -0.03815102 -0.03886603 -0.02011826
v -0.03835815 -0.03189810 -0.01908121
v -0.03819837 -0.03191299 -0.01897216
v -0.03819837 -0.02541083 -0.01833915
v -0.03797168 -0.02971623 0.00271459
v -0.04581410 -0.03704703 0.02097326
v -0.02702629 -0.02996390 0.00291248
v -0.03801700 -0.03000711 0.00234461
v -0.02702237 -0.03014753 0.00270920
v -0.03801761 -0.03023093 0.00220785
v -0.02702096 -0.03038972 0.00255877
v -0.03801700 -0.03048213 0.00213416
v -0.02702237 -0.03066450 0.00248275
v -0.02651248 -0.02985281 0.00301256
v -0.02481648 -0.02942898 0.00148987
v -0.01873645 -0.03828439 0.00565632
v -0.03797168 -0.02101905 0.02118072
v -0.02604638 -0.01396218 0.02665938
v -0.03850784 -0.01358268 0.02731734
v -0.02702237 -0.01447881 0.02714478
v -0.03801761 -0.01405410 0.02685640
v -0.02702096 -0.01443923 0.02686245
v -0.03801700 -0.01409051 0.02659664
v -0.02393058 -0.03616493 0.05250512
v -0.02702629 -0.02108157 0.02149151
v -0.03801700 -0.02147969 0.02108427
v -0.02702237 -0.02135291 0.02145383
v -0.02038541 -0.02592369 0.03356552
v -0.01887977 -0.02250050 0.01217523
v -0.02651248 -0.02093214 0.02149677
v -0.04274318 -0.01659411 0.02419188
v -0.03887873 -0.02262070 0.01934958
v -0.03839453 0.00669533 0.02955893
v -0.01758473 0.01006509 0.02446031
v -0.02245530 -0.00234436 0.02942473
v -0.03855192 0.00210915 0.04691128
v -0.03884049 0.03113383 0.03399933
v -0.03797167 0.01720902 0.02437772
v -0.03798319 0.02905298 0.03190479
v -0.02626252 0.02875003 0.03148788
v -0.03802054 0.02939002 0.03213745
v -0.02627585 0.02898260 0.03152204
v -0.03803627 0.02988351 0.03209743
v -0.02628619 0.02924535 0.03147117
v -0.03803841 0.03009231 0.03195874
v -0.02629086 0.02948981 0.03131915
v -0.03803626 0.03024318 0.03175865
v -0.02628689 0.02965622 0.03108422
v -0.03803007 0.03031949 0.03151966
v -0.02627654 0.02972279 0.03082501
v -0.03802053 0.03031263 0.03126850
v -0.02626321 0.02970268 0.03059081
v -0.02055323 0.02908034 0.03180503
v -0.02056678 0.03000351 0.03118859
v -0.02061816 0.02970670 0.03173426
v -0.01929955 0.03565509 0.03652340
v -0.03844060 0.02463702 0.01827268
v -0.02511974 0.04236866 0.04446945
v -0.03795773 0.01745392 0.02578333
v -0.02661270 0.01765582 0.02558788
v -0.03801524 0.01721534 0.02556124
v -0.02702629 0.01750423 0.02449326
v -0.03801700 0.01703404 0.02481461
v -0.02702237 0.01742000 0.02475393
v -0.03801761 0.01702752 0.02507683
v -0.02702096 0.01741082 0.02503888
v -0.03801700 0.01708930 0.02533122
v -0.02702237 0.01748237 0.02531486
v -0.02651248 0.01753536 0.02434701
v -0.02440562 0.01549582 0.02449807
v -0.01982918 0.02579633 0.02975575
v -0.03814012 0.03028945 0.03113985
v -0.03855407 0.03411809 0.03421532
v -0.03815101 0.02964127 0.03219795
v -0.03828592 0.03042356 0.03166335
v -0.01719751 0.06246447 0.00709019
v -0.01862818 0.06569774 0.00935771
v -0.01847534 0.06544045 0.00967024
v -0.01864484 0.06565594 0.00932522
v -0.01863953 0.06567845 0.00934412
v -0.01883474 0.06614628 0.00865139
v -0.01882392 0.06617030 0.00866061
v -0.01842181 0.06510011 0.00976354
v -0.01883498 0.06650779 0.00831976
v -0.01526115 -0.02303356 0.00008330
v -0.01533833 -0.02379518 0.00027945
v -0.01650635 -0.02801166 -0.00286607
v -0.01590118 -0.02590037 -0.00129103
v -0.01597647 -0.02590019 -0.00129090
v -0.01650188 -0.02812725 -0.00297896
v -0.01652814 -0.02818904 -0.00347194
v -0.01656746 -0.02805751 -0.00363059
v -0.01534906 -0.02357707 0.00038476
v -0.01544639 -0.02378342 0.00027814
v -0.01548207 -0.02376092 0.00026141
v -0.01550251 -0.02373313 0.00023185
v -0.01597834 -0.02545119 -0.00109803
v -0.01654402 -0.02800114 -0.00286778
v -0.01657922 -0.02798042 -0.00288398
v -0.01660037 -0.02795415 -0.00291223
v -0.01663609 -0.02816544 -0.00310728
v -0.01664343 -0.02807944 -0.00317065
v -0.01664901 -0.02808789 -0.00331106
v -0.01638884 -0.02802244 -0.00286417
v -0.01635361 -0.02804345 -0.00284752
v -0.01633310 -0.02806929 -0.00281960
v -0.01524369 -0.02385729 0.00032740
v -0.01526383 -0.02382967 0.00029788
v -0.01529918 -0.02380720 0.00028096
v -0.01517708 -0.02332334 0.00040875
v -0.01514954 -0.02350201 0.00046013
v -0.01498212 -0.02295613 -0.00005490
v -0.01500483 -0.02297985 -0.00005845
v -0.01635361 -0.02793688 -0.00375156
v -0.01638990 -0.02791995 -0.00373016
v -0.01498715 -0.02273761 -0.00222984
v -0.01498589 -0.02268912 -0.00264113
v -0.01500483 -0.02236353 -0.00528673
v -0.01512860 -0.01993366 -0.00743881
v -0.01526437 -0.02310683 -0.00583036
v -0.01556298 -0.02433831 -0.00529520
v -0.01559891 -0.02434025 -0.00526996
v -0.01523444 -0.02304204 -0.00586762
v -0.01511228 -0.02257595 -0.00580598
v -0.01603950 -0.02567284 -0.00149878
v -0.01603343 -0.02564529 -0.00155479
v -0.01584988 -0.02568908 -0.00142945
v -0.01593228 -0.02559529 -0.00159137
v -0.01566684 -0.02473682 -0.00126627
v -0.01568722 -0.02436134 -0.00507905
v -0.01478947 0.02044434 0.00905606
v -0.01472227 0.01999270 0.00964644
v -0.01421041 0.01858949 0.00994556
v -0.01457925 0.01948068 0.00993439
v -0.01331386 0.01741200 0.00859245
v -0.01357609 0.01939322 -0.00481865
v -0.01489475 0.02034349 0.00901138
v -0.01480803 0.01995612 0.00953662
v -0.01485362 0.02023974 0.00921685
v -0.01486351 0.02188129 -0.00403383
v -0.01486351 0.02224661 0.00038845
v -0.01489475 0.02209700 0.00260484
v -0.01486351 0.02209700 0.00260484
v -0.01489475 0.02172712 0.00479528
v -0.01486351 0.02172712 0.00479528
v -0.01226062 0.01471851 0.01300545
v -0.01484370 0.02177247 -0.00440528
v -0.01433852 0.02047829 -0.00528579
v -0.01702238 0.02655291 -0.00534086
v -0.01476547 0.02168397 -0.00458357
v -0.01481109 0.02190053 -0.00403738
v -0.01478216 0.02167332 -0.00457963
v -0.01482587 0.02189054 -0.00403554
v -0.01484614 0.02188316 -0.00403418
v -0.01468283 0.02139603 -0.00491334
v -0.01482587 0.02035209 0.00901519
v -0.01478209 0.02001400 0.00949415
v -0.01416004 0.01846732 0.00984342
v -0.01428082 0.01873448 0.00994552
v -0.01440711 0.01900417 0.00994905
v -0.01441645 0.01900024 0.00993318
v -0.01462018 0.01954884 0.00982395
v -0.01461080 0.01955781 0.00983929
v -0.01475160 0.02003562 0.00951030
v -0.01474223 0.02004945 0.00952283
v -0.01479709 0.02037587 0.00902573
v -0.01478773 0.02039320 0.00903340
v -0.01460600 0.01956599 0.00985631
v -0.01440155 0.01900653 0.00996636
v -0.01434113 0.01886624 0.00996129
v -0.01466595 0.01952513 0.00980010
v -0.01479978 0.02000779 0.00949145
v -0.01481109 0.02036138 0.00901931
v -0.01476540 0.02002344 0.00950046
v -0.01463346 0.01953991 0.00981180
v -0.01464926 0.01953182 0.00980380
v -0.01442897 0.01899500 0.00992011
v -0.01458893 0.01925270 0.00989924
v -0.01403044 0.01823626 0.00977051
v -0.01478392 0.02040923 0.00904050
v -0.01473800 0.02006349 0.00953670
v -0.01479709 0.02228202 0.00038906
v -0.01478392 0.02179734 0.00481077
v -0.01479709 0.02176170 0.00480291
v -0.01482587 0.02225601 0.00038861
v -0.01482587 0.02173631 0.00479730
v -0.01491217 0.02034173 0.00901061
v -0.01493252 0.02171787 0.00479323
v -0.01493252 0.02033482 0.00900755
v -0.01494732 0.02032548 0.00900340
v -0.01455819 0.02000151 -0.00393948
v -0.01501475 0.02172715 -0.00460658
v -0.01353745 0.01748332 0.00838855
v -0.01486353 0.01997602 0.00951578
v -0.01371243 0.01758345 0.00896894
v -0.01397756 0.01788616 0.00943713
v -0.01425582 0.01833225 0.00975910
v -0.01472468 0.01945233 0.00982303
v -0.01451866 0.01885878 0.00989511
v -0.01351804 0.01747480 0.00839369
v -0.01345618 0.01760962 0.00780039
v -0.01354410 0.01747566 0.00839847
v -0.01374385 0.01759087 0.00895066
v -0.01372330 0.01758411 0.00896340
v -0.01400116 0.01788447 0.00942150
v -0.01398954 0.01788433 0.00943012
v -0.01428211 0.01832505 0.00974248
v -0.01426922 0.01832785 0.00975220
v -0.01454327 0.01886297 0.00988409
v -0.01452898 0.01886866 0.00989356
v -0.01475686 0.01943757 0.00981101
v -0.01474120 0.01944554 0.00981918
v -0.01489788 0.01996023 0.00950666
v -0.01488121 0.01996970 0.00951307
v -0.01345618 0.01857666 0.00508455
v -0.01477434 0.02050221 0.00509399
v -0.01532449 -0.02312809 0.00024983
v -0.01560838 -0.02325954 -0.00302718
v -0.03870132 -0.03077688 0.00128613
v -0.03860717 -0.02981275 -0.03233985
v -0.05138618 0.05429384 0.02241348
v -0.05305235 0.05454730 0.02244336
v -0.05677256 0.06402767 0.02356092
v -0.05571846 0.06533396 0.02371491
v -0.05745031 0.06249493 0.02338024
v -0.05770553 0.06084022 0.02318518
v -0.05752080 0.05917629 0.02298903
v -0.05690874 0.05761654 0.02280516
v -0.05591104 0.05626725 0.02264610
v -0.05459569 0.05522040 0.02252270
v -0.04971072 0.05447730 0.02243510
v -0.04814017 0.05508516 0.02250676
v -0.04678154 0.05607599 0.02262356
v -0.05760555 0.06082642 0.02328424
v -0.05735429 0.06245551 0.02347628
v -0.05668703 0.06396450 0.02365417
v -0.05564925 0.06525057 0.02380577
v -0.05431167 0.06622607 0.02392077
v -0.05276544 0.06682450 0.02399131
v -0.05111593 0.06700511 0.02401260
v -0.04947556 0.06675559 0.02398319
v -0.04795612 0.06609292 0.02390507
v -0.04666115 0.06506227 0.02378358
v -0.04567890 0.06373388 0.02362698
v -0.04581297 0.05742205 0.02288293
v -0.04514571 0.05893104 0.02306081
v -0.04489445 0.06056013 0.02325285
v -0.04507631 0.06219829 0.02344596
v -0.05138407 0.05438143 0.02252449
v -0.04973456 0.05456204 0.02254578
v -0.04818833 0.05516048 0.02261633
v -0.04685075 0.05613597 0.02273132
v -0.05742369 0.05918825 0.02309113
v -0.05682110 0.05765266 0.02291011
v -0.05583885 0.05632427 0.02275352
v -0.05454388 0.05529363 0.02263202
v -0.05302444 0.05463096 0.02255391
v -0.05201948 0.06321803 0.02242402
v -0.05568385 0.06528798 0.02379669
v -0.05672980 0.06399180 0.02364389
v -0.05570918 0.06531850 0.02376343
v -0.05676110 0.06401492 0.02360976
v -0.05743745 0.06248537 0.02342946
v -0.05769213 0.06083409 0.02323480
v -0.05750779 0.05917361 0.02303906
v -0.05689700 0.05761709 0.02285557
v -0.05590137 0.05627061 0.02269685
v -0.05458875 0.05522592 0.02257370
v -0.05304861 0.05455422 0.02249452
v -0.05138589 0.05430130 0.02246470
v -0.04971392 0.05448436 0.02248628
v -0.04814662 0.05509096 0.02255779
v -0.04679082 0.05607974 0.02267435
v -0.05740230 0.06247094 0.02346461
v -0.05765554 0.06082904 0.02327106
v -0.05747225 0.05917798 0.02307643
v -0.05686492 0.05763031 0.02289399
v -0.05587494 0.05629148 0.02273616
v -0.05456979 0.05525273 0.02261372
v -0.05303839 0.05458485 0.02253498
v -0.05138512 0.05433335 0.02250534
v -0.04972264 0.05451538 0.02252679
v -0.04816425 0.05511853 0.02259789
v -0.04681615 0.05610170 0.02271379
v -0.04756099 -0.01130275 0.05525075
v -0.05571846 -0.06220032 0.03101684
v -0.05570918 -0.06217942 0.03106328
v -0.05663241 -0.06110018 0.03080862
v -0.05568385 -0.06214530 0.03109284
v -0.05660183 -0.06107219 0.03083962
v -0.05564925 -0.06210709 0.03109759
v -0.05656007 -0.06104236 0.03084635
v -0.05720462 -0.05980705 0.03055486
v -0.05725145 -0.05982717 0.03054585
v -0.05755058 -0.05846314 0.03023775
v -0.05760013 -0.05847268 0.03022624
v -0.05758060 -0.05707798 0.02991090
v -0.05763039 -0.05707663 0.02989682
v -0.05729318 -0.05572106 0.02959072
v -0.05734071 -0.05570904 0.02957411
v -0.05670273 -0.05446040 0.02929325
v -0.05674561 -0.05443846 0.02927431
v -0.05583885 -0.05335923 0.02903341
v -0.05587494 -0.05332863 0.02901242
v -0.05474487 -0.05247276 0.02882423
v -0.05477236 -0.05243519 0.02880161
v -0.05347565 -0.05184544 0.02867621
v -0.05349315 -0.05180293 0.02865241
v -0.05209482 -0.05150872 0.02859676
v -0.05210147 -0.05146357 0.02857234
v -0.05067163 -0.05147951 0.02858986
v -0.05066708 -0.05143412 0.02856539
v -0.04927744 -0.05175924 0.02865587
v -0.04926192 -0.05171606 0.02863192
v -0.04798216 -0.05233391 0.02879147
v -0.04795646 -0.05229525 0.02876858
v -0.04685075 -0.05317470 0.02898987
v -0.04681615 -0.05314265 0.02896854
v -0.05728574 -0.05984805 0.03051316
v -0.05763641 -0.05848582 0.03019173
v -0.05766684 -0.05708180 0.02986043
v -0.05737551 -0.05570639 0.02953588
v -0.05677701 -0.05442856 0.02923436
v -0.05590137 -0.05331238 0.02897098
v -0.05479249 -0.05241383 0.02875896
v -0.05350597 -0.05177797 0.02860892
v -0.05210633 -0.05143667 0.02852838
v -0.05066375 -0.05140705 0.02852139
v -0.04925057 -0.05169060 0.02858830
v -0.04793764 -0.05227310 0.02872575
v -0.04679082 -0.05312534 0.02892685
v -0.05664360 -0.06111883 0.03076165
v -0.05729829 -0.05986410 0.03046558
v -0.05764969 -0.05849903 0.03014347
v -0.05768018 -0.05709209 0.02981148
v -0.05738824 -0.05571382 0.02948626
v -0.05678850 -0.05443333 0.02918411
v -0.05591104 -0.05331484 0.02892019
v -0.05479985 -0.05241442 0.02870772
v -0.05351066 -0.05177724 0.02855737
v -0.05210811 -0.05143523 0.02847667
v -0.05066253 -0.05140555 0.02846966
v -0.04924641 -0.05168969 0.02853671
v -0.04793076 -0.05227340 0.02867445
v -0.04678154 -0.05312741 0.02887596
v -0.04489445 -0.05751042 0.03001294
v -0.04507631 -0.05911583 0.03039176
v -0.04567890 -0.06062073 0.03074686
v -0.04666115 -0.06192256 0.03105405
v -0.04514571 -0.05591389 0.02963622
v -0.04581297 -0.05443506 0.02928727
v -0.05431167 -0.06306309 0.03132317
v -0.05276544 -0.06364957 0.03146156
v -0.04795612 -0.06293260 0.03129238
v -0.04947556 -0.06358203 0.03144562
v -0.05111593 -0.06382657 0.03150332
v -0.06272109 -0.01265208 -0.01912776
v -0.06254569 -0.02108986 0.00319001
v -0.06361116 0.01950487 0.00101417
v -0.06210525 0.01918203 -0.01127440
v -0.06187666 0.01920184 -0.01125039
v -0.06353072 0.01929209 0.00204357
v -0.06206930 0.02211400 0.00192515
v -0.06212496 0.02218161 0.00167107
v -0.06270849 0.02049724 0.00302338
v -0.06206975 0.02156693 -0.00211516
v -0.06210525 0.02165530 -0.00510987
v -0.06210525 0.02205690 -0.00292503
v -0.06210525 0.02103783 -0.00724377
v -0.05547942 0.02643150 -0.00661620
v -0.06220291 0.02209200 -0.00292968
v -0.06220291 0.02223403 0.00151245
v -0.06209969 0.02376190 0.00539108
v -0.06221053 0.01927712 -0.01133029
v -0.06221608 0.02110582 -0.00726718
v -0.06221608 0.01924402 -0.01131084
v -0.06220291 0.02107131 -0.00725530
v -0.06217413 0.02206622 -0.00292627
v -0.06217413 0.02104673 -0.00724683
v -0.06221227 0.01922890 -0.01130195
v -0.06220291 0.01921256 -0.01129235
v -0.06218892 0.01919890 -0.01128432
v -0.06217413 0.01919014 -0.01127917
v -0.06213649 0.02205690 -0.00292503
v -0.06213649 0.02219870 0.00151005
v -0.06215386 0.02220060 0.00151018
v -0.06217413 0.02220808 0.00151069
v -0.06218892 0.02221823 0.00151138
v -0.06214880 0.01895756 -0.01158729
v -0.06213649 0.02103783 -0.00724377
v -0.06213649 0.02165530 -0.00510987
v -0.06259289 0.01774445 -0.01205308
v -0.06261897 0.01768531 -0.01205443
v -0.06237983 0.01829984 -0.01199096
v -0.06238920 0.01830699 -0.01200723
v -0.06224841 0.01881924 -0.01173492
v -0.06225777 0.01883154 -0.01174894
v -0.06278959 0.01733288 -0.01200228
v -0.06239400 0.01831318 -0.01202506
v -0.06259844 0.01774481 -0.01207055
v -0.06223460 0.01880826 -0.01172376
v -0.06226612 0.01842640 -0.01194349
v -0.06226201 0.01884390 -0.01176433
v -0.06227773 0.01876106 -0.01186527
v -0.06242074 0.01821954 -0.01209291
v -0.06343913 0.01971713 0.00261564
v -0.06280319 0.02069738 0.00290968
v -0.06222773 0.02179721 0.00246301
v -0.06220016 0.02204763 0.00207559
v -0.06284807 0.02074282 0.00296658
v -0.06312782 0.02019452 0.00284183
v -0.06284180 0.02071668 0.00293360
v -0.06311700 0.02019225 0.00283125
v -0.06283014 0.02071088 0.00292237
v -0.06281694 0.02070429 0.00291433
v -0.06364047 0.01938875 0.00213902
v -0.06339242 0.01973447 0.00255953
v -0.06340972 0.01973498 0.00257218
v -0.06224834 0.02208023 0.00208379
v -0.06223453 0.02206542 0.00207872
v -0.06221784 0.02205439 0.00207601
v -0.06233411 0.02169932 0.00253121
v -0.06254198 0.02122392 0.00281633
v -0.06235079 0.02170686 0.00253240
v -0.06255727 0.02123172 0.00281914
v -0.06236660 0.02171721 0.00253715
v -0.06257182 0.02124061 0.00282583
v -0.06237988 0.02172976 0.00254551
v -0.06258433 0.02124999 0.00283632
v -0.06366008 0.01938405 0.00214969
v -0.06262569 0.01843785 -0.00865152
v -0.06368358 0.01618366 -0.01124803
v -0.06131278 -0.02362244 0.00782634
v -0.06143701 -0.02357490 0.00803845
v -0.06140109 -0.02357970 0.00801360
v -0.06120322 -0.02359048 0.00796295
v -0.06128802 -0.02358135 0.00800540
v -0.06124654 -0.02358351 0.00799623
v -0.06175869 -0.02167581 0.00823525
v -0.06118815 -0.02438644 0.00570404
v -0.06173563 -0.02229038 0.00842956
v -0.06176642 -0.02219622 0.00845606
v -0.06175793 -0.02231867 0.00850645
v -0.06237692 -0.01998952 0.00916636
v -0.06175622 -0.02230641 0.00846697
v -0.06057277 -0.02730260 0.00688733
v -0.06061010 -0.02731176 0.00689243
v -0.06095839 -0.02544031 0.00744686
v -0.06066680 -0.02734074 0.00695036
v -0.06064551 -0.02732568 0.00691471
v -0.06057898 -0.02810139 0.00824960
v -0.06057187 -0.02770834 0.00653793
v -0.06173956 -0.02352352 0.00233216
v -0.06174876 -0.02277400 0.00277769
v -0.06175793 -0.02376709 0.00236813
v -0.06175631 -0.02373876 0.00239769
v -0.06173617 -0.02370794 0.00242387
v -0.06181942 -0.02352798 0.00227217
v -0.06178130 -0.02356289 0.00231884
v -0.06170082 -0.02368370 0.00243812
v -0.06166166 -0.02367158 0.00243825
v -0.06067026 -0.02759179 0.00597636
v -0.06066690 -0.02756405 0.00600486
v -0.06064639 -0.02753519 0.00602966
v -0.06109883 -0.02558376 0.00423874
v -0.06061116 -0.02751242 0.00604380
v -0.06052393 -0.02762834 0.00620207
v -0.06045598 -0.02749084 0.00604495
v -0.06031856 -0.02767684 0.00650265
v -0.06045575 -0.02729323 0.00688204
v -0.06046749 -0.02761370 0.00668303
v -0.06049365 -0.02750149 0.00604445
v -0.06127957 -0.02326298 0.00810838
v -0.06144765 -0.02402805 0.00353036
v -0.06102353 -0.02558360 0.00423859
v -0.06155361 -0.02365975 0.00243820
v -0.06181359 -0.02201578 0.00844815
v -0.06161387 -0.02353454 0.00234170
v -0.05926225 0.06063483 -0.01274880
v -0.05924576 0.06052490 -0.01267887
v -0.05922932 0.06056797 -0.01280801
v -0.05693234 0.05966655 -0.01977885
v -0.04554011 0.07114696 -0.01181109
v -0.05872256 0.06456390 -0.01286604
v -0.05837182 0.06420039 -0.01679498
v -0.05819348 0.06476937 -0.01616522
v -0.05838862 0.06421668 -0.01680673
v -0.05821516 0.06478444 -0.01617019
v -0.05848517 0.06403780 -0.01698314
v -0.05956500 0.06102601 -0.01732719
v -0.05925835 0.05993499 -0.01570226
v -0.05811679 0.06486673 -0.01570284
v -0.05816185 0.06470361 -0.01613099
v -0.05835516 0.06416256 -0.01675794
v -0.05836047 0.06418277 -0.01677928
v -0.05816526 0.06472660 -0.01614447
v -0.05817608 0.06474941 -0.01615638
v -0.05850634 0.06375063 -0.01704926
v -0.05923862 0.06173826 -0.01223087
v -0.05887063 0.06386802 -0.01246370
v -0.05837473 0.06486535 -0.01363520
v -0.05867498 0.06429013 -0.01285493
v -0.05821545 0.06517919 -0.01449482
v -0.05840879 0.06497137 -0.01367379
v -0.05819377 0.06516349 -0.01449254
v -0.05838845 0.06495628 -0.01367391
v -0.05817637 0.06514169 -0.01449153
v -0.05837165 0.06493644 -0.01367713
v -0.05816555 0.06511597 -0.01449199
v -0.05836030 0.06491366 -0.01368330
v -0.05816214 0.06508937 -0.01449379
v -0.05888300 0.06388060 -0.01245031
v -0.05864285 0.06451877 -0.01297360
v -0.05866189 0.06453201 -0.01297040
v -0.05816636 0.06522934 -0.01552533
v -0.05814087 0.06511883 -0.01536155
v -0.05811855 0.06510321 -0.01535787
v -0.05810088 0.06508131 -0.01535273
v -0.05809030 0.06505542 -0.01534665
v -0.05808762 0.06502879 -0.01534041
v -0.05961487 0.05918610 -0.01649458
v -0.05871841 0.06448835 -0.01808267
v -0.05575595 0.06395875 -0.00776979
v -0.05969764 0.05927620 -0.01650293
v -0.05921717 0.05984169 -0.01568461
v -0.05923280 0.05995562 -0.01563202
v -0.05922931 0.05990455 -0.01561916
v -0.05967754 0.05924146 -0.01646491
v -0.05966548 0.05923285 -0.01645493
v -0.05963913 0.05922196 -0.01644140
v -0.05963307 0.05922048 -0.01643936
v -0.05968817 0.05925299 -0.01647785
v -0.05952064 0.06216706 -0.01193950
v -0.05921377 0.06426982 -0.01261089
v -0.05915407 0.06378153 -0.01227044
v -0.05874619 0.06426400 -0.01681155
v -0.05854649 0.06481298 -0.01616757
v -0.05842904 0.06520647 -0.01494713
v -0.05895057 0.06339284 -0.01735051
v -0.05853051 0.06481968 -0.01614801
v -0.05889968 0.06406087 -0.01704354
v -0.05872461 0.06425419 -0.01680958
v -0.05848182 0.06487086 -0.01605166
v -0.05876503 0.06524290 -0.01386517
v -0.05975233 0.06022857 -0.01631573
v -0.05963173 0.05979416 -0.01575926
v -0.05972286 0.05984139 -0.01579444
v -0.05970750 0.05982178 -0.01578043
v -0.05970026 0.05981565 -0.01577599
v -0.05966729 0.05979909 -0.01576363
v -0.05972611 0.05986796 -0.01577084
v -0.05967716 0.05988670 -0.01571540
v -0.03549482 0.02416308 -0.01865783
v -0.05610181 0.01974264 -0.01772978
v -0.03717741 -0.00432983 -0.03066948
v -0.05057407 -0.00083051 -0.04057007
v -0.05004527 -0.00337526 -0.06372444
v -0.03843238 0.00373605 -0.03090366
v -0.03849692 -0.02467100 -0.01838834
v -0.03822570 -0.03358004 -0.03544329
v -0.03862050 -0.03045484 -0.03148529
v -0.03932319 -0.03007037 -0.03100522
v -0.03897946 -0.03031264 -0.03126873
v -0.03896373 -0.03024302 -0.03175892
v -0.03896159 -0.03009203 -0.03195900
v -0.03896374 -0.02988323 -0.03209757
v -0.03896993 -0.02964008 -0.03215938
v -0.03897947 -0.02938979 -0.03213743
v -0.03851258 -0.02849157 -0.03180199
v -0.05104176 -0.02345542 -0.01810109
v -0.05513904 -0.04455467 -0.04504413
v -0.05734554 -0.03055634 -0.03146150
v -0.05643322 -0.02932861 -0.03182407
v -0.05638460 -0.02993785 -0.03151282
v -0.05644677 -0.02999943 -0.03093963
v -0.05073678 -0.02874999 -0.03148784
v -0.05072346 -0.02898257 -0.03152200
v -0.05071311 -0.02924531 -0.03147114
v -0.05070914 -0.02948981 -0.03131915
v -0.05071381 -0.02965626 -0.03108426
v -0.05072416 -0.02972282 -0.03082505
v -0.05073748 -0.02970271 -0.03059084
v -0.05751672 -0.02757224 0.00327667
v -0.03717329 -0.02909545 -0.00065623
v -0.03938790 -0.05461363 -0.00708231
v -0.03874240 -0.04363130 -0.00465908
v -0.03883662 -0.04266911 -0.00425352
v -0.03897946 -0.04331997 -0.00446865
v -0.03896373 -0.04358173 -0.00488890
v -0.03858630 -0.04356139 -0.00571225
v -0.03896159 -0.04359469 -0.00513923
v -0.03896374 -0.04352381 -0.00537960
v -0.03896993 -0.04337727 -0.00558324
v -0.03897947 -0.04317143 -0.00572731
v -0.03870577 -0.04195516 -0.00601539
v -0.06193067 -0.02322053 -0.00114095
v -0.05765104 -0.04398087 -0.00262106
v -0.06080393 -0.02291432 -0.00952614
v -0.05757332 -0.04067614 -0.00344665
v -0.05643322 -0.04292314 -0.00552658
v -0.05638459 -0.04318977 -0.00489654
v -0.05644677 -0.04286850 -0.00441787
v -0.05073678 -0.04226377 -0.00564095
v -0.05072346 -0.04246389 -0.00551762
v -0.05071311 -0.04263246 -0.00530976
v -0.05070914 -0.04272207 -0.00503617
v -0.05071381 -0.04269859 -0.00474925
v -0.05072416 -0.04258297 -0.00450789
v -0.05073748 -0.04241702 -0.00434141
v -0.04651851 -0.06129470 0.03134782
v -0.04209688 -0.00501101 0.03181505
v -0.03954070 -0.00235149 0.03073082
v -0.03876637 -0.01219184 0.04212981
v -0.03898169 -0.01188619 0.04185133
v -0.03897946 -0.01192319 0.04188588
v -0.03896373 -0.01238252 0.04207068
v -0.03896159 -0.01263129 0.04203997
v -0.03896374 -0.01285570 0.04192842
v -0.03896993 -0.01303080 0.04174875
v -0.03897947 -0.01313694 0.04152102
v -0.03870103 -0.01307987 0.04190723
v -0.03899926 -0.01315609 0.04140759
v -0.04004169 -0.01335864 0.02825739
v -0.03863677 -0.01524364 0.02983029
v -0.05765163 -0.00983758 0.04192575
v -0.05737644 -0.01309869 0.04170344
v -0.05422291 -0.01886946 0.06202662
v -0.05698278 -0.01251244 0.04173108
v -0.05558879 -0.01278213 0.04123683
v -0.05642751 -0.01212371 0.04162319
v -0.05644677 -0.01179479 0.04145008
v -0.05073678 -0.01289428 0.04064215
v -0.05072346 -0.01280757 0.04086064
v -0.05071311 -0.01263215 0.04106275
v -0.05070914 -0.01237827 0.04119850
v -0.05071381 -0.01209163 0.04122520
v -0.05072416 -0.01183386 0.04115324
v -0.05073748 -0.01164109 0.04101872
v -0.03848703 0.01779219 0.03953215
v -0.03856761 0.00752734 0.02875602
v -0.03865574 0.00730651 0.02978447
v -0.03898299 0.00739490 0.02964845
v -0.03898239 0.00742385 0.02938827
v -0.03898300 0.00751966 0.02914410
v -0.03898478 0.00767595 0.02893304
v -0.06232760 -0.01339018 0.01570672
v -0.05116901 0.02617669 0.05459536
v -0.06229168 0.01581187 0.01668353
v -0.05024861 0.00791373 0.03022261
v -0.05148259 0.00681436 0.02883123
v -0.04997904 0.00779702 0.02948370
v -0.04997763 0.00790311 0.02921907
v -0.04997763 0.00776986 0.02976751
v -0.04997371 0.00782024 0.03003678
v -0.05023774 0.00818142 0.02889510
v -0.03865591 0.00773876 0.02878421
v -0.03799357 0.03994060 0.01858563
v -0.03860829 0.03903560 0.02023099
v -0.03880851 0.03834935 0.02016632
v -0.02157187 0.02447952 0.01364966
v -0.03880851 0.03191338 0.01896927
v -0.03875431 0.02860790 0.01863987
v -0.05469917 0.02446692 0.00809652
v -0.05868274 0.04612753 0.02330883
v -0.04153114 0.02943028 0.01204566
v -0.04085111 0.03800591 0.01986153
v -0.03851167 0.02749184 -0.00987474
v -0.03834564 0.04119622 -0.01290863
v -0.03873132 0.03026570 -0.00209723
v -0.03874240 0.04259351 -0.01054468
v -0.03883662 0.04155056 -0.01059670
v -0.03897946 0.04223583 -0.01061715
v -0.03896373 0.04262554 -0.01031176
v -0.03870258 0.04283710 -0.00963266
v -0.03896159 0.04272333 -0.01008096
v -0.03896374 0.04273893 -0.00983085
v -0.03896993 0.04267088 -0.00958937
v -0.03897947 0.04252673 -0.00938359
v -0.03852698 0.04210710 -0.00904763
v -0.05946657 0.05980682 -0.01253619
v -0.05743659 0.04453488 -0.00955507
v -0.03832017 0.04533432 -0.00859069
v -0.05581196 0.04232130 -0.00979976
v -0.05644677 0.04179422 -0.01051045
v -0.05073678 0.04164427 -0.00915430
v -0.05072346 0.04179014 -0.00933864
v -0.05071311 0.04187746 -0.00959162
v -0.05070914 0.04186808 -0.00987935
v -0.05071381 0.04174789 -0.01014094
v -0.05072416 0.04155669 -0.01032820
v -0.05073748 0.04134380 -0.01042788
v -0.06088190 -0.02544019 0.00744690
v -0.03863078 -0.01746106 0.05564372
v -0.05571846 0.06905756 -0.00787253
v -0.05677256 0.06775127 -0.00802652
v -0.05745031 0.06621853 -0.00820721
v -0.05770553 0.06456382 -0.00840227
v -0.05752080 0.06289989 -0.00859842
v -0.05690874 0.06134013 -0.00878228
v -0.05591104 0.05999085 -0.00894134
v -0.05459569 0.05894399 -0.00906475
v -0.05305235 0.05827090 -0.00914409
v -0.05138618 0.05801744 -0.00917397
v -0.04678154 0.05979959 -0.00896389
v -0.04814017 0.05880875 -0.00908069
v -0.04971072 0.05820090 -0.00915234
v -0.05570918 0.06905381 -0.00792332
v -0.05676110 0.06775023 -0.00807699
v -0.05568385 0.06903186 -0.00796277
v -0.05672980 0.06773568 -0.00811556
v -0.05564925 0.06899758 -0.00798030
v -0.05668703 0.06771152 -0.00813190
v -0.05735429 0.06620252 -0.00830979
v -0.05740230 0.06621481 -0.00829485
v -0.05760555 0.06457343 -0.00850183
v -0.05765554 0.06457291 -0.00848840
v -0.05742369 0.06293527 -0.00869494
v -0.05747225 0.06292186 -0.00868303
v -0.05682110 0.06139967 -0.00887596
v -0.05686492 0.06137419 -0.00886547
v -0.05583885 0.06007129 -0.00903255
v -0.05587494 0.06003535 -0.00902329
v -0.05454388 0.05904064 -0.00915405
v -0.05456979 0.05899660 -0.00914575
v -0.05302444 0.05837797 -0.00923216
v -0.05303839 0.05832872 -0.00922448
v -0.05138407 0.05812844 -0.00926158
v -0.05138512 0.05807723 -0.00925412
v -0.04973456 0.05830905 -0.00924029
v -0.04972264 0.05825926 -0.00923267
v -0.04818833 0.05890749 -0.00916974
v -0.04816425 0.05886241 -0.00916156
v -0.04685075 0.05988299 -0.00905475
v -0.04681615 0.05984557 -0.00904567
v -0.05743745 0.06622067 -0.00825730
v -0.05769213 0.06456939 -0.00845196
v -0.05750779 0.06290892 -0.00864770
v -0.05689700 0.06135239 -0.00883118
v -0.05590137 0.06000591 -0.00898991
v -0.05458875 0.05896123 -0.00911306
v -0.05304861 0.05828953 -0.00919224
v -0.05138589 0.05803660 -0.00922206
v -0.04971392 0.05821967 -0.00920048
v -0.04814662 0.05882627 -0.00912897
v -0.04679082 0.05981505 -0.00901241
v -0.04489445 0.06430714 -0.00853322
v -0.04507631 0.06594530 -0.00834011
v -0.04567890 0.06748090 -0.00815909
v -0.04666115 0.06880929 -0.00800249
v -0.04514571 0.06267805 -0.00872526
v -0.04581297 0.06116906 -0.00890314
v -0.04795612 0.06983993 -0.00788100
v -0.04947556 0.07050260 -0.00780288
v -0.05111593 0.07075213 -0.00777347
v -0.05431167 0.06997307 -0.00786530
v -0.05276544 0.07057152 -0.00779476
v -0.02495366 -0.07209029 -0.01573642
v -0.01939445 0.01236811 -0.06394559
v -0.01957631 0.01246239 -0.06229879
v -0.02017890 0.01255078 -0.06075509
v -0.02116115 0.01262724 -0.05941969
v -0.01964571 0.01227434 -0.06558328
v -0.02031297 0.01218749 -0.06710024
v -0.02135075 0.01211347 -0.06839309
v -0.02268833 0.01205732 -0.06937374
v -0.02423456 0.01202287 -0.06997534
v -0.03132110 0.01220076 -0.06686841
v -0.03192369 0.01228915 -0.06532470
v -0.03210555 0.01238343 -0.06367789
v -0.02245612 0.01268656 -0.05838360
v -0.02397556 0.01272470 -0.05771744
v -0.02588407 0.01201248 -0.07015690
v -0.02752444 0.01202684 -0.06990606
v -0.02904388 0.01206498 -0.06923989
v -0.03033885 0.01212430 -0.06820380
v -0.03185429 0.01247720 -0.06204021
v -0.03118703 0.01256405 -0.06052325
v -0.03014925 0.01263807 -0.05923040
v -0.02881167 0.01269422 -0.05824975
v -0.02726544 0.01272866 -0.05764815
v -0.02561593 0.01273906 -0.05746659
v -0.02128155 0.01200951 -0.06845944
v -0.02129082 0.01205997 -0.06845265
v -0.02023890 0.01213500 -0.06714218
v -0.02131615 0.01209803 -0.06842836
v -0.02027020 0.01217263 -0.06712534
v -0.01959770 0.01226017 -0.06559645
v -0.01934446 0.01235467 -0.06394588
v -0.01952775 0.01244970 -0.06228612
v -0.02013508 0.01253878 -0.06073027
v -0.02112506 0.01261584 -0.05938438
v -0.02243021 0.01267563 -0.05834014
v -0.02396161 0.01271407 -0.05766874
v -0.02561488 0.01272854 -0.05741592
v -0.02727736 0.01271807 -0.05759891
v -0.02883575 0.01268335 -0.05820524
v -0.03018385 0.01262676 -0.05919360
v -0.01956255 0.01222304 -0.06560456
v -0.01930787 0.01231808 -0.06394456
v -0.01949221 0.01241366 -0.06227532
v -0.02010300 0.01250324 -0.06071058
v -0.02109863 0.01258074 -0.05935699
v -0.02241125 0.01264087 -0.05830680
v -0.02395139 0.01267953 -0.05763155
v -0.02561411 0.01269409 -0.05737729
v -0.02728608 0.01268355 -0.05756132
v -0.02885338 0.01264864 -0.05817112
v -0.03020918 0.01259173 -0.05916513
v -0.02022744 0.01208469 -0.06714625
v -0.01954969 0.01217291 -0.06560543
v -0.01929448 0.01226815 -0.06394199
v -0.01947919 0.01236392 -0.06226927
v -0.02009126 0.01245369 -0.06070128
v -0.02108896 0.01253136 -0.05934488
v -0.02240431 0.01259161 -0.05829250
v -0.02394765 0.01263035 -0.05761585
v -0.02561382 0.01264494 -0.05736106
v -0.02728928 0.01263438 -0.05754548
v -0.02885983 0.01259939 -0.05815655
v -0.03021846 0.01254236 -0.05915261
v -0.03613304 0.05795740 0.00743440
v -0.05564925 0.00412224 -0.06933512
v -0.05707046 0.00353731 -0.06738827
v -0.05567573 0.00413748 -0.06935938
v -0.05710549 0.00354902 -0.06740081
v -0.05569819 0.00416498 -0.06937557
v -0.05713520 0.00357354 -0.06740706
v -0.05571319 0.00420055 -0.06938122
v -0.05715505 0.00360712 -0.06740608
v -0.05760555 0.00284039 -0.06506874
v -0.05764381 0.00284791 -0.06506733
v -0.05767624 0.00286887 -0.06506174
v -0.05769791 0.00290008 -0.06505284
v -0.05583885 0.00153594 -0.06072715
v -0.05380603 0.00112700 -0.05936606
v -0.05586648 0.00153561 -0.06069960
v -0.05382141 0.00112420 -0.05933031
v -0.05588989 0.00154991 -0.06067186
v -0.05383446 0.00113642 -0.05929562
v -0.05590554 0.00157667 -0.06064816
v -0.05384317 0.00116178 -0.05926728
v -0.05138407 0.00097303 -0.05885360
v -0.05138487 0.00096931 -0.05881476
v -0.05138556 0.00098073 -0.05877746
v -0.05138602 0.00100557 -0.05874737
v -0.05725915 0.00218708 -0.06267978
v -0.05723895 0.00215827 -0.06269665
v -0.05720872 0.00214090 -0.06271417
v -0.05717307 0.00213761 -0.06272967
v -0.04890815 0.00113182 -0.05916758
v -0.04891602 0.00110656 -0.05919626
v -0.04892780 0.00109450 -0.05923145
v -0.04894170 0.00109747 -0.05926779
v -0.04685075 0.00148139 -0.06054557
v -0.04682427 0.00148073 -0.06051693
v -0.04680181 0.00149475 -0.06048826
v -0.04678681 0.00152132 -0.06046394
v -0.04542955 0.00206633 -0.06249242
v -0.04489445 0.00276324 -0.06481194
v -0.04532693 0.00346602 -0.06715102
v -0.04666115 0.00406769 -0.06915353
v -0.04869397 0.00447664 -0.07051463
v -0.05111593 0.00463061 -0.07102709
v -0.05355830 0.00450616 -0.07061290
v -0.04541659 0.02867590 -0.04492771
v -0.06213349 -0.03567318 0.06172108
v -0.04235510 -0.03933255 0.06085049
v -0.05384317 -0.02136232 0.05529568
v -0.05769791 -0.02497456 0.06013779
v -0.05717307 -0.02346351 0.05821550
v -0.05583885 -0.02221322 0.05653954
v -0.05720872 -0.02346130 0.05819982
v -0.05586648 -0.02220349 0.05651376
v -0.05723895 -0.02347163 0.05817741
v -0.05588989 -0.02220744 0.05648280
v -0.05725915 -0.02349293 0.05815170
v -0.05590554 -0.02222447 0.05645138
v -0.05564925 -0.02758765 0.06374381
v -0.05707046 -0.02637212 0.06211443
v -0.05567573 -0.02761027 0.06376140
v -0.05710549 -0.02638743 0.06212221
v -0.05569819 -0.02764165 0.06376720
v -0.05713520 -0.02641260 0.06211970
v -0.05571319 -0.02767701 0.06376035
v -0.05715505 -0.02644381 0.06210729
v -0.05760555 -0.02492392 0.06017314
v -0.05764381 -0.02493050 0.06016924
v -0.05767624 -0.02494829 0.06015683
v -0.05383446 -0.02134818 0.05533098
v -0.05382141 -0.02134857 0.05536775
v -0.05380603 -0.02136342 0.05540039
v -0.05138602 -0.02103771 0.05486055
v -0.05138556 -0.02102466 0.05489732
v -0.05138487 -0.02102668 0.05493628
v -0.05138407 -0.02104346 0.05497150
v -0.04894170 -0.02130206 0.05531814
v -0.04892780 -0.02128684 0.05528501
v -0.04891602 -0.02128614 0.05524782
v -0.04890815 -0.02130007 0.05521223
v -0.04685075 -0.02209985 0.05638756
v -0.04682427 -0.02208944 0.05636087
v -0.04680181 -0.02209281 0.05632914
v -0.04678681 -0.02210946 0.05629719
v -0.04542955 -0.02331538 0.05801694
v -0.04489445 -0.02476359 0.05995822
v -0.04532693 -0.02622399 0.06191587
v -0.04666115 -0.02747428 0.06359184
v -0.04869397 -0.02832409 0.06473098
v -0.05111593 -0.02864404 0.06515987
v -0.05355830 -0.02838544 0.06481323
v -0.05564925 -0.05317342 -0.04468712
v -0.05568385 -0.05321169 -0.04469138
v -0.05660183 -0.05222687 -0.04419557
v -0.05570918 -0.05325175 -0.04467057
v -0.05663241 -0.05226131 -0.04417193
v -0.05571846 -0.05328287 -0.04463026
v -0.05664360 -0.05229037 -0.04413058
v -0.05729829 -0.05113888 -0.04355086
v -0.05728574 -0.05111220 -0.04359341
v -0.05764969 -0.04988613 -0.04292016
v -0.05763641 -0.04986206 -0.04296402
v -0.05768018 -0.04859496 -0.04227011
v -0.05766684 -0.04857356 -0.04231532
v -0.05738824 -0.04733009 -0.04163331
v -0.05737551 -0.04731132 -0.04167984
v -0.05678850 -0.04615496 -0.04104169
v -0.05677701 -0.04613863 -0.04108945
v -0.05591104 -0.04512850 -0.04052491
v -0.05590137 -0.04511429 -0.04057374
v -0.05479985 -0.04430217 -0.04010889
v -0.05479249 -0.04428968 -0.04015858
v -0.05351066 -0.04371741 -0.03981449
v -0.05350597 -0.04370613 -0.03986479
v -0.05210811 -0.04340354 -0.03965648
v -0.05210633 -0.04339292 -0.03970711
v -0.05066253 -0.04337630 -0.03964276
v -0.05066375 -0.04336574 -0.03969342
v -0.04924641 -0.04363706 -0.03977404
v -0.04925057 -0.04362595 -0.03982443
v -0.04793076 -0.04417274 -0.04004373
v -0.04793764 -0.04416052 -0.04009356
v -0.04678154 -0.04495649 -0.04043831
v -0.04679082 -0.04494264 -0.04048732
v -0.05725145 -0.05108429 -0.04362034
v -0.05760013 -0.04984125 -0.04299452
v -0.05763039 -0.04856007 -0.04234951
v -0.05734071 -0.04730500 -0.04171764
v -0.05674561 -0.04613898 -0.04113060
v -0.05587494 -0.04512046 -0.04061782
v -0.05477236 -0.04430053 -0.04020503
v -0.05349315 -0.04372030 -0.03991291
v -0.05210147 -0.04340886 -0.03975611
v -0.05066708 -0.04338184 -0.03974250
v -0.04926192 -0.04364058 -0.03987277
v -0.04795646 -0.04417210 -0.04014037
v -0.04681615 -0.04494978 -0.04053189
v -0.05656007 -0.05219629 -0.04419518
v -0.05720462 -0.05106263 -0.04362443
v -0.05755058 -0.04982929 -0.04300350
v -0.05758060 -0.04855811 -0.04236352
v -0.05729318 -0.04731284 -0.04173658
v -0.05670273 -0.04615591 -0.04115412
v -0.05583885 -0.04514534 -0.04064535
v -0.05474487 -0.04433181 -0.04023577
v -0.05347565 -0.04375611 -0.03994593
v -0.05209482 -0.04344710 -0.03979036
v -0.05067163 -0.04342028 -0.03977687
v -0.04927744 -0.04367700 -0.03990611
v -0.04798216 -0.04420439 -0.04017162
v -0.04685075 -0.04497599 -0.04056009
v -0.05431167 -0.05405076 -0.04512881
v -0.05276544 -0.05458898 -0.04539979
v -0.05111593 -0.05475142 -0.04548156
v -0.04947556 -0.05452700 -0.04536858
v -0.04795612 -0.05393101 -0.04506853
v -0.04666115 -0.05300407 -0.04460186
v -0.04567890 -0.05180936 -0.04400037
v -0.04507631 -0.05042828 -0.04330506
v -0.04489445 -0.04895496 -0.04256332
v -0.04514571 -0.04748980 -0.04182568
v -0.04581297 -0.04613265 -0.04114241
v -0.05829346 0.02228490 -0.06505079
v -0.04591790 0.01002564 -0.04985158
v -0.01725500 -0.04046695 -0.05986791
v -0.02135075 -0.03468278 -0.06017854
v -0.01992955 -0.03328923 -0.05869853
v -0.02132427 -0.03470726 -0.06019343
v -0.01989451 -0.03330532 -0.05870452
v -0.02130182 -0.03473910 -0.06019562
v -0.01986480 -0.03333004 -0.05869916
v -0.02128681 -0.03477344 -0.06018477
v -0.01984495 -0.03335964 -0.05868326
v -0.01939445 -0.03162892 -0.05693524
v -0.01935619 -0.03163501 -0.05693061
v -0.01932376 -0.03165126 -0.05691624
v -0.01930208 -0.03167519 -0.05689433
v -0.02116115 -0.02852122 -0.05363475
v -0.02319397 -0.02754695 -0.05260004
v -0.02113353 -0.02850860 -0.05361025
v -0.02317859 -0.02752847 -0.05256932
v -0.02111011 -0.02850899 -0.05357905
v -0.02316554 -0.02752389 -0.05253283
v -0.02109446 -0.02852233 -0.05354588
v -0.02315683 -0.02753390 -0.05249614
v -0.02561593 -0.02718013 -0.05221047
v -0.02561513 -0.02715944 -0.05217740
v -0.02561444 -0.02715299 -0.05213892
v -0.02561398 -0.02716175 -0.05210090
v -0.01974085 -0.02997656 -0.05509032
v -0.01976105 -0.02995834 -0.05511830
v -0.01979128 -0.02995063 -0.05514173
v -0.01982693 -0.02995461 -0.05515707
v -0.02809185 -0.02746253 -0.05242035
v -0.02808398 -0.02745276 -0.05245729
v -0.02807220 -0.02745770 -0.05249416
v -0.02805830 -0.02747660 -0.05252534
v -0.03014925 -0.02839124 -0.05349671
v -0.03017573 -0.02837784 -0.05347139
v -0.03019819 -0.02837757 -0.05343947
v -0.03021319 -0.02839047 -0.05340584
v -0.03157045 -0.02978479 -0.05497671
v -0.03210555 -0.03144510 -0.05674002
v -0.03167307 -0.03311941 -0.05851818
v -0.03033885 -0.03455281 -0.06004050
v -0.02830603 -0.03552708 -0.06107520
v -0.02588407 -0.03589389 -0.06146478
v -0.02344170 -0.03559742 -0.06114991
v -0.05564925 0.03468278 0.06017854
v -0.05567573 0.03470726 0.06019343
v -0.05710549 0.03330532 0.05870452
v -0.05569819 0.03473910 0.06019562
v -0.05713520 0.03333004 0.05869916
v -0.05571319 0.03477344 0.06018477
v -0.05715505 0.03335964 0.05868326
v -0.05725915 0.02997656 0.05509032
v -0.05769791 0.03167519 0.05689433
v -0.04890815 0.02746253 0.05242035
v -0.05138602 0.02716175 0.05210090
v -0.05590554 0.02852233 0.05354588
v -0.05384317 0.02753390 0.05249614
v -0.04678681 0.02839047 0.05340584
v -0.05767624 0.03165126 0.05691624
v -0.05723895 0.02995834 0.05511830
v -0.05588989 0.02850899 0.05357905
v -0.05383446 0.02752389 0.05253283
v -0.05138556 0.02715299 0.05213892
v -0.04891602 0.02745276 0.05245729
v -0.04680181 0.02837757 0.05343947
v -0.05764381 0.03163501 0.05693061
v -0.05720872 0.02995063 0.05514173
v -0.05586648 0.02850860 0.05361025
v -0.05382141 0.02752847 0.05256932
v -0.05138487 0.02715944 0.05217740
v -0.04892780 0.02745770 0.05249416
v -0.04682427 0.02837784 0.05347139
v -0.05707046 0.03328923 0.05869853
v -0.05760555 0.03162892 0.05693524
v -0.05717307 0.02995461 0.05515707
v -0.05583885 0.02852122 0.05363475
v -0.05380603 0.02754695 0.05260004
v -0.05138407 0.02718013 0.05221047
v -0.04894170 0.02747660 0.05252534
v -0.04685075 0.02839124 0.05349671
v -0.05111593 0.03589389 0.06146478
v -0.05355830 0.03559742 0.06114991
v -0.04869397 0.03552708 0.06107520
v -0.04666115 0.03455281 0.06004050
v -0.04532693 0.03311941 0.05851818
v -0.04489445 0.03144510 0.05674002
v -0.04542955 0.02978479 0.05497671
v -0.03600709 0.03228121 -0.05025510
v -0.05135688 -0.06062631 0.01429095
v -0.02465300 -0.00361863 -0.06197644
v -0.04366727 0.05020243 -0.03450916
v -0.06408653 0.05829499 -0.03511635
v -0.03127256 0.01246718 -0.06046580
v -0.03195031 0.01237896 -0.06200663
v -0.03220553 0.01228372 -0.06367008
v -0.03202080 0.01218795 -0.06534279
v -0.03140874 0.01209817 -0.06691077
v -0.03041104 0.01202051 -0.06826717
v -0.02909570 0.01196026 -0.06931956
v -0.02755235 0.01192152 -0.06999621
v -0.02588618 0.01190693 -0.07025100
v -0.02421072 0.01191749 -0.07006658
v -0.02264017 0.01195247 -0.06945551
v -0.04572744 -0.05440759 0.02917804
v -0.04504969 -0.05590969 0.02953248
v -0.04479447 -0.05753133 0.02991513
v -0.04497920 -0.05916199 0.03029991
v -0.04559126 -0.06069057 0.03066059
v -0.04658896 -0.06201288 0.03097261
v -0.04790431 -0.06303881 0.03121469
v -0.04944765 -0.06369846 0.03137035
v -0.05111382 -0.06394684 0.03142896
v -0.05435983 -0.06317135 0.03124597
v -0.05278928 -0.06376706 0.03138654
v -0.04539451 0.02977979 0.05496029
v -0.04536480 0.02978663 0.05493593
v -0.04534495 0.02980427 0.05490735
v -0.04524085 0.03318735 0.05850029
v -0.04480208 0.03148871 0.05669628
v -0.05359185 0.03570137 0.06117027
v -0.05111399 0.03600216 0.06148971
v -0.04659446 0.03464158 0.06004472
v -0.04865683 0.03563001 0.06109447
v -0.04482376 0.03146540 0.05671886
v -0.04526105 0.03315833 0.05851680
v -0.04661011 0.03460767 0.06005605
v -0.04866554 0.03559278 0.06110226
v -0.05111444 0.03596368 0.06149617
v -0.05358398 0.03566391 0.06117780
v -0.04485619 0.03145009 0.05673421
v -0.04529128 0.03313448 0.05852308
v -0.04663352 0.03457650 0.06005456
v -0.04867859 0.03555664 0.06109549
v -0.05111513 0.03592566 0.06148742
v -0.05357220 0.03562740 0.06117065
v -0.02834317 -0.03563001 -0.06109447
v -0.03219792 -0.03148871 -0.05669628
v -0.03170872 -0.03313448 -0.05852308
v -0.03036648 -0.03457650 -0.06005456
v -0.03173895 -0.03315833 -0.05851680
v -0.03038990 -0.03460767 -0.06005605
v -0.03175915 -0.03318735 -0.05850029
v -0.03040554 -0.03464158 -0.06004472
v -0.03160549 -0.02977979 -0.05496029
v -0.03163520 -0.02978663 -0.05493593
v -0.03165505 -0.02980427 -0.05490735
v -0.03214381 -0.03145009 -0.05673421
v -0.03217624 -0.03146540 -0.05671886
v -0.02833446 -0.03559278 -0.06110226
v -0.02832141 -0.03555664 -0.06109549
v -0.02588602 -0.03600216 -0.06148971
v -0.02588556 -0.03596368 -0.06149617
v -0.02588488 -0.03592566 -0.06148742
v -0.02342780 -0.03562740 -0.06117065
v -0.02341602 -0.03566391 -0.06117780
v -0.02340815 -0.03570137 -0.06117027
v -0.02223769 -0.03286087 -0.03921828
v -0.02914492 -0.05033691 -0.05037815
v -0.04262792 0.01534288 -0.07162578
v -0.04572744 -0.04613134 -0.04102979
v -0.04504969 -0.04750984 -0.04172381
v -0.04479447 -0.04899805 -0.04247305
v -0.04497920 -0.05049454 -0.04322647
v -0.04559126 -0.05189735 -0.04393271
v -0.04658896 -0.05311085 -0.04454366
v -0.04790431 -0.05405237 -0.04501767
v -0.04944765 -0.05465773 -0.04532244
v -0.05435983 -0.05417400 -0.04507890
v -0.05278928 -0.05472070 -0.04535414
v -0.05111382 -0.05488569 -0.04543721
v -0.04577020 -0.04611553 -0.04111880
v -0.04573890 -0.04611505 -0.04107758
v -0.04506255 -0.04749069 -0.04177015
v -0.04480787 -0.04897581 -0.04251784
v -0.04499221 -0.05046920 -0.04326969
v -0.04560300 -0.05186910 -0.04397447
v -0.04659863 -0.05308009 -0.04458415
v -0.04791125 -0.05401965 -0.04505717
v -0.04945139 -0.05462376 -0.04536131
v -0.05111410 -0.05485124 -0.04547584
v -0.05278608 -0.05468659 -0.04539295
v -0.05435338 -0.05414103 -0.04511828
v -0.04509770 -0.04748336 -0.04180744
v -0.04484446 -0.04896004 -0.04255087
v -0.04502776 -0.05044495 -0.04329846
v -0.04563508 -0.05183689 -0.04399924
v -0.04662506 -0.05304101 -0.04460545
v -0.04793021 -0.05397523 -0.04507579
v -0.04946161 -0.05457591 -0.04537820
v -0.05111488 -0.05480209 -0.04549208
v -0.05277736 -0.05463838 -0.04540965
v -0.05433575 -0.05409592 -0.04513655
v -0.04539451 -0.02331228 0.05800006
v -0.04536480 -0.02332185 0.05797664
v -0.04534495 -0.02334265 0.05795025
v -0.04485619 -0.02476920 0.05995303
v -0.04482376 -0.02478617 0.05993951
v -0.04480208 -0.02481190 0.05991975
v -0.04663352 -0.02749621 0.06360851
v -0.04867859 -0.02835114 0.06475452
v -0.04661011 -0.02752702 0.06361354
v -0.04866554 -0.02838627 0.06476536
v -0.04659446 -0.02756199 0.06360617
v -0.04865683 -0.02842415 0.06476187
v -0.05111513 -0.02867302 0.06518599
v -0.05111444 -0.02870979 0.06519902
v -0.05111399 -0.02874876 0.06519700
v -0.04524085 -0.02629354 0.06190585
v -0.04526105 -0.02626283 0.06191893
v -0.04529128 -0.02623841 0.06192245
v -0.05359185 -0.02848639 0.06484532
v -0.05358398 -0.02844831 0.06484852
v -0.05357220 -0.02841286 0.06483725
v -0.05994157 -0.03314257 0.06403135
v -0.04865683 0.00456010 -0.07057788
v -0.04480208 0.00282180 -0.06479232
v -0.04529128 0.00347731 -0.06716213
v -0.04663352 0.00408260 -0.06917671
v -0.04526105 0.00350146 -0.06716719
v -0.04661011 0.00410982 -0.06919198
v -0.04524085 0.00353480 -0.06716538
v -0.04659446 0.00414521 -0.06919700
v -0.04539451 0.00206919 -0.06247550
v -0.04536480 0.00208620 -0.06245676
v -0.04534495 0.00211476 -0.06243908
v -0.04485619 0.00277030 -0.06480899
v -0.04482376 0.00279086 -0.06480210
v -0.04866554 0.00452332 -0.07056820
v -0.04867859 0.00449401 -0.07054599
v -0.05111399 0.00471631 -0.07109779
v -0.05111444 0.00467900 -0.07108637
v -0.05111513 0.00464891 -0.07106154
v -0.05357220 0.00452371 -0.07064486
v -0.05358398 0.00455317 -0.07066757
v -0.05359185 0.00459005 -0.07067759
v -0.02564942 0.05675793 0.02805368
v -0.02232704 0.00352415 0.06324683
v -0.03126110 0.01251670 -0.06047560
v -0.03122980 0.01255216 -0.06049662
v -0.03190230 0.01246462 -0.06202551
v -0.03215554 0.01237012 -0.06367608
v -0.03197224 0.01227509 -0.06533584
v -0.03136492 0.01218601 -0.06689169
v -0.03037494 0.01210895 -0.06823758
v -0.02906979 0.01204916 -0.06928182
v -0.02753839 0.01201072 -0.06995322
v -0.02588512 0.01199625 -0.07020605
v -0.02422264 0.01200673 -0.07002305
v -0.02266425 0.01204144 -0.06941672
v -0.03193745 0.01242866 -0.06201322
v -0.03219213 0.01233362 -0.06367321
v -0.03200779 0.01223805 -0.06534246
v -0.03139700 0.01214846 -0.06690719
v -0.03040137 0.01207096 -0.06826078
v -0.02908875 0.01201083 -0.06931099
v -0.02754861 0.01197217 -0.06998622
v -0.02588589 0.01195761 -0.07024049
v -0.02421392 0.01196815 -0.07005645
v -0.02264662 0.01200306 -0.06944665
v -0.04573890 0.06111864 -0.00885874
v -0.04577020 0.06114176 -0.00889287
v -0.04509770 0.06266262 -0.00871359
v -0.04484446 0.06430452 -0.00852004
v -0.04502776 0.06595557 -0.00832541
v -0.04563508 0.06750324 -0.00814296
v -0.04662506 0.06884208 -0.00798514
v -0.04793021 0.06988083 -0.00786269
v -0.04946161 0.07054871 -0.00778396
v -0.05111488 0.07080021 -0.00775431
v -0.05277736 0.07061817 -0.00777577
v -0.05433575 0.07001503 -0.00784687
v -0.04506255 0.06264819 -0.00867843
v -0.04480787 0.06429947 -0.00848377
v -0.04499221 0.06595995 -0.00828804
v -0.04560300 0.06751647 -0.00810455
v -0.04659863 0.06886295 -0.00794582
v -0.04791125 0.06990764 -0.00782267
v -0.04945139 0.07057934 -0.00774349
v -0.05111410 0.07083226 -0.00771368
v -0.05278608 0.07064919 -0.00773526
v -0.05435338 0.07004260 -0.00780676
v -0.04572744 0.06110589 -0.00880990
v -0.04504969 0.06263863 -0.00862921
v -0.04479447 0.06429334 -0.00843415
v -0.04497920 0.06595727 -0.00823800
v -0.04559126 0.06751703 -0.00805414
v -0.04658896 0.06886631 -0.00789508
v -0.04790431 0.06991316 -0.00777168
v -0.04944765 0.07058626 -0.00769233
v -0.05111382 0.07083971 -0.00766245
v -0.05278928 0.07065626 -0.00768408
v -0.05435983 0.07004841 -0.00775573
v -0.05572541 0.05580164 0.00434128
v -0.05972143 0.05925341 -0.01667811
v -0.04573890 -0.05440287 0.02922830
v -0.04577020 -0.05441292 0.02926828
v -0.04509770 -0.05590338 0.02961997
v -0.04484446 -0.05751246 0.02999966
v -0.04502776 -0.05913050 0.03038146
v -0.04563508 -0.06064725 0.03073935
v -0.04662506 -0.06195932 0.03104896
v -0.04793021 -0.06297731 0.03128916
v -0.04946161 -0.06363183 0.03144361
v -0.05111488 -0.06387831 0.03150177
v -0.05277736 -0.06369991 0.03145967
v -0.05433575 -0.06310882 0.03132020
v -0.04506255 -0.05590184 0.02958200
v -0.04480787 -0.05752011 0.02996385
v -0.04499221 -0.05914740 0.03034784
v -0.04560300 -0.06067281 0.03070778
v -0.04659863 -0.06199237 0.03101915
v -0.04791125 -0.06301618 0.03126073
v -0.04945139 -0.06367445 0.03141605
v -0.05111410 -0.06392232 0.03147455
v -0.05278608 -0.06374291 0.03143221
v -0.05435338 -0.06314844 0.03129194
v -0.04623454 -0.03037212 -0.06101921
v -0.04577020 0.05739788 0.02286659
v -0.04573890 0.05738333 0.02282802
v -0.04572744 0.05738229 0.02277755
v -0.04504969 0.05891502 0.02295823
v -0.04506255 0.05891288 0.02300833
v -0.04479447 0.06056974 0.02315329
v -0.04480787 0.06056417 0.02320298
v -0.04497920 0.06223367 0.02334944
v -0.04499221 0.06222465 0.02339872
v -0.04559126 0.06379342 0.02353331
v -0.04560300 0.06378116 0.02358221
v -0.04658896 0.06514271 0.02369237
v -0.04659863 0.06512765 0.02374093
v -0.04790431 0.06618956 0.02381577
v -0.04791125 0.06617233 0.02386408
v -0.04944765 0.06686266 0.02389511
v -0.04945139 0.06684402 0.02394327
v -0.05111382 0.06711611 0.02392499
v -0.05111410 0.06709696 0.02397308
v -0.05278928 0.06693266 0.02390337
v -0.05278608 0.06691389 0.02395150
v -0.05435983 0.06632481 0.02383171
v -0.05435338 0.06630729 0.02387999
v -0.04509770 0.05891875 0.02304587
v -0.04484446 0.06056065 0.02323942
v -0.04502776 0.06221169 0.02343405
v -0.04563508 0.06375937 0.02361649
v -0.04662506 0.06509820 0.02377432
v -0.04793021 0.06613696 0.02389677
v -0.04946161 0.06680483 0.02397550
v -0.05111488 0.06705633 0.02400515
v -0.05277736 0.06687430 0.02398369
v -0.05433575 0.06627115 0.02391259
v -0.01940676 0.00001126 -0.00105819
v -0.06143790 -0.03793809 0.04597808
v -0.03957828 -0.03732008 0.04304031
v -0.01930490 -0.04946492 -0.03053500
v -0.06038014 0.03786815 0.03901205
v -0.04247267 0.04957723 0.04977379
v -0.02565574 -0.05333801 0.03149999
v -0.05711869 0.01752700 0.03971102
v -0.05204546 -0.00038742 -0.00719087
v -0.05175000 0.00599093 -0.00129170
v -0.05217242 -0.00510868 0.00484485
v -0.04991356 -0.00954912 -0.00170693
v -0.01078192 -0.01154357 -0.00781915
v -0.05450000 0.00015899 -0.00249494
v -0.05450000 0.00130023 -0.00213527
v -0.05450000 0.00214361 -0.00128644
v -0.05450000 -0.00101868 -0.00228304
v -0.05450000 -0.00196298 -0.00154813
v -0.05450000 -0.00245758 -0.00045856
v -0.05450000 -0.00177346 0.00176206
v -0.05450000 -0.00238919 0.00073606
v -0.05450000 0.00044271 0.00246049
v -0.05450000 -0.00075145 0.00238439
v -0.05450000 0.00227643 0.00103337
v -0.05450000 0.00153545 0.00197292
v -0.05450000 0.00249591 -0.00014290
v -0.03196990 0.00238942 0.01003301
v -0.00600000 -0.00177346 0.00176206
v -0.00600000 -0.00238919 0.00073606
v -0.00600000 -0.00249591 0.00014290
v -0.00600000 -0.00245758 -0.00045856
v -0.00600000 -0.00196298 -0.00154813
v -0.00600000 -0.00101868 -0.00228304
v -0.00600000 0.00015899 -0.00249494
v -0.00600000 0.00130023 -0.00213527
v -0.00600000 0.00214361 -0.00128644
v -0.00600000 0.00249591 -0.00014290
v -0.00600000 0.00227643 0.00103337
v -0.00600000 0.00153545 0.00197292
v -0.00600000 0.00044271 0.00246049
v -0.00600000 -0.00075145 0.00238439
v -0.00892125 0.01257041 -0.00897184
v -0.01052747 0.00705115 0.01351717
v -0.00584706 -0.01393498 0.00369431
f 13 168 9
f 13 775 168
f 956 11 804
f 956 802 11
f 58 800 795
f 10 1 688
f 4 77 802
f 86 690 693
f 79 89 688
f 7 108 107
f 12 127 132
f 132 127 719
f 12 694 108
f 141 164 167
f 9 1355 13
f 133 132 719
f 154 759 170
f 802 804 11
f 265 15 16
f 16 15 17
f 16 17 18
f 18 17 227
f 17 15 19
f 20 21 22
f 226 23 24
f 24 23 25
f 24 25 265
f 21 20 26
f 21 26 23
f 23 26 27
f 23 27 25
f 227 17 22
f 22 17 19
f 22 19 20
f 31 28 220
f 352 29 30
f 352 30 32
f 32 30 31
f 32 31 220
f 956 56 58
f 52 59 37
f 37 59 38
f 37 38 39
f 39 38 40
f 39 40 41
f 41 40 42
f 41 42 43
f 43 42 44
f 43 44 45
f 45 44 46
f 45 46 47
f 46 48 47
f 47 48 284
f 47 284 49
f 47 49 45
f 45 49 50
f 45 50 43
f 43 50 41
f 41 50 39
f 39 50 37
f 37 50 52
f 284 51 49
f 49 51 50
f 50 51 52
f 284 802 956
f 284 804 800
f 956 5 211
f 211 51 956
f 51 284 956
f 51 58 795
f 1354 956 211
f 795 284 800
f 58 211 956
f 1354 5 956
f 795 52 51
f 284 48 53
f 53 48 54
f 53 54 55
f 55 54 56
f 55 56 804
f 804 56 956
f 284 53 57
f 57 53 55
f 57 55 804
f 57 804 284
f 56 59 58
f 38 59 56
f 38 56 40
f 40 56 42
f 42 56 44
f 44 56 46
f 54 48 56
f 56 48 46
f 800 58 59
f 59 52 800
f 800 52 795
f 60 284 76
f 60 76 61
f 60 61 62
f 61 75 62
f 62 75 63
f 62 63 64
f 64 63 65
f 64 65 66
f 66 65 67
f 66 67 68
f 68 67 69
f 68 69 70
f 70 69 10
f 70 10 74
f 74 72 70
f 70 72 68
f 68 72 66
f 66 72 64
f 64 72 62
f 62 72 71
f 62 71 60
f 60 71 284
f 74 73 72
f 72 73 71
f 71 73 284
f 74 688 1
f 74 1 73
f 1 4 73
f 10 4 1
f 4 802 284
f 688 76 284
f 74 688 284
f 10 75 4
f 76 75 61
f 63 75 10
f 63 10 65
f 65 10 67
f 67 10 69
f 10 688 74
f 77 4 75
f 77 75 76
f 77 76 688
f 79 693 80
f 80 693 81
f 80 81 82
f 82 81 83
f 82 83 84
f 84 83 85
f 84 85 78
f 78 85 88
f 84 78 82
f 82 78 80
f 80 78 79
f 78 87 79
f 79 688 74
f 87 88 79
f 78 88 87
f 74 87 79
f 1206 86 79
f 693 79 86
f 81 693 83
f 83 693 85
f 85 693 88
f 89 79 88
f 7 6 110
f 91 87 90
f 91 90 92
f 91 92 93
f 92 111 93
f 93 111 94
f 93 94 95
f 95 94 96
f 95 96 97
f 97 96 98
f 97 98 99
f 99 98 100
f 99 100 101
f 101 100 102
f 101 102 109
f 109 106 104
f 109 104 101
f 101 104 99
f 99 104 97
f 97 104 95
f 95 104 93
f 93 104 103
f 93 103 91
f 91 103 87
f 104 106 103
f 103 106 87
f 106 109 107
f 107 108 106
f 108 7 105
f 1208 105 7
f 86 87 690
f 108 90 87
f 110 690 105
f 110 105 1208
f 110 1208 7
f 108 87 254
f 107 109 7
f 90 111 92
f 94 111 6
f 94 6 96
f 96 6 98
f 98 6 100
f 100 6 102
f 90 110 111
f 111 110 6
f 6 7 109
f 6 109 102
f 690 110 90
f 108 690 90
f 690 108 107
f 113 254 112
f 113 112 114
f 113 114 115
f 114 136 115
f 115 136 116
f 115 116 117
f 117 116 118
f 117 118 119
f 119 118 120
f 119 120 121
f 121 120 122
f 121 122 123
f 123 122 124
f 123 124 132
f 132 127 126
f 132 126 123
f 123 126 121
f 121 126 119
f 119 126 117
f 117 126 115
f 115 126 125
f 115 125 113
f 113 125 254
f 127 1472 126
f 126 1472 125
f 125 1472 254
f 127 12 892
f 1472 12 108
f 112 254 128
f 128 130 129
f 129 112 128
f 254 133 131
f 254 131 130
f 130 131 129
f 127 133 254
f 254 130 128
f 12 1472 892
f 133 127 132
f 8 134 12
f 112 135 134
f 112 136 114
f 116 136 8
f 116 8 118
f 118 8 120
f 120 8 122
f 122 8 124
f 112 134 136
f 136 134 8
f 8 12 132
f 8 132 124
f 694 12 134
f 694 134 137
f 137 134 135
f 137 135 138
f 138 135 112
f 694 137 139
f 139 137 138
f 139 138 129
f 129 138 112
f 139 129 694
f 694 129 131
f 694 131 133
f 140 149 141
f 164 1475 141
f 141 1475 354
f 354 1475 151
f 141 1475 164
f 164 141 149
f 127 151 719
f 142 149 140
f 142 140 143
f 142 143 144
f 144 143 145
f 144 145 146
f 146 145 147
f 146 147 148
f 148 147 151
f 149 142 144
f 146 150 144
f 146 148 150
f 150 148 151
f 149 144 150
f 150 164 149
f 150 151 35
f 127 36 151
f 719 151 1475
f 354 1475 141
f 719 1475 354
f 151 36 35
f 150 35 164
f 35 34 164
f 354 151 147
f 354 147 145
f 354 145 143
f 354 143 140
f 354 140 141
f 152 165 166
f 759 163 159
f 170 759 159
f 163 759 154
f 163 154 155
f 155 154 156
f 155 156 157
f 157 156 158
f 157 158 153
f 153 158 166
f 157 153 155
f 155 153 163
f 153 164 170
f 163 153 170
f 163 170 159
f 153 166 165
f 159 167 164
f 160 165 152
f 160 152 161
f 160 161 162
f 162 161 167
f 162 167 163
f 165 160 162
f 163 164 162
f 165 162 164
f 165 164 153
f 164 163 159
f 156 154 158
f 158 154 166
f 167 159 163
f 167 161 152
f 167 152 166
f 170 171 9
f 14 13 1355
f 747 169 168
f 168 169 170
f 14 1355 169
f 169 1355 170
f 9 171 1355
f 169 170 281
f 170 169 747
f 171 747 170
f 171 170 1355
f 9 168 170
f 747 171 170
f 173 204 192
f 175 206 174
f 175 174 176
f 175 176 177
f 176 209 177
f 177 209 178
f 177 178 179
f 179 178 180
f 179 180 181
f 181 180 182
f 181 182 183
f 183 182 184
f 183 184 185
f 185 184 186
f 185 186 187
f 186 207 187
f 187 207 795
f 187 795 189
f 187 189 185
f 185 189 190
f 185 190 183
f 183 190 181
f 181 190 179
f 179 190 177
f 177 190 188
f 177 188 175
f 175 188 206
f 795 191 189
f 189 191 190
f 190 191 188
f 188 191 206
f 795 192 208
f 795 208 191
f 208 193 191
f 193 208 172
f 281 33 795
f 281 795 169
f 795 192 204
f 206 169 195
f 206 195 194
f 194 174 206
f 193 172 191
f 197 204 173
f 197 173 198
f 197 198 199
f 199 198 200
f 199 200 201
f 201 200 202
f 201 202 203
f 203 202 196
f 203 196 195
f 195 196 194
f 204 197 199
f 201 205 199
f 201 203 205
f 205 203 195
f 204 199 205
f 204 205 795
f 205 195 169
f 14 169 191
f 14 191 172
f 169 206 191
f 169 795 205
f 795 207 192
f 192 207 208
f 174 209 176
f 178 209 210
f 178 210 180
f 180 210 182
f 182 210 184
f 184 210 186
f 210 172 208
f 174 172 209
f 209 172 210
f 210 208 207
f 210 207 186
f 14 172 174
f 194 14 174
f 14 194 196
f 14 196 202
f 14 202 200
f 14 200 198
f 14 198 173
f 14 173 192
f 212 219 213
f 215 216 217
f 211 216 214
f 214 216 215
f 214 215 212
f 212 215 217
f 212 217 219
f 219 211 213
f 213 211 212
f 212 211 218
f 212 218 214
f 214 218 211
f 219 217 216
f 219 216 211
f 1354 211 5
f 225 222 223
f 223 222 224
f 223 224 221
f 221 224 228
f 228 229 230
f 231 352 230
f 230 352 228
f 245 228 352
f 352 32 220
f 232 352 231
f 224 222 233
f 228 224 229
f 229 224 233
f 229 233 230
f 230 233 234
f 230 234 231
f 231 234 235
f 231 235 232
f 232 235 236
f 234 233 236
f 237 236 238
f 238 236 226
f 23 226 21
f 226 227 21
f 21 227 22
f 235 234 236
f 225 236 233
f 225 233 222
f 36 240 241
f 241 35 36
f 236 225 36
f 36 225 239
f 36 239 240
f 36 226 236
f 34 35 242
f 242 35 241
f 242 241 243
f 243 241 240
f 244 223 245
f 245 223 221
f 225 223 239
f 239 223 244
f 239 244 240
f 240 244 246
f 240 246 243
f 226 36 127
f 34 242 246
f 246 242 243
f 246 244 245
f 245 221 228
f 246 245 34
f 34 245 247
f 247 245 248
f 245 352 220
f 127 249 226
f 226 249 250
f 226 250 18
f 18 227 226
f 220 28 251
f 245 220 251
f 245 251 248
f 253 252 353
f 251 252 248
f 248 252 253
f 248 253 247
f 247 253 254
f 247 254 34
f 255 353 256
f 18 250 16
f 16 250 257
f 16 257 265
f 127 254 258
f 127 258 249
f 249 258 255
f 249 255 250
f 250 255 256
f 250 256 257
f 253 259 254
f 259 258 254
f 353 255 259
f 259 255 258
f 259 253 353
f 262 260 261
f 262 261 263
f 262 263 264
f 31 30 29
f 251 28 29
f 28 31 29
f 257 256 265
f 265 25 27
f 27 26 265
f 265 26 20
f 265 20 15
f 15 20 19
f 265 256 353
f 266 795 33
f 266 33 267
f 267 33 269
f 33 314 268
f 33 268 269
f 314 33 281
f 282 275 327
f 327 275 276
f 327 276 277
f 277 276 278
f 277 278 279
f 279 278 280
f 279 280 272
f 272 280 274
f 270 281 271
f 1469 74 271
f 271 74 283
f 285 284 286
f 285 286 287
f 287 286 288
f 287 288 282
f 282 288 289
f 282 289 275
f 290 283 74
f 282 290 287
f 287 290 285
f 285 290 284
f 290 74 284
f 274 291 292
f 314 293 294
f 294 293 296
f 294 296 295
f 295 296 297
f 295 297 298
f 298 297 299
f 298 299 300
f 300 299 301
f 300 301 302
f 303 269 304
f 304 269 268
f 304 268 305
f 274 307 273
f 273 307 306
f 273 306 313
f 291 308 309
f 291 309 292
f 292 309 310
f 292 310 311
f 311 310 312
f 311 312 313
f 313 312 314
f 274 292 307
f 307 292 311
f 307 311 306
f 306 311 313
f 315 266 316
f 316 266 267
f 316 267 303
f 303 267 269
f 268 314 294
f 268 294 305
f 305 294 295
f 305 295 304
f 304 295 298
f 304 298 303
f 303 298 300
f 303 300 316
f 316 300 302
f 316 302 315
f 270 314 281
f 293 314 312
f 293 312 296
f 296 312 310
f 296 310 297
f 297 310 309
f 297 309 299
f 299 309 308
f 299 308 301
f 795 266 318
f 318 266 315
f 318 315 319
f 284 795 318
f 284 318 317
f 317 318 319
f 317 319 320
f 320 319 321
f 315 302 319
f 319 302 301
f 319 301 321
f 321 301 308
f 321 308 291
f 320 276 275
f 275 289 320
f 320 289 288
f 320 288 317
f 317 288 286
f 317 286 284
f 276 320 278
f 278 320 321
f 278 321 280
f 280 321 291
f 280 291 274
f 272 322 279
f 279 322 323
f 279 323 277
f 322 324 323
f 323 324 325
f 323 325 351
f 277 323 327
f 327 323 351
f 326 271 283
f 282 327 290
f 283 327 326
f 272 274 322
f 322 274 329
f 322 329 324
f 270 330 331
f 332 314 331
f 331 314 270
f 274 273 329
f 329 273 313
f 329 313 333
f 333 313 334
f 334 313 314
f 334 314 332
f 330 270 335
f 335 270 336
f 328 337 338
f 328 338 339
f 339 338 340
f 339 340 341
f 341 340 342
f 341 342 343
f 343 342 344
f 343 344 345
f 345 344 346
f 345 346 347
f 347 346 348
f 347 348 349
f 349 348 325
f 349 325 324
f 324 329 349
f 349 329 333
f 349 333 347
f 347 333 334
f 347 334 345
f 345 334 332
f 345 332 343
f 343 332 331
f 343 331 341
f 341 331 330
f 341 330 339
f 339 330 335
f 339 335 328
f 328 335 336
f 328 336 337
f 337 336 351
f 337 351 338
f 338 351 340
f 340 351 342
f 342 351 344
f 344 351 346
f 346 351 348
f 348 351 325
f 351 271 326
f 271 351 350
f 351 336 350
f 336 270 350
f 350 270 271
f 327 351 326
f 89 781 1469
f 781 783 1469
f 783 89 1469
f 693 691 89
f 695 133 706
f 720 141 3
f 167 166 141
f 747 9 774
f 1000 77 688
f 800 804 11
f 747 168 9
f 690 107 692
f 694 133 695
f 166 154 759
f 107 492 692
f 693 89 88
f 14 192 1474
f 356 357 1411
f 358 359 1411
f 358 1411 360
f 360 1411 361
f 361 1411 362
f 362 1411 363
f 363 1411 364
f 1411 357 365
f 1411 365 364
f 356 1411 366
f 366 1411 367
f 367 1411 368
f 369 393 370
f 370 393 371
f 371 393 372
f 372 393 373
f 373 393 374
f 375 393 376
f 376 393 377
f 377 393 378
f 378 393 379
f 393 380 381
f 393 381 382
f 393 382 383
f 393 383 379
f 374 393 375
f 393 384 385
f 393 385 386
f 393 386 387
f 393 387 380
f 369 388 393
f 393 388 389
f 393 389 390
f 393 390 391
f 393 391 392
f 393 392 384
f 372 394 395
f 394 396 397
f 396 359 358
f 396 358 397
f 397 358 360
f 397 360 398
f 398 360 361
f 398 361 399
f 399 361 362
f 399 362 400
f 400 362 363
f 400 363 401
f 401 363 364
f 401 364 402
f 402 364 365
f 402 365 403
f 403 365 357
f 403 357 404
f 404 357 356
f 404 356 405
f 405 356 366
f 405 366 406
f 406 366 367
f 406 367 407
f 407 367 368
f 407 368 408
f 394 397 395
f 395 397 398
f 395 398 409
f 409 398 399
f 409 399 410
f 410 399 400
f 410 400 411
f 411 400 401
f 411 401 412
f 412 401 402
f 412 402 413
f 413 402 403
f 413 403 414
f 414 403 404
f 414 404 415
f 415 404 405
f 415 405 416
f 416 405 406
f 416 406 417
f 417 406 407
f 417 407 418
f 418 407 408
f 418 408 419
f 372 395 371
f 371 395 409
f 371 409 370
f 370 409 410
f 370 410 369
f 369 410 411
f 369 411 388
f 388 411 412
f 388 412 389
f 389 412 413
f 389 413 390
f 390 413 414
f 390 414 391
f 391 414 415
f 391 415 392
f 392 415 416
f 392 416 384
f 384 416 417
f 384 417 385
f 385 417 418
f 385 418 386
f 386 418 419
f 386 419 387
f 421 422 423
f 422 424 425
f 424 426 427
f 424 427 425
f 425 427 428
f 425 428 429
f 429 428 430
f 429 430 431
f 431 430 432
f 431 432 433
f 433 432 434
f 433 434 435
f 435 434 436
f 435 436 437
f 437 436 438
f 437 438 439
f 439 438 440
f 439 440 441
f 441 440 442
f 441 442 443
f 443 442 444
f 443 444 445
f 445 444 446
f 445 446 447
f 447 446 448
f 447 448 449
f 449 448 450
f 449 450 451
f 451 450 452
f 451 452 453
f 422 425 423
f 423 425 429
f 423 429 454
f 454 429 431
f 454 431 455
f 455 431 433
f 455 433 456
f 456 433 435
f 456 435 457
f 457 435 437
f 457 437 458
f 458 437 439
f 458 439 459
f 459 439 441
f 459 441 460
f 460 441 443
f 460 443 461
f 461 443 445
f 461 445 462
f 462 445 447
f 462 447 463
f 463 447 449
f 463 449 464
f 464 449 451
f 464 451 465
f 465 451 453
f 465 453 466
f 421 423 467
f 467 423 454
f 467 454 468
f 468 454 455
f 468 455 469
f 469 455 456
f 469 456 470
f 470 456 457
f 470 457 471
f 471 457 458
f 471 458 472
f 472 458 459
f 472 459 473
f 473 459 460
f 473 460 474
f 474 460 461
f 474 461 475
f 475 461 462
f 475 462 476
f 476 462 463
f 476 463 477
f 477 463 464
f 477 464 478
f 478 464 465
f 478 465 479
f 479 465 466
f 479 466 480
f 434 745 436
f 436 745 438
f 481 745 482
f 482 745 483
f 483 745 484
f 438 745 440
f 440 745 442
f 442 745 444
f 444 745 446
f 481 485 745
f 745 485 486
f 745 486 452
f 745 452 450
f 745 450 448
f 745 448 446
f 434 432 745
f 745 432 430
f 430 428 745
f 745 428 427
f 745 427 426
f 745 426 487
f 745 487 488
f 484 745 489
f 489 745 490
f 490 745 491
f 491 745 488
f 495 524 496
f 537 566 496
f 496 524 537
f 499 498 543
f 501 500 498
f 498 500 543
f 494 497 500
f 502 501 503
f 503 501 498
f 503 498 499
f 495 496 504
f 504 496 502
f 496 566 501
f 502 496 501
f 506 507 505
f 505 507 508
f 505 509 510
f 510 509 511
f 510 511 512
f 505 510 506
f 506 510 512
f 506 512 513
f 513 512 514
f 511 515 512
f 512 515 516
f 512 516 514
f 514 516 517
f 514 517 518
f 513 519 520
f 520 521 513
f 513 521 522
f 513 522 506
f 506 522 523
f 506 523 507
f 519 513 526
f 526 513 514
f 526 514 525
f 525 514 518
f 525 518 524
f 524 518 537
f 527 528 529
f 527 529 530
f 530 529 531
f 530 531 532
f 532 531 516
f 532 516 515
f 534 540 535
f 535 540 533
f 535 533 528
f 518 517 536
f 518 536 537
f 566 537 567
f 511 509 538
f 538 509 539
f 538 539 534
f 534 539 540
f 533 567 528
f 528 527 535
f 535 527 530
f 535 530 534
f 534 530 532
f 534 532 538
f 538 532 515
f 538 515 511
f 528 567 537
f 528 537 529
f 529 537 536
f 529 536 531
f 531 536 517
f 531 517 516
f 499 543 544
f 783 545 541
f 546 547 548
f 548 547 549
f 548 549 500
f 500 549 550
f 500 550 542
f 551 500 497
f 500 552 548
f 548 552 553
f 548 553 546
f 554 508 507
f 554 507 555
f 555 507 523
f 555 523 556
f 556 523 522
f 556 522 544
f 544 522 521
f 544 521 499
f 499 521 520
f 543 500 557
f 557 500 558
f 557 558 559
f 559 558 560
f 559 560 561
f 561 560 562
f 561 562 563
f 563 562 564
f 563 564 508
f 544 543 557
f 544 557 556
f 556 557 559
f 556 559 555
f 555 559 561
f 555 561 554
f 554 561 563
f 554 563 508
f 508 564 545
f 494 541 565
f 494 565 497
f 497 565 551
f 500 551 552
f 552 551 565
f 552 565 553
f 553 565 541
f 553 541 546
f 546 541 545
f 546 545 547
f 547 545 564
f 547 564 549
f 549 564 562
f 549 562 550
f 550 562 560
f 550 560 542
f 542 560 558
f 542 558 500
f 524 495 525
f 525 495 504
f 525 504 526
f 526 504 502
f 526 502 519
f 519 502 503
f 519 503 520
f 520 503 499
f 508 545 783
f 783 541 494
f 509 505 689
f 509 689 539
f 539 689 540
f 689 567 533
f 689 533 540
f 567 689 89
f 567 89 783
f 567 783 494
f 568 569 608
f 568 608 575
f 570 569 568
f 568 575 571
f 568 571 572
f 572 571 573
f 612 577 580
f 612 580 578
f 612 576 577
f 612 608 576
f 576 608 569
f 581 582 583
f 583 582 570
f 583 570 568
f 586 578 584
f 584 578 580
f 584 580 585
f 580 577 585
f 585 577 576
f 585 576 582
f 582 576 569
f 582 569 570
f 589 574 493
f 493 574 579
f 584 587 586
f 584 585 587
f 587 585 582
f 587 582 581
f 581 606 587
f 590 591 593
f 593 591 592
f 593 592 594
f 594 595 588
f 589 593 594
f 589 594 588
f 590 597 591
f 591 597 598
f 591 598 592
f 592 598 599
f 595 600 588
f 588 600 596
f 602 600 601
f 601 600 595
f 601 595 599
f 599 595 594
f 599 594 592
f 587 599 598
f 598 597 587
f 587 602 601
f 587 601 599
f 604 606 605
f 602 604 603
f 602 603 607
f 610 607 603
f 613 610 611
f 611 610 603
f 611 603 609
f 609 603 604
f 613 611 609
f 609 589 613
f 574 589 575
f 604 602 606
f 606 602 587
f 602 607 600
f 600 607 610
f 600 610 596
f 596 610 613
f 588 613 589
f 596 613 588
f 612 574 608
f 615 660 815
f 615 614 616
f 618 617 657
f 620 621 622
f 622 621 623
f 650 624 623
f 623 624 622
f 622 624 620
f 627 628 633
f 633 628 629
f 630 631 632
f 628 631 629
f 629 631 630
f 629 630 620
f 620 630 632
f 620 632 621
f 674 625 624
f 624 625 620
f 620 625 633
f 620 633 629
f 634 614 668
f 635 636 637
f 650 638 639
f 639 638 640
f 639 640 641
f 641 640 642
f 641 642 643
f 643 642 644
f 643 644 645
f 645 644 646
f 645 646 636
f 635 670 647
f 647 670 619
f 647 619 648
f 648 619 649
f 650 623 651
f 651 623 621
f 651 621 652
f 652 621 632
f 652 632 653
f 653 632 631
f 653 631 654
f 654 631 628
f 654 628 655
f 655 628 627
f 655 627 637
f 636 635 645
f 645 635 647
f 645 647 643
f 643 647 648
f 643 648 641
f 641 648 649
f 641 649 639
f 639 649 619
f 639 619 650
f 668 670 635
f 668 635 637
f 637 636 646
f 637 646 655
f 655 646 644
f 655 644 654
f 654 644 642
f 654 642 653
f 653 642 640
f 653 640 652
f 652 640 638
f 652 638 651
f 651 638 650
f 658 618 679
f 1412 617 656
f 657 617 625
f 625 617 1412
f 679 618 657
f 661 626 662
f 662 626 660
f 663 656 664
f 664 656 665
f 656 666 665
f 1412 656 663
f 1412 663 667
f 1412 667 659
f 614 815 668
f 657 676 672
f 657 672 673
f 657 673 679
f 676 671 672
f 669 679 670
f 671 675 672
f 672 675 678
f 672 678 673
f 676 674 677
f 677 674 678
f 657 625 674
f 668 658 669
f 669 658 679
f 657 674 676
f 671 676 677
f 671 677 675
f 675 677 678
f 668 669 670
f 687 626 625
f 626 687 660
f 660 687 681
f 617 815 660
f 656 617 660
f 686 659 682
f 682 659 667
f 682 667 683
f 683 667 663
f 683 663 684
f 656 681 666
f 666 681 685
f 666 685 665
f 665 685 684
f 665 684 664
f 664 684 663
f 682 683 686
f 684 685 687
f 687 625 680
f 685 681 687
f 687 686 684
f 684 686 683
f 686 687 680
f 1412 659 686
f 686 680 1412
f 1412 680 625
f 658 668 815
f 681 656 660
f 689 1000 89
f 689 89 1000
f 1000 688 689
f 689 688 89
f 492 690 691
f 691 690 692
f 89 691 693
f 89 693 690
f 89 690 492
f 694 705 108
f 694 695 696
f 694 696 705
f 705 696 697
f 697 696 698
f 699 696 355
f 699 355 700
f 700 355 701
f 701 355 702
f 702 355 703
f 696 695 355
f 355 695 704
f 355 704 703
f 107 704 695
f 705 697 733
f 133 733 706
f 107 705 492
f 706 695 1435
f 492 107 695
f 492 695 706
f 708 492 707
f 708 707 709
f 710 709 707
f 710 707 733
f 107 492 711
f 711 492 708
f 711 708 712
f 712 708 709
f 712 709 713
f 713 709 714
f 714 709 715
f 715 709 716
f 716 709 710
f 716 710 717
f 717 710 733
f 733 697 717
f 717 697 698
f 717 698 716
f 698 696 716
f 716 696 699
f 716 699 715
f 715 699 700
f 715 700 714
f 714 700 701
f 714 701 713
f 713 701 702
f 713 702 712
f 712 702 703
f 712 703 711
f 703 704 711
f 711 704 107
f 733 492 705
f 107 108 705
f 695 706 1435
f 354 718 719
f 354 141 720
f 354 720 722
f 718 354 722
f 722 721 723
f 724 721 725
f 724 725 726
f 726 725 727
f 727 725 728
f 728 725 729
f 722 720 721
f 725 721 720
f 725 730 729
f 725 132 730
f 133 730 132
f 133 733 730
f 132 725 720
f 718 731 733
f 718 133 719
f 718 722 734
f 732 3 141
f 718 732 141
f 718 141 587
f 733 720 3
f 132 720 733
f 736 732 734
f 735 733 732
f 735 732 736
f 737 736 734
f 738 733 735
f 738 735 739
f 739 735 736
f 739 736 740
f 740 736 741
f 741 736 742
f 742 736 743
f 743 736 737
f 743 737 744
f 744 737 734
f 734 722 744
f 744 722 723
f 744 723 743
f 723 721 743
f 743 721 724
f 743 724 742
f 742 724 726
f 742 726 741
f 741 726 727
f 741 727 740
f 740 727 728
f 740 728 739
f 739 728 729
f 739 729 738
f 729 730 738
f 738 730 733
f 733 133 132
f 733 133 718
f 141 167 781
f 167 141 781
f 781 586 141
f 141 586 587
f 1470 141 745
f 141 1470 745
f 747 828 748
f 747 748 746
f 749 748 750
f 751 748 756
f 751 756 752
f 752 756 753
f 753 756 754
f 754 756 755
f 756 748 828
f 756 757 755
f 758 759 154
f 758 757 756
f 759 756 828
f 758 756 759
f 781 760 747
f 781 747 746
f 762 828 747
f 762 747 760
f 154 781 758
f 781 154 170
f 758 781 764
f 781 759 828
f 781 828 762
f 781 761 764
f 763 761 760
f 764 761 763
f 763 760 765
f 765 760 766
f 766 760 781
f 766 781 746
f 758 764 767
f 767 764 768
f 768 764 769
f 769 764 763
f 769 763 770
f 770 763 765
f 770 765 771
f 771 765 772
f 772 765 766
f 772 766 773
f 773 766 746
f 746 748 749
f 746 749 773
f 773 749 750
f 773 750 772
f 750 748 772
f 772 748 751
f 772 751 771
f 771 751 752
f 771 752 770
f 770 752 753
f 770 753 769
f 769 753 754
f 769 754 768
f 768 754 755
f 768 755 767
f 755 757 767
f 767 757 758
f 781 166 759
f 781 170 747
f 791 13 14
f 775 13 791
f 776 9 168
f 777 776 168
f 777 168 778
f 778 168 775
f 778 775 779
f 779 775 791
f 779 791 780
f 783 14 774
f 774 1476 783
f 782 774 14
f 782 14 783
f 785 786 787
f 786 785 788
f 788 785 784
f 788 784 789
f 790 785 787
f 9 776 784
f 784 776 789
f 789 776 777
f 789 777 788
f 788 777 778
f 788 778 786
f 786 778 779
f 786 779 787
f 787 779 780
f 787 780 790
f 790 780 791
f 790 783 785
f 784 785 1476
f 784 1476 9
f 747 774 782
f 785 781 1476
f 1476 774 9
f 785 783 781
f 790 791 783
f 783 791 14
f 792 793 801
f 792 1474 793
f 794 801 793
f 799 797 192
f 799 801 796
f 796 801 794
f 796 794 797
f 797 794 793
f 799 796 797
f 192 797 793
f 192 793 1474
f 799 1474 792
f 800 792 798
f 799 792 800
f 505 799 800
f 800 798 783
f 192 800 799
f 800 192 795
f 799 800 783
f 798 792 799
f 799 792 801
f 783 14 1474
f 508 783 798
f 1474 393 799
f 77 1000 803
f 77 803 802
f 802 803 806
f 806 805 807
f 808 805 809
f 808 809 810
f 810 809 811
f 811 809 812
f 812 809 813
f 806 803 805
f 805 803 817
f 809 805 817
f 809 817 814
f 809 814 813
f 804 814 817
f 505 814 804
f 11 804 817
f 505 617 1000
f 1210 618 617
f 802 806 505
f 617 803 1000
f 817 618 658
f 815 816 658
f 505 816 818
f 816 11 817
f 11 816 505
f 816 817 658
f 819 818 816
f 819 816 505
f 505 818 820
f 820 818 821
f 821 818 822
f 822 818 823
f 823 818 824
f 824 818 825
f 825 818 819
f 825 819 826
f 826 819 505
f 505 806 826
f 826 806 807
f 826 807 825
f 807 805 825
f 825 805 808
f 825 808 824
f 824 808 810
f 824 810 823
f 823 810 811
f 823 811 822
f 822 811 812
f 822 812 821
f 821 812 813
f 821 813 820
f 813 814 820
f 820 814 505
f 505 800 11
f 505 804 802
f 618 817 803
f 618 803 617
f 662 660 615
f 662 615 616
f 662 616 661
f 661 616 614
f 668 626 634
f 634 626 661
f 634 661 614
f 637 627 633
f 637 633 625
f 637 625 668
f 668 625 626
f 617 618 1210
f 732 733 3
f 816 617 505
f 1000 689 505
f 590 593 731
f 731 593 493
f 493 593 589
f 731 718 590
f 590 718 597
f 597 718 587
f 718 734 732
f 733 707 706
f 492 691 692
f 706 707 492
f 493 733 731
f 827 572 573
f 571 604 605
f 604 571 575
f 606 827 605
f 605 827 573
f 605 573 571
f 568 572 583
f 583 572 827
f 583 827 581
f 581 827 606
f 500 501 494
f 501 566 494
f 492 733 493
f 493 781 492
f 579 781 493
f 420 828 762
f 828 420 762
f 393 1474 799
f 1411 829 830
f 1411 830 831
f 831 832 1411
f 1411 832 833
f 1411 833 834
f 834 835 1411
f 1411 835 836
f 1411 836 837
f 1411 837 838
f 839 1411 840
f 840 1411 841
f 841 1411 838
f 829 842 843
f 842 844 845
f 844 846 847
f 844 847 845
f 845 847 848
f 845 848 849
f 849 848 850
f 849 850 851
f 851 850 852
f 851 852 853
f 853 852 854
f 853 854 855
f 855 854 856
f 855 856 857
f 857 856 858
f 857 858 859
f 859 858 860
f 859 860 861
f 861 860 862
f 861 862 863
f 863 862 864
f 863 864 865
f 865 864 866
f 865 866 867
f 867 866 868
f 867 868 869
f 842 845 843
f 843 845 849
f 843 849 870
f 870 849 851
f 870 851 871
f 871 851 853
f 871 853 872
f 872 853 855
f 872 855 873
f 873 855 857
f 873 857 874
f 874 857 859
f 874 859 875
f 875 859 861
f 875 861 876
f 876 861 863
f 876 863 877
f 877 863 865
f 877 865 878
f 878 865 867
f 878 867 879
f 879 867 869
f 879 869 880
f 829 843 830
f 830 843 870
f 830 870 831
f 831 870 871
f 831 871 832
f 832 871 872
f 832 872 833
f 833 872 873
f 833 873 834
f 834 873 874
f 834 874 835
f 835 874 875
f 835 875 836
f 836 875 876
f 836 876 837
f 837 876 877
f 837 877 838
f 838 877 878
f 838 878 841
f 841 878 879
f 841 879 840
f 840 879 880
f 840 880 839
f 850 658 852
f 852 658 854
f 854 658 856
f 856 658 858
f 858 658 860
f 881 658 882
f 882 658 883
f 883 658 884
f 881 885 658
f 658 885 886
f 658 886 868
f 658 868 866
f 658 866 864
f 658 864 862
f 658 862 860
f 884 658 887
f 887 658 888
f 888 658 889
f 850 848 658
f 658 848 847
f 658 847 846
f 658 846 890
f 658 890 891
f 658 891 889
f 893 86 894
f 894 86 895
f 895 86 896
f 893 897 86
f 86 897 898
f 86 898 899
f 86 899 900
f 86 900 901
f 86 902 903
f 86 903 904
f 896 86 905
f 905 86 906
f 86 901 907
f 86 907 908
f 86 908 909
f 86 909 910
f 86 910 902
f 904 911 86
f 86 911 912
f 86 912 913
f 86 913 914
f 86 914 915
f 906 86 916
f 916 86 915
f 917 918 919
f 918 920 921
f 920 899 898
f 920 898 921
f 921 898 897
f 921 897 922
f 922 897 893
f 922 893 923
f 923 893 894
f 923 894 924
f 924 894 895
f 924 895 925
f 925 895 896
f 925 896 926
f 926 896 905
f 926 905 927
f 927 905 906
f 927 906 928
f 928 906 916
f 928 916 929
f 929 916 915
f 929 915 930
f 930 915 914
f 930 914 931
f 931 914 913
f 931 913 932
f 918 921 919
f 919 921 922
f 919 922 933
f 933 922 923
f 933 923 934
f 934 923 924
f 934 924 935
f 935 924 925
f 935 925 936
f 936 925 926
f 936 926 937
f 937 926 927
f 937 927 938
f 938 927 928
f 938 928 939
f 939 928 929
f 939 929 940
f 940 929 930
f 940 930 941
f 941 930 931
f 941 931 942
f 942 931 932
f 942 932 943
f 917 919 944
f 944 919 933
f 944 933 945
f 945 933 934
f 945 934 946
f 946 934 935
f 946 935 947
f 947 935 936
f 947 936 948
f 948 936 937
f 948 937 949
f 949 937 938
f 949 938 950
f 950 938 939
f 950 939 951
f 951 939 940
f 951 940 952
f 952 940 941
f 952 941 953
f 953 941 942
f 953 942 954
f 954 942 943
f 954 943 955
f 957 958 959
f 959 958 960
f 959 960 961
f 961 960 962
f 961 962 963
f 963 962 964
f 963 964 1117
f 958 965 960
f 960 965 966
f 960 966 962
f 962 966 967
f 962 967 964
f 964 967 968
f 969 970 971
f 971 970 972
f 971 972 973
f 973 972 974
f 973 974 975
f 975 974 976
f 975 976 1118
f 970 977 972
f 972 977 978
f 972 978 974
f 974 978 979
f 974 979 976
f 976 979 980
f 968 1117 964
f 981 1117 968
f 981 968 982
f 982 968 967
f 982 967 983
f 983 967 966
f 983 966 984
f 984 966 965
f 984 969 983
f 983 969 971
f 983 971 982
f 982 971 973
f 982 973 981
f 981 973 975
f 981 975 1117
f 1117 975 1118
f 980 1118 976
f 985 1118 980
f 985 980 986
f 986 980 979
f 986 979 987
f 987 979 978
f 987 978 988
f 988 978 977
f 988 989 987
f 987 989 990
f 987 990 986
f 986 990 991
f 986 991 985
f 985 991 992
f 985 992 1118
f 977 692 988
f 988 692 989
f 989 692 993
f 993 692 994
f 994 692 995
f 995 692 996
f 996 692 997
f 997 692 998
f 998 692 999
f 999 692 957
f 957 692 958
f 958 692 965
f 965 692 984
f 984 692 969
f 969 692 970
f 970 692 977
f 1005 1006 1007
f 1007 1006 1008
f 1007 1008 1009
f 1009 1008 1010
f 1009 1010 1011
f 1011 1010 1012
f 1013 1014 1015
f 1015 1014 1016
f 1015 1016 1017
f 1017 1016 1018
f 1017 1018 1019
f 1019 1018 1020
f 1019 1020 1332
f 1014 1021 1016
f 1016 1021 1022
f 1016 1022 1018
f 1018 1022 1023
f 1018 1023 1020
f 1020 1023 1004
f 1020 1004 1332
f 1332 1004 1470
f 1021 1005 1022
f 1022 1005 1007
f 1022 1007 1023
f 1023 1007 1009
f 1023 1009 1004
f 1004 1009 1011
f 1004 1011 1470
f 1012 1470 1011
f 1003 1470 1012
f 1003 1012 1024
f 1024 1012 1010
f 1024 1010 1025
f 1025 1010 1008
f 1025 1008 1026
f 1026 1008 1006
f 1027 1470 1003
f 1027 1003 1028
f 1028 1003 1024
f 1028 1024 1029
f 1029 1024 1025
f 1029 1025 1030
f 1030 1025 1026
f 1030 1031 1029
f 1029 1031 1032
f 1029 1032 1028
f 1028 1032 1033
f 1028 1033 1027
f 1027 1033 1034
f 1027 1034 1470
f 1031 1035 1032
f 1032 1035 1036
f 1032 1036 1033
f 1033 1036 1037
f 1033 1037 1034
f 1034 1037 1038
f 1034 1038 1470
f 1470 1038 1002
f 1030 762 1031
f 1031 762 1035
f 1035 762 1039
f 1039 762 1040
f 1040 762 1041
f 1041 762 1042
f 1042 762 1043
f 1043 762 1044
f 1044 762 1045
f 1045 762 1013
f 1013 762 1014
f 1014 762 1021
f 1021 762 1005
f 1005 762 1006
f 1006 762 1026
f 1026 762 1030
f 1046 1047 1048
f 1047 1049 1050
f 1049 1051 1052
f 1049 1052 1050
f 1050 1052 1053
f 1050 1053 1054
f 1054 1053 1055
f 1054 1055 1056
f 1056 1055 1057
f 1056 1057 1058
f 1058 1057 1059
f 1058 1059 1060
f 1060 1059 1061
f 1060 1061 1062
f 1062 1061 1063
f 1062 1063 1064
f 1064 1063 1065
f 1064 1065 1066
f 1066 1065 1067
f 1066 1067 1068
f 1068 1067 1069
f 1068 1069 1070
f 1070 1069 1071
f 1070 1071 1072
f 1072 1071 1073
f 1072 1073 1074
f 1074 1073 1075
f 1074 1075 1076
f 1076 1075 1077
f 1076 1077 1078
f 1047 1050 1048
f 1048 1050 1054
f 1048 1054 1079
f 1079 1054 1056
f 1079 1056 1080
f 1080 1056 1058
f 1080 1058 1081
f 1081 1058 1060
f 1081 1060 1082
f 1082 1060 1062
f 1082 1062 1083
f 1083 1062 1064
f 1083 1064 1084
f 1084 1064 1066
f 1084 1066 1085
f 1085 1066 1068
f 1085 1068 1086
f 1086 1068 1070
f 1086 1070 1087
f 1087 1070 1072
f 1087 1072 1088
f 1088 1072 1074
f 1088 1074 1089
f 1089 1074 1076
f 1089 1076 1090
f 1090 1076 1078
f 1090 1078 1091
f 1046 1048 1092
f 1092 1048 1079
f 1092 1079 1093
f 1093 1079 1080
f 1093 1080 1094
f 1094 1080 1081
f 1094 1081 1095
f 1095 1081 1082
f 1095 1082 1096
f 1096 1082 1083
f 1096 1083 1097
f 1097 1083 1084
f 1097 1084 1098
f 1098 1084 1085
f 1098 1085 1099
f 1099 1085 1086
f 1099 1086 1100
f 1100 1086 1087
f 1100 1087 1101
f 1101 1087 1088
f 1101 1088 1102
f 1102 1088 1089
f 1102 1089 1103
f 1103 1089 1090
f 1103 1090 1104
f 1104 1090 1091
f 1104 1091 1105
f 1095 706 1094
f 1094 706 1093
f 1093 706 1092
f 1092 706 1046
f 1046 706 1106
f 1106 706 1107
f 1108 706 1109
f 1109 706 1110
f 1110 706 1111
f 1111 706 1112
f 1112 706 1113
f 1113 706 1114
f 1114 706 1115
f 1115 706 1116
f 1116 706 1105
f 1107 706 1108
f 1095 1096 706
f 706 1096 1097
f 706 1097 1098
f 1105 706 1104
f 1104 706 1103
f 1103 706 1102
f 1101 706 1100
f 1100 706 1099
f 1099 706 1098
f 1102 706 1101
f 1051 2 1052
f 1052 2 1053
f 1053 2 1055
f 1055 2 1057
f 2 1063 1061
f 2 1061 1059
f 2 1059 1057
f 1071 1069 2
f 2 1069 1067
f 2 1067 1065
f 2 1065 1063
f 1071 2 1073
f 1073 2 1075
f 1075 2 1077
f 1472 1275 1276
f 1120 1121 1122
f 1122 1121 1123
f 1122 1123 1124
f 1124 1123 1125
f 1124 1125 1126
f 1126 1125 1127
f 1126 1127 1119
f 1121 1128 1123
f 1123 1128 1129
f 1123 1129 1125
f 1125 1129 1130
f 1125 1130 1127
f 1127 1130 1131
f 1132 1133 1134
f 1134 1133 1135
f 1134 1135 1136
f 1136 1135 1137
f 1136 1137 1138
f 1138 1137 1139
f 1138 1139 1275
f 1133 1140 1135
f 1135 1140 1141
f 1135 1141 1137
f 1137 1141 1142
f 1137 1142 1139
f 1139 1142 1143
f 1131 1275 1119
f 1131 1119 1127
f 1144 1275 1131
f 1144 1131 1145
f 1145 1131 1130
f 1145 1130 1146
f 1146 1130 1129
f 1146 1129 1147
f 1147 1129 1128
f 1147 1132 1146
f 1146 1132 1134
f 1146 1134 1145
f 1145 1134 1136
f 1145 1136 1144
f 1144 1136 1138
f 1144 1138 1275
f 1143 1275 1139
f 1148 1275 1143
f 1148 1143 1149
f 1149 1143 1142
f 1149 1142 1150
f 1150 1142 1141
f 1150 1141 1151
f 1151 1141 1140
f 1151 1152 1150
f 1150 1152 1153
f 1150 1153 1149
f 1149 1153 1154
f 1149 1154 1148
f 1148 1154 1155
f 1148 1155 1275
f 1140 105 1151
f 1151 105 1152
f 1152 105 1156
f 1156 105 1157
f 1157 105 1158
f 1158 105 1159
f 1159 105 1160
f 1160 105 1161
f 1161 105 1162
f 1162 105 1120
f 1120 105 1121
f 1121 105 1128
f 1128 105 1147
f 1147 105 1132
f 1132 105 1133
f 1133 105 1140
f 1163 1164 1165
f 1164 1166 1167
f 1166 1168 1169
f 1168 1474 1473
f 1473 1170 1171
f 1168 1473 1169
f 1169 1473 1171
f 1473 1172 1173
f 1170 1473 1174
f 1174 1473 1175
f 1175 1473 1173
f 1172 1473 1474
f 1172 1474 1176
f 1166 1169 1167
f 1167 1169 1171
f 1167 1171 1177
f 1177 1171 1170
f 1177 1170 1178
f 1178 1170 1174
f 1178 1174 1179
f 1179 1174 1175
f 1179 1175 1180
f 1180 1175 1173
f 1180 1173 1181
f 1181 1173 1172
f 1181 1172 1182
f 1182 1172 1176
f 1182 1176 1183
f 1164 1167 1165
f 1165 1167 1177
f 1165 1177 1184
f 1184 1177 1178
f 1184 1178 1185
f 1185 1178 1179
f 1185 1179 1186
f 1186 1179 1180
f 1186 1180 1187
f 1187 1180 1181
f 1187 1181 1188
f 1188 1181 1182
f 1188 1182 1189
f 1189 1182 1183
f 1189 1183 1190
f 1163 1165 1191
f 1191 1165 1184
f 1191 1184 1192
f 1192 1184 1185
f 1192 1185 1193
f 1193 1185 1186
f 1193 1186 1194
f 1194 1186 1187
f 1194 1187 1195
f 1195 1187 1188
f 1195 1188 1196
f 1196 1188 1189
f 1196 1189 1197
f 1197 1189 1190
f 1197 1190 1198
f 1196 782 1195
f 1195 782 1194
f 1194 782 1193
f 1193 782 1192
f 1192 782 1191
f 1191 782 1163
f 1163 782 1200
f 1200 782 1199
f 1199 782 1201
f 1201 782 1202
f 1202 782 1203
f 1203 782 1204
f 1204 782 1205
f 1205 782 1198
f 1198 782 1197
f 1197 782 1196
f 1207 421 467
f 467 468 1207
f 1207 468 469
f 469 470 1207
f 1207 470 471
f 471 472 1207
f 1207 472 473
f 473 474 1207
f 1207 474 475
f 1207 475 476
f 1207 476 477
f 480 1207 479
f 479 1207 478
f 478 1207 477
f 1208 917 944
f 1208 944 945
f 945 946 1208
f 1208 946 947
f 947 948 1208
f 1208 948 949
f 949 950 1208
f 1208 950 951
f 1208 951 952
f 955 1208 954
f 954 1208 953
f 953 1208 952
f 1210 1209 617
f 617 1209 1210
f 955 1211 1208
f 1208 1211 1212
f 1212 1213 1208
f 1208 1213 1214
f 1208 1214 1215
f 1215 1216 1208
f 1208 1216 1217
f 1217 1218 1208
f 1208 1218 1219
f 1208 1219 1220
f 1208 1220 1221
f 1208 1221 917
f 1207 480 1222
f 1207 1222 1223
f 1223 1224 1207
f 1207 1224 1225
f 1225 1226 1207
f 1207 1226 1227
f 1207 1227 1228
f 1228 1229 1207
f 1207 1229 1230
f 421 1207 1231
f 1231 1207 1232
f 1232 1207 1230
f 1198 1190 1233
f 1190 1183 1234
f 1183 1176 1235
f 1474 1236 1237
f 1176 1474 1235
f 1235 1474 1237
f 1474 1238 1239
f 1236 1474 1240
f 1240 1474 1241
f 1241 1474 1239
f 1238 1474 1168
f 1183 1235 1234
f 1234 1235 1237
f 1234 1237 1242
f 1242 1237 1236
f 1242 1236 1243
f 1243 1236 1240
f 1243 1240 1244
f 1244 1240 1241
f 1244 1241 1245
f 1245 1241 1239
f 1245 1239 1246
f 1246 1239 1238
f 1246 1238 1247
f 1247 1238 1168
f 1247 1168 1166
f 1190 1234 1233
f 1233 1234 1242
f 1233 1242 1248
f 1248 1242 1243
f 1248 1243 1249
f 1249 1243 1244
f 1249 1244 1250
f 1250 1244 1245
f 1250 1245 1251
f 1251 1245 1246
f 1251 1246 1252
f 1252 1246 1247
f 1252 1247 1253
f 1253 1247 1166
f 1253 1166 1164
f 1198 1233 1205
f 1205 1233 1248
f 1205 1248 1204
f 1204 1248 1249
f 1204 1249 1203
f 1203 1249 1250
f 1203 1250 1202
f 1202 1250 1251
f 1202 1251 1201
f 1201 1251 1252
f 1201 1252 1199
f 1199 1252 1253
f 1199 1253 1200
f 1200 1253 1164
f 1200 1164 1163
f 1158 1159 1256
f 1256 1159 1257
f 1256 1257 1258
f 1258 1257 1259
f 1258 1259 1260
f 1260 1259 1261
f 1152 1156 1153
f 1153 1156 1262
f 1153 1262 1154
f 1154 1262 1263
f 1154 1263 1155
f 1155 1263 1264
f 1155 1264 1275
f 1275 1264 1276
f 1156 1157 1262
f 1262 1157 1265
f 1262 1265 1263
f 1263 1265 1266
f 1263 1266 1264
f 1264 1266 1255
f 1264 1255 1276
f 1157 1158 1265
f 1265 1158 1256
f 1265 1256 1266
f 1266 1256 1258
f 1266 1258 1255
f 1255 1258 1260
f 1255 1260 1276
f 1261 1276 1260
f 1119 1276 1254
f 1254 1276 1261
f 1254 1261 1267
f 1267 1261 1259
f 1267 1259 1268
f 1268 1259 1257
f 1268 1257 1160
f 1160 1257 1159
f 1269 1119 1254
f 1269 1254 1270
f 1270 1254 1267
f 1270 1267 1271
f 1271 1267 1268
f 1271 1268 1161
f 1161 1268 1160
f 1161 1162 1271
f 1271 1162 1272
f 1271 1272 1270
f 1270 1272 1273
f 1270 1273 1269
f 1269 1273 1274
f 1269 1274 1119
f 1162 1120 1272
f 1272 1120 1122
f 1272 1122 1273
f 1273 1122 1124
f 1273 1124 1274
f 1274 1124 1126
f 1274 1126 1119
f 1275 1472 1276
f 1278 1077 2
f 1278 2 1279
f 1279 2 1280
f 1280 2 1281
f 1281 2 1282
f 1282 2 1283
f 1283 2 1284
f 1284 2 1285
f 1051 1286 2
f 2 1286 1287
f 2 1287 1288
f 2 1288 1285
f 1105 1091 1289
f 1091 1078 1290
f 1078 1077 1278
f 1078 1278 1290
f 1290 1278 1279
f 1290 1279 1291
f 1291 1279 1280
f 1291 1280 1292
f 1292 1280 1281
f 1292 1281 1293
f 1293 1281 1282
f 1293 1282 1294
f 1294 1282 1283
f 1294 1283 1295
f 1295 1283 1284
f 1295 1284 1296
f 1296 1284 1285
f 1296 1285 1297
f 1297 1285 1288
f 1297 1288 1298
f 1298 1288 1287
f 1298 1287 1299
f 1299 1287 1286
f 1299 1286 1300
f 1300 1286 1051
f 1300 1051 1049
f 1091 1290 1289
f 1289 1290 1291
f 1289 1291 1301
f 1301 1291 1292
f 1301 1292 1302
f 1302 1292 1293
f 1302 1293 1303
f 1303 1293 1294
f 1303 1294 1304
f 1304 1294 1295
f 1304 1295 1305
f 1305 1295 1296
f 1305 1296 1306
f 1306 1296 1297
f 1306 1297 1307
f 1307 1297 1298
f 1307 1298 1308
f 1308 1298 1299
f 1308 1299 1309
f 1309 1299 1300
f 1309 1300 1310
f 1310 1300 1049
f 1310 1049 1047
f 1105 1289 1116
f 1116 1289 1301
f 1116 1301 1115
f 1115 1301 1302
f 1115 1302 1114
f 1114 1302 1303
f 1114 1303 1113
f 1113 1303 1304
f 1113 1304 1112
f 1112 1304 1305
f 1112 1305 1111
f 1111 1305 1306
f 1111 1306 1110
f 1110 1306 1307
f 1110 1307 1109
f 1109 1307 1308
f 1109 1308 1108
f 1108 1308 1309
f 1108 1309 1107
f 1107 1309 1310
f 1107 1310 1106
f 1106 1310 1047
f 1106 1047 1046
f 1035 1039 1036
f 1036 1039 1311
f 1036 1311 1037
f 1037 1311 1312
f 1037 1312 1038
f 1038 1312 1313
f 1038 1313 1002
f 1039 1040 1311
f 1311 1040 1314
f 1311 1314 1312
f 1312 1314 1315
f 1312 1315 1313
f 1313 1315 1316
f 1042 1043 1317
f 1317 1043 1318
f 1317 1318 1319
f 1319 1318 1320
f 1319 1320 1321
f 1321 1320 1322
f 1321 1322 1002
f 1043 1044 1318
f 1318 1044 1323
f 1318 1323 1320
f 1320 1323 1324
f 1320 1324 1322
f 1322 1324 1325
f 1316 1002 1313
f 1326 1002 1316
f 1326 1316 1327
f 1327 1316 1315
f 1327 1315 1328
f 1328 1315 1314
f 1328 1314 1041
f 1041 1314 1040
f 1041 1042 1328
f 1328 1042 1317
f 1328 1317 1327
f 1327 1317 1319
f 1327 1319 1326
f 1326 1319 1321
f 1326 1321 1002
f 1325 1332 1322
f 1322 1332 1002
f 1329 1332 1325
f 1329 1325 1330
f 1330 1325 1324
f 1330 1324 1331
f 1331 1324 1323
f 1331 1323 1045
f 1045 1323 1044
f 1045 1013 1331
f 1331 1013 1015
f 1331 1015 1330
f 1330 1015 1017
f 1330 1017 1329
f 1329 1017 1019
f 1329 1019 1332
f 1471 1002 1470
f 1001 1002 1332
f 1470 1002 1471
f 1470 1001 1332
f 1277 1118 1334
f 995 996 1335
f 1335 996 1336
f 1335 1336 1337
f 1337 1336 1338
f 1337 1338 1339
f 1339 1338 1340
f 989 993 990
f 990 993 1341
f 990 1341 991
f 991 1341 1342
f 991 1342 992
f 992 1342 1343
f 992 1343 1118
f 993 994 1341
f 1341 994 1344
f 1341 1344 1342
f 1342 1344 1345
f 1342 1345 1343
f 1343 1345 1334
f 1343 1334 1118
f 994 995 1344
f 1344 995 1335
f 1344 1335 1345
f 1345 1335 1337
f 1345 1337 1334
f 1334 1337 1339
f 1334 1339 1277
f 1340 1277 1339
f 1333 1277 1340
f 1333 1340 1346
f 1346 1340 1338
f 1346 1338 1347
f 1347 1338 1336
f 1347 1336 997
f 997 1336 996
f 1117 1277 1348
f 1348 1277 1333
f 1348 1333 1349
f 1349 1333 1346
f 1349 1346 1350
f 1350 1346 1347
f 1350 1347 998
f 998 1347 997
f 998 999 1350
f 1350 999 1351
f 1350 1351 1349
f 1349 1351 1352
f 1349 1352 1348
f 1348 1352 1353
f 1348 1353 1117
f 999 957 1351
f 1351 957 959
f 1351 959 1352
f 1352 959 961
f 1352 961 1353
f 1353 961 963
f 1353 963 1117
f 955 943 1356
f 943 932 1357
f 932 913 912
f 932 912 1357
f 1357 912 911
f 1357 911 1358
f 1358 911 904
f 1358 904 1359
f 1359 904 903
f 1359 903 1360
f 1360 903 902
f 1360 902 1361
f 1361 902 910
f 1361 910 1362
f 1362 910 909
f 1362 909 1363
f 1363 909 908
f 1363 908 1364
f 1364 908 907
f 1364 907 1365
f 1365 907 901
f 1365 901 1366
f 1366 901 900
f 1366 900 1367
f 1367 900 899
f 1367 899 920
f 943 1357 1356
f 1356 1357 1358
f 1356 1358 1368
f 1368 1358 1359
f 1368 1359 1369
f 1369 1359 1360
f 1369 1360 1370
f 1370 1360 1361
f 1370 1361 1371
f 1371 1361 1362
f 1371 1362 1372
f 1372 1362 1363
f 1372 1363 1373
f 1373 1363 1364
f 1373 1364 1374
f 1374 1364 1365
f 1374 1365 1375
f 1375 1365 1366
f 1375 1366 1376
f 1376 1366 1367
f 1376 1367 1377
f 1377 1367 920
f 1377 920 918
f 955 1356 1211
f 1211 1356 1368
f 1211 1368 1212
f 1212 1368 1369
f 1212 1369 1213
f 1213 1369 1370
f 1213 1370 1214
f 1214 1370 1371
f 1214 1371 1215
f 1215 1371 1372
f 1215 1372 1216
f 1216 1372 1373
f 1216 1373 1217
f 1217 1373 1374
f 1217 1374 1218
f 1218 1374 1375
f 1218 1375 1219
f 1219 1375 1376
f 1219 1376 1220
f 1220 1376 1377
f 1220 1377 1221
f 1221 1377 918
f 1221 918 917
f 839 880 1378
f 880 869 1379
f 869 868 886
f 869 886 1379
f 1379 886 885
f 1379 885 1380
f 1380 885 881
f 1380 881 1381
f 1381 881 882
f 1381 882 1382
f 1382 882 883
f 1382 883 1383
f 1383 883 884
f 1383 884 1384
f 1384 884 887
f 1384 887 1385
f 1385 887 888
f 1385 888 1386
f 1386 888 889
f 1386 889 1387
f 1387 889 891
f 1387 891 1388
f 1388 891 890
f 1388 890 1389
f 1389 890 846
f 1389 846 844
f 880 1379 1378
f 1378 1379 1380
f 1378 1380 1390
f 1390 1380 1381
f 1390 1381 1391
f 1391 1381 1382
f 1391 1382 1392
f 1392 1382 1383
f 1392 1383 1393
f 1393 1383 1384
f 1393 1384 1394
f 1394 1384 1385
f 1394 1385 1395
f 1395 1385 1386
f 1395 1386 1396
f 1396 1386 1387
f 1396 1387 1397
f 1397 1387 1388
f 1397 1388 1398
f 1398 1388 1389
f 1398 1389 1399
f 1399 1389 844
f 1399 844 842
f 839 1378 1400
f 1400 1378 1390
f 1400 1390 1401
f 1401 1390 1391
f 1401 1391 1402
f 1402 1391 1392
f 1402 1392 1403
f 1403 1392 1393
f 1403 1393 1404
f 1404 1393 1394
f 1404 1394 1405
f 1405 1394 1395
f 1405 1395 1406
f 1406 1395 1396
f 1406 1396 1407
f 1407 1396 1397
f 1407 1397 1408
f 1408 1397 1398
f 1408 1398 1409
f 1409 1398 1399
f 1409 1399 1410
f 1410 1399 842
f 1410 842 829
f 839 1400 1411
f 1411 1400 1401
f 1411 1401 1402
f 1402 1403 1411
f 1411 1403 1404
f 1404 1405 1411
f 1411 1405 1406
f 1406 1407 1411
f 1411 1407 1408
f 829 1411 1410
f 1410 1411 1409
f 1409 1411 1408
f 670 679 619
f 619 679 650
f 679 673 650
f 650 673 678
f 674 624 650
f 674 650 678
f 815 614 615
f 566 567 494
f 89 492 781
f 480 466 1413
f 466 453 1414
f 453 452 486
f 453 486 1414
f 1414 486 485
f 1414 485 1415
f 1415 485 481
f 1415 481 1416
f 1416 481 482
f 1416 482 1417
f 1417 482 483
f 1417 483 1418
f 1418 483 484
f 1418 484 1419
f 1419 484 489
f 1419 489 1420
f 1420 489 490
f 1420 490 1421
f 1421 490 491
f 1421 491 1422
f 1422 491 488
f 1422 488 1423
f 1423 488 487
f 1423 487 1424
f 1424 487 426
f 1424 426 424
f 466 1414 1413
f 1413 1414 1415
f 1413 1415 1425
f 1425 1415 1416
f 1425 1416 1426
f 1426 1416 1417
f 1426 1417 1427
f 1427 1417 1418
f 1427 1418 1428
f 1428 1418 1419
f 1428 1419 1429
f 1429 1419 1420
f 1429 1420 1430
f 1430 1420 1421
f 1430 1421 1431
f 1431 1421 1422
f 1431 1422 1432
f 1432 1422 1423
f 1432 1423 1433
f 1433 1423 1424
f 1433 1424 1434
f 1434 1424 424
f 1434 424 422
f 480 1413 1222
f 1222 1413 1425
f 1222 1425 1223
f 1223 1425 1426
f 1223 1426 1224
f 1224 1426 1427
f 1224 1427 1225
f 1225 1427 1428
f 1225 1428 1226
f 1226 1428 1429
f 1226 1429 1227
f 1227 1429 1430
f 1227 1430 1228
f 1228 1430 1431
f 1228 1431 1229
f 1229 1431 1432
f 1229 1432 1230
f 1230 1432 1433
f 1230 1433 1232
f 1232 1433 1434
f 1232 1434 1231
f 1231 1434 422
f 1231 422 421
f 387 419 1436
f 419 408 1437
f 408 368 1438
f 408 1438 1437
f 1437 1438 1439
f 1437 1439 1440
f 1440 1439 1441
f 1440 1441 1442
f 1442 1441 1443
f 1442 1443 1444
f 1444 1443 1445
f 1444 1445 1446
f 1446 1445 1447
f 1446 1447 1448
f 1448 1447 1449
f 1448 1449 1450
f 1450 1449 1451
f 1450 1451 1452
f 1452 1451 1453
f 1452 1453 1454
f 1454 1453 1455
f 1454 1455 1456
f 1456 1455 1457
f 1456 1457 1458
f 1458 1457 359
f 1458 359 396
f 419 1437 1436
f 1436 1437 1440
f 1436 1440 1459
f 1459 1440 1442
f 1459 1442 1460
f 1460 1442 1444
f 1460 1444 1461
f 1461 1444 1446
f 1461 1446 1462
f 1462 1446 1448
f 1462 1448 1463
f 1463 1448 1450
f 1463 1450 1464
f 1464 1450 1452
f 1464 1452 1465
f 1465 1452 1454
f 1465 1454 1466
f 1466 1454 1456
f 1466 1456 1467
f 1467 1456 1458
f 1467 1458 1468
f 1468 1458 396
f 1468 396 394
f 387 1436 380
f 380 1436 1459
f 380 1459 381
f 381 1459 1460
f 381 1460 382
f 382 1460 1461
f 382 1461 383
f 383 1461 1462
f 383 1462 379
f 379 1462 1463
f 379 1463 378
f 378 1463 1464
f 378 1464 377
f 377 1464 1465
f 377 1465 376
f 376 1465 1466
f 376 1466 375
f 375 1466 1467
f 375 1467 374
f 374 1467 1468
f 374 1468 373
f 373 1468 394
f 373 394 372
f 368 1411 1438
f 1438 1411 1439
f 1439 1411 1441
f 1441 1411 1443
f 1443 1411 1445
f 1445 1411 1447
f 1411 1451 1449
f 1411 1449 1447
f 359 1457 1411
f 1411 1457 1455
f 1411 1455 1453
f 1411 1453 1451
f 290 327 283
f 281 1469 271
f 164 1469 170
f 170 1469 281
f 164 34 1469
f 1469 34 254
f 1001 1470 1002
f 1119 1275 1276
f 1118 1277 1117
f 574 575 608
f 575 609 604
f 589 609 575
f 815 617 816
f 508 798 505
f 505 798 799
f 799 783 1474
f 783 1476 782
f 1476 781 782
f 747 782 781
f 760 761 762
f 762 761 781
f 781 141 166
f 781 578 586
f 574 612 579
f 579 612 578
f 579 578 781
f 29 353 251
f 251 353 252
f 51 211 58
f 284 73 4
f 74 1469 87
f 1206 79 86
f 86 79 87
f 690 87 106
f 105 106 108
f 108 254 1472
f 892 1472 127
f 690 106 105
f 1469 254 87
f 265 353 24
f 24 353 226
f 226 353 264
f 226 264 263
f 226 263 238
f 238 263 261
f 238 261 237
f 237 261 260
f 237 260 236
f 352 353 29
f 260 262 236
f 236 262 232
f 232 262 264
f 232 264 352
f 352 264 353
f 1481 1495 1479
f 1480 1481 1479
f 1480 1477 1481
f 1478 1511 1481
f 1478 1481 1477
f 1482 1483 1477
f 1477 1483 1484
f 1477 1484 1478
f 1482 1477 1485
f 1485 1477 1480
f 1485 1480 1486
f 1486 1480 1487
f 1479 1488 1489
f 1479 1489 1487
f 1490 1491 1479
f 1495 1492 1493
f 1478 1484 1494
f 1487 1480 1479
f 1494 1492 1478
f 1478 1492 1495
f 1495 1511 1478
f 1493 1490 1495
f 1495 1490 1479
f 1491 1488 1479
f 1496 1497 1489
f 1489 1497 1498
f 1489 1498 1487
f 1487 1498 1499
f 1487 1499 1486
f 1486 1499 1500
f 1486 1500 1485
f 1485 1500 1501
f 1485 1501 1482
f 1482 1501 1502
f 1482 1502 1483
f 1483 1502 1503
f 1483 1503 1484
f 1484 1503 1504
f 1484 1504 1494
f 1494 1504 1505
f 1494 1505 1492
f 1492 1505 1506
f 1492 1506 1493
f 1493 1506 1507
f 1493 1507 1490
f 1490 1507 1508
f 1490 1508 1491
f 1491 1508 1509
f 1491 1509 1488
f 1488 1509 1496
f 1488 1496 1489
f 1510 1481 1511
f 1499 1498 1512
f 1509 1508 1511
f 1511 1508 1507
f 1511 1507 1506
f 1511 1506 1510
f 1510 1506 1505
f 1510 1505 1504
f 1510 1504 1503
f 1510 1503 1502
f 1510 1502 1481
f 1481 1502 1501
f 1481 1501 1500
f 1512 1481 1499
f 1499 1481 1500
f 1498 1497 1512
f 1497 1496 1512
f 1512 1496 1509
f 1512 1509 1511
f 1511 1481 1512
f 1511 1495 1481

