# https://github.com/mikedh/trimesh
v -204.13946500 9.33192062 -312.98010300
v -203.99217200 4.55073214 -313.41275000
v 443.13809200 19.43013760 85.89143370
v 437.24310300 31.76889230 79.79585270
v 428.99954200 -53.21784590 69.74195860
v 440.02063000 -52.89493940 64.43571470
v 132.91621400 93.12914275 -313.36425800
v -416.66992200 -23.22745510 80.93382260
v -417.75167800 -22.59116550 70.76780700
v -419.05136100 -21.05066110 61.33036420
v 405.43995650 43.41496660 37.73385240
v 393.25378400 42.73917770 44.58292770
v -38.12267305 51.94716075 280.41253650
v 79.23661800 120.73899800 -313.46310400
v 83.97869870 118.39266200 -302.23001100
v 376.05584700 25.37373350 12.89554980
v 383.89764400 28.65604210 7.73933029
v 97.92866520 10.46407700 255.63090500
v 92.85194400 23.69104960 255.67399600
v -426.68240400 -22.21920010 68.90028380
v 447.18753100 4.79722023 86.33357240
v 444.47058100 12.45059300 87.34638980
v 165.96337900 75.78932950 184.87785300
v 311.07063934 40.17164977 138.12883836
v -422.92474400 60.79829790 70.88212590
v 15.32509900 60.89302060 276.57486000
v -41.20978930 -72.02673340 203.58915700
v -40.58392330 -67.82791900 213.17485000
v 201.97119337 49.95419633 79.28878201
v -97.40578460 95.74765780 -292.16455100
v -98.78937530 97.96275330 -301.93576000
v 165.65046565 38.33472409 -14.70741469
v -32.52981190 -117.67117300 -303.00085400
v 416.61340300 -58.29532620 42.91221240
v 56.65754700 -110.47853900 -81.24963380
v 155.77717575 -74.76322084 -296.10810105
v 147.95240800 -83.12503810 -295.63238500
v 152.27458200 -79.41069030 -303.18576000
v 444.11026000 -45.79711150 68.95689390
v 182.89279200 -2.16489237 -313.38398750
v 181.12778448 -16.79863258 -297.78420299
v 181.70729100 -12.16870500 -313.36926300
v 439.29174800 17.22709470 89.56187440
v 113.94026073 -8.31045996 240.69730482
v 103.97856900 -4.68789148 246.01054400
v 69.26674562 103.85821691 -161.28041324
v 84.62928637 97.52760999 -157.39084234
v 80.71025563 99.39803502 -174.21573720
v -191.71063934 78.27265691 105.33425237
v -200.68029800 77.93256380 107.52543600
v -82.06761076 75.08387464 -110.16290349
v 143.62051400 50.67229460 -172.58468600
v 210.16555985 64.37735819 103.35840915
v 182.40608200 -74.51666260 78.19789120
v 172.24543096 -77.71721746 73.44627923
v 170.10604488 -48.85517838 -38.72734995
v -199.99831034 70.22482309 190.27341590
v -125.46683182 62.03052737 -236.20529559
v 87.55874161 94.45885825 180.94694100
v 90.25244477 86.99071071 198.99974526
v 312.12777700 25.57223890 155.74211100
v -110.48948700 67.37351230 -200.56926000
v -16.87365150 64.26123050 273.53640700
v -14.12262060 56.01008610 286.49893200
v 119.18193562 83.39385618 -135.34550307
v -198.28281402 13.90286742 -96.46572626
v 56.58755195 -112.47941834 -255.28587141
v -355.79766800 -22.65977100 130.73109400
v 160.49885600 46.06146620 220.68248000
v 134.62816150 -89.48101477 -21.96864248
v 197.01930295 -26.10756041 4.92872703
v 82.16577284 -120.75516308 17.75864027
v 84.71015527 -120.75796041 28.81662923
v -10.97534824 88.00500715 16.20523973
v -82.93681086 -96.81768878 -142.23303801
v 118.69057500 79.29213710 205.88127100
v 93.51932020 -112.57140376 -26.84598871
v -365.86192606 -22.16503989 60.30837275
v 202.93740800 -71.77725980 88.46635440
v -334.42032851 53.82480978 41.18206375
v -341.35260000 50.36889650 37.56235890
v 162.50836531 56.11006471 -303.73145237
v -80.08958213 76.91755575 -143.44712764
v -156.85881193 -50.53481484 -102.92110935
v -201.07283000 -6.12533760 -253.38736000
v -201.31349576 5.39862463 -243.69112265
v -55.94918498 -107.81580434 -276.23899341
v -153.52633700 39.65728380 223.29576100
v 136.17409292 59.91688248 -155.87800007
v 141.67543000 51.45107270 -158.32574500
v 171.39407643 39.49186038 -302.63938221
v 83.20800020 108.44742600 -232.82624800
v -167.34619100 93.60095980 144.76390100
v 134.72651700 82.20482640 -232.60055500
v 76.87913510 -115.74691000 -313.38497900
v 86.02964780 -114.15533400 -313.41326900
v 84.20102444 -113.07711984 -293.60589846
v 184.22003200 0.63925457 -278.02871700
v 34.97498393 -111.29722310 -141.74531167
v 95.51963228 95.57148017 -205.05456639
v 85.62473405 98.89657716 -191.28007276
v 371.61441000 44.64755630 58.95124440
v 173.48304478 -85.95197603 123.90917462
v 189.45448300 -84.08164980 129.89613300
v -93.29956820 24.58662410 247.30326800
v -96.31461330 14.31513310 247.93907200
v -91.95243840 20.77862740 251.63206500
v -354.66449000 19.68225480 22.87165450
v -356.19805900 11.39406490 20.85499190
v 185.89594030 33.90548316 212.85684690
v -59.86495962 89.45902717 -154.61373840
v -378.65286300 -26.67478560 75.78001400
v -392.31060816 -24.64451554 71.50623290
v 21.57400709 -112.45470165 -197.36764856
v 28.37369553 -112.55039911 -211.60181853
v -314.59790000 37.39982990 161.95579500
v -305.75655076 36.81774058 165.22055092
v 172.33833593 23.66778306 -146.14650559
v 182.78290070 12.56206865 -138.99965505
v -330.38150000 -26.65708160 73.86915590
v 182.83125300 44.42777250 53.77311330
v 175.17237900 59.35328670 75.63642880
v 168.84637500 66.65905000 84.21739200
v 128.17145838 -84.58987150 -120.56632511
v 134.28999547 -79.20708059 -117.22074839
v -106.73030900 -89.58209230 -226.36756900
v 209.21458403 -8.26788738 -9.64975492
v 200.48805148 4.76238268 -1.86437525
v -168.76533694 -59.01593407 42.84541583
v -246.77559783 79.56740710 105.77351827
v -220.27199581 62.23296923 84.13343357
v -233.87975627 69.39442093 93.03479916
v 97.80580914 -110.20901487 -290.40262960
v -36.98829582 90.06849735 -85.98170110
v 266.63829485 -70.94106366 139.77711803
v 165.56182900 54.18843460 -313.38824500
v 104.84000339 91.99604062 -205.32824552
v 176.46085699 7.46681401 -231.51923221
v 357.64135700 -14.78947450 144.31590300
v 354.46687036 2.04760781 143.51281918
v 294.19801177 -67.75949049 107.80711050
v 316.78048700 -55.53347020 127.74925200
v 277.49282800 -19.26493840 48.09180830
v -297.39956700 78.60591130 84.23570250
v -290.45513900 80.82325740 92.37812810
v -283.74710773 76.85118248 88.98290597
v -53.09634163 -68.08169507 203.62235734
v -56.57802076 -64.27089164 208.51414014
v 107.27313906 -101.79750414 -76.23237142
v -338.34830074 -9.26734248 151.60343934
v -319.15105603 5.64730160 161.82898793
v 177.34181200 -15.44302750 213.39592000
v -211.03494300 78.69965360 180.19911200
v -228.19463452 67.54098981 182.10105903
v -326.33763891 7.95326852 32.39102145
v 69.48310117 -107.02545066 -138.33653033
v 78.45059075 -105.03003779 -121.75933840
v 20.77839850 82.76468660 240.50773600
v 7.30723286 83.62475590 240.88786300
v 7.74964428 80.23241420 249.43321200
v 218.84971600 -76.00418090 148.98082000
v 264.33556820 -57.05817105 167.11088152
v -69.94584786 86.14437604 -169.10305290
v -72.14848213 80.87818816 -138.48298606
v 162.11387499 -56.87702880 -40.28425860
v -68.06625370 -101.98800700 -165.65354900
v -115.18238415 97.56006461 126.77991012
v -55.64865490 82.77503970 -0.74403757
v -187.01423311 -31.39148432 -266.15945701
v -171.25917251 39.15137492 -277.08838316
v 376.31909200 -52.96833420 39.84913250
v -32.03066371 -109.28347915 -88.94391616
v -48.63772056 -74.10209359 193.76007334
v -125.07194472 -74.88373284 146.15240170
v -211.81989231 -22.40463752 181.25579986
v 190.80737300 -26.21257970 -51.99754710
v -7.88269068 -120.90660450 -313.28952800
v -35.07317730 -119.32698100 -313.41223100
v -171.26295500 -59.53606030 59.44004440
v -381.78701800 14.76527790 141.86192300
v -390.61721799 -1.12757770 132.56315404
v -156.16726296 42.89649361 -201.42811364
v -59.18763081 -116.78684209 1.49680135
v 27.07667552 96.10308014 -80.09022698
v 47.05520941 -113.96661438 -54.09812471
v -195.46344000 -25.22257800 -237.33297700
v 148.40921000 -92.31484220 89.44145200
v 13.20431820 -112.68186058 -92.26993701
v -194.24615500 -27.16025730 -217.15046700
v -442.95635950 33.72972295 97.72898865
v -431.76358000 35.80023190 100.76322900
v 113.95759991 -96.49785063 -101.75237104
v 120.78918500 -91.55516820 -103.58296200
v 170.41262800 45.34458920 -313.24819900
v 58.96281035 113.52599672 -247.63866145
v 66.43647036 111.96250454 -221.60727172
v 13.23412971 -120.57025993 78.98614802
v -260.26776100 77.96100620 156.60005200
v 190.72705100 -73.13049320 158.81965600
v -283.74017300 -41.90260310 125.83699000
v -287.19455885 -39.91935429 115.01650671
v -40.06154139 -107.39214470 -143.86495915
v -122.88767461 57.41087425 -181.96480917
v -147.58050730 49.33834366 -160.12535680
v -154.28739900 44.98679350 -176.78913900
v 76.95422533 -114.54637600 -32.90857313
v 7.61192648 -115.57575385 -275.34833126
v -16.43671798 98.36422906 -129.80666853
v -291.97384600 68.96520230 151.16520700
v -284.34307900 67.49565890 157.72529600
v -179.93896465 33.05469713 -290.15198956
v -200.86485675 16.95598008 -36.50100725
v -214.23819000 5.99734640 -32.14458080
v -233.51659100 50.20274183 73.78517906
v 286.96755222 47.29242391 138.10966815
v -66.82937147 98.99893769 127.09388664
v -351.94254859 -12.72199615 47.74343301
v -172.03937715 -36.97895134 -70.39510261
v 106.12702900 -96.28646090 -142.02261400
v 124.46711642 -95.67489130 -41.27364270
v 6.54062462 -121.58169550 -313.25845350
v 423.61965098 -14.25472036 99.09401965
v 195.61528000 69.81807710 171.76219200
v 58.47105410 -118.53762800 -313.33596800
v 49.24977490 -119.70129400 -313.34811400
v -224.10755900 80.26765440 170.32579000
v -169.29556889 -37.48930052 -113.41238658
v 229.92085300 56.99632260 97.97328190
v 236.17923000 60.16124340 112.20497100
v 174.95266700 -34.71591570 -150.60566700
v 177.58607500 -31.18245890 -144.44043000
v -182.74324042 -31.12823423 -23.61165151
v -9.04371627 112.59908627 -276.38702404
v -84.26223750 -112.33473200 2.25632858
v 417.75180100 -57.73825840 35.63343430
v -240.89842200 4.70774412 39.46119310
v 152.92536127 -76.33303159 -254.32051842
v 174.91234600 -36.79467010 -313.36691250
v -63.93522031 -108.80673319 -297.29148419
v 103.99895500 32.41952900 244.91514600
v 105.42443800 44.00417710 240.21189900
v 96.84346010 36.91443250 248.00718700
v -208.20661900 30.47237400 37.70402150
v -221.51127600 24.20470050 42.50709150
v -45.20650804 105.39806456 -238.74930499
v -262.78082230 16.17183367 50.89966587
v -209.88636129 -52.09197115 98.22127952
v -28.25560190 118.11434200 -302.82183800
v -33.45539860 117.51074200 -291.33224500
v -103.97193030 51.24985394 240.25004545
v 432.60696400 37.02512740 75.28739930
v 429.26284800 39.37616350 70.55448910
v 426.22991900 37.21389770 79.86128230
v -410.53928240 61.59527717 74.17412061
v 223.62677000 59.80195620 100.44337500
v 376.37200900 -15.77195260 6.41123581
v 383.21460000 -10.71690650 2.57700729
v 121.19014761 91.31113563 172.47887563
v 171.54652400 21.98609350 -198.05931100
v 231.31346986 -57.98616964 171.74121732
v -98.82853700 -2.46666384 241.36979700
v -98.70975490 6.11603642 245.04051200
v 29.22204622 -87.91088613 182.32701116
v -10.41257595 115.41954450 -313.35511800
v 83.55784610 22.06780720 263.70571900
v -176.67454654 73.83792700 87.43324413
v -351.56222500 -29.06818960 116.62165800
v -163.39711646 -54.79616813 -3.15446806
v -196.05194100 80.92843630 182.84907500
v -209.77404800 82.35175320 174.14289900
v 184.98400900 6.86976051 -124.57717900
v -202.62016300 68.25325010 88.28150940
v -202.88462800 -14.86952210 0.17396171
v -376.79290800 52.79996110 16.83240890
v -384.28903200 55.43324280 11.58839040
v -199.19566300 5.58371305 -218.96279900
v -199.35092200 0.53634387 -225.00318900
v 170.19094800 72.51445770 100.98872400
v -64.61108484 -74.20306519 182.98898879
v 117.13508600 -104.31668100 -313.35229500
v 109.47707400 -107.15226000 -313.35427900
v 89.35174560 -112.85598800 -304.01889000
v -79.58172610 63.25157930 247.27964800
v -323.38147000 -31.05816080 84.41636660
v -261.95401000 -38.25833890 146.36857600
v -285.22580000 -38.76140590 135.28511000
v -218.45114100 -45.67086030 153.66899100
v -126.27250031 76.28141499 -298.41663676
v -36.27558050 -111.66855095 -277.88915410
v 39.75352100 46.17205430 282.76687600
v -111.16912395 77.91353138 -251.51340770
v -403.32217400 73.62650300 43.08329390
v -394.95111100 73.27968600 47.84998700
v -399.74511700 74.43716430 36.02354050
v -396.16339100 74.64884950 28.74509810
v 340.03231800 -62.25865170 89.77183530
v -159.19445599 48.41586996 5.17391103
v -137.08998005 68.69053146 31.32709706
v -168.00474500 92.96898650 162.15422100
v -169.36795000 94.39076230 152.82658400
v 124.28781133 89.80167355 104.37806169
v -107.46520200 64.04213710 229.77256800
v 225.26159241 62.62627097 112.29829380
v -254.53508000 85.57626340 131.07951400
v -244.36337300 86.31633000 143.40568500
v 180.55717500 20.47856520 -313.42279100
v 178.17757677 24.89516734 -303.51030819
v -357.33984400 63.39303970 123.01460300
v -58.30776210 -103.39238700 -100.09515400
v 352.83462500 52.90404890 92.06950380
v 368.38287400 49.80314640 92.22685240
v 52.94065860 45.75505830 270.54129000
v 53.46869660 52.87393570 261.80874600
v 57.89420320 37.89285280 275.40451000
v -379.42113251 69.41396181 25.91025155
v -432.28781100 -11.94324020 105.77412400
v 56.27723690 121.55293300 -313.46661400
v 44.18281940 119.61005400 -313.35314900
v 54.93143080 119.89180000 -305.37048300
v 141.47096300 58.05784230 223.66050700
v -392.47271700 63.53392410 92.30979920
v 73.88620760 107.03829200 -198.57148700
v -103.80954000 68.12735750 -180.74989300
v -63.18496189 104.97125267 -265.81434344
v -41.10624947 -119.26385568 52.45380820
v 83.26055693 -64.66466359 208.56252054
v -162.92842100 8.76538181 216.44364900
v 143.10265818 53.93542970 -183.27248814
v 132.88991108 -80.54396970 -99.51660344
v 293.25811800 -64.81483460 84.65742490
v 287.05358900 -62.41756820 81.26206970
v 283.54119900 -57.02180860 74.41224670
v 118.45534469 -98.07876060 -231.35322721
v 43.11882400 -74.00542450 213.16020200
v 43.39153290 -77.02266690 205.75083900
v 48.10976030 -72.16017150 213.89469900
v 134.85360700 3.88111591 236.90763900
v 125.16177400 10.91881560 240.51115400
v 122.22753900 4.17187119 241.83085600
v 184.14897200 -10.07679840 -201.52363600
v -144.73441282 -62.35525060 -79.54384804
v 24.47359065 -117.50647575 -35.24532858
v 393.72653200 -32.78671650 10.40903850
v 391.11175500 -27.22356800 8.13163376
v 111.27291186 96.87774400 -266.37093928
v 127.50061778 68.90567400 -97.98006256
v 136.44462600 58.04981230 -104.06086700
v -404.42031900 -10.89174370 35.55851360
v 185.85200500 -85.35620880 110.84715300
v 172.51626600 -86.41499330 115.22685200
v 197.32270800 -56.13002010 60.54862590
v -158.93474480 -50.48651087 -255.67199347
v -141.41593916 -66.06610504 -264.58067341
v 174.22845500 21.00607110 -60.12604140
v 171.89961200 27.29994580 -69.37643430
v 112.35875607 87.73036221 -151.17222652
v 123.77865600 83.44302370 -169.73422200
v 90.87557220 95.80458830 -187.26950100
v 341.69906600 29.58622930 36.99158860
v 318.92981074 -13.34586718 29.95761674
v 398.84112500 -37.84329610 106.31889300
v 70.32228850 110.61292300 -208.41281100
v 201.68370755 70.06573066 163.57057484
v 197.98997500 72.94450380 155.53831500
v 377.33312656 -58.94129878 75.57214901
v 370.54995700 -59.59298710 61.67344280
v 379.02004130 -49.29330632 104.78067302
v 395.52825532 -52.54319045 88.67483503
v -210.54415900 73.67659000 98.01026920
v 162.61367800 -54.33598330 -160.92752100
v -361.36694300 49.99726870 29.01008220
v 219.63348400 -15.95471480 39.01649090
v -44.01376340 94.12421420 -142.68383800
v -42.20521569 96.24731937 -160.05491742
v 136.18301400 -93.39242550 -304.83660900
v 124.95166000 -100.57509600 -313.36795000
v 210.49777200 68.05233760 118.16618300
v -125.94567900 72.19034580 215.37840300
v -207.28387500 2.46634102 -120.26966900
v -115.35316833 62.95596129 -110.61348578
v -83.32878880 74.65441890 -121.33508300
v 46.97527994 -110.67116629 -164.57935058
v -161.82024282 -61.38011644 10.28622769
v 89.33330501 88.69039677 58.98208695
v -211.89439400 89.70816800 151.91798400
v -198.04296900 92.44899750 145.40089400
v 274.01059000 -54.27487560 71.90840150
v -119.25842525 -90.47523833 105.36481234
v 128.04140853 66.70818570 -81.79155538
v 105.46483546 -108.72632624 98.21349362
v 185.38116642 -49.90808974 27.64370921
v 107.58049897 -99.26087291 -194.31698224
v 104.80148000 86.18359011 -93.42080440
v 195.21333300 -79.08826450 143.44197100
v -228.77018990 -27.89246367 170.31857375
v -10.01381220 -116.98901091 91.81353755
v 177.55783565 -31.01335670 -294.54899573
v -207.65816736 29.33056331 204.75086968
v -215.66464200 -13.42467210 188.13734400
v 187.19803650 64.76673161 95.80048259
v -70.60748290 95.39541630 200.05162000
v 119.83079600 -99.67575188 -42.98386386
v -166.53187295 90.35239332 129.54530137
v -152.41174919 91.79229280 125.35530430
v 109.38361400 -94.20886990 142.07109100
v 18.71309470 -81.74108890 202.63725300
v -365.57027281 -4.21273800 34.04163760
v -368.45761643 -8.77665051 38.84011302
v -180.46607243 -26.29335995 189.73326302
v -200.03285087 -11.66246851 -163.87260469
v 168.59799114 -57.93231960 182.83440258
v 129.56056200 83.64919280 192.08781400
v -269.55453500 -31.99184610 85.02259830
v 155.27246687 45.69539918 -32.52806501
v 143.63902300 55.95347210 -26.74950030
v -64.80469510 117.08801300 -313.31933600
v -58.03197879 115.09243182 -299.81360193
v 119.44342000 86.83203890 78.80937190
v 131.41927865 87.56995104 101.55538236
v 349.06901105 -2.69117112 21.73393217
v 154.16307144 41.33214942 -205.71032575
v 160.36584915 33.92239683 -199.84145864
v 185.37551900 1.48515761 -173.31010400
v 186.53373700 1.55371165 -160.73481800
v -191.68513500 -24.74431420 -169.05136100
v 179.75062962 13.10462187 -181.60128473
v 184.00430300 8.85117435 -159.29296900
v -201.30076600 -23.33325200 30.07181930
v 65.87167360 50.31776430 259.53414900
v -260.23871312 5.37993810 47.29793054
v 154.34748304 -69.70076659 -19.56423429
v 429.34469600 19.07265850 95.29188540
v -202.41159995 -25.90425931 43.15736799
v 359.71002517 -39.40318921 25.80006555
v -74.62476350 79.64052580 233.07511900
v -66.21106918 77.75464759 241.56655653
v -65.66560360 40.37026980 267.52847300
v -54.26029970 45.60030935 273.26428250
v 261.33239700 -32.38473510 59.90604780
v 260.79549661 -46.73270009 68.89089132
v 252.94975848 -48.04194896 70.73737959
v 335.01910400 -57.43178940 60.01069260
v 160.71015885 -75.88187548 37.86311177
v -225.03649900 -34.76664350 74.64707950
v 89.95590917 -110.55079239 -275.68018307
v 70.14048991 -115.48393101 -298.09253548
v 165.04251100 -56.45390320 -174.28372200
v -49.18244892 -117.33494195 65.22121335
v -86.38269810 60.52920910 244.91032400
v 257.75222800 -16.53720860 55.35584640
v -247.14944500 40.33371730 67.64247130
v -248.19398500 53.28527830 76.98265080
v 268.96195791 -70.99828563 92.79135441
v 273.23550400 -72.40864560 101.53471400
v 263.40744000 -75.03421780 115.28447000
v 260.64311025 -73.68404052 101.64311608
v -163.26506915 42.73434156 -104.03650891
v 50.88071833 -117.35184420 -29.27196018
v -374.72824100 1.84487617 138.84800700
v -157.92059906 -52.75653775 -161.10392990
v -147.21466100 -62.02249910 -147.15940900
v 377.38165300 40.89070510 104.94572400
v 369.66732800 39.43740840 110.94621300
v -264.18191500 -33.88568500 87.21360780
v -265.42697100 80.88012700 105.87489300
v 288.30499300 24.06830220 57.15388110
v 191.43452517 -25.28605358 -74.67666423
v -369.61629025 77.23036668 90.25602424
v -377.26266500 74.90821080 71.22377010
v -374.85122700 74.69179530 61.60908130
v -114.77591211 78.76391973 -271.54939527
v 156.69403033 -59.70547862 -66.45063814
v 56.70220437 -116.74084123 98.72276119
v 62.84091023 -109.89816673 122.78439661
v 365.05075100 34.35345460 121.03230300
v -318.30664100 -28.00271420 134.88316300
v -326.09274300 -26.89582630 128.68748500
v 7.26098561 -116.07155852 104.43667672
v 235.13375900 -78.56658170 134.24671900
v -435.75650000 -20.24254990 83.62745670
v 288.31235876 6.15385349 175.90133822
v 298.00597676 13.35857445 170.10986243
v 288.63797000 -18.87625310 178.69865400
v -164.47383100 36.70571140 -238.18656900
v -156.51254385 42.03222388 -242.82342841
v -166.24278305 36.51762497 -243.99788208
v -195.35485800 15.23146150 -212.87074300
v 111.41136550 93.87477435 124.38856282
v -100.01667322 80.59669686 -222.58542238
v -3.76193333 56.26269150 287.57894900
v 177.44389782 27.01992414 -19.58501671
v 174.68837157 27.14225986 -40.66579820
v 392.12161300 -34.76706310 113.33335900
v -179.36509700 -39.13259120 -313.26889000
v -183.44773900 -35.14455410 -300.51327500
v -168.97572493 -45.24835671 -203.57105126
v -265.16500900 -35.87372590 149.71720900
v -160.22433971 -53.36345231 -281.42524754
v -24.93734278 91.41106210 215.10894494
v -10.98015454 91.37722489 217.31952307
v -248.37547300 4.65824127 46.78092580
v -336.73361200 24.08936880 31.26642990
v -333.49199101 42.31229307 37.11497099
v 25.75212776 -112.43491085 -88.23885130
v 46.82289875 -110.92319721 -88.03326706
v 138.32900908 -87.85371324 -242.23939157
v 86.78605313 83.99510908 14.48403501
v 80.16330765 85.49609328 3.92997161
v 80.39715501 98.49990255 -145.02790498
v -288.73248300 45.91522980 59.35041430
v -124.90512100 88.28356930 77.44053650
v 9.23769474 -114.17830700 111.45500200
v 241.04292635 -71.81978003 152.25776648
v 63.57758873 -118.37857054 -17.57363307
v 137.96205100 55.47641750 -126.04718000
v 348.82104500 -43.94007490 132.28089900
v 410.50375400 -51.69998930 24.25709150
v -151.95954900 -9.37896729 212.67399600
v -120.30805965 -20.43570861 219.47680205
v 287.94866900 -53.20532230 68.06785580
v 385.14627100 45.25373460 66.29197690
v 421.68884300 40.18899150 72.88676450
v 412.35129555 40.24527732 77.46793090
v 416.97277800 43.30741120 55.14142990
v 364.61477769 -22.92689073 137.26289179
v -115.19404229 -14.30804218 225.99133521
v 160.29734800 -54.07614520 -124.73432900
v -157.99397742 93.87574470 163.48015113
v -144.22269748 92.47171716 176.07774015
v 97.29280066 110.15447059 -280.92508058
v -311.52182836 80.97762303 120.92888141
v 324.72106900 32.42203140 49.18854900
v 83.98328669 -103.89009570 -116.25613173
v -116.76131400 -89.43950650 -303.34616100
v 159.66096091 -50.62550537 193.23241189
v -69.29701785 -100.79322343 -183.49427168
v -28.46091897 -109.00901329 -169.14812637
v 181.92484445 2.34825023 -81.55894516
v 179.18548600 11.17995640 -81.65940860
v 160.28981000 79.83093260 180.02845800
v 298.32037942 -21.41584793 43.25354876
v 312.15506000 -64.64273830 97.66773990
v 303.79919400 -65.76992800 99.97453310
v 127.76230706 68.35669136 5.20044034
v 166.34785500 26.87826920 -230.52059900
v -187.35051000 27.86527250 -313.47131300
v -5.62588233 111.02546563 -257.37907010
v -95.09384908 88.81009802 203.38499877
v 129.63424467 -92.58597473 -229.84718648
v -110.65044292 98.67852129 155.73795648
v -236.94076500 -37.64484790 82.23231510
v -17.01375305 -112.19363403 -252.89618855
v 227.13312626 -77.63686466 144.22663582
v -259.48448575 -22.46194852 168.10270968
v -277.53258924 -8.43672599 174.48467200
v -276.24853500 1.50589967 179.31001300
v -266.91799900 -5.86896420 179.27092000
v -261.81205156 5.59832930 183.52012266
v 105.74144000 -114.51076500 20.18299480
v -64.00044469 93.63894394 80.95602114
v 183.53291300 -9.87765694 -212.88382000
v -30.98369220 85.99604800 17.13807300
v -137.39924274 -73.78023639 -28.75729051
v 72.83822299 -108.44534491 -181.26977295
v 403.78880103 -56.66211870 37.94989021
v 385.50454700 -56.99816890 44.91126630
v -160.71673784 -53.69735314 -20.15822180
v -160.68202795 -46.67197629 -240.78262945
v 82.95325470 97.51461030 140.70286600
v -62.71487430 57.10260010 259.02023300
v 398.68661500 -39.07819750 13.98350140
v 379.81060800 0.97351843 1.93711483
v 14.78442751 -119.64469350 -303.88495184
v -96.22745574 -58.57825436 190.80669039
v -113.68895700 -38.64006810 206.10899400
v 151.15971400 -79.69400020 -287.05450400
v 66.68428131 -120.26985928 76.82633379
v 8.55165455 106.72012469 -225.54712162
v -195.85557334 11.97274830 -256.79486423
v 189.15315200 -12.45602320 -147.91108700
v 246.97074900 49.89625930 171.03318800
v 243.09573400 46.27570720 180.51152000
v -396.37338300 17.49377440 132.12587000
v -405.64559900 22.88941380 124.52745100
v 253.71077000 52.28694920 101.52265900
v -109.14276872 -76.30165425 152.68634246
v 167.88359100 -52.43691640 -217.43197600
v 227.81518281 -37.72361570 187.93546126
v -110.50093800 -100.11231200 79.72453310
v -114.96443191 -97.88904531 72.13238047
v -175.35675000 -66.07619480 103.31056200
v -176.72676100 -64.23147580 92.30479430
v -98.23653321 -97.45618561 -291.75993556
v -191.92576238 22.62746051 -71.13186044
v -185.24047276 28.42704211 -70.27769875
v 152.69338347 72.83413089 71.93998519
v -184.66108700 25.39346120 -266.87207000
v -179.86513014 31.82815758 -274.06921392
v -91.12749860 105.88403300 -313.37800600
v 436.90057400 -3.81165338 91.86689760
v -187.02113300 -56.94312670 90.23994450
v 165.46766700 33.73207470 -88.27090450
v 146.97332800 48.90109250 -189.93118300
v 135.08058468 76.61256060 -212.32172807
v 394.42361500 -25.69519810 118.35078400
v 403.56408700 -23.27212720 112.58705100
v -398.79229148 50.91452647 105.95763040
v -417.81185900 -11.54233550 118.36750800
v -238.43291824 -25.80042577 71.07718907
v -239.59223272 -15.55845361 62.15801092
v -193.03193700 -18.96221920 -313.32791100
v -152.79232800 -64.59595490 -313.47448700
v -100.07965100 101.03904000 -313.46536300
v -107.85375200 95.34339900 -313.40618900
v 210.62951540 -15.07927093 206.71688513
v 299.71292316 -40.18834260 162.63050986
v 309.96883008 -30.20286515 163.32035273
v -437.65506000 42.09506610 91.00556950
v -427.78262300 42.40632250 94.29389950
v -67.60451591 -82.14959533 164.56567363
v 146.47500600 80.29766460 -313.35948150
v 146.59547400 78.08638000 -297.82504300
v 139.90002400 83.87771610 -295.20910600
v 148.56007400 -89.29779820 134.36485300
v 143.40554800 78.76155850 -277.50790400
v -217.87000364 58.02923673 192.13973653
v -242.44470200 43.17324830 190.79203800
v -194.72518900 -56.05717850 140.96339400
v -188.57328210 -60.86518811 115.00434321
v -191.84364300 -57.72167970 134.86906400
v -165.58003200 86.16922760 110.61463900
v 24.19126071 -112.12871005 -114.92008163
v 169.89424760 35.93890165 -3.29593757
v -133.21751400 96.70123290 161.02946500
v -124.32004189 -2.82797245 227.59589206
v 97.71695710 82.02489470 12.78126140
v 161.93352599 -83.39984950 71.88582057
v 169.26736303 -76.36355747 63.74579911
v 156.02964800 -85.36962890 60.81385420
v 141.48868031 -92.94169036 38.31053503
v -91.21124270 -93.37960050 -131.62272600
v 150.24658705 61.15977254 30.38121262
v 178.91673300 -1.60884488 220.32756000
v -381.59320100 24.00085070 7.73124313
v 48.84353317 112.56080588 -249.94201978
v -164.14712500 38.13026810 -197.29161100
v 178.04953000 28.48381040 -313.24725300
v 174.85604900 36.25538640 -313.18328900
v 109.97711492 -104.80671525 -278.79040456
v 339.44689900 -5.46455336 152.64146400
v 7.89955336 -117.12788197 -291.17587084
v -190.21434000 -28.26921650 -244.01745600
v 144.52270500 -86.46611020 -304.15817300
v 183.98320405 -5.01283237 -249.95892752
v 182.76106390 -13.92745316 -251.92955438
v 203.06937405 -69.14761692 162.29290206
v 217.77713118 -40.61631474 187.58187725
v -272.13545379 -19.36481213 165.79372887
v -279.33322100 -31.27596280 148.74278300
v -253.62898300 -33.55009460 158.74217200
v -252.61439500 -29.17235570 164.14024400
v 99.76187917 -116.95823089 34.71859090
v -187.18232700 -31.13488770 -291.35574300
v 116.73960100 83.93933870 -119.37020900
v -49.09115220 73.12841800 254.97831700
v 162.80666062 34.79864349 -236.91851417
v -184.66437033 41.77089061 31.57026149
v -199.82170342 36.45889250 39.20342467
v -119.84149417 61.97900441 -103.01431555
v 2.31601395 89.56610346 -10.63486875
v 133.99008833 -68.71575334 180.42332502
v -56.07603645 -59.78868675 216.19322200
v 53.41374433 -120.32022898 -7.32768325
v -91.04676784 -93.10497526 -180.53964381
v -100.13218880 -86.75959870 -172.02528173
v -386.27240000 72.49282840 72.61119080
v -371.06744400 74.47758480 54.44373700
v -365.94470200 76.56891630 60.37885670
v -410.81887800 71.21099850 50.65006640
v -319.52438116 36.57820980 39.90665341
v 149.40307600 66.24539180 213.62828100
v 134.22770700 60.97666170 224.72898900
v -106.59802611 -4.64123250 236.13259626
v -98.62939450 -10.92621420 237.09294100
v 170.06584350 -53.18647381 -295.56469995
v 266.90164146 17.53007845 60.51983706
v 33.78527858 89.46293196 22.86565051
v 12.00908429 -123.68178852 54.11778604
v 27.34118460 50.61463740 285.14471450
v -144.42037330 51.81089392 -124.64894881
v -99.96842190 -99.91852570 -313.37777700
v -345.44504041 -7.24046449 42.42065960
v -32.69599910 120.43559300 -313.31399500
v 53.66215520 114.35200500 -265.86328100
v -198.25837700 -16.20718570 -274.09088100
v -271.14279200 85.68831630 114.67549100
v 406.82528700 -57.42246250 45.42881390
v -116.66918943 -87.61471450 -289.72221350
v 320.20138500 -39.59651570 153.04756200
v 316.02523800 -24.79753880 162.52980000
v -99.94096370 -93.86251070 -70.87646480
v 357.72543300 -60.03731160 87.72688290
v -417.48028600 11.29719350 119.79216000
v -423.76336700 -0.35310397 117.16642800
v -415.54245000 18.29961400 119.26869200
v -414.89279200 28.06611630 116.07814000
v -424.96646100 11.35442450 114.57933000
v -329.61080508 16.18361303 32.21817090
v 8.04011536 113.05006400 -313.27398700
v -281.49197400 -4.67660999 176.11656200
v -198.15710400 14.09203340 -312.75253300
v 7.20802664 -118.61109473 -25.11470076
v -197.00906400 -11.13225270 -295.21023600
v -201.77986100 21.13791470 11.87739180
v -182.62128428 24.03125457 212.09022138
v -100.77254876 -96.18833247 108.38035717
v 109.24559800 -35.41296390 226.90306100
v 98.71271510 -35.22977070 231.75145000
v -102.84846609 97.88243601 116.72699172
v -322.13113400 -35.85559080 102.34199500
v -323.32183800 -34.00400160 92.38984680
v 160.19191000 36.35411070 -223.64776600
v 89.91138230 -102.05906267 -158.34169130
v -150.40953100 -59.32559590 -168.50538600
v -150.62226900 -59.38644410 -162.60046400
v 32.70662690 -120.83797500 -313.29095500
v 27.27554890 -118.56814600 -300.67041000
v 215.61573800 -82.33378600 122.74107400
v 165.55250500 -83.57359310 79.87129210
v 287.79726717 41.38989936 79.73264094
v 310.16305500 49.90987010 114.16163600
v 296.46398900 48.40795900 105.37461900
v -183.51110870 -40.85590026 23.03179270
v -225.15904200 4.65024185 14.26227950
v 367.85607900 41.64530940 47.75971600
v 63.12241360 -66.72064210 216.27275100
v 105.17190819 -104.69657218 -248.26343538
v -128.22340400 -75.93825530 -111.41603100
v -408.67172200 -24.13268850 76.44398500
v -24.26782800 55.36568830 285.00186200
v 179.23429850 -22.30766390 -313.36380000
v 128.54908800 -102.28337100 18.79432300
v 187.85546900 -61.80823140 55.84699630
v 84.10473630 115.41751100 -284.03237900
v 80.70087430 114.89888000 -272.32797200
v 126.98104900 -89.36074830 -190.61225900
v 84.38661960 -106.48038500 -186.10505700
v 245.54264800 -32.32007980 58.71848680
v 234.93447900 -32.43452450 55.68995290
v -108.13738034 97.89867985 170.05353258
v 190.91487179 7.14978641 -33.92040757
v -198.27200510 -16.19648232 -20.07824088
v -72.17661734 82.61437457 15.03803455
v -86.91329190 -32.13207240 228.05033900
v -12.10942575 -110.74081272 -215.34046873
v -122.72146101 58.13838157 -161.34131290
v -140.72002306 50.48191227 -180.10296744
v 397.69253500 22.13402750 115.12690700
v -49.97159575 120.71639250 -313.39620950
v -39.13690570 121.60696400 -313.41864000
v -184.12265000 -32.56125640 -313.36364700
v -129.54960029 -76.79914095 -275.56243688
v -119.10014382 -84.82361916 -277.61696467
v -45.03857800 -65.58996580 214.06889300
v -70.53008580 -107.23413821 -298.48263952
v -70.20501710 48.55503850 259.02072100
v -190.98734168 -27.22129389 0.47185808
v 3.03572392 -83.32250980 199.54368600
v 351.04208400 -34.26927190 22.91047290
v -144.58396900 51.31732940 -147.73770100
v 177.78935701 57.16076620 202.01531183
v 101.65464000 94.83486180 165.01921100
v -239.06181300 -17.16108130 178.53202800
v -254.91892927 -14.48325891 176.44718954
v 207.03974900 -37.23458480 49.41279220
v 165.50484210 -74.55400838 47.86802384
v 70.36380770 -107.29970600 -113.37262000
v 66.05350490 -108.03232600 -125.30464200
v -197.97274800 -8.54801083 -217.77119400
v -198.09704600 -10.38144300 -227.22711200
v 158.32001828 -59.18626027 -53.35513548
v -94.23432925 -21.36992360 232.57301350
v -114.10890200 -29.31540110 216.08927900
v -383.78443850 -21.01793640 57.69118747
v 179.04811100 -34.56417080 -162.97721900
v -302.11392200 47.59830860 163.56480400
v 128.78581200 92.23099520 145.33406100
v 194.67780749 -39.17720529 27.03644118
v 392.40430079 43.76267688 72.54543718
v 382.90206900 45.71677780 91.20027160
v 85.71732330 -52.00650790 223.13395700
v -6.87842392 -110.73761011 117.64962474
v -370.18243400 53.86688230 122.92778000
v 199.48204000 20.48384860 36.80369190
v 196.18534900 26.50558470 43.34177780
v 208.07605000 19.69874570 50.61594770
v 313.85690300 29.45297050 53.37995530
v 316.30203200 34.65988540 55.92243580
v -354.41790800 77.01982120 55.41514210
v -344.55773900 74.27671810 53.01362230
v -336.05426000 74.84551240 57.99311450
v -138.50036814 76.22527118 54.54074983
v 234.79942849 63.99878730 133.68381576
v -7.76448021 88.93131309 -16.36961767
v 447.00540200 -23.12487600 79.33924870
v 305.72375500 -17.60628700 170.73646500
v 319.75381500 -14.79316140 163.30943300
v -149.24759891 -73.31768376 121.82537947
v 133.82244900 60.61112980 -114.84112500
v -27.39543810 99.05017404 123.64787658
v 131.46567040 64.02445006 -125.47819570
v 115.80098700 75.61778260 -24.84489820
v 172.30204806 -71.52088580 165.39775509
v 172.47590233 63.95248855 83.50097223
v 90.54472187 32.10947760 254.34475180
v -181.05233249 -46.94495684 49.02557567
v -254.05853300 65.70943450 89.66685490
v -215.31877100 11.01655100 11.35432050
v -208.89794900 16.95711330 14.81107710
v 48.47971568 99.06281125 -98.78341557
v -188.97781400 28.38448330 5.56190109
v -179.03135700 36.30345150 8.82889938
v -373.83602900 30.90111920 12.10300830
v -370.50677500 24.08325580 13.31577680
v 238.14566000 -5.36176920 199.14369200
v -38.62443920 119.76907300 -303.73220800
v -201.62812011 51.15011977 202.77966321
v 156.91897879 -57.39991855 -135.31812690
v 155.43255600 -59.66420750 -152.95332300
v 15.28422827 -102.18407019 148.00481282
v -137.41248609 -69.55468481 -124.95331839
v -250.92840725 -44.73815479 111.45580601
v -239.72337300 -42.45538330 95.56495670
v -132.84674100 -49.83164220 184.65437300
v 16.13488185 -112.46901589 -115.65780174
v -199.12530313 10.80811229 -124.99299016
v -365.48715253 -29.82455634 102.00621755
v 112.81899493 -112.11073801 53.16380504
v 80.18947385 -98.50168029 144.86550570
v -69.23609470 -112.48842862 -16.05796673
v 212.26063500 23.82281490 56.46641160
v 206.07527200 33.65230180 62.96995160
v 201.57714800 43.18600850 71.32716370
v 31.90810200 -115.65475500 -270.64956700
v -215.33573769 -17.36511681 45.48307520
v -191.37486300 -43.20005040 64.87678530
v 178.21077130 -36.18542909 -111.47587276
v -401.40902700 70.17433930 64.63670350
v -410.65066500 66.30235290 64.75050350
v -391.63311800 71.83618930 64.70838930
v -393.83749400 70.41948700 74.15415950
v 186.09041707 -10.89999967 214.25206577
v 151.05705623 68.24102903 -280.97361413
v -52.87350052 -105.39783885 -86.90545465
v -160.79832906 59.54462423 41.90083493
v -168.59912223 52.55826117 35.06927625
v 422.87164697 1.16639496 103.56778627
v -111.24878700 91.74407200 83.79139710
v -186.26936300 22.08404160 -224.85801700
v 116.31432423 71.25240760 220.76699998
v -122.01862300 97.03784180 167.77577200
v -231.17280600 31.78241350 58.05949020
v -19.67917194 -84.93019238 183.36987502
v 40.37266920 68.84575650 251.68895000
v -361.49826000 25.57804110 19.85468670
v -354.36373900 29.80856900 26.34565350
v 122.55220000 75.56742100 -104.58149700
v 182.49711600 58.70063020 83.89219670
v 324.40988200 -49.16699220 55.91218190
v -274.35305047 43.33001469 62.68473242
v 110.30711400 -113.58886000 35.90281300
v -246.80005898 86.74514659 136.80577054
v -65.62653982 98.87330762 -238.41392206
v -48.82004837 88.46733022 44.77131204
v -313.53765900 -37.25082780 111.32249500
v -205.13557107 16.78116367 201.72124796
v -308.83685300 -23.13120460 70.32542420
v -328.62972167 -23.10577158 68.20326970
v 180.76741322 2.19259618 -200.82592621
v 168.63171400 -55.46497730 -193.86691300
v 402.53002900 41.29648970 74.65327450
v 425.72296100 41.09116740 65.56742860
v -350.76327500 -30.75470540 91.93632510
v -337.93338000 -32.46316530 100.63887000
v -199.53852800 -5.57650042 -235.88717700
v -82.75914760 -106.37313800 -313.35403400
v 362.56079100 -15.08104130 13.53455730
v 367.39198352 -21.62266573 10.66297661
v 190.15072600 -84.16745000 105.23793000
v -60.10693378 94.89547841 88.23443422
v 127.15520500 -104.41537500 27.65256880
v 129.24655200 -103.07556200 36.83805470
v 123.64286389 -106.69236174 35.71830759
v -232.88792400 11.30450340 37.84043500
v -227.46804800 11.01497080 30.48536300
v -241.04151900 11.60179040 47.59852220
v 253.93028300 -37.49651340 64.07270810
v 59.42910245 65.90034142 246.48812400
v 47.17012790 69.88381200 245.96855200
v -375.99713100 -23.08987620 122.67927600
v -366.90594500 -25.18953700 123.64933800
v 108.68578287 96.16816465 -254.81262856
v -166.73102174 40.01237857 -113.98766539
v -425.40103100 -13.38290500 108.24034100
v -426.31628400 -8.75183964 116.01442000
v 352.67030700 -28.49369240 140.57789637
v 130.27045367 78.17177249 205.65480482
v 125.84689485 69.84157627 220.96932351
v 142.55343654 74.87833740 -251.29447706
v -170.90465956 -36.98137734 -95.11187070
v -110.57544700 -92.60002140 -48.96504590
v -107.84918200 -91.37809750 -64.88758850
v -168.77367689 -62.13232038 146.53890856
v 250.17637600 -6.38699818 49.49485400
v 262.24115038 -0.78482710 53.76728471
v -282.23519900 86.20122530 113.07899500
v -294.59713700 86.35995480 112.67335500
v 123.64361600 -93.58145140 -58.02038960
v -132.64550097 63.84126540 -269.13346273
v 116.65547863 91.39016171 105.85283502
v -350.74948100 82.54611970 95.68125920
v -353.00698900 81.93166350 77.27900700
v -368.45620700 77.39537810 70.02348330
v -246.83891300 32.37818530 62.80369190
v -51.72552870 93.34407810 -156.61752300
v -336.43927000 79.15639500 69.45970150
v -199.12455700 -1.10820711 -207.97067300
v 118.00793500 75.13581090 -67.80839540
v -5.26184559 -83.50670620 196.13615400
v -1.16950262 -87.29699710 186.52726700
v -198.28401200 -7.08532190 -133.44209300
v -333.92101918 73.02900879 121.98262732
v 158.26379086 37.52634342 -128.48649728
v 445.41503900 -37.64373780 73.16386410
v 85.34965053 92.67754491 -99.18288138
v 208.65479868 -18.59771050 19.48285564
v -10.91393988 99.79428076 160.10017687
v -7.01706655 99.73343383 153.98280132
v -377.11338923 -15.70967483 127.87426454
v 78.85840302 -110.69028854 -260.05237287
v -174.90950000 59.13337710 206.75285300
v -180.28277971 46.80809571 213.83563261
v 300.85730000 23.31264310 163.30842600
v 177.52424224 40.51385696 214.56575585
v -119.10798600 -80.59403230 -226.22631800
v 149.16156095 32.35478634 228.92412456
v 106.37140924 -110.17116427 88.33503983
v 117.07159360 -108.49533646 70.26321932
v 282.36646457 -68.19693604 126.42290116
v 268.43281523 -72.50441893 129.28904904
v -371.15078700 1.10725605 26.39930340
v -343.06201200 8.30697536 26.25996020
v 180.09637111 -38.36686301 -26.96776726
v 124.79834602 -18.53242454 230.64225630
v 101.33493800 -26.85332300 236.28672800
v 343.53750600 -53.17496490 51.47047040
v 376.53195200 -29.88280110 126.33189400
v 374.37646500 -22.83351900 132.29545600
v 200.97967500 -82.80818180 108.58857700
v 205.92791700 -83.67193600 117.20533800
v 205.34161400 -78.41449740 101.67665100
v -107.63365900 57.37437060 237.92283600
v -127.60689552 55.85916763 -212.87268375
v 248.12518300 24.88701630 66.34324650
v 152.16040378 46.47445768 -60.30308146
v -216.04373545 35.86225901 54.03090641
v -197.75430300 45.31324770 54.27384570
v -203.40092500 38.31721500 46.83698650
v 64.51866150 72.15287020 238.61753800
v 0.86953664 82.02523040 245.03489700
v 197.51681500 -5.29160118 -36.99245070
v -198.28575100 -55.89710240 98.13945010
v 3.22114374 -111.74058526 -212.66930869
v -186.78096077 25.67629216 -292.20285951
v 195.80049100 -84.11680600 126.25148000
v 258.82859823 0.79664163 188.78139206
v -129.02413973 -78.61191705 -289.70147911
v -177.81097141 -32.25241910 -151.18371048
v 149.33660900 79.11344150 88.63670350
v 142.02040033 78.84979282 76.70521403
v 382.76263400 39.56633000 28.40382000
v 376.17565900 41.36421970 43.13114550
v 386.74765154 42.17661165 39.22279722
v 56.22078898 97.15567745 176.29145286
v 66.06686167 97.83769990 142.66310059
v 265.61053500 -66.55336000 85.22785950
v 252.38806200 -64.14461520 81.96211240
v 264.51327500 -60.50764850 78.31495670
v 136.34697700 -93.82848360 -313.40504450
v 83.04386897 117.28006682 -294.30983733
v 196.93857871 -66.29959892 166.97314034
v 162.46042509 -66.47255109 174.77031683
v 275.49429300 44.17662050 91.45158390
v 269.37829600 48.11086650 99.67921450
v -5.16648535 113.38496558 -294.51437340
v 61.53982540 99.01896670 -99.37464900
v 406.70880100 -56.56666560 58.56806560
v 412.34390300 -56.39770890 58.30375290
v -119.73960146 -79.54442881 -119.99503631
v -53.30478670 77.06404880 247.67875700
v 37.02064700 115.87719918 -298.70236775
v 20.01395230 114.60039500 -313.33749400
v 131.35636900 91.32016750 159.39537000
v -26.30543066 -110.41844802 111.20295450
v -24.63848363 -104.70842519 129.30234080
v -83.15494567 80.29453591 -178.29071649
v -339.13374032 13.36551118 152.99288894
v 16.17618675 -116.40755793 -281.63313860
v -155.50043401 -1.59200363 214.92231358
v -28.10832829 -120.02313521 60.85669818
v -30.02074224 -117.76572105 76.26554250
v 174.43542406 -42.35140818 -274.41518116
v 340.19683943 -37.11766635 143.20562347
v 91.52539060 -105.11688200 -192.59747300
v 98.12004090 -101.96273000 -181.49800100
v -299.29885900 44.91280750 53.13813400
v 415.68121300 22.01531030 102.99491900
v 408.01593000 21.56723790 108.47767600
v -21.81381917 -114.57011756 -279.35450917
v -411.23092700 43.57458500 104.19715900
v -416.02066000 47.71459960 93.41654970
v -188.68505824 -1.63642327 200.12699763
v 189.84228500 -13.28233240 -137.66136200
v 241.82287600 -20.23733900 196.33503700
v 234.67733800 -11.34968090 201.61222800
v 156.03007915 48.76717410 3.08709689
v 72.73178100 41.07955170 263.51828000
v 74.34732820 29.11413760 268.18203700
v 189.29751600 -25.78283690 -91.90635680
v 187.97752168 -12.33222135 -100.95840950
v 29.58031787 105.16361574 -188.80679028
v -170.23834273 -41.05043888 -163.12025908
v -280.16757200 7.18559551 46.16010670
v -289.78210400 7.97885895 44.89805220
v -376.43252600 -28.80598640 91.67247010
v 352.43675158 15.48508853 25.04743427
v -319.97457900 -24.30242160 70.86210630
v -176.02606681 90.53596738 133.45483329
v -273.73125043 -34.97552326 91.29028682
v -279.79661335 -38.91965119 106.88338246
v 58.67671260 97.67552216 129.11373701
v -177.74667132 33.50314202 -31.71629766
v -233.82759100 -34.00239180 163.52430700
v -237.55147835 -38.56344224 157.46005145
v 46.36830504 86.95964900 221.32714779
v 59.12406782 83.66291768 223.76718277
v -186.43759200 63.37456890 71.79612730
v -34.39581199 99.27571610 -174.56537896
v 245.49224900 -70.01072690 86.41816710
v 231.03178400 -67.38117980 81.10523990
v 245.79414400 -59.36185460 77.37467960
v 220.55670200 -77.46937560 105.48347500
v 210.04763330 -73.59268657 94.52348158
v -275.02084400 74.07711030 150.03205900
v -197.79017591 -29.08255096 179.54116936
v -129.87984002 -80.54528651 -306.32185151
v 20.03332766 89.17560820 26.05101611
v -259.82223889 21.26532153 186.39184667
v -272.99801600 20.64096450 182.90983600
v 274.98769864 -54.70383083 164.84256888
v 263.36904900 -51.03311540 171.73609900
v 153.53433632 2.89942808 229.73232735
v 298.18005400 -58.75095750 73.51713560
v 273.47750900 -66.72146610 86.74504090
v -99.37337732 74.96717383 219.29087109
v 176.27606200 15.74383930 -63.20598220
v -107.88265556 -20.78843133 225.89741671
v -157.57545500 54.24000930 -313.16720600
v -153.12825000 54.43244170 -301.61941500
v -151.45333900 61.72365190 -313.79901100
v -159.99937400 49.03693390 -300.65750100
v -166.14228783 44.84919980 -305.55023821
v -113.29800400 72.05451200 1.24961483
v -99.05775438 76.06789345 3.10630945
v -98.66579740 73.96575148 -11.99270899
v -14.28571288 94.20352272 -83.87080724
v -114.54512000 -86.06954190 -244.54240400
v 41.42594218 -123.40568560 56.63449860
v -180.56779811 26.26957662 -203.98704857
v 163.78394888 -63.58157642 -297.61189675
v 158.48184858 -69.75439130 -286.76175335
v -65.85360164 -102.08113072 -134.18060208
v 153.47097850 44.61128155 -76.06803881
v -171.76773100 -61.74753190 67.89057920
v -161.62236933 -68.78340418 61.94563676
v 154.76207000 -71.70266720 169.68440200
v 180.80838000 17.14518930 -118.14628600
v -92.18938450 71.81935880 -98.84217830
v -102.16143271 68.56542455 -98.76397753
v 49.84420390 -118.16007200 -301.20343000
v 34.42594269 -118.37827074 -299.74179999
v 17.31934371 -117.84938108 -295.35834299
v -185.66231566 -31.64358140 -181.35262336
v -175.29197185 -38.88570665 -175.53361069
v 175.92393500 75.07229610 111.92277500
v 284.84826700 34.09780500 166.50379900
v 281.65444900 27.32375910 172.83116100
v -76.31926437 81.98495672 -166.26914453
v 208.51686100 -57.86536030 66.27848820
v 218.96864571 -55.05830990 67.06605054
v 189.62673776 -20.44459474 -110.82854741
v 57.32485086 -121.02308075 75.87755689
v 296.71261600 -68.21924590 93.33515930
v -71.34880287 91.83486016 208.94872632
v 354.85018900 -42.20966340 31.27357100
v -163.52602106 -44.57802236 -80.52870605
v -166.01189474 37.61575895 -153.85053314
v 236.45469700 -64.77503970 162.95207200
v 113.47022043 -101.64489890 -62.26638783
v 413.72085600 -50.63029860 82.85145570
v 214.56416544 47.63145557 81.65028901
v -167.19569000 -66.97364182 117.17307688
v -156.94090300 -67.84060670 134.86863700
v -172.46942137 -36.21811817 -142.33789519
v 167.77873200 -53.78199770 -239.05210900
v 133.56091449 -99.54760060 79.26367102
v 131.05769300 -32.65560530 219.63224800
v 121.33509100 -37.30743790 219.85429400
v -206.67204961 -56.64519564 119.02846201
v -175.09586899 -62.27621173 136.16078508
v -38.37174623 87.28597231 -68.23299537
v -22.72275691 89.39981985 -52.01696376
v -19.83213872 93.03712421 -77.00692648
v 214.82257100 69.47083280 136.60481300
v 172.90461700 -44.19073490 -254.38481100
v 294.82912402 46.45735842 134.27848829
v -122.04662779 6.75170480 233.51546775
v 75.91445160 46.99290470 257.98855600
v -57.82239040 -117.78948641 32.21894737
v 341.89764400 -44.03056340 41.01469040
v -193.28152862 89.72618836 161.34359627
v -196.27158173 84.35874029 174.90601700
v 372.52020300 -15.10370160 136.93260200
v 365.71411100 -12.66690540 140.92012000
v -76.94021610 88.81005100 211.61839300
v -85.34597020 -113.26116200 13.15711590
v 103.71969600 -18.10672950 240.24754300
v -25.00766596 104.69064356 -203.03216569
v 19.18783167 -112.46014546 -212.68020756
v -103.02055168 -87.35378039 -132.01691754
v -117.86486019 -78.97093102 -134.00861679
v 251.34378100 57.71605680 116.65827900
v -238.57431000 75.17085270 172.12593100
v 130.83931644 73.27617099 -171.43339636
v 323.94113200 31.43801120 146.05641200
v 11.84479163 -112.10517562 -178.93354221
v 201.69180300 -46.38383100 54.42921070
v 229.46980352 37.23532648 191.56558612
v 213.13330457 37.64284458 199.35987503
v -128.45037629 57.17275981 -135.32894283
v -117.79110569 60.23050079 -131.93507293
v 106.90902432 -106.92205609 -288.01116991
v 0.11200607 99.44123818 -132.26152984
v 13.13144796 -122.95999165 7.70783765
v -108.36824000 -96.32263180 -313.43753100
v -185.59458900 24.99516110 -243.41371200
v 177.58786000 7.72959661 220.60923800
v -79.01305308 87.68141827 -199.39924233
v 176.77687908 -39.95724863 -186.04886536
v 329.80526700 -62.88574980 81.99192810
v 348.46563700 -57.98181150 56.72846600
v 104.33100100 81.91950990 -38.96016310
v -208.46756000 -49.41992190 151.19306900
v -386.47274800 7.88220215 14.93116380
v -386.06509400 13.94170280 11.00056080
v 181.83703600 21.02856640 -25.52479930
v 302.47049000 31.72300720 58.13953780
v 81.75434150 -109.05648161 -63.16660770
v 44.29593778 -121.93280699 71.72348244
v -326.66949500 50.26758580 155.20784000
v -124.62042510 -77.90754317 -73.48540333
v -140.25435725 -66.25565338 -87.26503620
v -2.50559189 93.93380904 77.01056760
v 168.48626700 -50.30421070 -167.48989900
v -28.78848654 97.45071227 -137.47925071
v 107.89887721 -98.12367034 -109.79909869
v 57.04145810 -80.12722020 193.27717600
v 208.25045191 -74.92410298 152.48117018
v -65.83920757 -103.59780495 -77.63599093
v -80.64373753 -97.81590034 -88.82943272
v -100.01966023 -92.19675121 -81.56258612
v 122.12354300 -107.34799200 16.79526900
v -202.66476400 -29.31341360 51.92841720
v 203.59613000 51.58389280 192.93794300
v 214.95034572 60.74810005 175.84191564
v 109.30574800 83.17030330 -78.41311650
v -417.01967866 -16.13945052 107.63546134
v -405.18228100 -14.99466230 120.27192700
v -343.30679300 56.60013960 139.48313900
v 39.63510890 59.81154630 264.23526000
v 245.37983500 -73.79169817 95.52309200
v 236.36143500 -71.98163600 90.43980410
v -411.94290200 55.20458220 84.52458190
v -10.71815458 105.17871138 -199.54549926
v 55.78046730 110.36025870 -214.85861394
v 128.29716468 82.80437984 -196.06733775
v 63.48371890 100.49817700 -114.46650700
v -157.64654500 45.55192570 -118.21115100
v -91.15263587 -95.95996604 -77.32027664
v 214.02899667 -7.95518377 209.16013416
v 225.67750500 -10.03458790 205.21031200
v 190.23613000 73.28873440 117.33348100
v -199.38044096 -9.91951313 -242.23783677
v 331.15228300 -28.46862220 32.44797900
v 350.99041700 -50.19012450 43.45188520
v 258.81283600 58.54689030 129.11546300
v 156.03213944 43.96942967 -45.10583831
v 76.70110664 -119.80178988 1.67061855
v -447.17272900 18.00781250 104.17518600
v -203.22549490 15.92110347 -13.57963259
v 179.70865298 -22.24467574 -230.28892933
v -328.92160000 84.36808010 92.55915830
v -320.86301539 86.00203341 106.67813628
v -319.83525595 62.28114472 145.31946830
v -321.24652100 44.69769290 158.52796900
v -105.89659761 69.25743272 -46.47540772
v 178.43853800 -48.89031220 7.40134811
v 197.05973608 13.75679468 13.07852425
v -77.82617950 32.76736165 260.58224500
v -82.65967560 35.90543750 254.71800200
v -87.40112300 24.79827500 254.88774100
v -399.71902500 -25.66688160 82.28999330
v 288.55810500 0.67272145 43.67219160
v -114.53564311 -97.24619853 -11.91234100
v 157.81160000 -88.08549500 123.81996200
v 202.05328400 42.94995120 202.42289700
v -208.63239713 -10.55465767 7.36134226
v -208.35133400 -15.18202500 20.50992970
v -218.68844192 -1.36677321 11.84767962
v -183.44999864 -32.65354557 -10.12056543
v 86.66820742 48.64713070 250.67686754
v 94.93610132 55.38910440 242.43535900
v -200.01271100 -6.99494267 -151.04922500
v -44.85691830 -117.07628600 -313.36895800
v -141.32058700 69.93080900 -313.48635900
v -23.75340018 -109.65331360 -98.76440371
v -3.42023826 -111.51634238 -132.45616037
v -94.98179036 90.72082691 -261.29428705
v 257.50429759 25.43590938 181.53943372
v 265.86041300 23.65739440 178.82606500
v -248.25104521 -30.22365665 78.17447751
v 113.99792562 104.44749489 -303.97932853
v 122.39117400 102.23137700 -313.57055700
v -147.31156900 -78.14632420 95.16600040
v 227.49969500 -79.30889890 128.68684400
v 198.91265055 73.46442129 135.12500761
v -371.19616700 22.58226590 145.19160500
v -41.30330833 85.01703362 230.33630757
v 200.02538537 3.67179447 213.28037840
v -106.31646000 75.11671450 6.26441574
v -114.31733700 73.88019560 9.72092819
v 366.24789400 2.20244312 13.08817670
v -48.91993942 -104.33487501 -193.16735097
v 49.67055362 -110.09697513 -133.84248147
v -441.90554800 -14.90296650 93.61875920
v 66.02940444 88.09444356 33.65061534
v 327.69705200 -37.39015200 150.17070000
v -81.03104400 81.20323180 223.63999900
v -143.94825700 -61.45573430 -181.40989700
v -149.47632331 -70.96677708 131.72804856
v 117.38047111 91.35137554 -247.29991511
v -174.76544200 45.57701870 26.78440480
v -181.22412478 46.96515914 38.73678262
v -194.81393372 15.24535112 -240.85704164
v 3.62833977 108.54873700 -239.32191500
v -193.26689100 -20.01176830 -295.56094400
v -127.31126043 -57.37385908 177.57757702
v -134.17294335 -69.92255713 150.99835809
v 227.14521800 25.44013600 62.53629680
v -414.22210700 68.98961640 57.43336110
v -420.48898300 63.81097410 67.46391300
v -193.31097400 -48.36955640 76.68736270
v 266.68066400 9.09742737 53.79478070
v 270.68774400 -4.55725431 50.67283250
v 295.76934734 35.94123768 66.71064746
v 143.81838604 -78.32182517 -31.59697494
v -153.94075504 -72.57636770 28.95161044
v 183.26359600 62.19425580 190.45317100
v 323.51025400 48.70229720 89.76301570
v 335.31594800 50.77133180 87.29179380
v 288.28227257 -61.42279421 145.67602979
v 152.74001336 50.02427299 -227.41445540
v -51.49862670 57.33156970 266.56051600
v -40.30324940 66.17127230 266.26535000
v 181.05793800 18.39338870 -42.00166700
v 181.91971684 4.91758560 -60.56794216
v -178.70172100 35.27409360 -313.42349200
v -25.55887600 94.24394990 -97.43516540
v -195.20569584 21.17460227 -57.69168799
v 115.15429989 75.79441783 -9.83142253
v 96.50337980 -99.69741060 -150.74165300
v -165.30932392 41.26847003 -89.49828040
v -336.66024800 -29.29253010 110.52760300
v -330.87864034 -28.30281801 118.62229792
v -181.42295800 28.78361510 -253.44314600
v 10.39550035 111.36276583 -291.22091726
v -152.84028600 93.42768100 138.39195300
v -276.21142600 1.71989548 50.79273610
v 168.50694580 -46.96549333 -110.56450735
v 78.37772775 -106.28567477 -170.49587760
v 62.08816910 -109.07443200 -159.27972400
v -136.85984503 -68.88321294 -140.03141098
v 302.12704500 -42.78461460 56.93427660
v 173.04481642 27.80423593 -279.58051568
v 158.87317417 -88.71681239 104.02262047
v -208.61434900 86.36485290 126.26405300
v -197.96435500 89.06542210 134.45298800
v 253.11756900 -55.15576930 75.57633970
v 299.22772200 -22.89167400 171.96397400
v -150.73779298 -57.53396047 -56.26815071
v -96.62747529 -41.59282412 212.04031498
v -31.65144540 96.51559450 199.34907500
v -75.76185610 113.33471700 -313.44229100
v 328.48196400 -51.54203410 130.09547400
v -272.91485307 60.50315439 74.93899228
v 23.75709753 -123.99953895 53.39741067
v 173.90728800 76.42001340 175.85182200
v -54.84237606 -117.66698864 49.93494261
v 327.22238200 40.75748440 54.67664720
v 90.76893620 -118.73584700 54.04804610
v -5.47642406 -89.33890732 178.86568343
v -89.02317167 86.04836376 -216.16768712
v 159.90089228 -42.05993313 201.59391172
v 168.44708300 -34.20045470 204.25535600
v 391.27072100 -45.50003050 103.48155200
v 184.52957091 -20.35336712 -148.54410627
v -226.09669500 23.06454660 196.94926500
v -55.91858219 81.94711799 -9.75855070
v -272.71349202 -40.62906996 136.40987261
v -181.49112288 26.12342374 -168.03084940
v -46.92028810 -106.16605400 -103.80708300
v 175.88371300 19.35765840 -77.15802000
v 181.01958989 1.60736233 -69.02249188
v 228.47213130 -28.88359600 193.84867360
v -205.63267224 -4.33159828 -38.56196062
v -199.75266477 14.64646023 -72.67781010
v -25.07505040 65.17071530 271.20925900
v -169.62171200 -48.88620950 -313.33937100
v 122.71547297 -88.92470929 -160.58619161
v -123.82276200 -72.52338410 -184.98837300
v 204.72692900 -9.48387051 -24.32014850
v -171.07395900 -39.63101200 -240.68309000
v -90.37551880 35.16152570 247.17655900
v -77.71002960 46.09083560 254.69841000
v 303.84124800 -10.95175740 36.34794240
v -200.45460500 0.14199406 -192.82571400
v -147.76129536 77.73849902 68.88135397
v -172.65168800 77.10353850 91.92701720
v -336.89868200 85.37883760 98.39299010
v 93.19244360 96.60927647 150.41802721
v -55.83566935 83.27268177 -78.15289336
v -83.54474271 -103.68341459 -300.27520135
v -74.05507660 -109.28605700 -313.43063400
v -404.41290300 1.93181837 129.82530200
v 280.28305100 -52.86777880 163.58842500
v 290.11157200 -57.05373000 155.56913800
v 169.54084800 30.37611200 -55.15999220
v 139.89727800 42.42313390 229.73173500
v -114.14235700 -92.82971950 -313.36596700
v 225.88425106 -20.97466794 45.11164541
v -170.25567941 34.40762373 -160.72763868
v 21.71198460 -78.52169800 210.76890600
v 41.78330537 -114.89372094 -266.08519076
v -216.44210800 41.63718410 62.23112110
v 145.71315000 47.25958250 -143.94970700
v 139.98542800 52.89072800 -140.16529800
v 140.26551800 52.76010890 -149.38404800
v 186.03196700 -6.88123035 -94.24127200
v 136.63894700 88.84869380 170.44993600
v -155.67812856 -73.88887129 84.45895907
v -151.44196805 -75.42752172 75.17694366
v 170.54739735 32.89494594 -27.19175936
v -42.18827440 -107.61622600 -90.71788020
v -7.43622923 -77.77709200 210.89445500
v -26.82463650 -73.60856630 209.30436700
v -199.12785350 -7.93565081 -313.29994200
v -167.85167091 -59.39335323 26.56651687
v -244.87657200 -48.36637880 121.11894200
v -232.07584764 -51.41585923 118.92298560
v 258.26620500 35.66513820 78.79185490
v 270.63223300 33.73034670 77.62248230
v 155.37885028 -17.14964324 219.29267392
v 24.07166881 -123.60482428 16.68601290
v 72.28976593 67.82617696 241.45991170
v 269.23306300 44.30557250 160.03184500
v 277.25227398 44.35717315 152.79327892
v -195.91517600 -31.66234210 44.89121630
v -195.96363800 -23.24118420 -249.48333700
v -47.32191844 116.30502441 -294.53019484
v -413.96151700 -18.41527370 49.74045940
v -409.70095800 -15.98796840 44.89310840
v -137.15267821 53.91547662 -149.30721140
v -334.76912873 2.90637242 33.99846887
v -63.04328920 72.29003910 251.04728700
v -132.94549367 57.81194756 -33.37404978
v -157.84358634 45.56888160 -20.59621955
v -130.61608918 -88.05207960 86.61375386
v -119.23320000 -94.72793580 85.89033510
v 9.28298805 -123.57419601 17.37307787
v 112.13288900 -106.68955200 -35.19264600
v -387.34961822 -20.29589354 122.07807883
v -98.22462460 -107.07780500 59.78702930
v 76.44511410 -122.23927300 38.80982590
v -93.13314200 -102.28497345 94.69318572
v 449.13357500 -7.69471312 83.41355900
v -110.43054539 76.62439782 -242.73318515
v -228.59485571 89.30953978 131.53797987
v -65.91273500 92.08135220 -189.30102500
v 236.24904979 -1.85514448 41.46585255
v 223.25885000 51.86429600 183.71131900
v 235.71086100 45.85292820 184.83760100
v 345.98205600 -59.39064030 97.20201110
v 343.03936692 -55.09093914 111.33126238
v -42.38877234 84.22167460 2.54941943
v -199.08591240 -9.78574844 -188.45555674
v -196.10073579 -22.22304055 -183.59592190
v -45.88994043 -95.08662259 146.33051149
v 365.27663094 -50.13898335 110.41304059
v 20.68611721 105.86510835 -210.03358155
v 7.69764902 105.32409523 -200.78915303
v 173.79579524 -82.00958583 85.67967952
v 180.16404700 -85.35253910 101.03041100
v 364.29766800 23.77301410 21.06174850
v -196.85334229 -22.41939967 -262.96646262
v -302.24337800 84.36106110 119.39445500
v -134.58018500 49.92398070 229.05027800
v -221.62255900 74.53424070 98.18397520
v 370.00131664 -37.51845548 20.65060288
v -99.50361630 32.37872700 243.65544100
v 226.92515819 40.89979068 78.68475765
v -211.62475771 21.27448294 27.13109571
v 33.84701034 -116.43009918 -41.11694759
v 100.31720000 95.59852600 -221.69343600
v -353.35583500 23.90932080 150.12562600
v 140.17025800 73.88893890 209.83183300
v -250.01649500 29.10204320 190.28291300
v 101.88718400 3.46213436 250.70610000
v -125.76676486 -77.29928532 -88.17919121
v -25.72958560 110.14248700 -247.66450500
v 71.97382414 86.63205345 24.63585690
v 63.14141460 87.68425750 23.17243580
v -259.79049700 85.38970950 116.14656100
v -114.69973060 98.23250987 143.93227461
v 126.43271931 68.75812338 -45.95037664
v 142.93863394 55.24611270 -47.17669410
v -380.33297700 -17.24267010 47.81711960
v -55.42934260 -98.39611595 132.76338713
v -347.69119300 15.96316240 25.30433270
v -250.57997100 -35.43628690 84.72456360
v 164.68808000 29.61387440 -220.66137700
v 169.27496300 21.05459210 -220.39411900
v 399.23773200 -0.43649381 120.94496200
v 412.48147600 3.07851791 111.86781300
v 168.66070600 -85.51010890 134.56395000
v 59.50236890 104.23410000 -142.81306500
v 137.53754225 -46.51420967 203.88689625
v -187.05174300 93.48011780 149.53312700
v 136.12475018 -86.04316236 148.60640243
v 154.01001447 68.42599302 -300.23036514
v 284.34613000 -69.01399230 91.40806580
v 424.92227200 -53.48574070 71.32182310
v 325.33941700 21.23280910 150.04789700
v -34.14963472 -120.22665472 18.09311568
v -323.35247800 75.35736080 65.76972960
v -311.32775900 76.17945860 73.24354550
v 282.58627300 54.07959370 122.74565100
v -148.17830609 -64.47584096 154.15057733
v 126.49608685 54.35248623 230.31976471
v 122.16243700 63.33895870 227.52220200
v -60.08660890 95.82212070 200.53196700
v 244.22677600 55.55018620 104.02919000
v 169.83293200 -66.62828060 31.44282150
v 48.09604220 92.48761810 -33.09536626
v 138.96461500 81.26836400 -261.88589500
v -228.14128100 -4.04122686 37.32304000
v 149.90242003 -67.56555351 -55.85207315
v 12.42502294 -113.38805238 -243.06555123
v -80.88403028 104.67506474 -295.52582469
v -67.96931895 -115.39438835 49.29465640
v -61.27086733 -115.38554185 62.72582679
v -71.94653549 -110.09739134 -29.23754973
v 162.05177300 54.52115630 217.17155500
v 112.93423500 11.46423820 245.09794600
v 16.14407920 -121.81149300 -313.28887900
v 156.48929386 -74.22716019 12.25791612
v 255.35661300 -13.53949070 193.30421400
v 134.03510164 -99.95703295 45.03042515
v -114.92450700 54.53085710 235.94175700
v -326.48590100 58.43980790 47.92533490
v 370.96179200 -45.10881420 117.38749700
v 7.74608879 -123.12430590 10.37526022
v -131.24404900 62.45874790 -1.23878849
v 182.13244600 -16.98506930 -243.32443200
v -146.46235714 54.24232228 -267.45310446
v -187.27659600 22.68549730 -256.76541100
v 266.59915200 37.57772060 174.29539500
v -406.13754300 40.96355440 110.82823200
v 157.37703700 66.44755745 -313.33258050
v 384.65502900 -10.76051140 130.75212100
v -62.37569110 -102.06843147 -200.58148459
v -74.91033171 -99.91266418 -209.77217611
v 60.27271650 102.21397400 -126.48678600
v 67.69117740 121.57250200 -313.39657600
v 32.55526049 -119.87466015 85.54136099
v -271.10099068 -4.72288393 57.04472275
v -317.25744600 -13.59149550 58.97520070
v 388.49163800 -21.79680630 6.05335617
v 158.10575900 63.17813870 54.49625780
v 134.87801710 60.45676715 -146.06554929
v -109.48028600 -93.18395230 109.26890600
v 159.43113467 -67.91702986 -232.18602019
v 61.72716574 118.81699607 -298.26726469
v -230.53698991 -19.33052933 61.92395855
v -235.99711600 -11.88533120 57.17429730
v 106.60423016 -96.38715784 -134.17718768
v 273.00152600 -62.77565380 158.80680800
v 383.95118090 4.86919485 128.26252075
v 326.95419300 -63.94622420 90.23503110
v -115.15230243 -86.50547070 -64.17878753
v 147.31900000 -85.44626620 -313.45169100
v 359.19575201 48.63697442 70.74363676
v 247.49635300 -41.20969390 65.19450380
v -397.28570600 6.94334793 133.90654000
v 153.48073165 -79.86808426 27.29292724
v -160.16656500 -56.28377910 163.41651900
v -379.70385700 23.99921040 138.85682700
v -362.49346533 33.13107287 144.94408740
v 61.80794381 115.13683107 -273.45246150
v -333.76971400 45.80350110 154.17842100
v -340.44400000 34.05521770 153.11125200
v -96.47215714 41.22181345 243.82748884
v 177.84343554 -65.41592489 171.63387966
v 101.47896808 -86.35359372 162.95102937
v 97.63724099 90.34497995 188.39608314
v -190.05857800 -28.94557190 -190.09135400
v -151.15199300 89.12711330 184.65544100
v -1.42629528 107.98754165 -234.57730161
v -14.88981447 -110.28886329 -113.53053742
v 422.23434400 -59.11549380 39.75800700
v -66.34851840 -101.28699500 -120.98631300
v 137.19439623 61.08960982 -14.02214300
v -145.96663637 -62.57764617 -131.67228473
v -365.23358200 55.88771440 28.42676930
v 45.62220557 -118.16654964 94.31520255
v 127.32544101 70.90454784 14.44916382
v 141.18338008 66.53860400 27.52037925
v 92.56103111 109.79688065 -264.95894178
v -277.41403200 -36.45619580 142.72785900
v -298.78446016 38.96718524 49.90086369
v 182.13589807 76.03591142 168.19348344
v -36.59049568 94.98399679 -130.55404595
v -18.84287064 95.86689799 -107.22912843
v -182.20925900 -62.26164250 117.20253000
v -370.83575400 77.25453190 79.66603090
v -154.10272434 -54.54399161 -135.64325664
v 369.35064700 46.69791410 98.62944030
v -279.65457200 9.03843975 179.82890300
v -294.87088000 16.91342350 173.42683400
v -18.02862660 -117.32457826 -295.41561008
v 249.46525501 41.04725205 83.14071863
v 236.79425000 41.33095930 81.27330020
v 149.77612567 43.95434705 -185.50567456
v -81.50591190 95.77249233 97.49481612
v -114.48938800 -87.71910100 -271.78942900
v 343.63986200 8.62213421 26.14518360
v -275.17820580 50.10084713 175.12600727
v 304.86945609 45.41470610 86.21499908
v -169.10864490 35.08497321 -180.44827358
v -66.96997072 -103.04326340 -240.30514511
v 198.80675744 -26.35253849 202.25389283
v 68.51114393 -115.20196183 -35.31877529
v -116.54532600 14.05682660 238.86314400
v -143.99813800 15.47692680 228.10527000
v -126.50932024 -75.04505095 -233.58427732
v 120.60579945 89.38516113 -239.10482903
v 83.30948164 96.53329514 165.50360494
v 93.03369900 94.71876530 176.35463000
v 189.99288523 -15.96755255 -126.13242674
v 175.66404700 -60.75375370 29.61188890
v -226.41923500 -18.88288500 179.71461500
v -39.27884029 -111.73539724 -49.16689114
v -221.71661400 46.39419170 69.32145690
v -140.45293624 78.17807341 204.38878908
v -115.74961232 86.40260986 201.67086411
v 163.15736321 55.41698608 44.40774697
v 10.31921010 -79.12628170 211.19743300
v -0.98900855 -78.82818600 211.31181300
v -63.66776139 97.63772841 191.67617200
v -352.57081027 1.59347014 148.58273169
v 374.55599981 -58.03389603 49.43835192
v -199.16514600 -14.38559250 -249.15031400
v -82.28310432 -107.27027629 -33.72840533
v 131.93270900 16.96515270 237.50059500
v -29.35894088 -108.58469105 -112.73344014
v 73.51718900 -123.00248000 26.70606610
v 164.76582300 -86.81745910 88.75666810
v -81.04273123 -99.05858773 -221.36092031
v -76.92413103 -94.20251410 131.03749220
v -121.41876850 -90.37798475 -18.51224186
v 73.42250237 -118.27950905 -11.87312951
v -201.59223076 9.00140288 -190.67098941
v 111.58775300 83.27733610 200.25700400
v -369.26950100 13.92856120 145.53105200
v 334.25642196 30.62697749 142.14622449
v 255.95388890 -41.90482402 180.45252407
v 167.05484899 -57.14528929 -11.34548243
v -152.02124000 -40.36124040 186.09013400
v 117.73734300 -61.36410140 196.17753600
v 246.77109739 27.90043550 185.67550255
v 353.12957800 28.21434780 135.46772800
v -217.08670000 -53.30929180 129.45143100
v 355.44171100 -29.76965520 16.36973190
v -388.86495642 -24.96245668 103.17511528
v -179.62547104 -38.56760757 -208.12722566
v -123.54015400 54.64708330 232.36186200
v 403.98831200 -44.80769350 17.90873340
v 397.91024800 42.34996030 29.22501750
v 388.14785800 38.41807560 13.74537280
v 55.77036476 -111.95021895 -66.67453269
v 164.46640453 28.49206192 222.55008414
v -392.76685100 46.96307987 113.88580128
v -246.20971190 -46.05971859 132.69031124
v 111.39837802 94.70133897 141.90751621
v 374.83020000 48.26350400 74.30430600
v -285.21096800 79.34347530 135.32566800
v -272.32556200 80.75408170 134.29695100
v -290.24715220 84.72829834 119.90540566
v 181.09936500 -75.14481350 156.83378600
v 307.19418300 -65.68396000 84.73393250
v 104.22704300 -69.43003850 191.24256900
v 127.24005900 69.93487550 -120.88288900
v 115.23572642 -47.01025663 212.93108341
v -21.37561297 99.61423997 135.88667406
v -274.18392900 12.73431110 48.37623210
v -227.52651148 0.10018065 190.84604169
v -94.16819760 72.36663820 -47.60478590
v -42.72806110 -109.51779590 -269.69500502
v -19.38883192 -112.78917846 -264.04168906
v -118.75598877 -75.25581871 -178.19905851
v -154.81430100 61.14530940 215.07078600
v -281.84888167 69.28778395 79.87707861
v 137.61322148 -13.49135141 228.11787123
v -182.58405668 82.42216071 184.64395453
v -183.21220400 93.77183530 148.19590800
v 254.44599900 36.91983800 178.95735200
v -183.20648497 59.61616987 202.75312224
v 91.16557411 83.22429070 5.65171939
v 372.51123000 -5.36974335 136.08033800
v -92.98980354 -108.25115611 65.61058401
v 262.19610600 57.18050770 123.35081500
v 80.37565610 38.11700820 259.73526000
v 42.37521955 -122.92755742 11.86544896
v 163.58296812 -61.80774393 -209.07951674
v -27.59331019 -110.25006345 -79.64854576
v 337.55108600 -59.65638730 67.08284000
v 66.08533480 -123.58459500 28.11115650
v -137.45339568 92.05838392 108.69268394
v 154.30921225 44.06870877 -217.07239819
v -130.66448793 60.61831416 -248.70580240
v -92.21875628 98.18790052 118.32664629
v -95.26106903 95.87488428 100.98652085
v -366.64288300 69.04000090 110.14439400
v -164.74854604 40.57350402 -55.98918538
v 113.52143100 65.55772400 229.56022600
v -49.93280030 96.93831630 196.61857600
v 113.98690000 82.87570190 -99.32719420
v -29.75325398 -120.40184866 9.15072507
v -125.63017300 -84.93278500 -26.94093700
v 131.57072818 82.67496114 -216.28037050
v 166.36467000 -61.57646180 -313.36087000
v -369.50501500 47.00416966 20.91828696
v -389.03204300 -11.27293400 37.01887130
v 182.99818400 11.08311650 -109.85235600
v 228.47440903 -75.94835569 102.09942778
v 75.53463757 -108.14568668 122.57951059
v -305.44695792 -11.50144012 59.02677631
v 136.40069600 -96.35257720 29.58237840
v -66.79710386 78.44202288 -62.72385023
v -251.47016900 86.60211180 119.73899800
v -381.18008400 31.08530620 7.10233688
v 69.73329953 90.05942645 -39.95579033
v 66.06885298 91.01711046 201.50514824
v 215.92024200 45.12438580 194.48600800
v 251.93133500 -77.08859250 131.68586700
v 243.55231358 -78.33513467 128.14243252
v 156.03080524 36.66452585 -160.38651974
v 361.20817603 17.06764082 21.27820904
v 128.01509100 87.49929810 -263.51586900
v 243.29151900 37.70568850 184.41978500
v -161.72009072 88.51165433 117.72544015
v 114.80792200 -98.20980070 -80.05918880
v -144.76346373 58.88424017 -291.36604142
v 281.50863999 -30.70322426 53.42962931
v 124.79257353 -86.97700504 -128.87461484
v -205.36853000 4.06118202 -147.18959000
v -198.34094200 -6.84131527 -142.38526900
v -252.70208700 -46.94041060 123.37669400
v -70.97567507 77.56138550 -77.16561026
v 146.88990199 -93.27411613 64.42275762
v -42.06835785 84.36714419 -26.57075176
v 157.38996900 -73.91753390 -313.36306800
v -171.27971901 32.79955701 -207.24315882
v -191.47628800 -27.25051500 -281.05688500
v 169.99748200 -51.54575730 -313.34295700
v -48.55637158 -112.69989952 89.98293677
v -71.12690132 -109.62127384 82.43549547
v -377.56260484 2.86132380 22.42157525
v 223.45922900 16.63035580 53.63361740
v 388.31576500 -21.27680970 124.69148300
v 236.26013200 18.40505790 58.13337330
v -13.52249569 91.35470481 -52.66952288
v 79.28700260 64.98204040 242.60716200
v 72.57951350 -69.95305630 205.45262100
v -133.18246500 26.42323110 232.94291700
v 370.93986259 37.59431428 30.70415451
v 149.13247919 -73.92294700 -203.27943968
v 193.36604300 -48.79324340 187.38499500
v 71.03221130 102.08155100 -148.96682700
v 213.03062185 -28.92184845 46.50864227
v 71.24217387 -107.79805286 -92.90743539
v 65.11029643 106.21567901 -168.48609982
v 353.21440537 -60.62249309 73.99791493
v 148.36660800 56.17778020 8.07423019
v 326.69699100 50.81028370 106.89726300
v -223.11651600 -51.08286290 134.45289600
v 103.42574300 73.71192170 220.71562200
v 68.95275120 32.11396030 270.74343900
v 335.27569600 10.69649600 29.81129070
v 329.41608469 13.70307523 34.56160965
v -109.60298900 64.61839290 -184.69387800
v -107.91921220 -54.03573323 190.63668081
v -37.89732353 101.29020636 -194.38013039
v 124.19056606 92.06480869 -279.11416537
v -135.89821450 -77.26900867 -313.39002250
v 302.20089700 -54.18170930 151.09907500
v 74.50198177 87.59159621 205.82850443
v -175.42940924 43.13968983 22.11765717
v -260.21706075 23.27442358 54.73960393
v -297.19223000 74.92800140 139.11607400
v 153.89902063 39.76013380 -144.88037096
v -38.07215120 -110.73029300 -58.66450880
v -310.74074076 -12.41905758 158.69374388
v 320.26391600 -63.99621580 81.22023010
v -166.86191550 44.84401895 -313.37846350
v -330.46439340 -15.09504029 148.79355644
v -346.87149000 36.36993790 31.74650190
v -3.38310441 95.39675808 202.50817613
v 17.87267314 95.73356477 193.28314724
v -274.58276400 -14.12679580 66.41261290
v -380.43277696 -10.81091960 38.27148072
v -321.04077100 81.43822480 83.08607480
v -12.70199711 97.31089562 194.51588516
v -305.71234100 -33.84606550 132.12425200
v 66.51633580 -123.04261427 41.16136436
v -347.04418900 52.56823730 140.73677100
v 211.29953000 53.70268630 186.57530200
v -39.32328800 95.08892060 203.93009900
v -112.35268400 4.70745659 237.71128800
v 68.84238430 -63.09576030 218.06413300
v 97.89238572 93.24516315 -187.23221555
v 164.58228040 31.94893077 -132.83003053
v 72.25559230 113.42868000 -241.85089100
v 145.32247665 -94.17806833 72.61513473
v -24.35682219 98.14381841 188.01855741
v 15.35447068 98.21694581 179.30706590
v 426.73971600 -59.90279010 43.75150680
v 433.52883900 -57.35008240 54.53281780
v -306.89514200 -24.96363640 144.33192400
v 77.36575320 -57.68765640 220.75547800
v 278.63226300 -23.70087050 180.95588700
v -194.46679579 21.69533269 -19.39322902
v -356.24874900 42.14522930 142.67140200
v 310.17349200 2.08238411 166.09520000
v 412.83700600 14.94367690 109.25779700
v 66.82823581 -109.63023219 -199.10471809
v -198.86863734 6.72567193 200.01156229
v 300.70394900 -46.31136320 158.16456600
v 68.53977274 96.88590490 173.74998740
v 141.04513088 64.68373622 -207.52027761
v 375.70666500 24.65654370 126.26451100
v -388.65753200 66.84248350 16.57813640
v 89.11064910 62.13751220 242.34538300
v 295.94102156 -34.23898346 167.71358694
v -187.30313766 21.99510030 -121.92677745
v 192.17306229 -10.69199213 -56.39848117
v -287.20642100 55.90513230 66.71092220
v -292.32324200 -17.55341340 158.90742500
v -447.44866900 1.86617315 103.85636900
v -19.57971760 117.41460400 -313.30679300
v 63.83010873 91.18876098 62.38940776
v -203.67363000 5.84895754 -166.19337500
v 94.48352050 116.58356500 -313.39212000
v -393.22314500 -2.02033949 23.86039350
v 161.47018400 -85.15358730 139.45234700
v 384.66397100 -41.16290280 112.44023100
v -339.05542000 -17.82245250 57.89930340
v -297.15252700 8.05142689 42.57349780
v 114.01783800 -103.75291400 -47.23042680
v -90.12421834 99.94000477 -294.40494397
v 138.05828224 60.01741112 -33.98649256
v -96.49349210 62.67658230 240.82267800
v -97.51634984 84.30904344 -234.18893637
v 21.85876651 112.09741832 -291.93831469
v 278.85269200 32.40864560 71.91023250
v -119.87099847 -97.61953173 10.72901581
v 83.06451420 113.78792600 -261.79251100
v 71.92105192 114.85331968 -268.32126255
v -49.49022111 82.75914825 -17.25743481
v 174.25654600 25.07298280 -105.29003900
v -138.87613804 95.38034609 143.39337032
v 245.91423000 15.61684890 57.08164600
v -133.43119710 -72.18334916 -121.75425690
v 105.34449000 112.05221600 -313.38482700
v -402.57809400 10.34842010 130.04313700
v 416.29052700 -41.04623410 93.12898250
v -159.40181000 94.30202480 148.57838400
v -123.97136582 -73.55694125 -196.18839133
v -136.63274966 85.02450936 74.91155147
v -388.61892700 4.49602318 17.64768600
v 92.32398220 -43.73154450 227.64433300
v -140.26141030 -71.50004753 -298.12221285
v 152.51544200 -79.85849000 -313.38031000
v -137.95835764 -75.80940659 -15.91765986
v -445.93069500 26.34147260 102.45536800
v 19.69179920 52.84502790 286.27145400
v -64.00929260 -53.91462330 218.78831500
v -202.62274200 7.52952528 -304.82681300
v 260.18988000 52.77623750 147.07334900
v -95.21092990 -95.58432635 -254.84990207
v -7.17136330 -114.22929493 -268.75960012
v 323.66903700 -32.03132630 155.20167500
v 115.15040600 77.07033540 -43.73820880
v 142.11825008 -72.83787357 -155.45038288
v 148.34495500 -3.63148642 229.22630300
v 127.91924300 -40.59150700 214.04270900
v -228.49604800 88.80028530 142.59651200
v -315.37505960 20.61656373 37.97901323
v -404.49658200 62.32829670 79.07673650
v 171.25572200 -45.79800800 -209.39643900
v -40.35760039 -115.93348509 79.76675967
v -36.16367758 100.28829350 145.86107816
v -122.27242590 -79.31451114 137.05943433
v 70.95638546 97.21120633 126.05099460
v 127.39580739 -96.00680348 -278.06374355
v -139.28371267 94.83154338 168.52876445
v -105.65576900 70.99268340 -22.45814900
v 226.58299300 3.73351002 43.11118700
v 30.67995659 -112.15780767 -191.58064629
v 89.28208920 113.48410800 -274.57363900
v 65.19673160 106.96495100 -179.04771400
v 183.00117500 7.93175125 -287.93713400
v -162.83573564 -52.75302309 -298.33939982
v 114.13187113 -54.09113613 205.94286461
v -233.93774400 -47.64310840 137.24073800
v -62.02331284 -103.38501288 -152.37042727
v -143.23033247 -66.04609167 -41.32330802
v -275.96344000 80.34015660 99.24671940
v 224.43933100 44.87296300 190.19334400
v -4.77447590 -121.08229247 68.70719879
v -9.25282062 85.75672256 233.84996947
v -205.82121300 3.76020145 -140.53500400
v 243.83398156 59.99177585 141.64760548
v -69.05611140 -102.00505095 113.22121049
v 297.76266500 22.34095950 52.90604780
v 226.42164600 56.00541690 175.90141300
v 131.53086599 -22.36866600 225.67309200
v -112.05860900 91.94940950 194.37806700
v 28.12043418 91.22198739 -22.69483034
v -148.35702604 -59.25432291 -112.47667064
v 61.12179286 89.80801981 -9.57690477
v 94.01710698 -102.62554855 -99.80649557
v 114.94735700 2.53733778 244.15928600
v -248.72117600 22.56271550 56.73685840
v 142.63090500 -92.38046260 127.54258700
v -98.82275031 -88.64329791 -145.76324802
v 94.44808122 -116.82709836 67.34214300
v 404.85479700 -50.54357910 25.41202930
v -209.54327400 79.27690890 110.12617500
v -138.02835463 -84.13026942 45.26129462
v -74.36098319 76.55619943 -58.59891247
v 154.08481378 -74.81698518 -269.38046754
v -45.56320602 -106.30204337 -116.68902447
v -190.65823400 18.66570660 -213.15141300
v 39.47178186 -103.91755643 142.48014164
v 129.06969347 65.85653183 -68.99262883
v -168.79144597 38.85373255 -35.01250802
v -406.08860489 -19.80320918 54.17895411
v 135.74402475 -84.48234736 -42.00294571
v 13.84313931 -112.41308677 -136.06156909
v 179.77141316 43.52527907 46.85010945
v -351.34817500 -28.52119640 79.35844420
v 178.10087439 -40.23879908 -58.35564354
v 60.11744310 105.07696500 -152.87013200
v 187.92927600 -12.23679730 -160.33047500
v 217.26583900 5.51374006 41.62296680
v 76.20093024 90.31630479 62.29368694
v -425.19292180 -20.43829200 89.19271621
v -298.74447600 -10.49103450 164.67387400
v 184.06240800 -6.81546402 -75.01942440
v -184.12135300 -27.01414300 -151.48028600
v -206.45000766 8.45687570 -62.59158579
v 366.99011200 -30.57437130 131.79753100
v 248.04520471 -38.97226388 183.91262948
v -84.42044070 68.26432040 243.98045300
v 156.32617004 67.00688333 61.48666754
v -205.92149849 -43.73586405 159.43041208
v 120.31238554 82.77077657 59.55457177
v 110.38951688 94.30726055 156.45326625
v 235.88748820 7.55814091 196.85415765
v -241.59497861 -45.63131718 106.84155248
v -70.68434140 107.63962600 -290.63430800
v 151.43215900 86.27230830 164.85560600
v -61.43309643 84.97378208 24.94761592
v -31.22905354 88.82963502 43.25606556
v -67.41899110 62.02529910 253.90928600
v -35.44675060 94.18808750 -120.81227100
v -197.67504900 -11.60804270 -210.28111300
v 426.95358300 -4.23905659 99.15727230
v -71.19400453 92.10240293 -206.00127381
v -138.58812000 50.41488650 -225.15394600
v 395.46530200 -48.61479570 26.87788010
v 318.02282700 2.89722872 160.53337100
v -201.66098305 -1.71387495 -174.72549999
v -35.64551932 -109.96335858 -72.35867707
v 179.42242400 14.95625590 -157.74780300
v 333.25319101 -44.38760386 142.82164716
v -182.43761711 14.07947269 208.19629786
v -123.42882704 92.69118699 98.49769095
v -5.80735133 -110.99661856 -97.58029178
v -109.36332700 77.30323030 17.15537640
v -73.14389933 -100.67477205 -152.01889429
v -141.82890300 -64.55185700 -70.88890080
v 240.89485649 -49.41517457 69.01377139
v -215.65068100 14.52672580 20.27317430
v 133.00581240 72.95429920 -184.44768187
v -204.27838100 22.87728500 20.15726850
v -77.43443300 71.30564120 245.64866600
v -195.52745100 -14.75413230 -307.88659700
v -111.68311300 -87.56894680 -234.25997900
v 30.00832644 95.20674901 91.53613259
v -72.67129423 -103.36782285 -269.49175944
v 184.55119894 6.89441918 -112.28688513
v 84.46716509 -101.36992776 136.48179068
v 172.80553023 14.26141987 -226.36364957
v -183.89934764 -13.30931754 197.42644935
v 201.56653602 -14.97342388 -17.56665092
v 406.14035000 31.41450880 100.97663900
v 23.59945978 -112.29585858 -182.97235854
v -88.25521850 -94.35418700 -146.46598800
v -87.18980220 -94.53597594 -166.79561990
v -27.23772596 92.17804554 -82.58045440
v -139.94770489 94.16012642 129.76551825
v -337.26373300 63.86175540 46.27112960
v 177.00151105 23.52568081 -290.90473547
v 354.33181800 51.83976750 84.59950260
v -138.34522570 -83.99871116 23.23042342
v -221.64647853 19.83555819 36.55985191
v -197.80418400 -14.48462580 -33.73195270
v 258.67620800 16.25556560 59.21549610
v 165.71799656 60.22922841 61.47310393
v -103.06377111 68.73150795 -72.65082343
v -53.84909283 -107.28699524 -68.33465167
v -155.70740587 44.58769878 -160.26986896
v -198.73170500 12.40344140 -220.34312400
v -301.68726342 55.52069549 59.94032448
v 314.13579619 41.89389421 64.37021261
v -120.49035914 63.67205330 -35.77864754
v -91.94996280 81.09990134 -201.89484274
v -159.43894843 -71.10092957 112.33711808
v -278.64865100 83.54280850 124.17900100
v -204.10497211 -54.95843024 135.45312097
v -305.01266500 -37.19598010 102.50703400
v -282.55395500 -16.78078080 67.89653020
v 88.55532380 -76.52752229 185.94498134
v 200.73423800 -2.92213583 -22.84523390
v -292.41693100 52.42914960 62.22214890
v -350.24700900 -24.61935040 125.33100900
v -267.78024300 64.25132750 81.05909730
v -115.90434508 -77.26711718 -167.16728535
v -112.10455930 -85.56821284 -99.23874475
v 12.69757460 -112.42477400 -103.57771300
v -363.62053119 37.84661397 22.56079706
v 185.30139200 -2.88954377 -182.09124800
v 210.41351300 -59.98510740 172.41157500
v 53.15634857 95.68498407 -65.32773403
v -108.75209284 -81.69885302 140.77102175
v 160.54197813 -65.98605108 -245.01272021
v -221.41060424 80.48596734 110.29693891
v -213.53689383 69.78873632 186.26807616
v -26.77225690 112.82350900 -262.12432900
v -130.80029650 57.57260631 -98.77969378
v -119.47993117 26.36758083 237.92810666
v -111.74892219 -96.25595640 95.56559590
v 323.06311552 21.65685435 43.16283916
v -86.47333183 -95.18349284 -109.76462174
v 138.64271500 61.96148300 4.23981857
v 186.57327300 3.14020419 -147.74733000
v -91.45342250 94.53512570 195.84040800
v -64.64786767 80.88399796 -101.70781510
v -241.16191100 -31.48992920 164.89875800
v -355.44424400 71.57313540 43.86768720
v 117.56864774 32.93433125 238.80486840
v -185.34175432 -33.48494645 -277.82369495
v -333.00241604 -5.30709233 43.51128352
v 359.87231400 -59.66155240 61.13456340
v -2.80890558 104.47615849 -184.92254383
v -134.55934341 56.41224018 -60.54919791
v -372.89431800 -28.42831990 82.04869080
v -19.69009173 89.38125156 -39.80985630
v 171.07052351 27.02394023 -120.89232794
v 189.91134600 -27.04516410 -82.70877080
v 141.40171800 -94.93260960 48.34458540
v -196.77545376 -11.41123130 -88.11819794
v 284.12655043 -9.04944607 44.32801756
v 173.78559900 25.28806880 -50.27037430
v -181.66243000 -63.61409380 101.94245900
v 175.55061599 53.65697905 62.47981519
v -209.01225312 -46.92680060 85.27994544
v -146.62528596 47.86824443 -184.63424391
v 144.54523160 -77.86190687 161.24950335
v 148.45332300 -80.94197080 153.75010700
v 133.01864600 90.75413510 -305.23739600
v -13.79501295 95.18830744 205.13091015
v -212.61334200 4.71858406 -47.43437580
v 113.38048600 -94.49987790 -159.95163000
v -123.63078956 -93.42533614 47.24100235
v -112.82542187 68.08884248 222.96709042
v 178.43748500 17.88268470 -143.05143700
v -33.75962295 86.78155577 -52.89670735
v 162.03909619 -79.40546405 152.69260280
v -23.47614131 114.06014191 -273.85302321
v -206.58511400 3.09901142 -129.09962500
v -50.19483180 119.51735700 -308.75741600
v -194.57508900 -35.30707170 51.79563520
v 192.84503200 34.44927980 51.68244550
v 54.94371030 94.27082820 -52.60756300
v 218.93230136 29.83936699 64.13430643
v 71.55216105 93.50104670 -71.72611758
v -299.38055400 -38.61994550 110.47505200
v 318.92056300 -61.46786880 107.37321500
v 260.45312500 -7.00619555 190.20759600
v -304.02151500 19.49252700 168.94679300
v 57.43718340 115.72159600 -281.55777000
v -161.15000774 89.97400841 177.21266901
v -94.79733013 70.39896126 -112.42962255
v 352.79849200 -22.31012340 143.89650000
v -108.70795919 -85.46467577 -207.56746300
v -154.08212300 95.10456090 150.65776100
v -204.42802952 5.05011691 -157.52413675
v -11.20470850 -121.98738186 51.42520158
v -297.43722500 24.56086920 45.94050220
v -197.66464200 -18.68161010 -168.62185700
v -192.72917462 -42.43427283 166.39113327
v -98.56786908 -108.05005366 34.58882599
v -179.15000667 -29.82266513 -81.66062698
v -86.38468810 76.22682596 -168.82409937
v 182.20306400 24.79683690 -2.63206863
v -274.70257600 77.53872680 142.16917400
v -128.93888571 55.64661328 -170.12038856
v 378.42404200 42.86868670 50.52219770
v 385.91580200 43.69421770 56.64970020
v 121.85091400 -104.51612900 84.64668270
v -98.51335703 66.40019448 -136.25445334
v -43.01344791 -113.08300637 92.33803795
v 115.60826906 -93.07488690 -133.50679714
v 262.59802013 54.82142817 138.88454762
v -277.26940900 63.81950760 165.89292900
v 290.07556200 18.86872100 171.93321200
v -67.52557629 81.94899840 -130.61139317
v 301.06573500 50.89188770 117.70170600
v -184.34835800 -50.56537630 69.70585630
v -204.19810500 -16.18820190 190.14851400
v 255.96443200 -71.71051790 148.91008000
v 85.21000811 92.01526396 189.10728088
v -27.67889789 -112.99204000 -49.93779341
v -94.00035443 -38.05811444 217.81242831
v 173.55697600 -42.60074620 -162.86302200
v 121.68862200 73.42885590 -83.94259640
v 152.47761457 -83.14464058 38.18537596
v -139.93738693 -64.76336851 -168.12560426
v 288.89251700 -23.44932170 46.63758470
v -92.53910830 76.15618900 222.83604400
v 171.86564600 -47.93770600 -303.34246800
v -154.78193700 -70.29802700 17.48331830
v 377.67516771 -55.55087913 91.27584660
v 116.49696914 84.22924115 -128.48016295
v 200.74726900 72.68027500 148.05595400
v 166.34997600 13.12891100 224.08378600
v 387.66696200 41.41499710 98.49272160
v -382.84396400 46.44837570 9.57368088
v 373.50051538 49.24504055 86.35777772
v 151.80067773 18.41466914 229.93023037
v 172.37095600 -59.29520420 18.26731490
v 276.56349525 -2.20885679 182.27679231
v -28.53729708 -119.58055178 0.05317009
v 149.00024400 65.99606320 43.40943530
v 168.70117503 64.36734700 200.21538414
v -325.14849900 66.94638820 55.70255660
v -137.25486256 88.46200635 89.75863211
v 246.90739127 -76.88102931 112.98897356
v -148.83699812 47.19577139 -245.14319596
v 158.14012100 76.84135440 189.58909600
v -92.42796870 89.34642218 -247.53741968
v 14.50523407 -124.06974458 38.67932447
v 181.82080513 -54.12424357 184.08874460
v 85.28356591 -117.70972618 -2.26702996
v 316.05438200 -49.23897170 147.94963100
v 171.34860200 -46.27618410 -243.42041000
v 97.24000179 99.01294885 -231.30383157
v -77.47204114 -101.28020183 -71.70638216
v 137.75004488 -85.00768639 -217.45757090
v -262.74295000 -41.11826710 106.97480800
v -58.19821170 52.97548680 264.83645600
v -384.08993626 -27.18951585 96.92468308
v -0.28565806 88.57834120 26.30479664
v -423.96939100 22.93310550 112.38645900
v 307.53149400 -10.02781770 169.96653700
v -234.31463610 46.03819163 192.55911446
v -165.69607490 71.05738645 200.87406942
v 415.70860022 -24.08667593 102.56379273
v 424.36380000 27.98497770 91.95326230
v 201.44549308 14.31584003 26.60473144
v 407.90441900 -46.38375090 92.67512510
v 234.58947847 56.15484537 166.67162411
v 146.15179742 87.92683562 130.36278380
v -99.96897130 94.04386900 194.63804600
v 178.77578197 -29.07760471 -270.69010240
v -48.99944206 84.14709882 9.32388509
v 338.05389400 22.97813220 143.97181700
v -176.65193142 33.91780445 -69.25019690
v 194.70507800 64.32073210 180.36238100
v 10.21234647 -113.23933855 -79.73589674
v -137.91430732 53.76403378 -241.79245801
v 432.78857291 -36.30072425 83.36620533
v -261.06532157 -37.36323033 94.21262309
v 109.53045700 21.47857670 244.54527300
v 52.26475140 91.30625920 -18.60307690
v -84.92648141 -96.09250244 -95.63723959
v -381.73071300 -0.08672148 135.52842700
v -325.36254900 77.99797820 70.23359680
v 363.03915400 50.38058850 93.88197330
v -185.54591400 23.32936100 -230.97731000
v 297.26602545 -48.07506889 61.88546414
v 186.91664157 -1.01973942 -120.42046728
v -419.29498300 -19.39027600 96.04405210
v 332.19024700 51.64299390 101.92500300
v -267.08084100 31.58768270 57.52827070
v 174.28584007 -28.72074864 206.13095528
v -266.91540755 -25.73204252 77.93528966
v -333.88253800 -33.48654940 96.03813170
v -178.91697714 -28.04270534 -107.25399550
v -195.43963600 29.60588260 208.42308000
v -80.94493870 -39.29273990 224.92057800
v -8.88961506 80.40992740 247.96592700
v -13.36451194 -115.63624734 -282.76523497
v 20.73264893 98.28699420 120.99172752
v -141.47963200 -81.30559613 61.50846552
v 162.26768661 -61.64159470 -189.82195422
v -377.86358600 45.51543430 13.24393840
v 272.68734700 -8.80330658 185.29100000
v 184.93522600 -19.50594330 -174.37716700
v -180.10751300 53.81268310 52.40171430
v 184.13359100 -3.31591058 -190.22987400
v 215.58612100 63.76550290 167.01869200
v 342.59350600 17.97998050 30.51932910
v 323.16522200 -63.30728150 98.77287290
v -106.53465300 -92.91480260 -278.11019900
v 150.26152000 -76.67446140 -231.96029700
v 198.79577600 34.49325560 207.57377600
v 318.66714500 -24.38587570 38.45988080
v 169.17478900 -43.12401580 -151.38293500
v -52.93682196 -104.23497982 -211.51243752
v -110.48711712 -60.95537333 180.24755226
v -191.24124001 51.27660508 57.91964543
v -238.42325944 70.62787604 176.09968813
v -282.27893100 74.24489590 146.13435400
v -216.29403700 32.09232710 48.54017260
v -210.86817900 69.60852050 91.09281920
v 3.71616350 -111.69466788 -160.89829503
v -76.56075138 -100.73346453 -246.82034905
v 180.53682323 -32.36725610 -175.05085802
v 102.19777265 -105.07171117 116.23201038
v -192.79229700 16.83385090 -176.91301000
v 91.33832179 95.27471430 -176.32856588
v -47.10202049 90.63456584 -127.45456061
v -192.48857100 -15.20364950 -138.66799900
v 172.35424924 -48.49967881 -194.27183016
v -166.36207600 -21.73553280 198.44798300
v -78.68007544 90.29871499 -214.59268997
v 104.76016392 -104.50645763 -61.49201663
v -387.90905800 72.94947050 54.23591230
v 346.81710800 -40.45526500 32.95243450
v 387.00194453 37.19261042 105.93366287
v -235.78547700 -49.98516080 127.00712600
v -98.50275420 68.34748080 230.71122700
v 142.49549900 86.64272310 112.22047400
v 212.81481900 -41.43700410 55.53940960
v 397.08810400 40.55010990 94.02543640
v 252.11715203 -51.29458518 174.26061853
v 154.65565018 -67.48068348 -187.29183973
v -332.41656500 24.74694060 155.28889500
v -225.07450900 -52.46949770 125.45967100
v 74.66819720 -112.26340650 -273.12780839
v 197.35735698 -43.22014837 40.74505695
v 56.91430133 107.31625021 -176.81648369
v -402.99249300 71.43564610 57.91996380
v -97.40022542 -101.68836606 -33.21716048
v -5.34384384 -114.13461862 -54.94750419
v -195.41047700 40.25590900 210.60697900
v 118.90670800 77.98518370 -94.29072570
v 254.06399500 -71.53195190 90.04737850
v -112.26916500 84.82676700 49.13325120
v 107.57344100 -96.22328950 -151.54876700
v -5.39501105 -100.73492585 148.50424675
v -300.47759330 -1.45118381 50.43099394
v -136.40175821 -42.48823967 191.55553198
v 232.26409900 -54.80070880 70.39445500
v 267.99713100 -13.80995660 51.46714400
v -127.27214374 -76.04118878 -247.51063760
v 180.89090000 -1.80063295 -212.54144300
v 75.04043450 95.67600223 -99.69042499
v 208.50070818 -1.31450437 6.14205542
v 183.63484543 -8.48954515 -230.05726827
v -198.67640700 -10.71767430 194.15635700
v -86.40928547 -105.45075890 87.78779472
v 187.18508900 76.22125240 152.39820900
v 267.43618800 -17.05327800 187.59538300
v -113.33811200 -92.58026890 -40.32893750
v 435.04797400 3.12932420 94.60859680
v -205.09816024 13.62084858 -25.78200876
v 102.82446464 80.97751976 207.45001937
v -220.75135800 83.73733520 164.44487000
v -66.18174740 86.24860380 223.83647200
v 133.57261532 -97.19995057 14.32693649
v 182.28434744 -14.08266354 -278.54728266
v 288.99523900 -9.36168766 178.87440500
v 168.37481700 -53.28020480 -207.80334500
v -133.68107600 -66.07550050 -186.60295100
v 296.77710000 42.52234270 76.45506290
v 184.83503575 -33.11463316 -56.86440548
v 98.23525019 -105.24697913 -224.44689094
v 38.63559161 104.60148397 -167.96001038
v -161.62300566 -50.49339475 -32.15682886
v -148.52201800 -31.62368390 196.58671600
v 83.50735445 76.55683815 226.34618898
v -182.32365400 -36.33653640 -197.52551300
v -224.20344500 37.04323960 60.15064620
v 0.08727992 77.52380151 254.58259724
v -287.33279400 55.14235310 167.73893700
v -53.48287200 67.94111630 258.10391200
v 239.99601700 49.30929570 90.63044740
v 40.42991411 -111.88274828 118.66299214
v -137.80687000 54.42641450 -134.87739600
v -373.65658600 73.66085820 95.86497500
v 84.17847161 -108.86911478 -235.84257515
v -15.22185892 107.72433399 -232.38548483
v -154.24869686 67.87640795 54.03342619
v 47.53142550 114.25113700 -273.08721900
v -118.91438511 65.24014579 -19.88066514
v 192.81597667 -23.45934420 -32.21673692
v -334.54422000 -22.11637500 133.31349200
v -258.53094500 69.87096410 93.02635190
v -194.54930100 22.66546440 206.68614200
v -212.58750234 -2.24056657 -3.74183317
v -326.04327164 80.67000427 114.05457951
v 128.56626738 67.16879716 -3.91278987
v -358.10479700 16.95760730 148.74543800
v 187.67688470 17.36170056 -9.62187668
v 105.36399800 89.57526400 -139.19679300
v -75.23756410 55.50332640 251.66978500
v -6.53829140 101.10281730 -148.65967499
v 17.25263636 89.70429422 2.91114161
v 89.35890200 -119.34207900 42.99122240
v 332.27343800 -12.72133830 156.88475000
v 42.27028270 78.34958650 238.30003400
v -148.85377500 -76.72650150 46.54667280
v -401.95266700 -18.57272150 113.54078700
v -365.29895000 25.19756320 147.11189300
v -69.80558438 80.08592241 -123.92444432
v 178.86915600 40.80057910 38.89448170
v -349.06256100 24.50543400 26.98527150
v -367.46414200 -1.47163057 140.92689500
v 143.55932696 -75.26126678 -49.48890991
v 138.67603039 57.34505034 -80.22503572
v -339.84137000 25.80000500 153.15980500
v 77.95096358 -111.81738623 108.42742362
v -30.93202370 79.56185594 246.09142227
v -349.92935200 -30.68768500 111.49656700
v -4.43913621 89.67947066 44.02573150
v 68.42737398 -82.38472313 183.87440362
v -103.45583300 82.82181550 -246.37559500
v -170.59663400 79.34155270 191.98634300
v -168.00108300 -68.83632660 92.61238100
v 205.24574278 -46.72879443 186.10082393
v 8.66875461 102.68531372 -159.49719571
v -2.37276077 91.65088650 216.29728700
v 158.92199162 -67.44689993 -274.12228536
v 273.34677100 39.37952800 83.16572570
v 356.89401200 47.77291490 102.37098700
v 282.28150824 -70.02808970 117.49618799
v 411.85272986 -30.83812592 102.75593637
v -89.94279351 -54.84218841 199.75286654
v 58.39627460 58.13069150 254.55278000
v -360.12664800 79.22142790 67.71464540
v -59.10611806 -102.41393044 -186.79667293
v 105.13193678 -43.65237517 220.88138651
v -25.88726889 83.65816521 236.36877037
v 178.41751368 8.31518777 -252.01445286
v 366.83200100 -30.84335140 14.55662160
v 180.15662972 14.83478405 -286.39374817
v 265.91116824 -38.87877396 178.62059837
v -383.07720900 69.78273010 92.83723450
v 280.19879446 50.59751409 109.88609577
v 36.77454049 89.99684825 212.90530017
v 223.75279200 -65.06059270 76.49653630
v -13.16398809 -110.48309546 -175.60785274
v -116.47195400 -85.50513460 -257.67611700
v -151.58033333 -56.18846875 -66.91937446
v -414.93716400 35.01433180 110.88249200
v -42.12679468 103.75711800 -221.11443700
v 2.69245148 61.38977810 279.29916400
v 35.04979710 75.56573490 245.53147900
v 228.92923229 1.23876808 201.86956897
v 149.90124492 -91.42815959 99.20882063
v -150.70172653 48.66753950 -136.15806222
v 55.96720890 111.86299100 -231.67199700
v 102.28806196 -102.45301236 -208.10585228
v 120.09027876 73.19104552 -38.97390044
v 397.00955200 42.66907880 63.48780440
v -430.88540600 1.55591428 112.71489000
v -188.65007455 -27.18056610 -305.08633965
v -23.24627110 -118.85163100 -305.55819700
v -370.09478800 -25.45835110 69.55259700
v 186.73028600 -7.36381054 -65.56335450
v 306.97680019 -26.07034443 44.23460259
v 177.57932194 -29.55337279 -206.35922934
v 360.28219600 -60.49010090 80.48915100
v 114.57441016 -111.58619183 45.40162717
v -345.85797100 82.73619080 80.73698430
v -39.30178830 97.68667600 191.68968200
v 35.29953380 98.24696350 171.94377100
v -246.41806626 -39.57277449 91.88604120
v 176.13483236 16.48368327 -264.18602934
v 91.82477331 -61.93713080 208.12185675
v -316.91409300 -35.67704770 97.07640080
v 277.62664800 5.04135323 48.67444990
v -225.55218500 88.02312470 150.70051600
v -148.88084154 -17.19213911 209.27598136
v 232.70869400 63.92659760 127.26457200
v -206.01716238 -5.77522413 -25.83672054
v 54.02636720 88.51427460 27.60120770
v -90.30662403 99.57096274 163.35133230
v 154.34237700 83.45152280 113.95799300
v 230.67848224 60.24301032 156.98808760
v -233.05725100 40.08643720 65.86216740
v 192.98773478 55.69936301 84.07212991
v 255.40623500 -74.99761960 138.30406200
v 86.15840738 89.83906249 -72.47538571
v 107.82624365 84.14253976 43.82195821
v 153.83018500 -61.01984020 -146.49737500
v -273.44580100 27.85663990 183.12464900
v 78.33998870 100.15832500 -166.22105400
v -54.16908600 -104.55401709 -115.77339816
v -130.18523695 66.00599545 220.36017981
v -360.49362200 66.36225130 37.95624920
v -8.20048207 -111.29187227 -226.36603837
v 33.83195839 94.37528078 194.26937384
v -349.29504400 -15.45947270 141.78984100
v 189.82970495 4.57372887 -41.44156936
v 128.64782700 -98.54053500 112.55598400
v -39.11223070 -118.52169257 65.40402405
v -199.76137212 9.78647739 -146.90154642
v -54.83092439 100.13128986 137.80927171
v -100.19300515 -92.73136530 -222.77926004
v -195.00399942 15.23570472 -113.42304477
v 423.16912800 -58.29979320 49.61304860
v 206.90763900 15.32360170 41.08262250
v 91.16087340 -100.78624000 -135.47613500
v 90.53610777 -108.99729545 -254.21170462
v -201.82710300 8.94725895 -110.10206600
v -75.44284820 87.08021550 -187.96890300
v 72.91277286 -108.34437998 -81.55051056
v 183.62927557 2.72903292 -294.08230171
v -92.30178958 -97.62181353 -273.79496121
v -145.70884700 -57.13105010 -214.07009900
v 178.17897000 19.41070180 -130.77516200
v -216.91354400 90.02677920 144.72477700
v 18.95192644 -94.33045250 167.92794694
v 146.24547364 82.62502021 98.58357246
v -239.60978700 21.41371540 54.57706830
v 94.16779330 115.55373400 -300.97641000
v -142.05511500 -65.18015290 -100.60742200
v -299.69189500 85.28089140 104.69090300
v 167.93106100 -87.07420350 99.17323300
v -237.17045600 85.73719020 151.39314300
v -120.82721205 -29.83590859 212.38865499
v -110.42194747 -86.48367982 127.10125752
v -363.47918700 72.88365170 41.09312060
v -159.73597244 84.01367058 95.90161678
v -436.47027550 -3.87560161 109.94651810
v 197.73555000 -54.85771940 180.43144200
v -128.26520293 58.57834145 -114.89604860
v -6.75629044 114.40137500 -307.94168100
v -9.49055062 -111.09212095 -89.05553174
v -146.94774606 46.95790402 -206.52846485
v -196.10435500 -16.98946950 -284.54235800
v -0.97277042 -111.44538334 -184.47843586
v -194.15688962 -12.44639780 -129.56100063
v -295.18792700 73.93593600 79.08866880
v -186.41196875 -24.31793409 -55.80955593
v -178.77320900 -60.24167630 83.29771420
v -202.58521844 7.38117504 -178.48953329
v 128.18399116 -103.50169469 57.74124238
v 95.35597859 86.87507774 49.39243024
v -102.13683430 84.83056107 42.28636602
v 130.61665300 85.45958710 -242.95082100
v 145.00031622 54.48245935 -198.14524041
v -124.80149800 89.26667020 196.27549700
v -58.41711188 95.62985369 94.53666928
v -44.94126369 -110.59413341 101.50441601
v 423.51834100 11.72754760 103.64765900
v -206.46455400 62.27668760 81.93055730
v 4.61650615 93.43152199 -60.39624377
v -187.22255968 -24.70382013 -40.56754486
v 145.16522200 74.67613980 -267.40435800
v -25.99618367 -112.16386652 -59.67012058
v 215.91311913 -7.49044467 11.75177127
v 285.39826366 -44.88740480 62.14940121
v -103.08378600 -104.79488400 69.89137270
v 146.76015549 88.15036896 147.81437395
v -67.44133754 104.91872654 -273.18367882
v 77.57454680 111.74983200 -233.13365200
v -88.80623709 -111.78352585 31.04600863
v -244.77967800 -1.54514301 51.15818410
v -177.03351407 30.79017280 -245.37782903
v 404.16238108 -9.40835806 116.49830425
v -251.11865200 43.38350680 187.21550000
v 163.51035773 34.78018727 -105.10930330
v -199.08805914 59.93796499 74.99789980
v -171.65941888 5.25305112 210.16241951
v -132.89614267 -74.33063635 -50.96851136
v 142.93275500 88.48569490 165.51377900
v -130.87577956 -89.40334355 32.93600138
v 193.62947100 -84.69784550 118.39192200
v -309.22128300 -29.56883050 137.18556200
v -167.11407500 44.14706420 218.39146400
v 396.65918000 -54.30094910 35.23884200
v -59.86837390 92.56831360 -174.20500200
v 148.12614400 74.69696040 -290.14529400
v 225.41118444 65.08117981 144.27557270
v 50.55729290 62.28263090 253.15062000
v -290.47949200 46.74724580 171.30561800
v 167.78686500 79.51628110 116.19157400
v -268.07782000 12.89577100 183.40110800
v 150.59877000 -77.61238100 -241.87147500
v 58.41856468 89.08755798 38.91228239
v 126.42198359 -88.22437206 -75.23594505
v 118.88216400 92.12012480 -263.23016400
v -114.90754700 60.74090580 -163.03991700
v 351.80728100 32.49001690 129.60588100
v -169.09646600 -15.39857670 202.14329500
v 53.46020137 89.00526723 14.65184579
v 9.53305648 71.20551724 263.17593935
v 201.62948600 30.60786060 57.17371750
v 72.90631100 56.04478840 252.74302700
v -224.26789900 30.10236930 52.79652020
v 391.52377300 12.85387130 122.15235900
v -337.37493900 80.08414460 109.33931000
v 223.02982406 -61.16669532 169.19994395
v 319.90118400 12.55170730 155.73390200
v 24.65474588 109.11134851 -247.18939987
v 179.77245237 -38.53948822 -36.66363466
v -163.40133700 41.63595960 -124.99859600
v 107.50208597 -107.00370241 -41.90201522
v -375.57995600 73.00551610 45.58768840
v -105.60120518 79.64784642 -236.40039260
v 305.25927700 -64.64824680 104.46205100
v 380.62262755 16.92062900 127.05499430
v 208.11924609 4.72743234 210.14932873
v -39.12585830 113.29080200 -273.94534300
v -50.66570790 -114.44339240 -22.27435472
v 6.11322494 -110.47212728 122.62704015
v -159.65103100 -47.89076610 175.16658000
v -371.11570663 -6.90111258 135.06509951
v 1.42664092 90.57152526 -26.93254317
v 328.52157600 -60.90470120 69.40385440
v 248.34610000 -32.54320530 188.06510900
v 18.05537802 -119.86079757 -17.60193842
v -75.92692430 83.53337941 24.02627614
v 391.59612185 -56.09379161 81.47697848
v -364.49859600 -28.18399240 78.51496890
v -159.87297799 -67.99866049 45.68111763
v 117.17290500 -105.34145400 92.98780820
v -50.44457319 107.04615046 -257.03074649
v -120.90420500 -87.71048740 -34.80275340
v -91.65072630 -93.43446350 -122.60376000
v -42.16436390 81.59323120 239.24498000
v -127.79766100 79.93280410 -313.39149500
v 178.02743500 68.88228610 185.15519700
v -107.22023800 63.62552640 -162.26692200
v 432.49934944 -45.72948581 77.81293910
v 130.74069200 90.92440030 122.42857400
v 128.84987727 -83.15792124 -148.16816262
v 66.91939576 -109.98342186 -223.09494065
v -190.59571800 45.77363970 47.81846240
v 178.15069600 16.08096690 -54.60332110
v 99.50206255 -108.77829528 -275.05072759
v 124.39085721 -88.82124994 -88.47347673
v -394.95607533 -18.09127956 48.48986631
v -213.37924200 -14.77095510 33.32084270
v 306.67199749 20.12366194 49.52990622
v 104.21620200 87.89180760 64.71513370
v 53.98259080 -109.71550877 -117.70510836
v 65.77787179 -110.25285110 -73.91556644
v 72.59772034 95.51990976 103.38774010
v -123.87396200 87.04097750 69.17701720
v 356.21688800 -38.60868070 132.40562400
v 128.80962434 71.61349132 -150.05492792
v 325.08126800 -7.27730989 159.45848100
v 114.11376464 -101.13519649 -246.32631821
v -92.11934573 -98.92928976 -59.64994008
v 181.49940786 70.12477671 102.86773430
v -111.99849700 81.84718320 36.61106490
v 180.45173388 33.28809631 22.04878353
v -91.13914490 -111.33159600 23.04273610
v -15.13865560 87.62026642 27.20962696
v 188.68950176 -32.46480986 -7.21337163
v -6.16570164 88.72593217 36.63436344
v -364.97943100 60.60969540 120.50605800
v -56.92234563 -107.00165398 105.48947267
v -248.07515000 7.20331764 186.89854400
v 174.39202284 29.57648818 218.12996286
v 53.62559196 93.65451406 194.16917886
v -184.16639151 -32.95811600 -229.95278191
v 186.66476400 -66.55101780 65.78865050
v 301.51361100 29.32827380 159.35600300
v 278.99792500 38.64466090 163.28407300
v -365.10833700 -28.24160770 115.75111400
v -362.74932900 76.01669310 53.98569870
v -108.09936860 -101.97312469 -2.63006247
v -17.05375466 87.41561006 10.60979850
v -174.82859800 35.97760010 217.32548500
v -85.70645900 50.33440020 246.81651300
v 290.76596215 41.63732097 148.19013537
v 124.50991426 96.57242155 -300.96725127
v 136.67067000 66.93338010 219.01982100
v 119.22559852 76.78190734 21.86064131
v -43.53826738 -117.17429675 -9.88644406
v 193.40086400 -3.76839924 216.09922800
v 106.05799383 -113.52956155 68.98761581
v 165.33858645 -58.32916394 -244.73435079
v -178.28488200 33.26432420 -17.92781450
v -255.53883400 52.48206710 74.59565730
v 273.82452400 55.15361020 126.36299100
v 185.42471300 6.47138262 -136.40135200
v -64.56671910 100.86062600 151.62056000
v -123.50299800 16.66369250 236.52800000
v -373.09742846 62.53139495 112.92492595
v -130.58923837 81.31204378 204.46878550
v -107.91293777 -103.62426690 35.08253880
v 166.91536914 -87.20948817 110.26686055
v 173.82486000 25.34348300 -82.48094180
v -109.66379500 66.41921230 -84.41400150
v 105.10855900 93.60495000 173.18257100
v 67.63127985 -112.64204144 -52.70063891
v 24.29241637 -111.98379339 -155.68839972
v 300.72598300 -14.30722710 173.53923000
v -373.34179700 59.94948200 23.45612720
v 274.62582400 33.52034760 173.37709000
v 66.46451862 89.85922239 -26.44358275
v -208.70375100 9.81269455 -41.42576980
v 430.80935700 32.63468550 82.86183170
v -24.57351110 105.19311500 -210.15657000
v 385.99108900 -31.10877420 119.94914200
v 172.50569200 26.85199170 -93.11042790
v -119.58333909 62.36861189 -213.55862761
v 275.83383200 -17.32494740 184.33454900
v 187.56381200 -16.86186030 -86.17201230
v -192.72888200 -17.88500600 -147.14265400
v 176.48487489 -40.47067596 -90.86706689
v -40.07482910 111.15826400 -264.06692500
v -331.19634096 -12.95689774 53.13071494
v -44.22284860 101.02358038 -202.80761666
v 48.23686827 -110.40868444 -106.03315029
v -39.86236163 84.56523267 -16.62875576
v 96.20724741 90.47807929 -109.50874471
v 258.74578900 -75.84239960 125.95478800
v -412.02002000 57.82033540 80.19596860
v 115.80428099 76.97017208 -56.91671721
v 77.77182949 97.56361383 152.28533081
v -32.37135651 115.43841107 -279.76725141
v -43.30775960 -107.25816674 112.87909946
v 374.85284400 -1.75059354 5.46854782
v 113.05130000 -108.11927000 -23.20503620
v 336.13693723 -59.67676242 102.76293476
v 206.33890858 -32.77950109 41.45766880
v 303.77227800 -58.13581090 135.17329400
v 118.30295064 -102.25089311 -295.04590412
v -387.98745700 70.48035430 83.62242130
v -280.57833900 18.91383930 180.14308200
v -195.59725137 -15.32273466 -50.40769299
v -163.80731200 -63.26047900 22.05604170
v 157.70935324 57.29549250 -280.28230652
v -111.37241400 60.52130130 232.05040000
v 168.01416869 -52.85942009 -266.91167431
v 311.87066700 -65.63063050 90.25019840
v -147.66363964 -23.91805604 204.28531310
v -287.72351100 0.61381024 51.17161180
v 187.66969300 -2.01205111 -132.84137000
v 184.74842800 -29.79382320 -102.79887400
v 289.60992400 28.95605850 167.38176000
v 28.41428616 101.86981872 -142.71896661
v 184.76091000 -69.89408870 164.65675400
v 135.87355464 90.73585120 130.88774783
v 194.26992392 -22.11614860 -25.54159488
v -73.65232293 -115.45973715 8.97930465
v -296.48379500 -35.35029220 134.43223600
v 91.15395827 -69.05560607 197.58133772
v -42.06503026 -106.92508070 -163.56083756
v 139.19467200 -90.67271420 -292.30752600
v -87.12914280 42.30686950 248.34843400
v -253.72763100 65.81247710 173.04188500
v -87.35760500 -104.38192000 -311.22778300
v 65.30482480 114.13988500 -253.76869200
v 73.64057160 102.99852000 -174.91487100
v 126.66568800 -96.36964420 126.68940700
v -122.99159905 75.85465735 29.51606230
v -398.33111600 -5.23227835 27.46561810
v 237.09777800 -63.71176150 78.20625310
v -208.18861451 -52.74677156 142.70440799
v -172.34406644 83.17359349 105.94802454
v 352.17938200 -19.59521870 17.97312550
v 29.39179282 -124.04607562 27.70642468
v 374.83361800 29.66378780 121.92573500
v -218.18501300 69.13161470 91.24555970
v -96.12107988 68.01929198 -146.88301850
v 181.06782165 -31.77797101 -115.72511542
v -224.97306800 0.20575106 22.51148610
v 213.52270500 -53.60091400 178.62358100
v 278.66519200 20.69713020 175.84925800
v 387.63430800 23.06147000 120.83897400
v -159.61653100 86.87701420 187.66987600
v 56.63291317 91.83778012 -31.07277756
v 36.07659688 -112.35642395 -221.38799027
v -193.16686139 14.69533359 -270.37727311
v 177.49487300 -84.71237180 133.36253400
v -140.92457600 -65.80767060 -62.31041340
v -134.67051700 65.70523070 -285.51348900
v -297.36523400 81.84849550 92.36537170
v -29.04524420 106.14993300 -223.75244100
v 109.14561500 -63.69450760 197.33985900
v 335.51025400 43.03252410 57.55299000
v 130.51193992 -95.49598249 -291.74019190
v 354.04025300 4.16827726 21.21284100
v 183.08602900 45.92829900 210.48374900
v 59.46229189 -109.20280921 -141.51204060
v 149.38281362 45.74866290 -119.33327162
v -188.36268600 -40.03316880 49.73044970
v 56.09583931 -119.71652095 85.92016933
v 152.42791700 -90.84024050 77.46080020
v -155.21153300 -54.74452970 -190.02513100
v -148.20670359 -73.90989961 10.56291793
v 163.61194921 49.45175761 -288.07880622
v -313.98901400 -17.79519270 64.10380550
v 211.17543548 27.97928769 203.47885649
v -162.61084000 -52.26279450 -292.31002800
v 116.88807410 -107.68845323 -11.45742890
v -285.35123645 84.02751333 101.89104764
v 342.54692180 37.34476592 125.92052054
v 213.35134795 38.78635669 71.46154903
v 31.08464050 -81.92729950 197.67567400
v -269.07791100 36.80973430 184.24824500
v 110.74976851 -96.79175048 -175.13503061
v -60.98643027 79.78330284 -49.71927986
v 30.02279470 -120.22297700 -309.49316400
v 145.65248100 12.28130250 233.19816600
v -177.31123400 32.84414290 -260.73150600
v -175.33784693 33.55595507 -105.42670675
v -153.93872100 25.07385830 224.55577100
v 54.36286540 100.25015300 -108.21353100
v 63.09612313 -109.21157418 -93.06739094
v -114.92841114 -78.93226581 -189.83496991
v 183.16798400 0.42737353 -307.39993300
v -395.98730500 -21.47402380 110.18248000
v 272.18009862 -43.02987208 63.86130073
v 90.99741811 81.87330540 210.33825426
v 46.71958024 -111.65739047 -223.59739656
v 96.76851068 -112.90216564 88.32445496
v 166.21913100 -47.43116760 -127.40702800
v 281.46518343 -63.60612213 147.75278824
v 31.32084632 68.56572771 256.91769634
v -93.46031950 70.73878480 -159.26461800
v -409.98377858 -1.57873383 126.39233475
v -172.56713813 -52.28716086 16.98228705
v 186.32386021 15.14351052 -27.10990850
v 13.06627491 -87.07674961 188.75876271
v 294.22152700 -3.68164349 40.29377370
v -173.26797500 -44.56710050 -307.28085300
v -77.34374240 37.90119170 258.81308000
v -175.11679100 -40.67060850 -185.29594400
v -118.77484783 67.62434128 -7.35793589
v 317.85229500 8.54727650 38.52305220
v -124.29060368 -92.59132878 2.36206704
v -179.39588353 26.51042120 -222.04620478
v -208.79734800 46.02766800 63.46320720
v -230.80372600 77.87635040 103.39036600
v 117.40523782 87.12185440 -190.28233042
v 142.30973598 72.34515703 -238.47301137
v -32.79385250 85.18653658 -7.66763255
v -194.87619000 -26.47534180 -227.91322300
v 192.74523900 46.27508930 70.21958920
v 264.50335700 40.09785840 84.52412410
v -183.34491010 29.77220956 -59.11933340
v -411.96154800 14.44521050 123.11714200
v 70.45702554 101.54882598 -139.92859690
v -120.39842733 72.08818583 12.94064545
v -321.18377700 47.54860690 43.12687300
v 189.72808167 74.82053552 162.07513228
v 83.77564240 70.77571110 235.62822000
v 358.30273400 43.61768340 55.13798140
v -256.79635600 -43.59633260 134.74116500
v -344.57838917 -24.20998212 67.13201572
v -7.49395094 97.45102496 -116.52564426
v -197.20739700 66.53936770 83.22038270
v 117.40239605 -96.35395077 -208.45316164
v -150.34733928 48.93355287 -102.04280038
v -66.65674189 -100.85909953 -106.33259911
v -130.99694421 41.47385291 232.07017194
v -63.99966769 -105.13928968 -262.45472559
v -164.37622651 49.83789078 21.15917473
v 88.16324109 95.35417436 112.23349623
v 177.92286700 77.94879150 124.17817700
v 234.71579235 27.10811068 66.34357368
v 323.76165962 35.52056639 139.87733133
v 341.56472800 47.86622620 108.29872100
v 104.39759606 -115.68447587 55.85165710
v -10.05070177 93.30829017 -68.61479153
v 420.40521200 -55.93290330 60.75544360
v 354.18856800 14.15913870 140.44148300
v 257.97906500 -20.05881690 190.35911600
v 350.09820600 -49.67116170 120.81547500
v 122.85146566 75.65575269 -115.29222619
v -55.74314155 87.22599692 223.41499969
v -287.79531900 29.22537610 51.06879810
v -161.77345673 -45.46849103 -119.53990870
v 81.66598729 94.19995503 93.72162822
v -131.45860750 77.14367715 47.28495763
v 308.44094800 -53.63732150 145.61937000
v -231.09233100 20.31476590 48.07032390
v -118.41565505 -47.19387291 194.04092056
v -180.50522772 -36.41375963 -218.17506710
v -309.86473536 -28.71695433 78.90230403
v 239.29803500 52.26021960 173.35554500
v -91.68452450 -95.72149660 -213.28010600
v -330.47769200 71.20015720 56.61887740
v 65.91973880 97.19082640 -90.24526980
v 137.71248986 77.06598988 62.78907414
v 30.07752420 56.78741070 274.98757900
v -371.77929700 12.83304500 15.59678270
v -8.67250443 88.45868680 -6.96175003
v 173.20954550 15.88908525 -242.06489663
v -308.26595237 -6.02425972 165.90857844
v -169.09706100 -52.49792860 165.07048000
v 111.34153700 57.75756070 233.72361800
v 91.19660190 115.00312800 -288.98556500
v 23.34519934 102.29379628 -149.89358459
v -388.31878700 73.64122010 41.33951950
v 184.07768200 -82.45641330 138.18101500
v -53.48915485 93.66559393 207.35721673
v -212.40779100 -41.13021470 75.73286440
v 174.50216700 -85.36415100 95.72785950
v -379.21853600 73.76956180 87.08570860
v -9.65088503 90.69959427 -37.94138791
v -307.98616658 3.86267575 167.09421784
v 117.39253691 -91.52940011 -146.82301461
v 157.60704000 74.46300510 86.21174620
v 73.80194791 118.30667640 -297.08469313
v 186.27982922 -81.09917982 94.70924223
v -342.58252000 41.82783510 151.70716900
v 70.13906550 -117.55833706 90.32964294
v 97.81235500 86.54942320 -72.08349610
v -201.22963000 83.71219640 121.02681000
v -89.07001834 -96.80015078 -224.76887041
v 126.60489700 -2.54931045 237.90641800
v -77.09153914 -99.61157466 -171.12710884
v 189.20401000 -19.93485640 -74.67921450
v -89.49285130 71.06484990 -133.19421400
v -29.15716827 -108.93203370 -143.53341262
v 331.21390902 -39.72665899 44.07285266
v 115.97472400 83.79116820 -113.36843900
v 145.40843200 -85.49116520 -282.72525000
v 51.61556240 97.65313720 -83.22834780
v -254.72312900 84.03971860 142.39967300
v -190.44219102 24.96418336 -51.15339395
v 228.18841808 -17.12754897 201.18165535
v 325.05319200 -57.30953220 63.31495290
v 176.22224400 -37.00172040 -260.11142000
v -98.34558506 -91.42940429 -106.64192143
v -34.00902560 -83.03965000 181.23817400
v 54.49983344 90.90319471 205.34943842
v 236.51965300 -30.17081070 191.62434400
v -115.29906187 65.48149762 -49.42613302
v 85.40061950 101.48225400 -204.66410800
v -377.69833400 73.46410370 53.83167650
v -201.01690700 -9.83647537 -267.57553100
v -255.75814800 59.64212420 81.36836240
v 179.99478137 -66.75055734 54.23750516
v -181.62782300 -51.00966640 161.18046600
v -176.76833280 31.64000300 -119.82774485
v -154.09178200 -51.70490260 -212.28956600
v -304.79083521 62.52979303 153.94231851
v -83.79187144 -99.70176214 110.38803008
v 100.48941000 82.74320980 -29.87193680
v 167.72700500 -52.63133620 -27.81001660
v -360.47906500 5.37560940 24.93326950
v 340.75064100 -22.58500100 150.22944600
v -143.15877163 -70.14803938 144.41269655
v -18.60187340 72.13253020 261.70144700
v -135.49984804 51.85537190 -210.65935504
v 52.32247577 -114.44273081 -270.58055832
v -104.18596333 91.45099176 -293.00686988
v -89.34335504 -106.93741378 78.40958534
v 441.01373300 -49.30393600 68.30159000
v -150.02899200 50.07227710 -11.85683060
v 106.06580047 -106.04328785 -268.08817479
v 51.79048265 -101.63483385 145.91296569
v -73.95473288 98.69952590 180.81714536
v 94.69037630 84.82705690 -46.65752030
v -88.01300050 -96.80854800 -201.83676100
v -180.08262600 -56.68632130 75.85014340
v -306.06308900 82.67585049 93.05425460
v 107.02030200 79.63396450 7.65693283
v 115.11112200 75.80039220 3.57957077
v -154.95494100 52.78249360 220.40800500
v 163.42466700 -49.61620710 -148.93034400
v -110.12786900 -101.46366900 47.59183880
v 103.72448937 96.57235459 -240.10470167
v -285.40411400 -36.05529790 96.47056580
v -283.37365700 -14.87467380 165.52186600
v 107.05894010 86.21840293 -101.42439475
v 173.34795448 -38.92552357 -228.40623962
v 291.78210400 52.24489970 120.76789900
v -365.89852900 -16.00884820 131.37004100
v 134.27644300 60.82525630 -89.68959050
v 111.42997000 -99.11922450 127.70439100
v -336.50610400 -30.44059560 86.79167180
v 53.78108095 101.83556412 -123.18373376
v -160.63709561 -46.74976005 -222.72490155
v 141.08692900 -88.38230130 -277.59463500
v -216.30723514 -52.72567022 105.36783166
v 116.50509282 93.34155069 159.93093052
v -343.77294900 -29.60972400 85.31620790
v 42.66544184 94.27554562 -53.60289862
v -139.54066168 -67.81888859 -112.92514478
v -109.59414700 62.94196700 -172.45080600
v -284.18499800 64.62596890 162.38938900
v 113.68706500 81.50694270 38.26868820
v -73.27955873 -61.79852008 201.23968240
v -334.52639800 -18.70304490 141.53660600
v 163.88185399 -75.59758269 160.08708765
v -152.40995792 48.01573777 -76.34746594
v 195.61195400 -80.15820310 100.03065500
v -145.39752693 2.43149660 221.57527986
v 190.52442900 75.19886780 128.78227200
v 181.14534000 -25.87500000 -156.51721200
v -121.93729726 -93.64421023 63.18815446
v -165.39399955 76.71384263 84.59326553
v 135.38726800 84.78124240 -274.29126000
v -207.92709918 -35.20038056 65.06058839
v -367.42935200 7.89478302 145.27180500
v 95.15716223 -107.28927252 -238.93759859
v 193.42498800 49.24669650 200.67692600
v -369.34823600 67.03243260 31.20582200
v 145.47083062 -30.88261491 215.02853204
v 247.56428500 -75.29112240 102.55607600
v -137.43563961 96.12991904 151.99626811
v -199.46873500 29.32009120 25.81333540
v -310.04525800 -7.20067883 53.78419110
v 154.26736031 48.80058375 -7.82217436
v -356.63034100 68.68451690 116.50828600
v 345.97408425 51.58733789 82.50152783
v -93.22680803 -101.88180328 -41.86912402
v 15.89918669 110.08952739 -272.96657485
v -296.79925714 -22.43389592 151.26281177
v 141.90940268 52.72121753 -111.23325669
v -224.29200700 37.68735890 200.19773900
v 126.04498300 83.12120820 -184.33204700
v -386.91857900 36.93116760 125.79866000
v -82.32321874 -98.08998930 -182.05589705
v 32.49109301 110.09006109 -247.55301520
v -197.86580763 -12.91231709 -202.32523082
v -85.19715279 97.88750895 184.33556329
v -189.02159100 -31.29957960 -204.24337800
v -194.91261300 -25.27236750 -203.78706400
v -153.58427731 -51.75979186 -235.99804883
v -149.68845906 -58.41477664 164.69421530
v -394.20632566 58.03250416 100.41209927
v -113.97203100 -86.10300450 -72.48800660
v 183.27714173 -33.94019884 -90.17377219
v -101.62972742 71.70049529 -190.10029658
v 223.20062300 66.94635010 136.63237000
v 353.76903749 35.82223840 33.47234298
v -184.05635826 91.57798488 138.86149678
v 304.91171300 47.59077450 99.59840390
v 182.91230800 -24.62717440 -165.18223600
v -0.00916947 87.28049990 230.45110461
v 367.22106900 -8.14847755 11.30537030
v -33.17837916 -107.37247809 -207.42369986
v 179.78105351 -40.19562243 197.41254012
v 112.42640700 82.23462680 -87.82592770
v -384.36648600 -22.69773670 117.12358100
v 16.03049844 -112.21485411 -159.53358230
v 363.92843600 34.68188860 25.28254320
v 4.82159065 99.19156580 169.04728367
v 347.48794600 -61.43925480 87.46540830
v 186.71530937 30.65956854 31.65680556
v -114.02401700 -94.85295870 -25.97835160
v -288.67855800 37.99521260 176.30140700
v 144.17026524 -70.43221075 -142.59303712
v -185.36273200 59.04475020 64.55390930
v -315.76907772 74.33873103 129.39926740
v 98.70335897 77.17915449 216.26833841
v 159.24148635 -62.08695134 -29.48324864
v -115.05891679 64.85381790 -69.22427589
v -76.84994768 103.38347279 -284.87695730
v 322.13760400 -32.69454190 43.48600390
v 224.58215300 -6.09802723 35.73209760
v -195.24350000 -19.34962840 -159.46106000
v -201.40823400 -5.19542694 -272.96939100
v -58.21557620 110.92112700 -284.51776100
v 102.32082068 111.28473578 -300.99723907
v -197.95521960 21.18611038 1.55077070
v 113.80804400 -111.51758600 16.47376630
v -83.66485903 90.92438213 -231.62393217
v 150.37268100 84.72049710 173.26374800
v -18.79876140 96.64624790 199.65303000
v 290.77130100 45.94067000 95.40336610
v -80.91152531 100.58702596 153.26047803
v 31.74262198 97.49785207 179.10198155
v 152.72409100 -87.20111080 137.44941700
v -119.15719600 -81.46891780 -103.18130500
v -187.97580000 -52.74075700 81.39176940
v -273.61163300 38.01263430 182.08494600
v 121.19477539 -102.58625777 -19.70529286
v -129.95707700 -87.90010830 96.16200260
v -32.81596649 87.00480187 30.74879031
v 244.24052400 61.22404480 124.75291400
v -122.15666200 57.64828870 -192.07055700
v -32.67147798 86.74533018 -44.22464603
v 184.63105161 -57.40880510 40.89046067
v -218.63034321 54.76827875 76.71738555
v 98.42931370 67.80944060 233.52793900
v 297.00573700 7.62209511 44.66675950
v -386.47326700 61.13786320 14.08326340
v 80.76873864 -108.45811478 -214.85329902
v -249.89741500 -39.93838500 147.85517900
v -184.92722379 29.29060908 -5.54393097
v 350.20407100 -10.85660460 19.87897870
v 167.23202500 26.38554380 -211.60073900
v -195.66342200 14.85509300 -300.34594700
v -371.41013834 41.15372718 132.74154133
v -92.84698761 -106.84289651 -12.96428874
v 154.65246600 79.53886410 97.71223450
v 188.18042000 -9.34812260 -162.02887000
v -108.90784500 -90.46665190 -254.46379100
v 41.79623075 89.24997825 27.46950910
v -373.31234700 -14.98365120 45.89240650
v 329.67774748 46.22648287 69.02839463
v -122.07341931 95.56735982 114.85875596
v -119.76247400 85.34824370 56.46583180
v 93.22178078 96.83092898 139.56979058
v 12.95619896 -98.25662329 159.05777204
v -237.89013700 24.56435390 193.32533300
v -189.25441000 -37.40873720 41.95780560
v 201.14656100 -81.70419310 133.68812600
v 355.07782000 28.17895510 29.08765790
v 317.71664649 -45.46939309 54.97928297
v 330.66522200 5.03799009 29.78403850
v 145.08741800 55.95063020 -11.51167680
v -248.00753800 70.28315730 95.04200740
v 195.59479907 -35.69123104 196.64032807
v -100.71667500 -28.85795590 223.58952300
v -193.77483279 15.63834784 -149.53051110
v 364.67898600 27.34516140 130.84187300
v -120.29811319 81.98574135 45.68666564
v 134.19684478 -83.19700958 -185.02604214
v -388.33602900 -27.42359920 84.24577330
v -403.71456900 -21.10701180 102.24073800
v 390.27722200 0.24880439 125.87840300
v 198.13960028 69.23562645 109.40235342
v 181.77496300 14.18463520 -313.36654700
v -155.48557987 78.04015920 198.50482907
v 211.67128000 70.09997560 142.05751000
v 137.93922400 -94.81623840 117.93461600
v -220.21972700 -49.33879850 144.24156200
v 188.60267600 -5.98001289 -140.66165200
v 153.19941700 -84.83231350 143.33348100
v 102.78332500 -116.36532600 44.24552540
v -239.47500600 2.23388720 187.89759800
v -139.76360463 -62.65228733 -224.85973672
v -121.27801429 76.17719054 -284.66593752
v 136.94155350 -73.92940206 171.46652643
v -138.71809400 67.01419070 -300.85199000
v -200.54768400 72.69707490 96.43193050
v -37.96254675 75.79811272 252.99571608
v -347.41915900 -10.08146000 147.16822800
v 320.04232800 -57.21399310 119.95924400
v -42.40567780 58.21384430 272.51913500
v 267.88113400 44.62976070 91.41014100
v 302.03570600 -62.82940670 79.31806950
v -53.52909850 94.10140230 -168.47241200
v -5.11549711 -121.98165100 61.37086110
v -351.09301800 82.87365720 84.72761540
v 131.53004500 89.31333920 -289.27993800
v 162.49145844 -6.19289367 222.81112790
v 55.46776104 -85.41254898 181.24735029
v -250.75938400 83.52336880 152.41340600
v 192.55795300 -55.41904070 53.02042770
v -37.26404279 92.74911713 210.70352184
v -107.57733500 -89.45647750 -77.89972330
v 152.27882475 62.72945310 -265.74735506
v 11.01268874 112.50608322 -305.38733302
v 62.77827070 -123.12970700 17.37006760
v 296.39147900 -54.14999390 67.36997990
v 8.18491968 97.02169411 190.12970403
v -34.58977422 -107.77796290 -175.78192161
v 92.57595372 -104.00673046 -84.68835895
v 58.88741098 108.59955341 -188.42325121
v 191.63111900 -76.49964900 151.55918900
v -137.51935516 -33.16963131 200.70006912
v 63.65511019 95.74699259 182.90647829
v -159.39808700 -71.32501980 71.93763730
v -3.81024663 -115.12691838 -47.22255214
v 198.17076100 -62.56071090 67.12074280
v 196.28483451 -67.73801687 76.65214712
v -350.90683000 -17.97997280 55.50730510
v 314.11117600 -9.86385918 166.38765000
v -105.93505427 74.75786092 217.16098707
v 170.06529200 -51.03952410 -280.82409700
v -269.72583942 51.79040542 69.65453202
v -21.29223929 115.56441221 -291.72321785
v -263.68251512 63.24808983 170.82032821
v -83.23863296 -101.75533364 -286.67948356
v 43.51885628 -116.52959011 -283.82740411
v 122.24899300 83.24301910 -156.37805200
v 33.46704841 99.83692146 -117.89319414
v -158.10921694 40.65703092 -229.22365359
v 375.35104400 -24.90380100 9.42628098
v 28.71122324 -112.80671672 -225.07604160
v 97.78397248 91.38160041 83.38310158
v 33.48501301 107.33340333 -211.28402210
v -86.26963252 75.32045619 -22.42139175
v 174.82008400 -39.40175250 -299.37890600
v -279.38992300 25.71967120 52.04163740
v -226.47230590 -15.19271175 53.73207600
v -134.73641759 -74.19169371 140.47165986
v 349.97518765 41.95539016 51.05781990
v -201.87405400 4.14755058 -291.57003800
v 26.45342727 92.16076229 -36.37523436
v -202.31761200 0.80694073 -277.46960400
v 336.88848900 -29.60174750 149.17353800
v 269.79107700 29.52580070 72.51417540
v -192.21484400 -29.23369220 14.49555590
v 217.17596400 -80.38932040 133.55259700
v 206.76814300 -82.82356260 127.12220800
v 382.46585100 38.25412370 21.73096850
v -353.35985865 -31.33553111 100.57066379
v 208.31446800 -63.78800200 71.71260070
v 223.57028200 -69.82086180 157.88429300
v 110.53434496 87.87874349 70.65161816
v -292.63342300 -4.31921768 173.09400900
v -136.54048146 -70.92632852 -270.82586147
v 203.71014400 -78.66806790 142.14128100
v -66.27711530 81.14185597 -1.02099260
v 269.42028800 -22.43699840 51.76197430
v -103.43554882 -104.85751801 52.78791045
v -130.11444100 56.16740420 -226.69857800
v -373.45706200 70.05125430 104.10054000
v -287.46102900 30.55767250 177.81764200
v 82.41926153 -107.92074540 -201.97033078
v -78.15813369 -111.59033554 66.37529899
v -291.11709600 -38.21956630 106.98832700
v 225.14851400 -69.69281770 85.06044010
v 233.96539300 -15.18927760 44.46677780
v -215.91356271 -33.16068946 167.87231646
v 114.35920700 -97.31971740 -90.92472840
v 136.16236900 74.77015690 50.13135910
v -106.96327552 63.64616383 -127.61177153
v 198.22729565 3.14746979 -15.02174664
v -250.27152586 -0.97049176 51.96515410
v -173.11659200 -58.01023860 153.90168800
v 144.01127600 82.31873320 -308.48251300
v 91.82653810 93.49713900 -125.27601600
v -77.59622687 94.68264463 -239.43150160
v -77.59386798 76.27624372 -46.01643444
v -217.47479197 6.19588726 -10.80297780
v -290.83197000 8.04367352 175.35279800
v -185.71002425 -22.39301524 -136.22466753
v 75.01501351 -76.74634912 191.55018265
v 190.41288800 16.36763380 -0.48286810
v -267.95983378 77.52424588 146.50089469
v 321.10012800 -37.87389370 48.39670940
v -115.43510400 61.17300420 -189.25259400
v 211.27842700 59.67306140 95.45378110
v -409.96362300 -23.17686460 87.78932190
v -343.44522100 80.82658390 104.38114900
v -292.89118300 65.98244224 72.38477155
v -226.09552000 -9.18661594 44.43015670
v -341.74786400 -20.55510710 131.20213300
v -36.14930452 70.17272598 262.20742494
v -180.90432700 -33.78747940 -245.30471800
v -20.08450184 87.02838168 -11.26317949
v -16.90217223 -111.07046624 -235.93987705
v 363.16040000 38.21018600 37.40678020
v 46.75226105 -124.10680641 38.92825197
v 349.30504022 20.05360692 140.54426554
v 44.49990857 116.15857419 -291.82759260
v 385.32545073 -36.42200312 14.73934748
v 149.58388398 -65.05422911 -86.60904774
v -123.50314369 60.82782649 -85.10508757
v -89.07539301 100.03463363 141.97132063
v -104.40001700 -105.75072500 23.42759320
v -97.45575881 73.00089568 -22.42696244
v -215.31175200 88.35823820 129.49235500
v -199.35029600 -15.86897750 -259.56637600
v 123.84490200 76.14733890 -128.26632700
v 384.59182838 -58.20778138 54.37185945
v 248.33778400 -25.78800770 191.31800800
v -168.40336600 39.40626530 -99.50332640
v -347.93560800 59.98085020 133.32313500
v -375.93653765 44.94524033 126.60901130
v -14.10422166 97.78544868 110.34475330
v -207.90577700 -40.08866880 162.91145300
v -41.54060903 -108.43157029 -80.60102829
v 23.91195558 65.48185229 265.36872236
v -116.42168479 -99.88329814 22.13178470
v 167.66225016 70.66565475 191.75413638
v 186.48742385 25.24079775 15.03568975
v 24.20408837 -115.14947155 107.97142947
v -73.41630906 -105.02426907 100.48856251
v -106.29063956 -98.60339083 -28.16280903
v -173.84311637 33.68322168 -131.22989188
v -293.70105000 -34.95747380 92.28056340
v 183.06920457 -6.15949389 -295.66665171
v 104.36019486 90.74772767 -158.18512469
v 161.89210601 32.72567142 -210.73540171
v 74.47650294 -94.00399820 157.02240727
v -294.39053300 62.78775020 159.44920300
v 55.48385131 -123.76006050 23.88138839
v -106.02304800 17.02691840 242.80705300
v 46.49295471 -111.05131980 -184.18111633
v 88.71744916 102.48902684 -221.73896693
v 173.31195205 79.94523968 151.68026644
v 264.95025600 -67.08262630 154.56016500
v 220.04115300 -6.90199184 24.10944750
v -106.14263900 66.65912630 -105.48297100
v 397.44725570 -15.63365736 120.14962742
v -152.16294900 -54.91328810 -250.29782100
v -321.60351600 30.19108390 159.90965300
v 423.79370100 -36.45957180 90.69999690
v 106.15961336 88.72940005 -124.76190807
v -119.66391000 -81.59226230 -95.72587590
v -344.82009414 -27.03171812 74.34880492
v 248.66053800 50.51960370 94.21867370
v 128.18832519 67.05311972 -20.83392254
v 183.67904772 -25.56998138 -128.97913236
v 180.52520800 6.64299870 -262.15847800
v -128.22928884 -61.63281060 169.99428278
v -155.93602000 -55.08946230 -182.32257100
v 177.57768106 17.85345599 -85.05587847
v 18.57881578 -110.53539093 123.35073810
v 213.63747517 -18.84124726 32.50966264
v 52.74079304 -74.85164454 206.18785850
v 132.66243686 -90.89338983 138.75244468
v 82.48884947 -115.36385845 90.60969824
v 162.44177917 49.95794658 26.35860245
v -5.74928479 -114.37879128 105.75452180
v 174.32399000 50.39971540 212.80369600
v 207.12759351 69.70303059 155.38028102
v -232.18020452 83.11978906 160.07581981
v -162.66865500 94.29631040 158.88862600
v 22.96425440 -115.57737700 -50.76753620
v 359.68985000 3.22497129 18.12827680
v 237.53402700 -9.47874641 43.85190960
v 51.37999730 78.44213100 234.93534900
v -326.83410600 35.96056750 157.41886900
v 152.33246280 54.57561606 14.01180641
v -397.05041500 -25.13896940 90.73692320
v -175.38284300 -1.81757283 205.43180800
v 104.99478100 -100.67784900 -89.65277100
v -359.11242700 76.48261260 102.85789500
v -432.68711970 -16.06408501 97.28867096
v 145.77752700 69.17758180 46.66694260
v -113.87110100 78.88005830 27.28712080
v 187.41456600 -39.72868350 11.32773970
v -166.22192951 -48.14260418 -188.77565051
v 385.00970500 30.96407130 115.02131700
v 118.57919300 -96.66625210 -68.57025150
v 215.18866000 -63.56514740 73.00764470
v 101.62258900 58.38350300 237.21843000
v -74.43529275 77.85764737 -117.72123520
v -91.36174770 -110.92655900 8.93406296
v 165.25706500 2.29373646 225.37052900
v 342.01190200 -48.95053100 127.90083300
v -100.83512100 81.63130190 29.10685350
v 119.74535400 -102.46830000 106.48030100
v -115.95882400 -81.97859190 -215.64856000
v -115.27283342 -90.19058648 112.26898250
v -97.57149510 70.43806460 -173.57548500
v 128.62331718 -90.82470428 -212.30252573
v 211.71589700 -67.97170260 81.00315860
v -182.47261000 -39.84462740 12.39573290
v -204.24544458 -5.34998451 -56.42228811
v 355.65847800 -57.12520600 98.02891540
v 14.19877247 -115.75241916 -48.65039290
v 23.99261280 111.14539300 -278.19924900
v 107.59565165 81.83179128 -52.11041195
v 273.00722465 21.01572033 61.81637184
v -161.79130233 -48.22889811 -45.42355023
v -401.32343958 60.33291248 87.19332884
v 154.35362975 -60.02637936 -112.48776888
v -362.00875900 -15.74612900 50.27671430
v -274.79809600 -26.18760870 157.22969100
v 263.53375200 -27.31066510 185.51271100
v 125.91887904 92.55995974 133.99357560
v 112.95195000 79.56132510 23.25126270
v 16.10377531 90.01836868 219.26082349
v 181.40387407 -20.82926716 -201.40581279
v 102.42307802 -115.04933469 11.39761065
v 6.14918031 -118.66912679 88.86082835
v 98.96324160 27.82615660 249.45603900
v -158.24594077 41.20489608 -214.62015693
v -135.44759409 -81.22681090 -4.05430891
v -209.86785220 2.71460362 -82.00752699
v 86.09351985 84.84675461 24.05951335
v -211.16441863 3.07314165 -62.43716016
v -55.34920799 96.50690354 -193.38452025
v 255.61705000 -25.58622360 57.28312300
v -196.37498500 -18.44227790 -217.87878400
v 36.22479641 86.45729442 226.62370459
v -384.33483900 72.81801610 63.74024580
v 83.17967763 -104.97635812 -101.09750445
v 165.14827000 -58.77898030 -226.69232200
v 124.05780000 -66.44425960 187.30155900
v -396.94220538 -23.59515752 68.23939655
v -99.67479710 97.11591340 182.82286100
v -202.59205600 -34.55175020 60.02842330
v -126.65094000 32.31206130 234.80363500
v 186.04591400 51.50325780 73.03077700
v -394.88632200 26.93787770 128.17729200
v 164.91004900 -68.22843170 22.08250050
v 332.76986700 29.22814180 41.87568280
v -129.70966412 -68.83291450 -176.73782238
v 174.18448652 79.65858346 157.51235321
v 164.97909699 28.76419657 -157.39444072
v -332.07940700 53.44969180 149.39222700
v -124.34952733 69.98304899 -266.49529558
v -86.38895351 -71.75165439 173.90768323
v -59.22811634 83.42155953 9.52498502
v -99.79961400 -96.57498170 -56.93420790
v 365.63610800 -58.02120210 90.25398250
v -221.31492096 -26.78262085 64.33770574
v 378.64147900 6.95305777 6.08756638
v 146.34806800 56.32202530 1.25263608
v 28.94604579 98.29757245 130.46430762
v -157.49289188 -27.89277326 196.17832538
v 77.00642400 95.30516820 181.20463600
v -186.74966364 21.74674566 -191.07772645
v 175.03638880 -42.55523641 -75.29783124
v -171.47091632 69.16216665 73.71165170
v -27.03463170 -113.43886600 99.49671940
v -56.85357045 -107.68099470 -60.31686354
v -260.58792100 82.85441590 110.81056200
v -200.63627600 8.44340229 -233.88157700
v -149.64800707 49.42625210 -33.53111588
v 138.11142000 90.39640810 154.70893900
v 158.52085900 -87.46356200 130.55604600
v -228.83792260 -45.34768958 95.22053981
v 23.01614473 -114.03583203 -247.61943809
v -212.83450300 -23.81970790 53.43323900
v -352.74826000 33.30365370 149.70979300
v 118.05771043 96.56383107 -283.25054360
v -282.51178000 36.07506940 55.67124560
v 382.41262800 -49.60271450 33.18571090
v 307.88803100 34.18608470 151.41761800
v 3.36369304 -118.72429553 -300.41720497
v -273.97357200 -40.78433230 111.21119700
v -144.53308100 -57.68731690 -207.75314300
v 343.85510300 52.63434600 96.26429750
v 83.58976496 87.02876435 -41.69831005
v -126.06213400 60.78006360 226.87828100
v -187.84191900 -20.68188860 192.33036800
v -195.09393067 -20.90471549 -11.13220510
v 319.20605500 50.33148960 109.63304100
v -148.05047600 49.64504240 223.90171800
v -24.50533148 -80.06366201 193.84552575
v -98.62503810 92.74033360 -281.38131700
v 144.01229900 62.34534070 18.84397510
v -155.06939700 95.26396940 154.74601700
v -286.51153600 -23.71762080 154.28382900
v 174.54127273 -35.67167872 -218.93369344
v 216.26432800 56.64801790 92.89711000
v -125.99470500 83.91698460 59.35386280
v 137.00459300 81.46118160 -242.79693600
v -254.71997100 75.72600560 164.85423300
v -363.19644200 14.76762770 17.56489180
v -221.80329115 51.24109823 194.64247416
v -195.54332000 26.26509860 14.17725750
v 128.18786600 44.55625920 233.06382800
v -109.37450400 71.73023990 -8.23936844
v 174.01261900 -43.02467350 -289.12991300
v 114.51818100 87.09772490 -164.11228900
v 22.81311729 89.35796510 36.52324804
v -78.00424827 -99.01345896 -198.68970213
v 47.65137918 103.82328888 -144.76239164
v -187.30711400 -56.79891200 147.88798500
v 173.20629900 20.73671910 -161.77163700
v -295.42337000 -27.09524150 76.38587950
v -203.27029400 0.12652290 -153.24148600
v -419.06387300 56.16703800 79.06910710
v -225.66694600 86.73669430 123.44950900
v -347.34862637 71.24561602 117.72146507
v 162.10304598 -62.42890998 -265.12678198
v -1.85749337 -122.95060135 25.71653398
v 252.75332072 -67.36909917 157.23222982
v 81.14281460 56.21989820 250.11045800
v 212.89299000 -81.69706730 112.65358000
v -244.18730200 -22.99183460 172.41062900
v 219.59639583 -24.52191577 198.35880972
v -185.69300676 -21.62686081 -127.58841696
v -77.04528810 77.23078920 -128.35026600
v -140.09626438 -75.30059357 129.51841824
v -57.73925391 80.83906283 -60.62033912
v 399.53881800 -56.71952820 68.68003850
v -54.29225913 99.87954707 -220.92435334
v -209.38317900 -56.20443730 110.96714800
v -284.19363400 -28.11941720 78.99250790
v 70.44173729 100.19096322 -127.02918354
v 395.64605700 -57.57670970 46.99122240
v -250.93916300 -5.98205090 183.07215900
v -249.77766400 10.77508260 50.13145070
v -238.99578900 -0.54508096 44.67075730
v 121.02147700 88.88923650 93.10877990
v -390.26849400 23.59751510 132.77040100
v 119.80562740 80.65548011 47.41690343
v 25.08616653 98.76325975 163.41165078
v -137.93938513 -81.56289788 108.92433588
v 160.18264800 -88.24850460 87.81446840
v 156.12239100 -71.94846340 -237.37822000
v -115.53817700 88.84462740 69.90788270
v -11.51255049 -94.40984426 163.19729438
v 291.56036400 44.53406140 88.05909730
v -82.72490690 -110.04214500 -14.66579060
v -9.73795681 103.79791932 -177.46894266
v 86.67377267 109.29860742 -247.67877560
v -168.95191219 -38.32383067 181.78261886
v 64.84851167 -121.49444457 3.39994162
v 311.06463600 5.00566435 39.84452440
v 362.66044499 41.88132218 110.36298063
v 175.80824300 -43.57502750 -172.95579500
v -91.67671970 -109.27817500 -1.04161441
v -131.60196177 -7.55333059 221.96431737
v -173.30130000 -43.70696260 -293.21994000
v 107.58776071 90.00682923 184.93861257
v -187.28795113 26.88645613 -29.84072787
v 183.51833726 -36.07379283 -17.77265799
v 135.26293161 -54.72263707 195.93612717
v 401.55209400 42.57561870 55.06821820
v 180.99050166 -21.47452633 -258.17115146
v -25.57712550 96.91951750 -124.73957800
v 97.08309170 -115.56633800 1.19770443
v -349.47375500 58.85816190 38.84217450
v -183.45325096 -43.02746811 38.21558625
v 167.91710354 39.87686464 8.26555669
v -200.71669000 -1.84053624 -302.78067000
v -148.77599098 87.81884414 98.79643401
v 136.79195746 -96.61893448 94.55160488
v 126.81253100 86.61303710 -231.25779700
v -186.30607630 26.51387891 -82.29169395
v 176.63218367 -64.47865329 40.47873064
v -191.71478300 -23.94583890 187.88978600
v 62.88628384 94.94124230 94.39355219
v -150.09998173 -60.05771582 -273.11859362
v -100.88559700 -99.89973450 96.22901920
v 181.54042100 -1.22877538 -239.65913400
v 315.97851600 -55.73068240 63.39793010
v 175.07721199 18.66289639 -171.64092197
v 80.33196923 -120.37511709 57.23620376
v -329.38241600 12.03933430 156.99574300
v -27.86917500 95.57686610 -114.32678200
v -77.38063810 -112.83097800 56.95765300
v 4.45619568 96.70667304 100.73958323
v -322.51684600 -23.90229030 139.60145600
v 96.29945370 72.63568880 226.96037300
v 116.71047200 -109.88665000 3.96262741
v -103.87939901 85.39789239 -260.98106696
v -171.35226969 -43.35489356 175.11268586
v 95.43313600 -110.58414500 -286.23373400
v 174.43986776 -46.33510261 193.91362506
v 50.02795679 98.14856858 165.65267743
v -199.96325700 -6.23965931 -284.15570100
v -296.08850100 30.30743220 173.28974900
v -34.26560453 -120.20031974 35.98129271
v -9.62159836 76.47514540 255.59654842
v 16.76053430 107.89701800 -239.02011100
v 211.91322300 14.91997240 47.60377120
v 142.36859100 80.71917720 -285.90567000
v -259.09552262 34.05672597 187.80301294
v 143.10332904 84.16138105 182.31891737
v 386.02276600 33.53705980 10.74235150
v -266.56594800 80.25098420 137.96281400
v -107.98897797 -104.07656301 13.70211630
v -371.15426600 71.93521120 34.66987230
v -221.93272400 -9.61389637 188.85450700
v -8.32234634 -117.93070383 -24.35188690
v -237.44845600 56.65143590 79.89924620
v 67.37734680 -103.70184520 137.84177435
v -200.69902000 -51.31327820 89.08534240
v -356.32462441 54.73291492 132.37900784
v -50.10667967 103.83218131 -237.93515065
v 239.04271926 7.50586197 48.94141725
v -246.45356800 77.13635250 166.22453300
v -108.45219354 74.04543164 -221.62676071
v 321.03848300 0.01447147 32.97636030
v -241.98385936 13.67703548 189.84233859
v -407.83847000 -21.57828520 95.86643980
v 176.01152000 64.87105560 90.28562930
v 308.60958900 38.02016070 61.54642870
v -42.91104416 -113.95851271 -296.72862136
v -136.14247121 -24.49734252 209.35455645
v 407.06475800 -39.28722380 100.78376800
v -67.90299055 -103.60153806 -254.60371508
v 138.74965856 -59.07987204 190.06407721
v 304.12277025 6.62049885 168.52856667
v -360.37088000 -0.40373498 145.97456400
v -202.28121295 1.27010660 -269.35488266
v 258.68776301 -61.59993800 164.18370210
v -169.89108138 37.80353699 -260.39595421
v 155.26298254 -63.50402663 -166.48954104
v -80.37609041 -97.19045389 -126.67145951
v -207.82137910 2.19920101 -112.59978033
v 102.01103822 -99.20071042 -163.83884812
v 119.09162900 -109.55910500 22.83585740
v 349.40286300 -38.19586940 27.95685960
v -349.99572800 1.31411445 31.32731250
v 2.92312990 -121.15310388 -5.18631550
v 352.15676900 -7.11258364 146.42384300
v -173.97189296 -43.83811527 -3.44597650
v 218.98668484 0.64359811 206.62614564
v 411.27380400 34.15579220 94.16773990
v -210.26428200 90.88240050 139.00712600
v 407.87796695 11.48663057 113.52220093
v -333.15240500 63.77745060 136.13066100
v 285.51528900 -71.16573330 100.03260800
v -31.69426547 103.81018579 -203.91330162
v -57.48312196 -104.82808010 -240.10801926
v -169.86454063 60.94925485 55.64571471
v -220.04350396 12.88317387 196.62737651
v -187.83863800 37.33878710 213.27122500
v -165.79533400 -69.81348420 104.70863300
v 316.79962156 49.09500305 101.43983810
v -182.34368900 67.81597140 77.70109560
v 183.73559600 -1.48960674 219.10905500
v 281.29135100 52.15435790 130.21055600
v -15.06461854 111.58202750 -255.95262033
v -168.44361900 43.08186340 6.65629196
v -137.67170460 87.57806407 195.07041199
v 146.63253043 87.02111626 121.04166822
v 42.84262141 -112.23321607 -73.40174293
v -422.32022100 47.92867280 89.42033390
v 2.01241207 67.41548920 269.95791600
v 186.89213600 -9.25991440 -177.06985500
v -41.38687546 92.95318389 71.51180630
v 282.94458000 46.07073970 96.94654850
v 108.64977737 92.64544672 -225.38422383
v -134.68275383 64.70048893 14.29432153
v -196.96113600 91.22573090 154.25538600
v 271.75744600 54.32376860 118.57847600
v -282.47015400 42.36698150 177.05146800
v 167.78325856 -22.36372191 211.64805019
v 66.74701331 77.35602049 231.88482618
v -247.39924600 62.34256360 86.21830750
v -170.89389089 57.68916975 49.90629985
v -20.09965933 -110.01392031 -145.31175046
v -101.41990948 -87.47317361 -188.69827578
v -181.48330700 -36.79098890 -288.12423700
v 333.24444600 16.13258360 148.50923200
v -21.06692312 -109.77458734 -180.94606112
v -393.41662600 39.86991120 119.40470900
v -138.05038500 -62.92017750 -194.38159200
v 76.28464228 -112.23615158 -48.36110379
v 167.67967200 -12.24761200 217.63310200
v -155.52821400 -74.43408970 101.37544300
v -360.34445514 80.85200795 84.52409094
v 147.44227600 44.87578580 -153.29472400
v 274.41531400 -60.57104490 78.81120300
v -139.73475600 57.39630130 -262.07165500
v -121.26759300 47.05666730 235.28489700
v -166.90795900 -33.19132610 187.72309900
v -174.57923852 86.02214263 117.41416067
v 274.59201000 15.18242650 55.30579760
v 316.82909917 45.18554053 75.71878495
v 183.50634800 9.42907524 -167.13189700
v -319.28015612 70.59569015 62.63719448
v 209.92045339 -49.53553993 60.45895525
v 14.60628293 -122.87842675 63.23699292
v -190.08538800 71.12864690 88.38819890
v -74.90249376 100.14130279 163.53652986
v 136.07766700 82.79120640 -250.89680500
v 153.94538900 57.12028500 219.43199200
v -387.50079300 12.28205490 139.07637000
v -19.52900306 -109.97013059 -202.29287262
v -79.05401610 -112.10801700 -6.97102737
v 67.64707986 -109.32596915 -186.74375143
v -203.84541300 -42.40569310 72.63386540
v -235.98858109 -42.24482070 151.33582235
v -248.92506515 -8.33920500 58.80260355
v 14.91766189 -112.52715760 -225.31304215
v -47.14134954 100.09998374 163.62270770
v -192.11599700 84.96804050 122.27903700
v -189.38906900 -30.90026860 -218.27944900
v 18.37843821 76.25348849 251.98784286
v 315.33566300 -6.45432997 33.46296310
v 42.48720353 -113.20415279 -248.09487639
v -159.91595500 -16.33145520 205.14048800
v -118.75209000 -97.60094450 5.27936935
v -71.97898465 -105.26322789 -58.73987971
v -314.47518900 54.95423890 157.08738700
v 129.06750975 -98.23987013 -4.65313453
v 357.64291400 -57.54732510 52.66703410
v -422.25369300 39.63137050 100.62065100
v -36.46783164 105.79210494 -226.63883706
v 244.60841400 -20.63492970 51.25706100
v 433.28695700 10.89298060 96.29200740
v 372.48312400 34.88433070 18.74180220
v 250.62344400 -6.47189617 194.37065100
v 232.96443200 52.01851650 179.40327500
v 123.79752300 -85.07413480 156.38325500
v 174.03794900 -37.05744170 -135.04309100
v -296.45147700 -39.88682560 125.60759000
v 123.48647300 -105.61705000 7.39371872
v -404.64028195 33.21465314 118.29158708
v -51.31869130 96.47794340 -181.86788900
v -151.08182163 -50.71124125 175.59062670
v 56.06541440 105.90345800 -160.74755900
v -94.52529773 -90.43875168 -158.65981439
v 151.00854500 -90.41342930 114.13298000
v -83.93692780 92.75848390 201.46360800
v 222.66992200 10.03021140 47.25089650
v 178.75553900 -29.14617920 -251.67848200
v -269.80819700 71.38791660 161.21574400
v 356.85867300 -44.94389720 126.47459400
v 137.18219570 -78.03750448 -73.22575840
v -72.00001985 85.62071709 34.20884158
v -428.65832500 -22.01255800 74.19801330
v 13.89631650 53.89810940 286.72494500
v 43.04754448 96.01412485 -70.28937887
v 366.49081400 50.97385410 84.54554750
v 108.18639400 90.00362400 82.90571590
v -169.12420700 39.42194370 -15.60567090
v -43.32815381 99.98525110 136.34609486
v -190.07850600 32.11908720 19.33796310
v -327.64830781 58.78698134 145.85943123
v 179.72352800 -59.92305878 177.67125579
v -425.07147200 30.85880090 108.25532500
v 304.18018845 -61.55312906 120.11356374
v 21.50175671 106.62029451 -220.25212130
v -85.80655705 -85.17786901 147.48985016
v 144.67429861 -87.36228378 21.48440280
v -32.23061750 108.21791800 -238.80169700
v -18.42801339 102.22494728 -173.99792159
v 39.69789558 113.77848159 -280.49057958
v -161.28462692 53.96148266 28.08959317
v -212.78047200 51.99156570 72.81602480
v 346.46148700 -13.26543810 150.25016800
v -145.94662125 50.95761173 -54.82385176
v 104.36112865 -112.43078792 -11.68017399
v -51.23742198 -110.20811786 -288.18121947
v -148.27850300 95.64049530 159.74910000
v 42.59236023 89.60181803 40.41859375
v 406.18057300 39.64077380 85.75776670
v 184.41975400 -2.50199223 -266.17034900
v 154.41611978 38.48447949 -179.25140975
v -308.95517000 -37.68222430 116.00245700
v 161.61894200 78.93964390 106.31694000
v 99.58103940 -38.55635070 228.60636900
v -66.38778545 -92.28787160 143.17654995
v 104.66987598 -107.19653982 106.77159907
v -29.01665126 59.58902540 278.18569052
v -98.46902088 -92.02981157 -209.14560592
v 180.70474200 12.08804420 218.82194500
v -185.10252400 29.14498900 -302.51455700
v 198.20433000 -29.74850460 16.70750050
v -316.40600600 60.50082020 55.59833910
v -202.87142900 15.10002610 -47.23878860
v 219.48365800 66.96463010 125.55702200
v -358.29724100 59.45310970 35.71525190
v 165.94475872 -46.45823763 -137.47314617
v -175.71741291 73.05000724 195.37538146
v -184.84436000 76.15150450 190.16685500
v -50.34652683 87.48669259 -115.34846760
v -86.40704350 72.66428380 235.62144500
v -154.18252600 -50.85986330 -219.03802500
v 186.03181500 52.05282210 201.95451400
v -115.70363869 -68.88392433 163.39331653
v -21.80991976 -109.49775777 -216.12894560
v 138.00579059 -36.08606205 214.20686787
v 180.71273800 -1.69259822 -226.49061600
v 44.41503140 -81.20592500 194.94737200
v 137.04232800 -3.22516394 233.37193300
v 7.27604566 98.42483714 117.94647758
v -149.59478889 -62.94605418 -290.85518524
v 106.97548700 80.33325960 -18.16713330
v -107.79051813 -93.03867302 -289.33925834
v 109.97408300 81.97627260 -67.88133240
v -143.14876697 -80.37349098 87.30863662
v -176.66429100 36.44571690 -302.43643200
v -186.92740933 -22.63629754 -76.18728712
v 379.78540000 11.43920710 6.59443283
v -39.16361704 -78.24887621 190.27516078
v -238.16552700 85.13116460 116.35524000
v -100.82115103 -70.68859961 168.19658249
v -334.96959555 -1.05552635 154.10530898
v 255.75495900 5.71712017 49.98981860
v 9.02901173 110.02927400 -264.79538000
v 199.68534528 72.12781392 124.26742765
v 97.47221370 -52.93835450 215.32475300
v -110.18988800 67.16051480 -61.41215900
v -113.46063200 -85.83694460 -82.66664120
v 119.27985038 -92.65658007 -173.07347867
v 248.73848120 54.08647314 156.42334751
v -149.88944338 51.70631631 -2.75209730
v -145.26915000 48.12488560 -238.08447300
v -349.57235700 79.54946900 65.77085880
v -383.23642000 73.02097320 31.54325490
v -178.40723788 -36.42811971 -255.72780111
v 142.71219248 -71.81742667 -79.95938161
v 288.81234700 30.30522920 63.57365040
v -444.71963500 -8.67467976 99.37245180
v -111.37404600 94.39928440 97.99449160
v 408.64563000 41.69586180 67.19261170
v 308.69024700 44.77162930 79.73146060
v -48.65130230 112.85209700 -280.82327300
v -102.35244000 -92.39344020 -240.56326300
v -101.60201398 -103.88517728 78.74152821
v -195.86462400 -17.15589330 192.06013500
v -265.45547500 -30.98321910 156.48606900
v 117.43053468 -88.59376960 151.63396527
v -73.58225163 77.57742002 -101.09764073
v 331.45337245 1.19146235 154.13851983
v -107.61852300 97.15740200 112.79032900
v 140.52032453 78.59833348 200.35455705
v -152.16393768 -53.90228806 -204.09247694
v -134.33441952 -70.52731599 -68.42200714
v 395.65222200 32.23047260 107.13810700
v 165.21708313 34.69075532 -60.58611467
v 21.41931702 -114.35175618 -64.50582969
v -195.71061374 -52.82521556 151.98877009
v 174.42789523 19.34121459 -181.99407870
v 432.16339100 23.94483950 90.10005190
v -116.16967000 60.12461850 -180.02784700
v 6.18416705 -101.65838361 148.95145348
v -179.02632080 32.38513285 -84.47249221
v 107.61945343 80.43443559 17.55802050
v -347.39263900 15.29109480 150.95652800
v 192.34158300 41.59135060 207.94004800
v 138.44588545 -77.58910850 -169.85835950
v 162.57831781 38.86846278 -249.32822121
v -174.97691195 31.88557401 -146.43131257
v 59.90901950 44.11811070 266.68234300
v 25.87803082 109.89815650 -257.46991136
v -295.94955400 55.02874370 164.10966500
v -46.04983140 98.68489070 181.56428500
v 71.74091340 105.97892000 -185.05113200
v -55.82344087 -118.14696775 10.20627868
v 28.57643147 -92.25721631 170.99429007
v -148.77582886 -65.88892831 -15.35446668
v -176.34448200 28.16548540 216.71299700
v -146.32556200 -78.40227510 104.80839500
v 6.40021896 -90.28722380 180.12287900
v 409.97921800 -54.69946670 73.09019470
v -210.92466700 87.33520510 160.31645200
v 396.52407800 -46.78815080 98.35755920
v 132.10105900 -81.12570190 -156.88942000
v -192.91267400 18.20584490 -232.13562000
v 172.89598943 79.86861366 137.66347769
v 79.89016723 107.89306673 -219.91972834
v -324.22943100 30.97702220 36.90415570
v -268.08941700 -44.42726140 125.99675000
v -358.30395500 -29.72100830 85.45002750
v -70.73387150 112.25488300 -304.42923000
v -333.67587457 82.14239758 81.42664289
v 58.97786710 98.69610600 -93.55903630
v 119.96963339 -28.02999597 227.52586948
v -65.48446374 96.38718758 -223.35423873
v 179.14970400 10.99493310 -189.95140100
v 134.41145300 60.28662110 -136.33950800
v 128.37829600 -94.28604130 -239.85377500
v -121.40377000 -96.51256560 23.29252240
v -205.80002364 -9.06673557 -9.77546977
v 284.03125000 -59.77230450 155.54963700
v 184.38540491 70.75224764 177.23129810
v -142.40094805 57.25002999 223.23575141
v -217.19465231 -8.57745191 25.62508535
v -200.42514119 10.28749894 -205.14404815
v 347.27447500 6.33834171 145.71458400
v -312.49424508 51.69156555 50.85030310
v 159.71089352 60.80814809 212.71578361
v -373.23495500 -27.53387070 110.79063400
v -213.39546200 4.74982500 196.00285300
v 83.32457269 96.63530131 125.67413646
v 116.37832600 -68.13521580 188.22554000
v 137.04518503 -76.88819986 -86.04380258
v 122.82721097 86.33128110 -208.70695139
v 294.05447400 -52.49532700 157.55705300
v 394.30630500 -8.77294445 124.49238600
v 53.66691210 81.64015200 229.99833700
v 154.31121800 -71.57252500 -218.20246900
v 362.66452000 -60.35612110 73.20057680
v 335.69021786 -13.45452873 24.23051484
v 323.99215700 -46.57985690 146.00447100
v 263.53192100 52.92128750 110.60417200
v 181.29803500 9.11740494 -276.96542400
v -211.13601700 -3.96403193 193.61283900
v -75.59915599 -115.37144997 21.26987550
v 266.83663900 -74.38228610 120.54695100
v 135.77215600 78.32711790 -220.78892500
v 54.06925237 -106.57633786 133.74639173
v 11.63475778 -114.03669082 -66.93740295
v -144.46519500 47.53364180 -228.82370000
v 16.37701990 109.18771400 -259.34558100
v -2.20021476 -112.84294264 -246.99603275
v -240.75268600 87.98074340 123.48170500
v 12.03583620 108.94216900 -250.66404700
v -146.68759200 60.29239270 -300.43811000
v -159.57160785 41.62014206 -187.36196008
v 291.05206300 -15.94726750 41.88673020
v 226.76686594 -79.35601248 114.35061192
v 309.23045836 46.31239014 125.33819171
v -106.09318977 63.02785048 -139.69195757
v 319.71418879 -52.42297271 135.23286135
v 42.12088010 51.61853790 273.06515500
v -237.79664810 35.53856450 195.33607571
v 225.18346060 -35.29813220 54.83351155
v -267.83685300 76.19438930 96.73350520
v -57.62641517 -91.29975662 150.58652784
v 132.91670200 -92.78685000 -264.87338300
v -178.35531600 60.52840810 61.90952680
v -198.05082700 -8.23956013 -115.88029500
v 74.02375278 -106.07679180 -155.85391783
v -222.52084400 -41.08744050 158.29585300
v -259.24691800 -26.13961790 77.62147520
v -99.36084679 89.16132666 65.74296400
v -152.44957000 52.08786770 -277.98840300
v 153.05192106 56.71191248 -249.49234517
v 326.11467156 43.25191594 123.12968188
v -235.87899800 4.87086439 32.39182660
v -142.17148160 -61.03798788 -190.51465448
v 68.98679004 87.02800505 12.38708689
v 116.13557400 75.69698330 10.14139940
v -143.13047945 52.40765537 -72.52211712
v 133.53030917 -92.00322767 -248.75885023
v 415.96090700 37.72822190 86.44432070
v -156.16648446 -61.56956831 -4.53843238
v -182.31102000 83.37604520 113.05882300
v -102.55490363 -88.61005639 -119.35548143
v -160.10059572 -52.42694427 -272.99590930
v -9.08218615 64.81381868 273.53854563
v -189.75154100 -28.23874280 -253.66169700
v 328.67697053 -20.31083247 157.20436498
v 176.57180778 -80.39592696 146.20558504
v 373.77452535 -40.07359482 120.69120751
v -309.25836200 86.00449370 112.55638100
v 279.04802201 6.26318105 179.03378858
v 32.70645178 -113.91350440 -250.06409754
v 132.88555579 74.18587119 39.13704934
v -288.38873300 15.08261010 46.75745770
v -229.45886844 4.72825561 21.93691507
v 404.26171900 -53.94857410 80.86390690
v 438.05569500 -27.07878490 83.31153870
v -184.55982105 23.97284545 -154.44293682
v -197.98213200 -58.96829220 107.26844800
v -388.90377800 55.77239230 108.59495500
v 63.71292103 92.80763594 -51.48751309
v 204.83039900 22.27556800 207.93772900
v 380.10641500 -46.71740720 108.90550200
v -315.39558533 -32.62854801 125.33504611
v -165.87701400 22.51152610 220.07493600
v -235.91568000 -8.48818302 185.48216200
v 130.36815465 84.36289009 83.84274313
v 68.47152826 -122.24587457 52.30699697
v 297.85528600 1.84338009 172.96727000
v 43.89545440 91.42005160 -18.10930250
v 308.30114700 -47.24512480 154.29841600
v -165.44396664 42.45078510 -5.18846907
v 143.71368400 -86.23204040 -268.08898900
v -346.48837300 64.24233250 42.16096120
v -99.33236690 -94.82138060 -266.59356700
v 325.74520900 8.37496281 154.30006400
v 367.10974100 20.63246150 132.66459700
v -143.06013118 -64.20245181 -158.34015414
v -383.82916300 18.97127720 9.36588669
v 144.21005200 73.05244450 57.52991870
v 183.89927700 -4.71167564 -282.10577400
v -98.66214147 98.94377394 128.69765702
v -136.30317700 17.17966080 231.60289000
v -105.17630000 63.76954650 -152.40182500
v 319.73437500 47.52318950 117.38975500
v -82.21669010 96.32861330 194.48405500
v -296.41888400 80.26770780 130.52873200
v 229.92244125 -48.07237651 180.12712738
v -96.90935196 78.34055749 13.41275670
v -276.67739900 -25.90703770 77.65525820
v -289.98754900 -31.59659580 84.21064760
v -36.58867650 -107.94341300 -102.45452900
v 344.03445400 47.46287540 68.82594300
v 191.17651400 59.13402940 189.13679500
v -379.35665900 30.09643750 135.45286600
v 256.83349600 42.55047990 174.93672200
v 260.72201500 27.04898830 70.29750060
v 379.79800400 6.20636272 4.26578903
v 171.97427400 -51.04669190 -180.74630700
v 373.31948900 -58.44156270 84.87956240
v -151.71208200 47.46962360 -151.62233000
v -46.65741940 -107.08657255 -248.67454047
v 181.43327300 -49.08497240 17.62107470
v 141.60656700 -86.53834530 -252.32743800
v 176.37804595 7.80752192 -212.41635904
v -44.23127568 100.50856455 153.03249007
v 436.27868700 -13.62963680 89.59339900
v 120.82724181 -93.70750598 -195.36822246
v 166.06285388 81.43260575 126.12989998
v -110.71495800 95.39741520 184.48637400
v 166.00868200 72.46833040 95.34764100
v -200.51977601 -6.35861617 -103.52056911
v 98.06504727 93.20246776 99.22103865
v -181.17471487 90.10768731 167.07407863
v -378.62533600 63.86309810 107.58107000
v 148.95314000 43.73638150 -167.30305500
v -433.49365200 20.53265760 108.16316200
v -64.46171570 -102.21955100 -90.81604000
v 70.29989620 92.38004300 195.00727800
v 149.48681173 74.80921058 201.81024391
v -434.54956100 9.71243000 109.93254100
v 181.35083000 -17.63324550 -214.12008700
v 67.95084380 -108.88404800 -85.34062190
v 341.08410600 -31.40003780 27.22135540
v 318.55798300 26.45636750 151.33177200
v -30.54446980 93.90893550 -103.69877600
v 32.17456296 89.43111033 36.54657490
v -40.47269269 90.12545032 -96.57431197
v 31.80283588 103.41317359 -159.99427270
v -158.52507136 -47.45595066 -230.63186167
v 125.34589400 76.00309750 -142.87664800
v 89.19064371 -107.28689573 -213.80063918
v 140.14972289 71.00597855 -222.51582253
v 241.36541592 -77.23279731 142.21730766
v 364.70053100 -45.48469540 120.37852500
v 152.12062058 -62.20029894 -124.00232698
v -121.64063010 92.52999701 188.86949631
v -161.97042800 -50.10776520 -173.91693100
v 120.83035300 -100.67036400 116.39018200
v -206.75387577 40.18187838 206.53451217
v -304.77002000 34.54291920 45.59684370
v -68.63240810 -88.01454930 151.73463400
v -308.21997100 80.71013640 84.46876530
v 114.52380400 48.94049450 235.60112000
v 47.50318977 90.66433979 -3.01341693
v 211.02369700 -79.59040070 106.46595800
v -145.51708596 -66.14352036 -290.00421599
v -106.82979600 28.19491200 241.59190400
v -152.12164940 -55.70439991 -89.61124670
v -353.47027600 50.46144100 34.16941450
v 15.41713991 90.81390896 51.33689052
v -79.17623409 -65.81259188 190.15438679
v -203.56926000 -15.89719100 7.73313522
v 332.14447000 -47.44049070 51.89738080
v -262.14245600 44.19748310 182.78074600
v -120.48945241 -85.52674508 -48.51591567
v -108.67574300 85.89482880 -283.44784500
v -88.20995330 -97.11951450 -240.08537300
v -164.81843600 30.18720250 220.74485800
v 72.28113560 -122.08968400 12.90311810
v -261.72933323 55.88448178 176.06510871
v 16.45822587 85.16671071 235.35806281
v -182.05166087 -49.79293327 61.05917355
v -52.94095610 109.48843400 -271.90118400
v 100.32112750 82.44007258 20.72060646
v 407.24288900 37.45036320 92.94453430
v -327.10513300 -32.74171830 108.62272600
v 334.17724025 44.02049007 117.71370630
v -40.41651455 -89.43033679 162.96381889
v 191.52450600 -62.43156810 63.15018840
v -158.04901811 49.47939272 -292.90377292
v -146.23529100 28.47028540 227.63346900
v -157.72546102 44.15979669 -140.60601322
v -166.97608900 59.93401340 210.11729400
v -310.64611800 78.85335540 78.44480900
v -309.70105000 -34.11949920 90.36000060
v 363.32556200 -50.08067320 39.35633470
v -397.05671642 -10.67215047 125.65507363
v -258.34579500 78.11429600 103.86280800
v 152.14631700 75.46458440 79.41935730
v 141.82821700 51.32684330 -134.40005500
v 120.99485108 -98.67827867 -252.77066913
v -106.36728700 -95.78559110 -44.03606030
v -221.13497087 5.38538703 2.82380397
v 185.48674000 23.30244060 5.32535934
v 403.43261700 -31.24399950 108.94825700
v 324.30682400 -6.96661186 29.06293870
v -127.95380400 -76.78493500 -61.73361590
v 307.97979700 -17.45714000 38.39939500
v -146.69329800 -56.67781070 -224.19821200
v 314.79260300 15.98743720 44.58536910
v 120.61238276 23.84734822 239.78846174
v 119.28966171 -72.93646749 179.60000862
v 426.01849400 -44.07719800 84.07176210
v -354.49493400 42.58132170 31.07059860
v 167.69691500 33.29137040 -46.78371050
v -43.86934660 83.72335050 -6.16627884
v 5.82294387 -112.02826522 -117.54047966
v 70.90042620 115.87252232 -282.38923449
v -71.74804690 -55.38203810 211.32926900
v 148.73651100 -82.05413820 -274.91171300
v -308.24798600 27.67873570 166.14631700
v 175.69851824 39.86342114 29.22631954
v -281.53204666 -5.19211931 57.39094349
v -175.10749800 -51.27055740 26.49207690
v -302.10229531 70.32788205 72.12165790
v -239.85343900 80.85949710 107.42814600
v 66.43479321 -86.52970547 176.06873028
v -169.37737004 -40.44994013 -235.55633120
v 49.34449872 115.82644317 -285.46274168
v 43.43880839 98.32190873 155.48925239
v 194.33711200 41.14128880 64.38447570
v 338.70275900 38.38059620 45.59598920
v -88.05643079 97.70159218 -280.36149800
v -57.73106380 81.68097690 236.44834900
v -341.06646700 -15.16474340 144.44740300
v -19.25033582 99.72792328 -144.20568424
v 188.43061800 -4.02258873 -152.58905000
v 65.99874880 -114.71638500 103.92491100
v 193.28070100 21.03190230 22.56333540
v -341.97335800 47.10046390 148.55784600
v 311.08212300 -59.92560580 117.82627900
v 274.82385300 -72.92453000 110.90593000
v 305.80035400 -1.20465052 38.40742110
v -221.87785300 -53.59097290 115.41008000
v 336.66494800 -61.31773760 76.32667540
v -129.86224400 -18.94974900 215.94969200
v 303.28988600 -55.74499510 67.03025820
v -193.00979600 49.87593080 206.27507000
v -314.01132200 1.14771616 43.25477220
v -338.05242900 -25.47438430 120.07121300
v -154.54072600 -72.97515110 56.34238820
v -297.23213723 -20.48628313 68.82632435
v 92.98823142 -100.24101678 -142.17092869
v -188.59140757 -18.08280919 -114.11295455
v 182.88214549 9.69916597 -293.28950799
v 122.82112234 88.87900117 180.27854346
v 346.40365600 -59.41998290 63.16361620
v 186.93478400 34.23561860 40.86082080
v -255.21592433 42.34114499 67.64212972
v -144.70074500 -53.29268650 175.15794400
v 129.47655167 -98.86905041 103.06605344
v 172.62128703 17.25975489 -208.03034925
v 58.08416256 95.45556142 -64.99823883
v -295.29099870 -29.96067552 142.30551303
v 145.99806200 49.62445070 225.45567300
v -94.28506132 -64.84796384 182.54348720
v -164.29995791 85.90033783 187.69965530
v -170.72721900 -66.36921690 81.98414610
v -182.84487900 92.87256620 155.75541700
v -223.59118700 -42.58861540 84.36485290
v -263.45470916 -44.45887306 118.64500846
v 147.56233200 -66.78398900 178.56990100
v 99.00566097 82.46752351 -14.17465710
v 428.55343600 -23.46894650 91.91868590
v -432.62841800 28.74492450 106.11894200
v -196.20997852 11.19697521 -279.97027526
v 286.43698100 51.84112550 115.84492500
v 225.98580900 53.99637220 92.78654480
v -66.56575780 90.49307250 -181.28569000
v 116.56539200 77.96076200 -80.86967470
v 4.39093057 -95.39977473 166.54908494
v 211.81248952 3.92902153 28.34302493
v 265.58027004 48.33427783 153.56546119
v -143.83989605 -79.38306038 17.23324762
v 97.38769207 -101.83207817 128.46057997
v 178.27151711 20.04451140 -101.75550015
v -309.17575100 49.11224750 160.77796900
v -311.97885100 8.09834671 37.58893970
v 178.07730100 31.08685300 8.24503708
v -66.67000329 -106.78244927 -287.75823651
v -117.10607787 95.48361255 179.42474378
v 123.46073900 83.04020690 196.79905700
v 80.20237730 113.19181800 -248.80171200
v -5.02506467 92.32000371 -53.31183923
v -225.73857100 76.12123110 176.70008900
v -314.58637814 22.26643339 163.61395726
v 112.06915300 29.07065010 241.52439900
v -156.18801900 16.45807460 223.23338300
v 257.28024300 47.56504060 92.62336730
v -106.47656686 87.46514072 58.70973079
v 160.40504500 -65.21939850 -209.24418600
v -74.03022681 -115.06620871 36.13842116
v 123.57175400 89.04491420 -256.27520800
v 185.09365800 -14.56476210 -188.07005300
v 165.00080900 81.62405400 168.56953400
v 287.53981980 15.05193098 50.98685149
v 162.82783004 -66.95737468 7.84242375
v 120.30157948 -81.72268983 164.09258438
v -330.76214600 77.98937990 67.07234190
v -344.09878500 84.19308470 89.36930850
v -299.33493000 16.89493560 43.24988940
v -359.55871600 -10.84819980 139.17558300
v -140.51191700 -81.78000640 100.54362500
v -85.00591280 82.92078400 26.44144820
v -36.24115752 92.42908012 -106.97232525
v -129.70783469 -69.80175536 -204.55354092
v 184.32471199 -33.74669907 -75.62970154
v -200.09848603 -21.75811127 18.77245778
v 141.12883952 33.65532745 231.89410560
v 51.53640918 91.30426871 60.03337198
v 66.62885280 -108.23963900 126.67973300
v 58.51995107 -116.58479661 -295.42804525
v -179.16981500 -18.84943580 196.42540000
v -59.73781121 -113.97846635 73.08169613
v 258.64425700 46.68916700 165.32399000
v -163.45275900 52.40293120 217.56333900
v 98.73965109 -108.37465924 107.60194011
v -22.25187008 -98.88625665 146.69023733
v 394.70043900 42.90574650 85.15632630
v -358.55651900 -26.76281740 124.83235200
v -193.79965881 -30.33226563 29.22232766
v 102.00547800 15.83072950 250.05284100
v -411.11892700 48.77796550 96.37663270
v -232.49038700 79.60131840 167.88032500
v 316.70193500 32.40848920 148.80229200
v -90.47751620 83.51297000 211.97020000
v -140.12779200 60.48677830 -278.39450100
v 136.65994472 -77.11971851 -137.47438924
v 279.49203840 -32.93964175 176.02236162
v -113.93526879 84.66627787 -294.82420280
v 356.41793800 -10.36328220 17.49555590
v 35.48041359 97.38141313 112.81493923
v -263.07986500 83.94871520 125.43830900
v -343.95767200 -2.47514176 150.39546200
v 66.59857180 109.37148300 -193.81025700
v -14.45450312 106.15473887 -220.82227338
v -163.18571500 -8.19310665 208.21586600
v 206.46559100 64.66842650 174.10231000
v 113.16327543 87.89198767 -174.07309631
v 20.44600723 104.06435745 -182.50082521
v 102.79580700 81.07537080 -3.10377884
v -183.78541600 87.06549840 174.72120700
v -385.65976000 65.34201810 98.42445370
v -366.87753300 -30.16089630 90.35264590
v -97.37364082 69.96266790 -81.14032356
v -189.99736000 -61.02049260 103.77885400
v -127.21612927 -77.62259258 -261.19596169
v -103.87994232 -104.95855103 4.32020496
v -47.81809996 -83.10768531 174.57724835
v 391.21222898 -43.84762170 22.18192385
v -73.70953895 100.46725223 143.67715255
v 345.49092780 -25.95100038 19.85448749
v -104.12498500 -47.19735720 200.92265300
v -310.54746025 84.92876090 102.27025225
v -128.57862900 -75.71231840 -99.11485290
v -135.25869124 57.26676944 -15.42224781
v -106.92266100 -91.74550630 -263.33572400
v 270.90402200 39.87645720 167.18803400
v 201.50731882 -12.68359530 -36.52929122
v -160.85561769 45.55186032 -270.01379951
v -175.53636200 29.15986630 -229.38047800
v -150.93312450 64.41706545 213.82239754
v -32.47409060 110.44673900 -251.21528600
v -162.72560647 -65.88789512 51.88217410
v -107.55326504 69.64485839 -29.38736896
v 109.14286800 79.88394930 -30.44157790
v 294.56788745 35.45733422 158.14024603
v 1.58089042 113.15629600 -306.12469500
v 41.31350388 84.38587243 230.08969857
v 313.69531200 -60.84244540 72.03712460
v -303.38482700 57.74020770 159.65208400
v 61.89501841 -93.84298500 161.26890178
v 376.95587200 45.65793610 63.51487350
v 148.89250200 -66.87213900 -154.64624000
v 139.32952900 22.77828980 234.46897900
v -88.20299530 -111.01173400 47.76575850
f 1827 1 2
f 1767 5 2738
f 20 8 3555
f 13 1283 438
f 3101 3017 2793
f 3137 2102 3843
f 3556 26 2321
f 30 31 2821
f 33 1019 289
f 2376 1767 2738
f 36 37 38
f 2823 6 39
f 2362 47 48
f 2782 49 50
f 400 3104 2356
f 1851 2310 3723
f 64 63 740
f 65 3045 356
f 69 1620 944
f 1446 2967 78
f 3035 2778 54
f 2717 503 80
f 2410 3618 2055
f 919 2648 4041
f 2745 84 227
f 2729 3994 87
f 52 89 90
f 2461 3189 1945
f 2432 92 1762
f 1644 1038 2903
f 95 96 97
f 3484 2316 2179
f 358 100 101
f 4087 2061 102
f 103 104 2646
f 529 3860 3995
f 105 106 107
f 112 2987 113
f 3925 117 116
f 121 3935 2035
f 298 3573 2747
f 3302 53 255
f 2047 2374 3590
f 10 9 20
f 2357 950 135
f 2663 194 82
f 1103 141 3454
f 144 145 146
f 1868 3059 2485
f 152 643 3492
f 3999 1989 153
f 2839 3300 3223
f 3147 3417 839
f 158 159 160
f 2479 3449 3785
f 553 3069 161
f 164 163 1098
f 345 902 2458
f 167 3805 719
f 3278 551 3974
f 569 1350 2971
f 170 3438 4074
f 172 1654 3134
f 1986 174 1842
f 2053 1055 175
f 2332 177 3286
f 1873 1738 924
f 3511 181 2139
f 2610 2899 847
f 2789 3102 2926
f 2882 3260 2521
f 1699 1487 2012
f 193 3086 192
f 194 2663 91
f 2326 196 195
f 3506 197 1859
f 2292 2119 2992
f 204 205 1963
f 3234 66 3441
f 2794 3595 212
f 17 16 3410
f 878 2582 1506
f 3743 2437 1436
f 2137 3868 1870
f 1762 195 196
f 2232 270 3682
f 34 565 235
f 3429 239 1234
f 243 244 2177
f 3420 3532 245
f 430 3341 501
f 2850 247 3336
f 1992 250 3498
f 251 252 253
f 25 2588 254
f 2158 4005 1653
f 2639 260 3811
f 2633 1383 3149
f 3016 263 3676
f 1789 2403 264
f 153 269 270
f 1942 271 1087
f 3294 731 3808
f 2178 272 2422
f 3727 3856 94
f 280 1152 281
f 2270 283 2543
f 2956 285 2721
f 3540 200 286
f 3751 2995 287
f 106 105 3150
f 3001 288 2648
f 2249 3672 2452
f 2758 290 3742
f 1261 2458 902
f 2767 292 293
f 2504 2955 1775
f 1816 3181 3299
f 3038 302 1065
f 2793 872 304
f 3959 2991 306
f 308 3322 2880
f 309 2363 1331
f 312 313 3742
f 318 319 317
f 2599 3220 321
f 3674 322 4049
f 3209 2900 323
f 334 335 336
f 339 337 338
f 3696 259 426
f 1432 673 342
f 3118 344 343
f 3891 3756 2669
f 382 99 2566
f 1521 1955 3558
f 348 1672 2509
f 349 350 1422
f 351 3034 3893
f 356 3312 3145
f 3683 361 1325
f 3179 364 363
f 2681 2513 777
f 2171 370 2077
f 2911 1613 3709
f 2954 274 275
f 3918 371 3873
f 2596 3172 372
f 925 373 374
f 2392 3872 84
f 376 2598 280
f 2010 2438 1809
f 379 3441 836
f 3088 380 3156
f 3814 2838 3143
f 3742 313 1190
f 312 314 3670
f 2844 389 2284
f 948 838 2413
f 947 2493 390
f 2975 394 104
f 3751 3085 395
f 287 3133 3751
f 2443 1879 2276
f 2696 406 768
f 1967 2007 1395
f 2924 2802 3628
f 67 3524 1363
f 3292 409 4027
f 3522 160 2463
f 3564 2105 411
f 3996 3960 3364
f 415 2979 2879
f 759 416 417
f 301 419 3343
f 4045 420 3183
f 3795 3560 2552
f 3503 424 423
f 425 2928 2052
f 3670 429 313
f 433 845 2510
f 3275 1395 3576
f 2508 3086 193
f 434 3284 171
f 3952 827 2209
f 2992 3971 2292
f 438 2113 437
f 328 1935 2518
f 440 441 897
f 2707 4053 2887
f 2894 1917 3239
f 2770 3974 444
f 3929 3898 2409
f 2870 2282 3435
f 2312 2772 2599
f 2087 364 3179
f 463 475 2634
f 476 477 3787
f 3192 480 1897
f 486 484 485
f 4075 486 2435
f 3457 3748 3270
f 3697 811 515
f 236 3342 501
f 1837 155 708
f 2290 3016 3931
f 3158 3383 353
f 1976 510 1016
f 511 2516 1818
f 514 1600 3357
f 3580 2966 3850
f 517 235 565
f 3937 3094 2925
f 2396 519 3950
f 520 332 387
f 522 523 3763
f 2046 525 139
f 3430 2396 3950
f 4029 3631 581
f 528 529 1845
f 2851 2564 258
f 543 141 1103
f 1314 1926 3741
f 3598 230 3539
f 556 557 558
f 1971 2630 1611
f 562 2946 2526
f 767 273 3293
f 2441 563 1856
f 564 3514 747
f 3514 3080 747
f 3928 1377 129
f 3297 1238 3937
f 3237 2583 2320
f 2447 565 566
f 352 3158 568
f 3934 3400 985
f 2593 3821 572
f 3970 574 2173
f 3361 3353 3513
f 3924 576 1081
f 1586 406 1362
f 2072 3381 3646
f 3722 585 1142
f 2825 737 2507
f 587 2841 3301
f 2429 589 590
f 2157 2866 3616
f 591 592 2293
f 3379 594 595
f 597 598 2645
f 2452 117 2918
f 606 605 3909
f 3830 1918 222
f 3705 487 1964
f 3047 485 484
f 1513 609 610
f 1938 1376 611
f 3203 1062 3015
f 347 346 2844
f 3277 2940 1225
f 2796 3386 869
f 1169 1102 2659
f 3804 98 3582
f 630 628 1971
f 1550 3702 223
f 3895 2728 88
f 636 507 3888
f 1949 75 641
f 309 2727 2363
f 824 3802 644
f 2203 446 445
f 1702 646 3232
f 647 648 307
f 2471 3405 3567
f 1152 2507 3398
f 38 37 653
f 3408 3878 2672
f 3071 2762 1898
f 660 661 3647
f 3388 1320 1876
f 664 3161 2790
f 3156 669 1089
f 671 3433 3244
f 2599 2772 676
f 2398 2539 2001
f 2050 3012 1010
f 1399 1154 1383
f 3324 1399 2104
f 402 220 2944
f 2266 3760 544
f 2546 320 681
f 3120 669 1991
f 684 1067 782
f 2559 2364 378
f 689 2758 1825
f 2245 3481 2719
f 695 1424 2805
f 699 617 3794
f 1831 700 617
f 701 912 3020
f 1580 399 3414
f 2116 705 706
f 3022 1002 709
f 557 556 710
f 1724 3891 2735
f 853 625 2425
f 1443 550 3121
f 2878 2004 3953
f 3939 3006 2368
f 2150 721 720
f 3533 3084 3184
f 573 2675 727
f 903 3129 457
f 14 2777 15
f 3327 1052 3738
f 55 638 2807
f 3981 3478 1466
f 2937 993 3474
f 731 732 2070
f 2964 2161 3472
f 1897 480 3555
f 2060 102 2061
f 740 3589 13
f 2950 3018 743
f 1528 694 195
f 744 3922 745
f 746 3630 3831
f 3084 3533 1360
f 173 27 147
f 3293 3700 752
f 2404 1236 1929
f 310 2881 3289
f 2507 649 2825
f 2588 1838 254
f 1691 2508 2457
f 2270 570 1915
f 3619 16 17
f 391 2093 3826
f 1289 594 1336
f 929 768 1374
f 3847 769 3444
f 1176 1871 533
f 3708 3178 771
f 2499 1317 23
f 3789 774 773
f 555 554 774
f 2710 186 2534
f 3380 2807 776
f 2710 1203 186
f 1917 779 3239
f 3245 1887 784
f 1957 2749 244
f 3248 2728 1714
f 794 795 796
f 2111 746 3210
f 2286 1675 474
f 3633 485 3730
f 2747 802 3303
f 2519 807 2274
f 2720 102 735
f 3126 3854 65
f 73 72 3229
f 19 815 265
f 3231 242 815
f 2658 816 3886
f 3373 816 2658
f 289 3578 3429
f 2620 2849 1844
f 818 2932 3907
f 818 819 2932
f 2874 3607 1323
f 3802 824 2759
f 1909 2323 825
f 826 1389 249
f 2360 2835 828
f 829 3439 370
f 3290 3977 2813
f 3330 2408 3098
f 3964 1267 834
f 632 504 835
f 2413 838 2338
f 874 3473 1914
f 842 841 2464
f 846 3515 3247
f 850 851 676
f 2347 2232 385
f 1263 668 2505
f 345 1242 530
f 1405 21 600
f 2229 857 1918
f 2142 4075 2435
f 2310 1851 3959
f 2247 2355 1582
f 451 452 214
f 2707 3714 137
f 1669 3378 3714
f 1500 2305 3314
f 1533 3648 4012
f 2356 3249 868
f 2553 451 3963
f 1368 1942 538
f 1836 872 305
f 1668 563 2441
f 2345 875 720
f 1037 878 2664
f 3300 2884 3968
f 340 2163 4008
f 3761 2924 3120
f 3581 881 4033
f 882 522 252
f 883 2846 884
f 86 885 3274
f 691 2623 593
f 887 888 2632
f 1679 4047 304
f 894 895 3757
f 236 896 894
f 441 1522 897
f 2451 898 899
f 900 2843 939
f 3544 2896 3964
f 2875 3738 1191
f 316 904 905
f 2055 910 1106
f 26 2758 3135
f 3260 911 912
f 1467 913 2817
f 750 3995 3246
f 3013 3494 921
f 922 2304 3494
f 2001 2539 799
f 2390 3341 1873
f 3634 926 801
f 2428 520 387
f 138 3608 3385
f 389 1885 2284
f 2186 2408 931
f 3829 937 938
f 1977 3954 3109
f 3897 942 4030
f 4081 2536 3285
f 2446 3882 88
f 942 2542 2446
f 2371 1011 448
f 4020 945 3207
f 1939 2374 126
f 4089 946 4023
f 2550 2062 947
f 2846 883 2852
f 2587 455 3726
f 1709 958 957
f 2574 957 3772
f 3869 960 959
f 961 959 2862
f 250 449 1801
f 968 2505 668
f 488 2502 920
f 2248 970 3404
f 2795 615 3329
f 974 2645 598
f 3592 974 211
f 1139 115 114
f 2041 3536 1486
f 980 2389 979
f 983 981 1715
f 988 986 987
f 2313 994 3722
f 365 2490 3823
f 2941 738 999
f 3872 2392 1172
f 3713 3119 3637
f 3119 3713 3221
f 1003 2442 3276
f 1004 1005 2592
f 3273 130 3902
f 2980 130 132
f 2036 2643 3784
f 1008 3044 844
f 3419 1772 1755
f 2371 1010 1859
f 1013 516 2517
f 2253 770 2325
f 823 865 824
f 1976 1965 3929
f 358 48 2184
f 3450 1017 2121
f 3204 1413 2741
f 3531 1020 1021
f 2598 376 2653
f 1326 580 1023
f 351 3893 3018
f 3859 828 527
f 1372 32 491
f 1029 1030 2578
f 1029 2899 2610
f 3777 1033 1034
f 2976 1036 359
f 3754 4041 1692
f 1040 2838 1039
f 2686 60 1736
f 1048 3455 1732
f 3211 1053 79
f 2748 2597 3741
f 3408 2672 2361
f 1060 2311 1061
f 1063 4084 3010
f 2506 1066 354
f 1067 783 2982
f 3470 25 618
f 3500 3520 1038
f 1073 1250 3310
f 126 945 1939
f 3207 945 126
f 2086 65 356
f 136 82 194
f 3945 2040 3007
f 1218 2122 3986
f 595 1289 2713
f 1085 1084 179
f 3002 2020 1086
f 2045 1089 1088
f 3044 1090 4026
f 3687 322 2803
f 1093 425 1416
f 2240 467 176
f 2990 1095 1202
f 2611 1097 2068
f 2930 1911 2431
f 1098 1006 2056
f 1099 3505 1100
f 2799 3351 863
f 1029 1101 1030
f 330 1460 331
f 1105 1205 2192
f 2980 2262 3902
f 2359 3070 1907
f 3681 3779 3334
f 3779 3681 1110
f 2716 2627 1930
f 635 3362 519
f 3977 3290 1647
f 2316 537 3488
f 715 2263 1927
f 74 2760 2541
f 1511 2551 3243
f 948 2413 1116
f 1117 3694 1118
f 3213 2024 3236
f 629 1120 630
f 1485 70 1276
f 2842 1466 3464
f 3437 260 1108
f 553 513 3069
f 1699 639 637
f 1129 1318 4006
f 3102 2789 3877
f 525 1133 1134
f 125 4042 2919
f 1694 192 2065
f 3335 3695 1919
f 2615 1946 2527
f 2616 3725 1136
f 1137 44 45
f 1866 954 3694
f 1138 3354 1194
f 115 1139 3049
f 1140 2496 3766
f 3422 4038 3180
f 3865 620 3568
f 3749 379 2408
f 24 2734 3756
f 1148 1149 2665
f 1150 380 1151
f 2598 649 1152
f 1957 244 243
f 3591 110 2532
f 2339 4014 3692
f 1513 444 609
f 3376 2399 631
f 2889 2829 3314
f 2486 1160 1743
f 4080 812 2328
f 3802 2759 1165
f 491 1166 492
f 2511 797 3914
f 1275 1167 3638
f 380 2402 669
f 2659 577 2780
f 1102 1078 3791
f 3031 3267 1778
f 3267 59 1576
f 3186 1215 1529
f 3101 2058 1054
f 1136 2525 3202
f 57 827 3952
f 3822 1174 447
f 3725 2525 1136
f 951 2759 2815
f 1035 2008 4058
f 3069 1178 161
f 2819 963 1920
f 3443 559 2933
f 3443 2933 1182
f 3817 1184 1185
f 3984 2910 1186
f 352 3383 3158
f 1188 1187 2277
f 3453 3130 1189
f 869 3102 3877
f 636 3888 2832
f 2629 2217 1051
f 1049 1191 1192
f 3220 851 1838
f 1193 1021 4037
f 1765 3346 2914
f 3866 144 3898
f 2193 463 2634
f 2521 1199 2110
f 3210 2725 549
f 3226 2547 3760
f 2864 1202 2732
f 4052 363 223
f 2164 363 4052
f 1388 1203 1591
f 788 3172 2596
f 956 3877 1130
f 478 396 3230
f 1208 1600 2106
f 1724 2735 2146
f 1824 3840 3979
f 1210 1771 2230
f 2223 561 3845
f 3528 1214 3563
f 116 3991 1215
f 2427 2222 1218
f 2249 2452 1566
f 996 3693 2756
f 561 2220 340
f 1219 1220 1221
f 990 15 2777
f 2391 15 2765
f 2897 321 3220
f 2359 3664 3888
f 2857 3776 2547
f 3105 739 1222
f 1891 2852 3690
f 2561 350 103
f 1228 2510 3704
f 1229 734 3907
f 2907 4045 3183
f 3515 2018 2770
f 2785 1931 75
f 1231 3326 1128
f 1232 1231 242
f 3815 1236 172
f 2001 2365 2398
f 3356 3397 2483
f 3031 2367 2533
f 2334 1333 1286
f 2692 2636 83
f 7 3092 621
f 2931 530 1242
f 1411 2753 3537
f 3103 62 963
f 3337 413 1039
f 203 2405 2019
f 1685 1245 3738
f 3626 1246 1124
f 2870 180 459
f 1073 2716 1251
f 3659 3387 426
f 1253 2908 3026
f 3639 316 2400
f 2199 260 3437
f 841 842 2037
f 1135 2233 1104
f 3196 2661 3169
f 2080 3253 3801
f 2877 1936 1431
f 2074 3842 1736
f 259 2959 3146
f 3661 2059 2855
f 856 1262 1263
f 3536 825 1024
f 2130 2713 1663
f 1703 1266 663
f 3168 2173 1267
f 2055 3618 910
f 113 2987 1222
f 679 293 292
f 2119 2292 3599
f 3881 2783 3644
f 1270 1271 849
f 836 2983 2372
f 2071 1272 846
f 2942 3418 1272
f 70 1888 1276
f 2037 1430 2733
f 2993 2450 1124
f 3194 3205 1930
f 1406 3257 58
f 1277 2443 2276
f 3107 2409 1641
f 3894 1071 1072
f 1287 3617 1744
f 1288 1123 1076
f 3849 4019 3851
f 482 61 943
f 1336 3234 1901
f 3501 4010 2346
f 2666 3363 1852
f 219 1291 2213
f 3890 1294 1293
f 3927 1676 2608
f 1298 2608 1033
f 2022 2545 3014
f 2491 1891 3690
f 1302 1812 831
f 384 3050 2512
f 1305 2324 3348
f 3451 1306 3124
f 2110 1180 1179
f 3034 3035 2535
f 3534 3660 432
f 1783 617 1309
f 2198 2193 3655
f 3019 1312 1757
f 960 728 3065
f 975 960 3065
f 1314 142 3007
f 596 814 1905
f 2805 85 3436
f 448 1480 1318
f 1319 2968 2652
f 2955 2504 2255
f 2567 1309 806
f 2627 298 2747
f 733 3212 2694
f 4073 2615 2260
f 2189 1158 1919
f 1968 2381 1158
f 889 2444 349
f 959 2444 889
f 675 3546 1979
f 1325 361 493
f 3878 3408 2437
f 3074 1075 1074
f 271 2386 1087
f 2410 2424 2601
f 1331 854 309
f 1333 539 1332
f 1332 2562 355
f 2795 1334 1024
f 3572 3117 1803
f 3008 13 3589
f 88 2679 3895
f 3324 688 2050
f 1972 3899 3143
f 758 2467 3452
f 445 940 2203
f 2087 2993 1246
f 1841 2373 3829
f 897 748 439
f 3111 2534 652
f 2986 746 2111
f 3636 1342 3111
f 3850 1057 3313
f 1219 2699 1220
f 1511 3243 1653
f 2994 3965 2324
f 35 2681 3846
f 937 2914 938
f 4022 4035 428
f 3947 1345 2697
f 3914 2702 3358
f 2105 1717 3399
f 1843 985 569
f 3539 230 231
f 266 3270 3462
f 1244 3616 4017
f 1334 3329 657
f 1394 1915 2250
f 1351 134 3851
f 3715 1355 1356
f 3656 3919 1357
f 946 1358 4023
f 2102 3652 3843
f 3084 372 2927
f 1114 1555 2745
f 2294 2401 2639
f 2639 657 2294
f 966 2466 2247
f 3030 2396 3430
f 1366 1365 1367
f 1369 258 3960
f 3874 1173 4024
f 704 703 707
f 3929 1965 3504
f 1373 854 1331
f 3247 3515 2869
f 3071 2839 555
f 2774 3071 3097
f 2061 521 2329
f 12 983 2061
f 1961 1880 4059
f 2465 1128 3326
f 215 1386 2544
f 4035 433 428
f 3125 1388 1591
f 2597 1735 1281
f 1887 1391 2509
f 2352 550 750
f 2548 2095 1667
f 1000 436 1394
f 3275 1396 4070
f 1397 590 1398
f 1114 2745 3330
f 2746 3836 3050
f 1154 1399 1491
f 2069 164 3331
f 3767 3636 169
f 1922 2470 3434
f 2185 2069 2279
f 409 3381 1055
f 2239 1966 1275
f 2615 1341 1946
f 1125 3550 2841
f 1321 3680 930
f 1277 2602 2084
f 74 670 2760
f 2874 1117 3607
f 2595 1412 1413
f 3345 3087 3776
f 3886 2830 2071
f 3920 1414 2709
f 2496 1140 641
f 907 3996 76
f 3041 233 995
f 3845 2336 3301
f 1765 1764 1752
f 3532 2573 2650
f 3289 2881 1280
f 2968 1280 2881
f 4069 2854 738
f 1420 1419 1194
f 2771 2778 1422
f 3670 1027 429
f 169 3769 1424
f 169 1424 2003
f 3 43 22
f 3773 1213 2265
f 2429 590 3076
f 2836 3136 2560
f 961 1053 3869
f 1521 3558 1624
f 2706 132 130
f 3871 1531 1992
f 2404 1929 2132
f 2148 3480 1324
f 2254 3078 3191
f 2851 258 1003
f 3214 1413 1412
f 1010 325 2050
f 2348 2607 3430
f 3743 1436 2973
f 3606 3113 755
f 18 1437 4036
f 516 2741 3552
f 1433 2109 3152
f 2502 488 3225
f 2149 3813 1749
f 3517 609 1241
f 1679 3273 1442
f 1274 1273 2346
f 3222 78 2967
f 1448 108 2281
f 1949 1950 75
f 1001 3117 318
f 3146 2959 1450
f 157 533 777
f 1453 1452 2436
f 4038 3422 1143
f 204 757 205
f 3999 153 226
f 1323 3607 1456
f 3115 2633 3149
f 3912 541 1345
f 2086 3126 65
f 2133 3077 1659
f 397 238 741
f 624 1458 3174
f 1064 1460 453
f 3331 164 83
f 1462 1145 3848
f 273 1227 2264
f 3102 2335 2926
f 2784 954 1642
f 2140 1465 1464
f 3478 3981 2313
f 1090 3044 1091
f 1380 3820 1560
f 2242 1031 3852
f 1345 3737 2697
f 1467 2896 1525
f 665 1284 3110
f 1468 682 1469
f 792 1004 3177
f 3001 919 3257
f 1471 3164 2251
f 776 443 1472
f 1340 3253 2238
f 2776 979 2963
f 2174 2162 2505
f 2425 1474 909
f 3299 3181 528
f 3700 2264 3096
f 2602 2694 383
f 3342 3108 3055
f 2434 501 3342
f 652 2534 186
f 1477 3732 1830
f 3106 1349 921
f 2125 2614 2430
f 2478 1517 2467
f 1798 402 1400
f 2233 1258 435
f 1175 3940 3571
f 1921 1877 2447
f 1764 2340 1312
f 3726 949 950
f 1888 402 918
f 3520 2782 1307
f 1612 2309 1428
f 1106 218 2055
f 3224 2740 3128
f 1486 3128 2740
f 3579 2048 3299
f 3498 250 1488
f 2044 528 299
f 3594 3707 1489
f 2717 80 1489
f 2686 2245 2922
f 3592 546 974
f 2331 663 1266
f 2701 1492 2716
f 3357 3023 1652
f 2726 690 1198
f 655 1493 3550
f 3154 3325 2073
f 2645 1495 597
f 697 3339 565
f 3286 651 1559
f 3414 3724 1635
f 2319 1497 1020
f 2319 1020 3531
f 1498 82 136
f 82 1498 1459
f 291 3396 471
f 3716 1499 3157
f 605 606 3157
f 2184 47 3145
f 2998 2273 662
f 1169 1504 3506
f 287 2995 1163
f 1610 2739 3800
f 3854 811 1509
f 2442 2935 1912
f 1790 1896 1256
f 3928 2694 1377
f 2090 2159 823
f 261 683 684
f 2369 1285 751
f 1828 1862 3631
f 53 377 303
f 911 3260 3906
f 2537 1385 4072
f 1928 511 2099
f 2044 3837 3971
f 4056 1131 1132
f 603 421 2417
f 1513 1514 3055
f 3794 617 616
f 3800 140 2478
f 3879 1519 911
f 3577 2594 2667
f 1822 38 653
f 3598 2171 230
f 748 897 1522
f 3192 904 316
f 2070 3981 2842
f 1523 181 3511
f 1988 1878 369
f 3316 913 3091
f 3067 2288 837
f 901 3709 2538
f 1247 1526 180
f 1247 3818 1526
f 3946 455 456
f 3825 2729 87
f 3456 2729 3825
f 3541 742 1182
f 3766 2798 1980
f 179 816 4078
f 1530 1529 2779
f 3843 3708 2097
f 3564 1532 991
f 4011 1276 431
f 1017 1947 1018
f 2196 419 301
f 419 2389 3790
f 672 148 764
f 27 173 3620
f 2850 1910 3278
f 2850 3278 247
f 839 1533 3147
f 3364 1577 1534
f 2246 1535 2893
f 3649 3201 51
f 2044 1536 529
f 1265 1537 578
f 481 2236 3792
f 2115 670 74
f 3831 392 2725
f 34 235 1539
f 3494 2304 923
f 385 2232 3682
f 4038 1143 3999
f 1169 2659 1504
f 507 636 1647
f 1866 1382 1642
f 1541 3264 2979
f 3662 2972 3985
f 2589 1832 1444
f 1543 1671 2568
f 1982 3918 866
f 435 1937 436
f 2082 2195 3602
f 3073 3064 553
f 1178 199 3029
f 2620 37 2791
f 653 37 2620
f 2677 1495 1295
f 3320 25 3470
f 529 1536 3860
f 3149 3023 1656
f 3023 3149 1652
f 1806 1547 1849
f 2964 423 424
f 2944 1400 402
f 4059 1089 2563
f 510 3283 1549
f 2430 2442 1912
f 2718 3254 1550
f 286 659 3968
f 1075 3123 1846
f 2587 2357 1684
f 1399 1667 1491
f 1175 1551 3370
f 1916 2185 3601
f 1365 1366 3904
f 1367 1509 1366
f 3438 598 2677
f 598 3438 170
f 676 2772 469
f 3494 923 1554
f 1556 463 462
f 3775 1363 3524
f 3786 367 1325
f 367 2085 368
f 412 3652 3409
f 49 3004 50
f 424 1997 3941
f 3097 1558 2774
f 1421 55 54
f 2782 50 1878
f 2332 3286 1559
f 269 153 57
f 3525 2461 2188
f 2980 132 3482
f 1561 2251 1560
f 3839 1562 52
f 1170 3563 3256
f 819 818 1934
f 2317 4061 763
f 3302 3982 1111
f 3982 255 228
f 2326 1195 196
f 985 2590 569
f 3808 3739 3756
f 112 113 784
f 3936 2902 359
f 3980 3436 2645
f 407 3445 692
f 3926 2916 2524
f 3057 2720 735
f 826 693 760
f 4067 575 2750
f 3142 2809 903
f 2128 3259 1913
f 2904 731 3461
f 1012 2797 1125
f 1568 1330 1361
f 732 2904 2937
f 1570 3329 615
f 2557 1127 1572
f 635 2863 3362
f 1118 717 2306
f 2556 2373 4065
f 3829 2373 2556
f 900 939 1401
f 2592 1005 1447
f 2026 1879 2443
f 1495 1264 1156
f 3781 3142 3669
f 3378 1669 94
f 3714 1575 3475
f 2818 3110 1337
f 1393 2004 3445
f 1578 1326 1023
f 3024 520 2143
f 592 591 2016
f 3506 688 1316
f 1579 2950 3380
f 2965 3644 1077
f 1580 3789 773
f 774 3789 3340
f 1951 134 1121
f 1637 87 3578
f 1582 2951 3574
f 28 3620 1375
f 3193 1905 1508
f 3516 1044 2956
f 3021 2425 909
f 2353 2389 2196
f 4016 2484 2843
f 2446 2542 3882
f 2419 890 1563
f 4056 269 1643
f 1476 165 2283
f 768 1587 1374
f 1203 780 885
f 842 2670 2037
f 1470 1588 401
f 2132 1929 188
f 1475 2638 3704
f 895 3778 3757
f 2139 459 180
f 2843 900 901
f 2653 376 989
f 989 375 2653
f 3150 262 106
f 915 450 914
f 369 2635 1427
f 2262 2980 817
f 3841 854 1179
f 780 1203 2710
f 186 1203 1388
f 3432 3456 1569
f 3456 3432 2729
f 2707 1196 3714
f 595 2713 2130
f 566 171 3284
f 183 2616 840
f 1236 3815 1594
f 4008 2163 1983
f 363 364 2718
f 2801 1024 1334
f 662 73 3229
f 72 73 1595
f 403 1297 404
f 1590 366 3530
f 2762 2774 151
f 1913 3554 874
f 3773 4068 1213
f 2393 3773 917
f 608 704 905
f 780 277 885
f 3700 273 2264
f 570 1283 2250
f 1422 2394 2771
f 2888 2961 3131
f 2696 3676 263
f 750 550 861
f 3995 750 861
f 3706 140 2739
f 2555 1997 119
f 2996 1997 2609
f 195 694 645
f 24 3739 1126
f 3756 3739 24
f 3328 554 661
f 3328 773 774
f 457 2726 1198
f 2768 394 3029
f 3942 473 2780
f 701 3260 912
f 2979 415 1541
f 2948 203 3103
f 2477 3566 141
f 3595 2794 1289
f 3114 2913 2902
f 326 2618 2344
f 297 3466 2730
f 3086 1691 3190
f 149 3190 1691
f 2962 3353 3361
f 2886 2118 3743
f 3987 3631 4029
f 3969 69 3510
f 3095 1636 3123
f 3334 2490 365
f 2231 1602 60
f 1534 1602 3364
f 2348 3430 3950
f 576 37 36
f 1081 576 36
f 2500 2692 3209
f 2635 369 2178
f 1960 814 122
f 1877 565 2447
f 3009 4003 994
f 114 1848 1948
f 89 1509 1367
f 2487 1903 1605
f 1607 2244 3266
f 447 2158 3822
f 3085 1580 395
f 1124 3596 3626
f 1239 1609 1909
f 2739 1610 3116
f 769 4066 1612
f 2114 1035 837
f 3702 1550 1317
f 569 2590 1350
f 772 1350 1576
f 1576 59 1577
f 2252 473 474
f 2197 1147 775
f 1147 3505 351
f 1099 351 3505
f 853 2603 1459
f 3251 1524 1485
f 816 179 3886
f 2830 2411 2942
f 2830 2942 2071
f 780 2710 3239
f 3239 779 780
f 511 858 3350
f 779 1917 927
f 3342 3757 1475
f 2604 302 2027
f 1067 526 519
f 2849 2620 2791
f 856 1263 3483
f 1062 2092 2676
f 2086 356 2269
f 794 2916 795
f 2916 794 3943
f 3241 676 469
f 676 3241 850
f 981 3066 1715
f 1618 981 1617
f 982 2060 983
f 783 519 2396
f 944 2532 110
f 69 3178 1482
f 1620 2088 2532
f 2655 944 110
f 3935 2017 3249
f 1497 1621 607
f 3049 2644 115
f 2321 3471 3768
f 2509 1446 784
f 78 784 1446
f 1486 2227 2041
f 231 230 2865
f 243 1431 1957
f 894 1957 895
f 1934 3778 1431
f 3585 2353 2453
f 486 4075 484
f 170 211 598
f 2077 370 1174
f 2835 829 370
f 1562 422 421
f 2614 787 3276
f 3595 1901 2024
f 1987 3349 237
f 2429 3076 1402
f 1875 1141 1979
f 1552 1076 2723
f 2089 790 462
f 2482 2214 792
f 3271 1004 2420
f 162 2199 3437
f 3411 2058 3101
f 4049 322 362
f 543 1629 2606
f 2166 2595 2040
f 2860 1628 813
f 3086 2508 1691
f 1339 746 2986
f 3831 3210 746
f 84 3872 910
f 297 3795 3466
f 2393 2831 4068
f 1857 2668 465
f 3520 49 2782
f 19 4036 3231
f 3611 1633 2156
f 4013 1464 801
f 3504 2755 1464
f 80 1953 1489
f 1550 4009 1317
f 2845 405 3989
f 422 1562 3583
f 1658 421 722
f 2567 3792 2236
f 3780 934 805
f 2916 3926 2280
f 1656 3883 1595
f 1416 1535 1093
f 1535 2894 2893
f 3347 808 1969
f 2052 410 1415
f 370 3439 447
f 2715 1502 3338
f 4021 1892 3269
f 1911 2925 2431
f 1799 30 3937
f 1853 3627 2344
f 1968 1006 2381
f 832 1910 1379
f 1379 2850 3948
f 3697 1509 811
f 1775 3080 3514
f 3714 3378 1575
f 1628 3029 199
f 2613 1628 199
f 44 954 2784
f 884 2846 2150
f 601 2411 592
f 1634 3054 246
f 1585 1960 1890
f 3789 1580 3414
f 74 2526 2115
f 1796 2582 878
f 1216 1636 1961
f 91 2663 1304
f 1019 1830 1638
f 1979 3253 1639
f 1145 1462 1604
f 548 2126 1584
f 1584 2126 1867
f 375 653 2620
f 2791 37 576
f 4076 3897 1640
f 2142 1156 3685
f 1978 2262 817
f 3891 3808 3756
f 818 3907 734
f 386 3477 1457
f 3973 300 1644
f 1609 1645 1689
f 2750 2216 834
f 996 820 3693
f 2932 3308 821
f 1097 2569 2640
f 2534 3111 3932
f 1909 3536 976
f 2795 1025 1201
f 2559 1583 2364
f 646 1568 3736
f 1483 338 3915
f 826 760 2033
f 248 826 249
f 1193 3470 1021
f 3815 172 1373
f 1236 1594 1538
f 615 1200 2549
f 2673 2025 3442
f 370 2171 2835
f 1887 10 1390
f 2998 2736 1320
f 1379 2202 2194
f 2972 3662 830
f 3447 3575 139
f 1499 1648 1133
f 2137 1473 3793
f 2822 1649 3081
f 833 551 3278
f 551 833 2342
f 1650 2554 3478
f 3805 1443 3121
f 230 785 2865
f 2077 230 2171
f 242 3231 240
f 3654 3911 2441
f 2017 3935 121
f 1890 121 2035
f 3950 519 3362
f 2787 381 3331
f 1033 3777 1634
f 2966 3580 2351
f 1299 847 2899
f 1893 3315 1455
f 892 1487 2413
f 2168 1511 3718
f 2520 333 737
f 3473 560 890
f 970 2248 160
f 2426 1924 1654
f 2182 2845 3989
f 1269 841 2037
f 3883 1656 3023
f 1403 1656 1595
f 844 3044 1363
f 3135 2691 3522
f 3885 159 158
f 1657 404 2969
f 3111 1342 3932
f 2615 4073 1341
f 1352 765 3043
f 1111 3982 1430
f 851 3220 2599
f 2206 849 848
f 152 3492 3480
f 2560 3136 3122
f 1263 1262 667
f 575 1311 783
f 2093 391 1579
f 1964 487 1883
f 1964 859 3685
f 3078 1662 3191
f 204 1392 2059
f 3134 1962 854
f 1450 545 722
f 1944 1450 1451
f 76 2231 860
f 860 1664 908
f 3996 1602 76
f 3995 3860 3833
f 467 2240 4021
f 2695 1285 492
f 1757 2340 1665
f 1430 2037 2670
f 499 3019 1248
f 58 1659 3077
f 2355 214 1582
f 47 2362 46
f 509 47 46
f 3587 1447 3746
f 1863 1447 1598
f 464 413 2149
f 464 1039 413
f 1186 393 2781
f 434 3900 1105
f 1133 525 958
f 958 1709 1499
f 1902 958 525
f 2046 3575 2816
f 1902 2517 3772
f 577 2659 1102
f 1966 2239 3642
f 797 1994 3914
f 2989 2467 1517
f 1199 2521 701
f 1239 1496 1645
f 1609 1239 1645
f 3701 1060 1516
f 781 472 56
f 902 345 1547
f 3569 1524 640
f 2917 2495 2228
f 660 2000 661
f 3614 1359 1155
f 2623 691 886
f 2760 670 804
f 3026 3488 537
f 544 1546 3298
f 2873 315 3413
f 823 2159 1671
f 809 811 1631
f 664 2790 2742
f 2374 2047 126
f 1750 1446 1672
f 1446 2509 1672
f 3161 2086 2269
f 2147 870 3963
f 3567 3405 578
f 1033 1634 430
f 2147 246 3054
f 3147 3931 4086
f 3990 1673 1087
f 2562 3170 3990
f 2933 3395 1182
f 662 3229 559
f 871 662 559
f 1442 696 4047
f 601 592 2016
f 1057 3850 687
f 2387 1407 1836
f 4050 1419 578
f 1372 414 32
f 2640 481 2068
f 523 881 3581
f 522 3763 253
f 3090 1505 430
f 430 1505 1298
f 1166 2695 492
f 3896 770 3824
f 2752 3143 3899
f 1050 1049 1192
f 398 3458 876
f 2284 347 2844
f 3455 1048 3571
f 1884 3676 2972
f 491 2268 1166
f 3689 3287 3975
f 2135 2112 3287
f 1040 1039 2135
f 201 3689 200
f 201 1040 3287
f 795 2916 3962
f 1548 285 497
f 2377 794 796
f 2122 794 2377
f 3569 1677 2234
f 3443 742 891
f 2237 2187 1653
f 789 881 2329
f 2198 3889 3581
f 565 34 697
f 3707 2717 1489
f 3095 1880 1636
f 1678 4059 1880
f 2558 2529 1662
f 1964 3274 277
f 888 2309 1612
f 2632 888 1612
f 2907 256 888
f 1521 2720 3057
f 1521 102 2720
f 3703 1426 1615
f 890 810 3132
f 3293 752 232
f 57 3952 1646
f 1989 827 57
f 518 3362 2863
f 742 3541 2234
f 892 1677 1487
f 4061 2219 353
f 952 155 1393
f 1310 2318 2647
f 2723 208 1552
f 1088 1089 4059
f 51 2045 1088
f 2523 3205 3194
f 3499 2188 409
f 3072 353 3383
f 1681 3290 2828
f 2358 2038 1681
f 160 3522 158
f 1736 1046 2245
f 2682 1817 2047
f 247 2018 3418
f 4034 901 2538
f 68 901 4034
f 1401 2911 900
f 1268 3056 174
f 3332 3208 3056
f 828 3859 2360
f 1884 830 3171
f 3355 1762 92
f 902 2109 2837
f 823 1671 1982
f 108 865 866
f 1683 1148 1858
f 2829 2889 674
f 3738 2100 1685
f 1685 2100 2587
f 1684 3857 1685
f 414 415 2879
f 1207 1445 414
f 3129 903 2678
f 1657 2969 1928
f 1085 179 4078
f 3448 767 1230
f 3212 767 3448
f 2893 2894 189
f 1419 4054 1031
f 2816 906 2046
f 525 2046 906
f 3061 1013 906
f 907 908 1435
f 1687 2976 1423
f 1268 2896 1467
f 3234 3835 2013
f 3509 909 1474
f 3509 1688 4007
f 616 1355 3715
f 3091 2763 2808
f 3091 1467 1525
f 2093 1579 3251
f 3044 1092 1091
f 1008 1092 3044
f 1148 1609 1689
f 1148 1683 1149
f 683 262 1758
f 3385 2223 654
f 3704 2510 845
f 1459 2603 82
f 2663 82 2603
f 1832 1162 4080
f 2246 2893 1614
f 1425 1627 917
f 916 1970 696
f 3198 1109 1691
f 1237 3921 1538
f 2541 1414 562
f 168 2128 1414
f 1692 4041 2648
f 3559 3836 920
f 3921 1981 1929
f 2304 922 3634
f 468 1554 2772
f 469 2772 1554
f 896 501 3341
f 3341 2390 896
f 374 3011 925
f 199 1178 656
f 553 161 1178
f 2907 888 887
f 2966 687 3850
f 1665 2340 3673
f 3705 276 927
f 2081 143 3737
f 2209 2152 3459
f 3232 646 182
f 3092 7 2022
f 3202 2525 3412
f 2589 928 3615
f 1885 2589 1444
f 431 2923 1606
f 863 1321 929
f 1695 1696 1861
f 1690 404 1657
f 1690 631 3500
f 3376 631 1690
f 3421 1847 3549
f 5 6 2823
f 1329 200 3689
f 2865 1894 1326
f 2724 1047 2439
f 3718 1511 1653
f 3349 1987 1511
f 68 4016 2843
f 265 1651 1028
f 3228 4008 1159
f 1763 1699 2660
f 2711 2356 29
f 400 2356 868
f 1977 3109 68
f 3954 2261 3109
f 2017 1890 1960
f 121 1890 2017
f 2819 1920 2405
f 2691 1190 864
f 1288 1552 3849
f 2096 642 1546
f 989 653 375
f 1630 3916 3712
f 3916 3244 3712
f 2910 2840 393
f 2910 2210 1666
f 393 2840 2586
f 2078 2210 3984
f 1362 2671 334
f 2062 2550 948
f 2003 663 3486
f 3420 2494 324
f 3887 2494 2581
f 3397 2763 2483
f 2483 1525 3544
f 3734 2471 3731
f 1480 448 4028
f 322 3674 101
f 3178 69 944
f 2688 2550 947
f 470 923 678
f 1554 923 469
f 3163 120 2846
f 120 3163 2722
f 3454 2300 3946
f 1602 1534 60
f 1602 3996 3364
f 2300 3454 141
f 4039 3285 61
f 2734 4039 1145
f 3306 2815 2759
f 1044 3751 1043
f 2000 660 1044
f 739 8 9
f 555 2839 658
f 1708 841 1269
f 871 559 3443
f 44 1137 954
f 955 3694 1137
f 1118 3694 717
f 593 1155 691
f 3530 1161 956
f 171 1590 3900
f 3283 510 870
f 958 1902 957
f 605 1709 2574
f 960 3869 3327
f 79 961 2862
f 2444 959 960
f 2862 959 889
f 3339 3127 566
f 2621 1531 1343
f 1600 1208 3357
f 1888 2457 3553
f 1346 2891 1415
f 1383 1652 3149
f 1274 2346 2014
f 4021 3269 2899
f 3998 2773 2485
f 2009 2773 1711
f 3038 4040 548
f 3468 2614 2125
f 1384 3326 1712
f 2451 2303 898
f 778 157 777
f 1181 701 3020
f 2455 237 3349
f 2868 3407 3014
f 3716 2989 1499
f 2770 444 3262
f 1341 751 1975
f 751 1285 2695
f 601 972 3418
f 2570 3290 1681
f 3476 3573 298
f 3423 489 2476
f 2335 3102 2977
f 49 3520 3765
f 859 1964 1883
f 1809 1087 2010
f 4011 1217 2093
f 1875 1140 1141
f 1614 2751 2848
f 1614 3521 2751
f 2848 3603 2810
f 1074 1250 3812
f 1315 3040 1786
f 3283 870 2147
f 4011 1485 1276
f 923 470 469
f 678 677 470
f 3399 411 2105
f 124 1694 4042
f 2444 975 104
f 991 2613 199
f 2742 809 1631
f 2210 346 867
f 2458 1261 4007
f 1688 3509 1474
f 2868 1474 625
f 94 3304 2416
f 2458 4007 1688
f 4007 1575 2416
f 3572 2258 3933
f 424 3503 427
f 1997 424 427
f 1259 2080 724
f 2524 3374 3926
f 3456 2172 1500
f 3545 2242 3315
f 2060 982 735
f 2107 2748 3741
f 1926 1257 3721
f 2949 2009 1122
f 880 2158 1653
f 1850 4049 3028
f 3977 1647 4055
f 1512 2043 3922
f 3922 744 990
f 236 894 3757
f 337 1062 2676
f 1239 1240 1496
f 992 813 1532
f 1656 1754 3115
f 3488 3026 3512
f 2587 3726 950
f 4044 3880 2821
f 288 3001 4044
f 3982 3302 255
f 501 2434 3090
f 2596 372 1719
f 996 2221 1197
f 231 1326 3166
f 2139 3901 2484
f 2854 4069 1172
f 3870 3383 498
f 3072 3383 3870
f 1120 913 3316
f 3713 329 3221
f 2590 1576 1350
f 401 3809 1104
f 457 1292 2861
f 2289 3473 3874
f 3482 3416 452
f 3482 452 2806
f 3117 319 318
f 552 3113 3825
f 3476 2730 3573
f 773 395 1580
f 242 241 1232
f 479 3857 553
f 132 2706 1427
f 2336 1159 2187
f 1909 976 1239
f 1996 1723 3264
f 1470 1104 2769
f 772 1576 1577
f 711 2960 546
f 974 546 2960
f 1209 3844 3840
f 2586 3161 3093
f 2236 2577 483
f 1859 1010 3012
f 2371 325 1010
f 1475 3704 845
f 2638 1475 3757
f 3171 830 3662
f 460 1114 1032
f 3340 2531 558
f 379 3749 3441
f 1400 2944 2594
f 685 3311 3039
f 3160 2501 2134
f 2194 2202 1725
f 2930 1389 417
f 2930 3643 1389
f 3006 3939 150
f 1257 1926 1013
f 3156 380 669
f 290 2758 689
f 352 568 3767
f 2787 2636 2063
f 296 1160 3949
f 265 815 1651
f 2325 690 2253
f 1150 2253 2402
f 1911 1478 2925
f 890 560 1563
f 109 3306 108
f 3178 3708 1482
f 510 1549 1016
f 987 1308 988
f 3396 2103 1238
f 2421 432 1017
f 222 3978 3830
f 3388 2273 1320
f 3791 1403 3388
f 159 970 160
f 1401 2277 2684
f 2277 1401 1188
f 1019 2155 1830
f 1559 2155 1019
f 651 207 1830
f 2063 2636 3740
f 982 1715 3114
f 982 3114 735
f 827 626 3307
f 1020 607 4037
f 1557 3097 710
f 1844 2598 2653
f 2506 1286 1066
f 1573 2679 4002
f 724 725 460
f 681 1435 2546
f 2875 1191 2211
f 1128 429 1027
f 3006 3435 4016
f 429 1128 2465
f 2307 1860 499
f 590 2866 3076
f 2836 2866 2026
f 1029 2011 2899
f 1224 2540 3526
f 1224 2917 3141
f 2338 871 893
f 2928 1900 2579
f 2147 3054 3283
f 2987 1035 2114
f 1915 283 2270
f 2043 1512 3933
f 314 312 3742
f 1540 1082 2363
f 1914 2528 2946
f 2526 2946 2528
f 3284 1921 2447
f 3698 3905 3762
f 626 2118 3307
f 2165 1729 359
f 2752 877 3318
f 1068 1071 1069
f 2289 3313 2528
f 1703 695 2406
f 1644 2903 1457
f 403 1038 93
f 3938 436 1000
f 1394 665 1000
f 3591 3463 1249
f 1557 558 2454
f 1058 1059 2454
f 1558 2600 3079
f 634 2876 3579
f 3380 743 2807
f 3497 919 1494
f 3857 1684 2357
f 3736 1963 205
f 323 2900 1730
f 1267 1731 2750
f 3328 395 773
f 2873 1543 2568
f 386 385 3477
f 2956 1044 660
f 655 2235 3582
f 3201 3331 381
f 133 97 282
f 1152 280 2598
f 3457 2162 3748
f 3695 2189 1919
f 3011 3543 2448
f 2551 2108 1115
f 852 643 152
f 3015 1642 1382
f 1989 3999 154
f 2569 1096 2537
f 1127 3806 1573
f 1688 2868 1733
f 1308 987 1051
f 1049 987 2211
f 138 1944 3608
f 2702 1729 2978
f 1233 2928 2579
f 1696 1695 1233
f 3566 2477 3945
f 2563 3120 2924
f 3738 1052 1674
f 1053 961 79
f 3172 2927 372
f 879 3966 3696
f 2276 2157 3955
f 1854 3516 1622
f 531 2921 3810
f 1054 2176 210
f 210 3148 2856
f 1054 3551 3101
f 2058 2176 1054
f 2225 1404 3645
f 3397 3356 1055
f 111 164 2069
f 1501 3314 2829
f 963 62 2576
f 271 1942 2144
f 3408 1059 1058
f 2742 2790 867
f 3747 3796 3827
f 3554 1913 2489
f 337 1593 338
f 1716 4005 2158
f 2792 1985 3967
f 3693 820 2792
f 1968 1322 489
f 1820 3586 718
f 1738 246 2147
f 3916 3002 671
f 1333 1066 1286
f 1066 1332 355
f 4066 769 3847
f 1928 3640 858
f 2426 1581 1741
f 3272 1741 1581
f 962 250 1801
f 2410 3219 2424
f 2656 2513 1254
f 148 2858 147
f 173 147 279
f 783 1067 519
f 2606 1743 1518
f 1629 543 1103
f 2940 2030 2997
f 1744 1072 1068
f 52 328 2518
f 468 3191 921
f 1918 3830 600
f 856 855 3573
f 3403 3675 1463
f 3675 3403 1129
f 1178 3069 656
f 2762 1745 1742
f 477 476 3393
f 1745 2859 3393
f 403 3500 1038
f 2627 2985 3194
f 2127 1012 397
f 2281 866 1746
f 1448 2281 502
f 125 329 193
f 124 125 193
f 1546 3193 2096
f 2995 1854 1725
f 1725 1854 2194
f 184 2737 2423
f 2785 166 1931
f 2642 3467 1536
f 1536 3467 3860
f 451 924 3963
f 1231 815 242
f 3204 1314 1413
f 3169 724 3861
f 2882 1592 2207
f 425 1093 1094
f 3924 1081 2297
f 1593 3915 338
f 363 2164 3179
f 3007 142 3945
f 2597 2748 1735
f 1682 1045 1046
f 2314 2800 2533
f 4083 1045 3240
f 1195 362 196
f 3956 3318 877
f 3054 1634 3777
f 1634 246 430
f 2130 3663 595
f 2130 1663 1292
f 813 992 1086
f 2831 3866 1751
f 1574 4020 3000
f 1574 945 4020
f 1574 1939 945
f 499 500 2023
f 1359 534 1734
f 2386 119 2028
f 2555 2386 271
f 408 951 407
f 2815 407 951
f 65 3854 3045
f 852 152 2148
f 2010 933 2438
f 3314 1501 1500
f 1595 3883 72
f 1903 3811 2199
f 3329 1334 2795
f 1764 1765 2914
f 3059 3998 2485
f 804 2485 2773
f 4036 1483 2136
f 2477 543 542
f 2492 4078 129
f 651 1092 1008
f 299 300 3973
f 3540 286 2617
f 2617 1753 3540
f 3104 400 53
f 1095 2990 2522
f 159 1860 970
f 2185 1551 373
f 1408 2381 3983
f 3983 163 2448
f 341 2318 3872
f 1993 716 1510
f 1036 3183 2654
f 646 1702 1568
f 3346 938 2914
f 1006 1098 163
f 3265 1041 2156
f 3831 2673 392
f 351 1099 3034
f 3068 3035 3034
f 3258 620 279
f 3811 657 2639
f 3077 2133 1920
f 3986 2427 1218
f 591 2293 3460
f 2433 4006 4090
f 1422 350 2561
f 2818 63 3768
f 63 3589 740
f 3487 2129 1604
f 602 2438 1083
f 3071 555 710
f 1460 1064 331
f 1261 3475 1575
f 2273 1403 73
f 2014 3737 143
f 1637 3825 87
f 3825 1637 1638
f 3337 1039 3814
f 2838 3814 1039
f 3545 1893 1721
f 509 46 1718
f 1029 2610 1101
f 2637 1101 2610
f 2340 1757 1312
f 1546 1545 3776
f 731 2904 732
f 1733 3014 3282
f 1590 3530 3900
f 1106 910 3872
f 1423 16 1687
f 3736 1568 1361
f 1963 3736 1361
f 3763 2572 253
f 2572 251 253
f 2395 3017 3180
f 3539 2689 3598
f 822 2957 821
f 2639 2469 260
f 3910 2978 420
f 2136 240 3231
f 2894 1535 1416
f 149 1109 2190
f 1967 1395 4070
f 2532 944 1620
f 3178 944 2655
f 2872 2655 3666
f 368 2490 3779
f 3302 1111 29
f 96 282 97
f 3080 1014 747
f 1564 763 2167
f 2297 2605 3323
f 1387 4035 2974
f 2716 1930 1251
f 2627 2716 3476
f 3484 1237 1538
f 1888 70 220
f 1776 2263 876
f 2202 1611 1725
f 3153 3686 3832
f 172 1236 2404
f 1760 137 100
f 1760 100 358
f 3881 2180 1597
f 1569 1597 2180
f 4060 601 2016
f 1296 3022 4082
f 2526 2541 562
f 2541 2526 74
f 3354 3571 3940
f 1761 3255 1740
f 824 644 823
f 3306 2759 824
f 2397 1598 1986
f 1842 3056 3208
f 890 2419 810
f 3189 2461 4051
f 2624 195 1762
f 1569 2180 3432
f 430 1298 1033
f 2062 1116 3377
f 3377 1763 187
f 966 967 968
f 1234 239 1353
f 1548 659 286
f 1996 2266 544
f 1290 2266 1541
f 2260 176 4073
f 2472 176 2260
f 3782 629 1119
f 2355 451 214
f 232 1230 3293
f 1202 3626 2990
f 1246 2864 3686
f 2864 1246 3626
f 3529 70 1485
f 2842 1126 3739
f 3739 731 2070
f 965 1207 3656
f 2863 635 1127
f 2945 1397 1398
f 3915 4023 2002
f 1096 2569 1097
f 2877 667 3562
f 2732 1202 1095
f 1391 1887 1390
f 381 2787 2063
f 4006 1318 1479
f 249 1389 2591
f 3911 3654 1171
f 3629 1171 1438
f 1204 2789 2926
f 2192 2789 3847
f 2460 1604 1610
f 3119 2580 472
f 3971 2992 2642
f 139 525 1134
f 1133 958 1499
f 1902 906 2517
f 1322 1158 2189
f 4059 1678 1698
f 2233 1135 1258
f 1766 34 1539
f 251 2572 4
f 558 1557 556
f 556 1557 710
f 1594 2788 3484
f 2540 2207 2962
f 3393 2445 1768
f 2260 2615 953
f 2675 573 1484
f 2344 791 1769
f 223 363 2718
f 491 633 2057
f 3988 1956 1277
f 3640 1928 2969
f 3333 2029 1121
f 3333 1121 134
f 1351 3333 134
f 973 3518 1139
f 2798 3766 2496
f 3766 1141 1140
f 680 1549 3864
f 503 680 3688
f 3581 4033 2198
f 789 4033 881
f 1624 789 521
f 790 789 2091
f 789 1624 2091
f 4087 521 2061
f 2995 2630 1163
f 3865 3568 3587
f 2704 2142 859
f 3997 3355 1806
f 2226 2087 1246
f 364 2087 2226
f 3305 2622 3422
f 2622 3305 3042
f 3884 2118 154
f 1057 2115 3313
f 18 19 265
f 2625 3674 1850
f 2625 48 3674
f 4043 483 1770
f 3551 3042 3305
f 3101 3551 198
f 2175 2622 154
f 2206 850 2191
f 851 850 848
f 775 2596 1719
f 2204 788 2596
f 2199 1061 1605
f 2278 3281 1527
f 454 456 453
f 3738 2875 2100
f 36 1080 1081
f 1075 1328 3052
f 4063 620 3746
f 2165 1565 1728
f 2978 1565 420
f 1872 2784 339
f 1802 2291 2476
f 1683 1858 1410
f 2753 1411 582
f 2282 2870 459
f 1161 442 956
f 1937 435 3602
f 3070 3790 1907
f 1957 894 2749
f 408 217 3222
f 692 408 407
f 1944 2220 3608
f 3452 1018 758
f 1890 3962 2280
f 2539 2398 677
f 2804 677 2475
f 962 2604 1488
f 1488 250 962
f 2058 1626 1625
f 3411 3101 2793
f 3171 3662 2482
f 28 27 3620
f 2345 284 3899
f 411 3399 535
f 1897 2145 3192
f 1187 3192 2145
f 1018 3452 1774
f 1056 698 977
f 2481 2075 2548
f 2435 1295 1156
f 3069 1108 2469
f 2868 625 3407
f 2425 625 1474
f 3139 1504 1544
f 3013 2339 922
f 2727 309 3841
f 1432 185 458
f 2769 3019 1757
f 1608 3367 1853
f 727 1092 573
f 282 96 133
f 3157 2436 3716
f 3496 331 1064
f 536 3314 2305
f 3006 1589 3435
f 150 4048 3006
f 4077 2581 245
f 2424 752 1958
f 3829 3519 937
f 3187 3374 1026
f 2237 1653 587
f 3543 1048 1732
f 3543 1732 2583
f 3395 3229 3577
f 622 621 3092
f 2210 2078 346
f 3971 3837 4056
f 269 1132 270
f 635 683 1127
f 1127 1758 1572
f 672 2858 148
f 3206 390 2493
f 3862 3588 3206
f 3826 1217 3195
f 1217 4011 1606
f 2103 2934 3094
f 2870 2267 1603
f 544 3760 1545
f 3133 287 1906
f 1611 1119 1971
f 751 2695 3089
f 3715 1735 1777
f 3638 1167 466
f 1167 1275 3428
f 1654 1924 3134
f 149 2190 1168
f 2382 1168 2514
f 146 2668 1857
f 2668 146 145
f 120 1037 284
f 1078 1754 3791
f 577 3791 3388
f 984 3031 1778
f 2957 822 3795
f 2932 821 2957
f 2331 611 761
f 2703 1224 3526
f 768 1586 1587
f 2584 505 504
f 178 2332 33
f 3528 1215 3991
f 206 2106 1600
f 3053 397 3311
f 2650 2573 4050
f 1597 1500 1501
f 2452 3479 1566
f 3491 77 206
f 1300 747 3442
f 209 210 2176
f 1625 1970 1627
f 1625 3810 1739
f 3810 1625 1627
f 3213 2601 1335
f 2366 3518 973
f 827 1989 626
f 3800 1780 2984
f 447 1174 370
f 3368 524 11
f 822 3562 1737
f 1653 3243 587
f 408 692 217
f 918 2457 1888
f 1149 1683 1226
f 2169 1149 1226
f 3839 1686 3583
f 2073 135 3154
f 135 950 949
f 1414 2128 562
f 2795 1201 1200
f 3587 1598 1447
f 3599 3600 57
f 1512 319 3933
f 317 319 1503
f 208 2271 3940
f 1175 208 3940
f 2012 1487 640
f 2413 1487 1699
f 167 3651 2969
f 3199 1099 1100
f 3199 1100 2315
f 3744 1100 3505
f 1100 3744 1933
f 240 4001 241
f 240 241 242
f 674 1950 675
f 4065 2373 216
f 3070 3050 3559
f 1729 2165 1728
f 1176 3086 3190
f 2815 3306 109
f 2975 104 975
f 3263 3619 3821
f 4045 2907 887
f 1943 3648 839
f 3016 2290 1177
f 1861 1696 931
f 2032 1861 931
f 2408 2186 3098
f 1208 72 3883
f 1984 991 656
f 4037 1021 1020
f 3600 269 57
f 4056 1643 3971
f 2292 1643 3600
f 522 882 523
f 1681 3784 2643
f 2570 1681 2643
f 998 697 34
f 806 1309 617
f 617 700 806
f 681 320 3510
f 730 2298 993
f 1741 1962 1924
f 3606 755 3512
f 2678 2809 1784
f 3056 1842 174
f 3296 2799 863
f 3105 1897 8
f 2034 3247 1183
f 3247 2034 846
f 1274 2218 915
f 3817 2872 1184
f 467 2786 1785
f 4065 3805 3121
f 2556 4065 2938
f 2078 389 346
f 867 1666 2210
f 2693 608 1188
f 2921 932 3453
f 3563 3453 1189
f 3834 2963 3585
f 938 2156 1633
f 1221 105 107
f 3040 870 1786
f 1786 870 510
f 1 2960 711
f 1619 2565 185
f 118 2386 2028
f 1014 2327 1015
f 2918 3402 3079
f 3957 2378 156
f 2363 1082 1882
f 1737 1262 2730
f 2451 1190 313
f 2858 574 3875
f 1192 3083 1050
f 3083 1192 1674
f 2629 987 1049
f 1191 1049 2211
f 1191 1674 1192
f 1674 1191 3738
f 3183 1036 1687
f 1838 2588 1193
f 607 2897 4037
f 2085 367 1418
f 3346 1765 2341
f 388 3332 3347
f 3332 808 3347
f 2649 145 144
f 916 2668 917
f 1935 604 1196
f 1935 1196 2887
f 1526 3344 180
f 3386 2796 2486
f 1629 1743 2606
f 2568 274 2954
f 2847 1197 1502
f 2906 159 3885
f 1860 159 2906
f 1199 1181 1180
f 3984 1186 928
f 3984 389 2078
f 3072 4061 353
f 3828 1944 1451
f 2359 2857 3664
f 1545 2547 3776
f 1006 3209 2056
f 680 3864 2051
f 473 3942 474
f 3434 3848 61
f 2807 638 776
f 2681 35 505
f 2154 1860 2307
f 86 1203 885
f 85 1203 86
f 2192 3847 3444
f 2192 1205 1130
f 2927 3155 3986
f 1862 2066 1206
f 3618 2601 2013
f 394 2768 104
f 394 2975 3073
f 3371 2106 3577
f 2106 77 3577
f 2299 310 3289
f 383 3764 2662
f 1393 3445 952
f 3258 3622 3568
f 2057 2268 491
f 561 340 3845
f 3244 1608 3712
f 2630 2995 1725
f 1789 248 3041
f 1213 1212 1349
f 2468 1213 1349
f 140 1134 1648
f 3580 4024 2456
f 3991 4085 3528
f 4085 3991 786
f 3563 1170 3528
f 1215 3528 1170
f 3148 2811 4085
f 3704 1229 1227
f 1009 2863 327
f 2868 1688 1474
f 2096 1585 642
f 3376 2099 2399
f 1928 2099 1657
f 1657 3376 1690
f 3755 3668 2663
f 213 2230 212
f 1555 1869 2745
f 585 1471 1142
f 1931 1082 3440
f 2074 1736 60
f 3079 2361 2943
f 2354 2450 3179
f 968 967 2505
f 2305 3026 2619
f 2135 3287 1040
f 551 2342 1449
f 832 2342 1910
f 3646 1945 2224
f 1873 246 1738
f 2049 1923 410
f 3392 3132 3611
f 2025 1339 2775
f 2025 2673 3630
f 990 744 2765
f 3783 2897 607
f 3155 3172 936
f 3151 382 1848
f 1489 2098 3594
f 1953 80 3797
f 1167 2511 1864
f 797 1167 3428
f 3428 1966 798
f 708 1448 502
f 1080 685 1081
f 3288 2810 2385
f 2687 3151 2644
f 3578 289 1637
f 3308 2877 3562
f 2190 77 1168
f 3880 4044 3001
f 3462 3507 266
f 3876 1227 273
f 2574 3772 1795
f 3957 1515 2378
f 1780 2641 2634
f 3197 2634 2641
f 3141 2228 3906
f 165 1476 781
f 4061 762 763
f 762 4061 3072
f 698 2167 763
f 846 1272 3515
f 1283 2113 438
f 2250 1915 570
f 2527 1217 1606
f 3366 2527 1606
f 87 3994 3578
f 3200 1232 241
f 1619 2514 2565
f 521 4087 1624
f 1731 1267 2173
f 3168 3605 2173
f 3319 1233 1695
f 3319 2049 410
f 2928 1233 410
f 111 163 164
f 925 3011 111
f 1235 288 2498
f 1235 3003 288
f 360 1345 3523
f 384 2512 2414
f 1331 1882 1594
f 3620 173 4063
f 2522 278 1095
f 1299 2689 847
f 3195 2527 71
f 1655 442 3961
f 2202 1379 3948
f 2148 1570 615
f 1570 2148 2909
f 3934 2341 3400
f 3432 1829 2384
f 41 3144 2235
f 2483 2763 1525
f 3788 715 327
f 3678 3882 2542
f 1566 3884 3042
f 2551 1125 2108
f 1835 1118 1632
f 367 1490 1418
f 2221 2358 935
f 2065 219 2775
f 667 2877 668
f 3871 105 1429
f 3267 3842 59
f 3842 2533 1682
f 2700 1094 1093
f 3348 187 2660
f 358 101 48
f 1837 4015 3992
f 2640 1240 3774
f 3807 3740 2636
f 3567 1419 3051
f 2449 3407 625
f 632 835 1889
f 3200 1664 2952
f 1726 2952 1664
f 3741 2597 142
f 2175 1143 3422
f 1693 2685 439
f 2937 1567 3352
f 1567 3461 3502
f 2239 730 3352
f 604 1669 1196
f 2925 3094 2431
f 2318 218 1106
f 677 2804 470
f 1185 1865 2164
f 2311 1770 3224
f 2338 838 2736
f 2657 2438 933
f 3417 3728 4025
f 3245 1222 739
f 156 778 2656
f 3131 1621 3489
f 225 1091 726
f 1628 2613 813
f 3510 1482 3708
f 7 2545 2022
f 2806 1978 817
f 2434 3342 3055
f 3353 840 3513
f 2405 203 2819
f 2231 60 2686
f 2231 1726 860
f 860 1726 1664
f 3647 3223 497
f 1316 1078 1169
f 2226 3686 3153
f 1836 1407 872
f 1304 2310 1954
f 3634 801 800
f 2952 1726 3394
f 633 3993 2057
f 1250 1073 1251
f 1311 575 4067
f 2400 316 905
f 1255 480 3192
f 2162 2174 2920
f 3511 583 1523
f 2456 4024 1790
f 615 2549 852
f 1480 4028 3081
f 2384 1941 3432
f 3550 2127 3369
f 795 2464 796
f 3354 2295 2006
f 2271 3354 3940
f 2295 2271 2766
f 671 3244 3916
f 4040 2082 1258
f 298 2627 3476
f 687 2272 1057
f 3960 412 3409
f 3049 1139 3518
f 1524 2079 640
f 819 1936 714
f 819 714 2932
f 3332 1260 808
f 2837 3475 1261
f 1261 902 2837
f 2406 1266 1703
f 680 503 2717
f 238 397 3053
f 535 1323 1456
f 3577 77 2474
f 2432 3687 3152
f 2267 2870 1589
f 594 1289 595
f 3116 1610 1604
f 3627 1632 2306
f 856 3573 2730
f 1262 856 2730
f 903 457 1198
f 2323 1201 1025
f 1024 825 1025
f 1909 1609 2323
f 2317 1077 4061
f 3650 3487 3799
f 13 3008 1283
f 1284 2250 1283
f 3016 1177 3609
f 1718 1455 2715
f 2412 1791 2983
f 1443 3805 167
f 2412 2183 1601
f 3401 695 2929
f 1703 1424 695
f 341 3872 1172
f 3857 513 553
f 4059 1698 1088
f 2005 3719 1722
f 1160 2486 3949
f 1629 4084 1743
f 2008 1035 2987
f 516 3552 2517
f 2741 516 3204
f 2184 1760 358
f 4086 2826 3417
f 1347 1818 802
f 1599 1224 2703
f 3536 2041 976
f 3809 401 1588
f 401 1104 1470
f 2138 1180 1181
f 3637 3553 3713
f 2413 2338 893
f 472 1892 56
f 891 1677 892
f 742 2234 891
f 2835 2360 829
f 3281 1530 2779
f 2683 2991 2383
f 3987 1385 1386
f 1862 1828 2066
f 66 3379 2678
f 1895 3986 2377
f 2464 841 796
f 1269 1710 1708
f 3644 1939 1077
f 2527 1946 71
f 216 2373 2419
f 2879 1026 633
f 2979 3264 2879
f 2327 2241 737
f 2700 2246 3196
f 2417 421 1658
f 1270 2206 679
f 3087 3345 1907
f 3033 2208 3215
f 3789 3414 1635
f 2181 2161 2905
f 2181 785 3360
f 2522 400 3427
f 1804 1275 3638
f 3062 1381 1804
f 2298 1804 1381
f 2547 1545 3760
f 3369 2235 655
f 41 2127 397
f 2931 2765 530
f 1813 1242 1243
f 1402 1649 2429
f 589 1398 590
f 593 2167 3614
f 2909 3399 1717
f 2909 1324 3399
f 2499 23 3137
f 2832 1647 636
f 2533 2367 2314
f 2573 3532 3455
f 3747 2849 3796
f 3677 567 563
f 2747 3573 855
f 3750 156 2656
f 3856 604 1779
f 1200 1249 2549
f 3653 3758 2661
f 3167 3723 2343
f 1280 3502 1279
f 3524 3049 3279
f 2644 3524 2687
f 1871 3027 3242
f 3257 1659 58
f 3094 873 2431
f 2274 650 3650
f 3016 3676 2826
f 3929 1465 3898
f 2703 1805 3988
f 2703 3526 1805
f 1805 3136 3699
f 3758 3653 3288
f 1250 1251 1930
f 1250 1930 3812
f 2330 905 704
f 3844 2330 707
f 2829 3590 2754
f 126 2047 3207
f 3242 777 533
f 558 2531 1058
f 3458 3425 2999
f 745 1807 1806
f 745 1806 1849
f 1205 1105 3900
f 2769 1665 1470
f 2897 3783 4057
f 2897 4057 321
f 2917 1224 1599
f 1328 3920 1808
f 2072 399 175
f 433 1387 1183
f 1889 2566 632
f 1641 1315 3107
f 1071 1068 1072
f 1072 1744 3617
f 1071 3894 1069
f 1556 790 311
f 2611 943 2536
f 4081 1096 2611
f 1483 4036 1437
f 2733 1269 2037
f 3686 2226 1246
f 364 2226 2718
f 546 3592 1287
f 3738 1245 728
f 3107 1786 3929
f 510 1976 1786
f 3380 2950 743
f 128 3100 1218
f 686 3501 1273
f 3282 345 2458
f 498 169 2003
f 1948 2566 2912
f 984 1778 3400
f 1481 3353 1592
f 4054 1419 1420
f 3165 1290 1541
f 3954 1293 1294
f 2883 3625 3731
f 3625 1296 547
f 2883 1296 3625
f 1033 2608 1034
f 1460 330 1103
f 968 243 2177
f 3728 2252 474
f 1438 4069 3162
f 3341 430 246
f 2389 2963 979
f 2150 284 721
f 673 458 514
f 2333 2491 2008
f 3569 3529 1485
f 1299 2580 3119
f 1774 3452 1453
f 3452 1452 1453
f 1876 2736 2550
f 382 3514 1301
f 1659 3257 919
f 2357 2073 3857
f 4026 1090 225
f 2231 76 1602
f 1959 964 3820
f 1811 1710 2733
f 2287 2497 3005
f 2981 1570 2909
f 2540 3141 2207
f 2445 3968 1768
f 2585 1808 3920
f 3708 771 2097
f 2328 1800 1444
f 143 1693 3075
f 3671 2890 3216
f 3312 356 3045
f 2581 2591 2480
f 2172 3606 2908
f 252 522 253
f 2557 3248 1714
f 2557 1714 3806
f 3648 1533 839
f 3935 2711 843
f 2345 720 721
f 647 307 306
f 3474 994 2313
f 1241 551 1449
f 444 551 609
f 3560 1886 1042
f 2072 3724 399
f 2224 1022 1776
f 1941 2384 3043
f 3443 893 871
f 893 3443 891
f 1880 2674 3333
f 1307 3451 386
f 2110 1179 3527
f 441 440 387
f 953 56 2472
f 561 2223 2220
f 2220 2223 3608
f 2778 3035 79
f 2764 1469 1664
f 1664 1469 908
f 682 1468 320
f 964 1959 1811
f 2621 1344 2543
f 1478 1911 3691
f 1810 1297 2048
f 2728 3895 1714
f 755 2407 3488
f 1810 1952 1297
f 3698 506 549
f 451 2553 452
f 2553 2806 452
f 3619 1687 16
f 359 1729 3252
f 388 3208 3332
f 388 3347 2945
f 259 3966 2959
f 1450 2959 1451
f 2325 770 3896
f 1513 610 1514
f 1573 3806 3895
f 1895 2927 3986
f 1507 256 257
f 1160 1518 1743
f 3970 3622 3258
f 1078 1316 3115
f 325 1318 1129
f 1241 609 551
f 2714 1814 584
f 1814 1523 583
f 506 3698 3762
f 3473 1173 3874
f 2409 146 1641
f 605 493 3909
f 2955 2255 3855
f 2518 1935 1144
f 3852 1031 4054
f 2726 3761 1991
f 2861 2726 457
f 3761 2726 2861
f 2401 2294 1717
f 1513 3262 444
f 616 617 1783
f 296 1412 2595
f 94 3856 2708
f 1811 3421 1710
f 1710 1269 2733
f 1537 547 3465
f 3356 2483 1607
f 103 350 349
f 2938 3121 550
f 2900 62 1730
f 606 2301 2120
f 2301 3431 1815
f 1323 535 3399
f 1324 1323 3399
f 1639 675 1979
f 3190 149 3027
f 1195 3028 362
f 460 725 461
f 979 2776 3903
f 2612 2766 2723
f 2141 1556 311
f 365 3823 2337
f 2206 2191 293
f 1038 1644 93
f 1457 2903 386
f 1297 93 1816
f 93 1297 403
f 3181 1816 300
f 1816 93 300
f 93 1644 300
f 1231 1232 3326
f 1320 2736 1876
f 2764 3867 1468
f 1885 1800 1445
f 2096 1508 1585
f 1030 1942 1368
f 857 2421 1453
f 2883 3731 3671
f 812 4080 3613
f 953 3366 2814
f 2027 2559 378
f 3760 2266 2833
f 1290 4055 2833
f 2996 580 3941
f 1997 2996 3941
f 263 406 2696
f 1356 1355 3701
f 1997 2555 2609
f 2358 1681 2828
f 2242 2612 3315
f 3440 2496 641
f 1632 1118 2306
f 355 3656 1357
f 1926 1314 3204
f 1162 3290 2813
f 1162 2828 3290
f 3784 1681 2038
f 3508 2352 2892
f 2314 1747 3227
f 3503 1925 427
f 2778 2771 1421
f 2778 889 1422
f 325 3403 2050
f 3095 1808 2674
f 1528 2624 1807
f 2348 3525 2607
f 1292 3129 3663
f 2827 2892 3809
f 3335 3420 3695
f 3093 3161 509
f 411 3433 992
f 1656 1403 1754
f 1403 1595 73
f 2746 3050 1896
f 384 1896 3050
f 2261 2859 3109
f 3593 3195 71
f 1841 1633 3561
f 2310 1304 2343
f 51 381 2045
f 3201 381 51
f 1912 3254 2430
f 3557 820 184
f 48 47 2184
f 3746 1447 1417
f 3882 2679 88
f 1060 616 4043
f 2535 54 55
f 2746 2731 3836
f 3248 2557 1992
f 1671 1543 371
f 875 2345 1972
f 836 2375 1784
f 2428 1303 2143
f 1111 843 29
f 3398 2507 445
f 2350 213 1335
f 896 2390 2749
f 1230 567 3448
f 2508 329 3713
f 2136 3915 4001
f 767 3063 4022
f 185 1571 458
f 3361 3513 234
f 3202 3361 234
f 1120 3316 630
f 2856 3551 210
f 1636 1880 1961
f 1109 149 1691
f 2786 2578 1899
f 2053 2808 3397
f 2024 3213 1335
f 1156 1264 3685
f 3685 3274 1964
f 3504 1465 3929
f 3859 125 2919
f 3221 3859 527
f 3636 3111 3769
f 2684 2988 1613
f 2451 864 1190
f 1915 1394 1937
f 2983 836 1784
f 1153 2723 2766
f 2971 2731 3711
f 2773 3998 1711
f 3998 3059 2423
f 1817 2682 1340
f 3253 1340 1639
f 1922 3799 2470
f 736 336 3173
f 3457 3483 2162
f 2669 1604 2460
f 297 3476 1492
f 2929 695 2805
f 1967 4079 2802
f 568 3932 1342
f 3636 568 1342
f 809 2885 515
f 515 2657 3904
f 2750 575 2396
f 1275 730 2239
f 3243 2551 1115
f 3298 3187 1723
f 1874 2626 2994
f 624 1874 1225
f 779 927 276
f 599 1799 1478
f 2690 1516 3154
f 3424 3910 360
f 1981 504 188
f 2650 4050 2256
f 2820 1363 3044
f 1717 2981 2909
f 2983 2049 2372
f 1791 2412 1923
f 453 986 1064
f 3185 898 969
f 898 3185 899
f 1660 1661 719
f 2033 1389 826
f 713 1938 1266
f 2457 2508 3713
f 1464 1465 3504
f 738 1812 999
f 2339 3013 4014
f 117 2452 786
f 3925 3402 117
f 3994 2729 1941
f 1126 3464 215
f 3616 1244 1370
f 3135 2758 2691
f 1574 353 2219
f 1906 287 1163
f 723 1291 3957
f 1291 219 3957
f 3442 1291 723
f 2213 3442 2025
f 3672 2249 3148
f 1157 3203 643
f 2088 3203 1157
f 128 1218 2222
f 1868 1473 3059
f 463 3359 475
f 766 2699 437
f 570 2270 766
f 1615 3498 1488
f 2635 2178 131
f 1440 3759 1441
f 3994 765 239
f 2693 703 704
f 3150 1758 262
f 262 683 261
f 2422 2439 3574
f 1849 744 745
f 48 101 3674
f 2208 2426 2404
f 2564 772 1577
f 772 1908 1350
f 1805 1956 3988
f 3427 123 3834
f 1303 2428 2685
f 2685 1693 541
f 1173 3392 1940
f 4047 1626 3411
f 2263 1776 1022
f 2521 2110 3527
f 3955 1371 3032
f 3955 2157 1371
f 1371 2157 3616
f 777 2513 778
f 11 983 12
f 6 5 1767
f 3904 1740 1365
f 1122 2009 1711
f 2949 2585 2009
f 3984 928 389
f 3926 3176 1585
f 1796 2722 3036
f 1974 1630 2618
f 2172 1253 1500
f 1046 3717 3481
f 3843 3652 1435
f 4044 614 2498
f 2529 793 3419
f 2935 3409 540
f 1435 3652 907
f 3635 315 295
f 3744 1719 1360
f 2240 176 2472
f 315 2954 1781
f 3382 2515 2746
f 673 3357 1652
f 1330 1568 1079
f 2671 1362 406
f 3924 2297 1881
f 1216 2802 4079
f 3680 3985 2696
f 1363 2820 67
f 3567 3051 2471
f 111 2069 2185
f 3064 3073 3065
f 2247 1582 1364
f 2355 2247 862
f 687 2966 3868
f 3868 2966 2462
f 2960 3980 974
f 3058 3060 3980
f 3239 2710 189
f 3495 1365 1740
f 2450 2354 1862
f 3052 1328 1808
f 3856 1282 3755
f 2931 1792 2391
f 1331 2363 1882
f 2333 78 3163
f 3554 3753 560
f 3255 1686 1740
f 4060 629 3782
f 2383 3959 1851
f 566 1590 171
f 2116 703 705
f 2785 1950 2889
f 648 91 307
f 194 91 648
f 1315 1786 3107
f 222 857 2436
f 2301 606 3909
f 4015 1837 680
f 995 2403 3041
f 1827 3375 3058
f 2961 793 3131
f 898 1384 969
f 1678 1351 1698
f 151 2774 2042
f 545 666 722
f 2519 3037 807
f 2365 3413 2398
f 3413 2365 2873
f 2560 3076 2836
f 2753 1865 3537
f 1062 1834 3015
f 1373 172 3134
f 3247 3280 1183
f 2479 110 1249
f 2349 2947 229
f 2349 803 2947
f 2947 1206 1142
f 141 3566 2300
f 3737 1345 541
f 1819 1707 1793
f 610 3517 2434
f 3675 3725 2616
f 1943 1675 3989
f 32 414 2879
f 563 1668 1823
f 3152 92 2432
f 2556 2938 3508
f 1844 3747 3905
f 1844 2849 3747
f 2602 2492 1377
f 2694 2602 1377
f 1088 1698 51
f 3419 2961 1772
f 225 1090 1091
f 191 190 3979
f 1885 389 928
f 2104 1316 688
f 4003 3009 2712
f 3041 248 249
f 697 997 3339
f 1935 1779 604
f 1904 449 283
f 283 449 2543
f 1937 1904 283
f 3915 2002 4001
f 1750 2628 1793
f 2628 1750 1672
f 1222 3426 3105
f 2582 217 692
f 2781 3217 3615
f 744 1849 2765
f 823 644 1680
f 2957 2552 1771
f 1936 819 1431
f 2654 420 1565
f 1687 3263 1252
f 1338 1852 2698
f 2161 2181 4008
f 4003 585 994
f 3682 270 1132
f 3478 3722 1650
f 3310 1074 1075
f 652 186 1388
f 3502 1966 3642
f 3087 3193 3776
f 3786 1325 1795
f 361 3431 3909
f 1325 367 3683
f 1237 2179 1889
f 2234 3541 3529
f 3894 1072 170
f 2480 1389 3643
f 3764 3233 2662
f 2338 2998 871
f 472 2580 3269
f 2884 1742 1745
f 2576 3423 3077
f 2168 2111 506
f 2824 3632 4070
f 1272 3418 2018
f 247 3418 972
f 3974 2018 247
f 1980 2941 999
f 1107 1963 1361
f 3136 2443 3699
f 590 1397 2866
f 3616 2866 1397
f 2385 3913 3000
f 3913 2385 3603
f 3155 936 2427
f 2750 2396 2216
f 2336 1839 3301
f 382 1301 1254
f 355 1357 354
f 1332 1066 1333
f 1171 341 1438
f 341 1171 3654
f 572 257 2593
f 2861 1663 3576
f 1962 1741 3272
f 2015 3919 492
f 2744 2051 1549
f 2911 1401 2684
f 72 2106 3371
f 25 254 1271
f 98 3723 3582
f 2191 850 3241
f 3390 3849 1552
f 3470 618 619
f 2349 2901 803
f 2623 1352 593
f 2650 2256 3570
f 99 2584 632
f 2513 2584 1254
f 2731 2746 2515
f 3381 2072 1055
f 1820 3627 2306
f 2744 1549 3283
f 2808 2053 3658
f 2728 3295 88
f 3428 1275 1966
f 1275 1804 730
f 2140 3692 1751
f 1465 1751 3898
f 2339 3692 3634
f 1464 4013 2140
f 2123 368 1110
f 3681 1461 1110
f 1305 1225 3547
f 2743 1104 2233
f 3019 2769 2743
f 42 41 741
f 995 233 1296
f 3149 1656 3115
f 933 2010 1761
f 2144 2609 271
f 2067 3551 2856
f 2812 716 1404
f 1060 1061 162
f 489 1322 1802
f 3729 188 3657
f 1005 792 2214
f 259 3696 3966
f 118 1925 3317
f 1473 2137 2643
f 278 3427 3834
f 2010 118 1761
f 118 2010 2386
f 770 1392 204
f 1392 756 2059
f 1800 1541 415
f 2940 2997 624
f 2991 2683 40
f 3856 3727 604
f 1734 1056 1821
f 1852 612 3612
f 593 3043 2384
f 3985 3680 1321
f 2448 3543 3983
f 2989 3716 1452
f 637 639 776
f 3655 2193 3197
f 1550 3254 4009
f 2895 353 1574
f 892 2413 893
f 1504 3139 478
f 578 3405 1265
f 1847 1895 3549
f 2927 1895 1847
f 1185 1410 1865
f 1410 1756 1683
f 3285 2536 61
f 3192 1187 904
f 3047 484 4075
f 3465 2256 1537
f 2417 1779 328
f 3079 2600 2361
f 2600 1059 2361
f 1412 2915 3214
f 1461 2738 5
f 2829 674 3590
f 2951 3416 131
f 3753 3350 858
f 2716 1073 2701
f 1249 3463 2549
f 2021 2030 2020
f 2692 2500 2636
f 3700 2350 752
f 3234 3213 3236
f 3153 2718 2226
f 1917 2891 927
f 907 412 3996
f 907 76 860
f 1730 2855 323
f 3892 4063 3746
f 3958 227 2151
f 3964 2896 3168
f 1782 3326 1232
f 848 254 851
f 849 2206 1270
f 2336 3845 3228
f 1544 473 3139
f 2548 2075 3415
f 3975 1697 3689
f 55 1421 729
f 2939 1748 2367
f 1645 582 1689
f 582 1645 3819
f 2778 79 2862
f 2862 889 2778
f 2855 1730 3661
f 3661 1730 3103
f 2023 2936 1312
f 2343 2308 3167
f 2308 654 3167
f 1727 3670 314
f 118 3317 3255
f 3840 707 2116
f 3534 2421 857
f 3534 22 43
f 3534 2229 22
f 3382 1940 4046
f 1940 3382 4024
f 993 2712 3009
f 1426 3703 3295
f 2333 112 784
f 2295 2766 4054
f 3252 1994 532
f 4021 2899 2011
f 2344 1630 2651
f 1955 2141 3558
f 1427 2635 132
f 2829 2754 1597
f 531 1425 3773
f 198 3017 3101
f 2948 3103 963
f 1679 304 3733
f 3787 1753 476
f 1061 2311 1605
f 1343 1531 1429
f 105 3871 3150
f 1551 374 373
f 640 1487 1677
f 1561 1430 2251
f 3624 3421 1811
f 3778 1934 734
f 734 1934 818
f 2591 3041 249
f 403 404 1690
f 1952 404 1297
f 2506 2015 1285
f 2577 2094 2160
f 1806 1807 3997
f 2575 3990 1809
f 3990 2575 2562
f 3273 1679 130
f 3835 3958 2151
f 1446 1750 2967
f 3580 3850 3313
f 426 259 3659
f 2530 1863 3140
f 3526 3412 1805
f 2059 3661 203
f 956 442 3877
f 3251 4011 2093
f 2608 1797 1034
f 2608 1676 2215
f 1330 3781 1361
f 3507 49 266
f 2039 875 1972
f 1635 3710 3458
f 1652 1383 1154
f 4057 3078 2312
f 3078 2254 2312
f 2399 1347 2867
f 3338 2221 2586
f 2221 3338 1197
f 2086 3161 664
f 2851 1623 1908
f 1623 2851 787
f 362 3687 196
f 947 2062 2493
f 3526 2540 3412
f 1413 3214 1418
f 3647 554 658
f 1990 2581 4077
f 3461 731 3294
f 1340 2238 1817
f 1770 483 2577
f 2321 2463 3471
f 1762 196 2432
f 3732 2366 3113
f 2757 3087 1907
f 53 2990 377
f 391 2204 2950
f 788 2204 391
f 2693 1188 3901
f 3322 932 2468
f 3629 1980 3020
f 2305 1500 1253
f 3221 1299 3119
f 3839 90 3495
f 342 3182 1432
f 100 137 1433
f 1382 3492 3015
f 3193 3803 1905
f 787 3225 1623
f 1982 1671 371
f 1256 1896 384
f 1698 1351 1999
f 3964 3168 1267
f 2288 884 1293
f 3890 720 875
f 130 3621 3930
f 3762 3905 3747
f 2259 3310 1846
f 3602 2195 1801
f 1378 3975 832
f 1123 1122 1711
f 3519 3508 2827
f 974 598 211
f 3219 2243 232
f 3938 2233 436
f 2023 1752 2936
f 3353 1481 840
f 2313 3981 732
f 215 2544 1126
f 3535 1423 2913
f 481 482 2068
f 2747 2985 2627
f 3512 2908 3606
f 605 2574 493
f 221 3286 177
f 411 535 3433
f 3384 3645 1404
f 2221 996 2756
f 558 1058 2454
f 3219 232 2424
f 3654 2441 2647
f 1906 3658 2053
f 591 4060 2016
f 2026 2866 1879
f 1063 332 520
f 1002 1001 318
f 1660 1563 1661
f 3377 1116 1763
f 803 2901 2450
f 2376 1766 1767
f 524 3641 523
f 2397 1510 716
f 1097 2640 2068
f 3510 69 1482
f 94 1669 3727
f 3305 3017 198
f 3180 3017 3422
f 3277 103 1454
f 3277 1794 2940
f 205 2019 3736
f 1773 3037 1922
f 2567 2117 3792
f 750 3246 2892
f 1725 1611 2630
f 3126 2742 1631
f 664 3126 2086
f 3961 3530 2005
f 434 1612 1428
f 3284 434 1428
f 806 700 807
f 3657 188 504
f 2154 970 1860
f 3068 3211 3035
f 3199 3211 3068
f 3035 3211 79
f 2106 206 77
f 2442 1003 1369
f 3496 986 988
f 332 331 3496
f 387 332 3496
f 3331 83 2787
f 582 3819 581
f 3839 3495 1686
f 579 1264 1495
f 2511 3914 3358
f 3972 1370 2293
f 2958 4045 2632
f 2958 420 4045
f 2154 2287 3404
f 3322 3106 3191
f 1213 2468 2265
f 2223 1493 654
f 3705 1883 487
f 2784 1642 3610
f 3927 1973 3956
f 1973 3927 1749
f 1378 832 1379
f 3975 1378 1697
f 2287 2154 2307
f 502 503 3688
f 866 2281 108
f 1142 1206 1650
f 501 3090 430
f 753 1074 3812
f 353 2895 3158
f 3565 3531 191
f 4029 1385 3987
f 3799 1922 2519
f 596 980 3903
f 3246 3995 3833
f 2126 3833 1867
f 3995 861 1845
f 727 1091 1092
f 1560 3820 964
f 3820 1380 1381
f 2076 754 2982
f 1187 608 904
f 608 1187 1188
f 1609 1148 2665
f 1411 1689 582
f 3759 508 1870
f 2801 2487 3128
f 464 2149 3752
f 2376 998 34
f 1012 1125 2605
f 3969 1468 1358
f 2382 3242 3027
f 1243 2545 7
f 1195 3051 3028
f 2648 919 3001
f 2020 3538 1458
f 3538 2020 4012
f 2020 3002 4012
f 3925 2042 3402
f 3164 1471 585
f 1949 641 1875
f 214 2951 1582
f 3382 1790 4024
f 26 3135 2463
f 2325 2473 1198
f 3380 776 1472
f 1079 2704 1883
f 3057 3816 1521
f 3801 724 2080
f 2827 3809 1588
f 2353 3585 2389
f 2005 366 3719
f 1473 1868 3793
f 3705 1346 1601
f 909 2708 3021
f 2707 137 1760
f 1379 2194 1378
f 1845 634 3579
f 3897 4076 2119
f 2318 341 1932
f 2602 383 2084
f 3595 2571 212
f 4053 3312 357
f 3757 3342 236
f 2266 1290 2833
f 2937 3474 732
f 2381 1408 1158
f 2974 2658 2034
f 386 2903 1307
f 3520 1307 2903
f 1667 1399 3324
f 3330 3098 1114
f 1753 3787 3540
f 1797 2215 3992
f 2597 3566 142
f 2674 1808 1700
f 4081 3285 2544
f 696 1442 3273
f 207 3279 1477
f 3930 1988 2706
f 3344 2888 3250
f 2992 4076 1583
f 1825 26 3556
f 3265 3346 3934
f 2667 3541 3395
f 3711 569 2971
f 748 3533 3238
f 3487 1604 1462
f 1135 4040 1258
f 2082 3602 1258
f 3463 3591 1157
f 3467 2992 1583
f 3730 485 3047
f 2382 2514 3846
f 428 1228 4022
f 3624 1273 915
f 2153 3923 1826
f 1113 913 1120
f 1599 3233 1823
f 1109 402 1798
f 328 1562 603
f 3868 2462 1870
f 1612 434 769
f 2853 1473 2036
f 2036 1473 2643
f 243 968 668
f 915 914 3624
f 1504 2659 1544
f 2500 2459 3807
f 2290 1533 4012
f 1810 2048 2876
f 2291 1406 2476
f 1406 2291 291
f 1794 3771 2030
f 387 440 2685
f 2693 2714 703
f 1529 1170 3256
f 3281 2779 1772
f 299 3973 3837
f 3010 330 331
f 866 3918 1746
f 1163 2630 3658
f 2370 2994 2626
f 2107 699 3794
f 1118 1835 1117
f 2099 1818 2399
f 2952 2719 1782
f 2960 1 1827
f 238 2083 1704
f 3001 3257 471
f 3012 2050 688
f 4044 2821 614
f 3264 1723 1026
f 3529 2944 70
f 1505 3090 2149
f 2619 202 1855
f 1395 3275 4070
f 1505 1749 3927
f 3099 2290 1974
f 1974 2618 3099
f 3583 1562 3839
f 857 222 1918
f 3632 297 1492
f 552 3732 3113
f 2243 563 567
f 2343 3723 2310
f 3085 175 1580
f 2709 1414 2541
f 1313 3691 416
f 120 284 2846
f 532 798 1319
f 797 532 1994
f 1319 798 1966
f 3493 3460 2293
f 2795 1200 615
f 858 511 1928
f 3303 2516 2970
f 1131 3837 3973
f 1690 3500 403
f 3440 1082 1540
f 1467 3091 913
f 3777 1797 4015
f 3187 3298 642
f 3539 231 3166
f 3601 1999 4019
f 1911 417 3691
f 1495 2645 579
f 3978 2134 3780
f 1458 3538 3174
f 3066 981 1618
f 3873 3372 81
f 3873 1746 3918
f 81 3372 80
f 2626 2845 3862
f 1590 566 3127
f 4072 1385 4029
f 3970 3258 3875
f 1497 2319 3542
f 2319 3565 706
f 706 584 3542
f 2057 3100 2268
f 3580 3874 4024
f 3345 2857 2359
f 605 3157 1709
f 2178 369 3004
f 2178 3004 272
f 2337 3261 702
f 547 1265 3734
f 2714 2693 1814
f 1197 3338 1502
f 3640 2969 3651
f 952 3445 109
f 3810 1425 531
f 1425 917 3773
f 1316 1169 3506
f 3854 3126 811
f 2667 3529 3541
f 2687 3524 940
f 4081 2544 1386
f 3612 3870 498
f 1436 3408 1058
f 1436 1058 3425
f 1900 2928 978
f 3245 784 113
f 217 3036 3222
f 1604 2129 3116
f 2215 3953 3992
f 736 1713 1759
f 344 3048 1507
f 1698 1999 3649
f 2948 2819 203
f 2760 3112 2541
f 3903 2776 596
f 1905 3803 596
f 1912 2935 4009
f 1977 267 3954
f 418 3343 3790
f 3559 418 3070
f 3374 2524 3993
f 2638 3757 3778
f 247 3782 3336
f 3928 733 2694
f 421 603 1562
f 2795 1024 1025
f 4041 3754 1494
f 4020 1817 3490
f 1553 1120 629
f 1553 591 1112
f 432 2421 3534
f 3759 2462 1441
f 2957 3795 2552
f 2334 1286 1785
f 1862 1206 803
f 589 1993 1398
f 1993 589 3645
f 1993 3645 3384
f 2591 2581 1990
f 2018 3974 2770
f 584 706 705
f 747 1014 1015
f 4081 2537 1096
f 3096 1210 2230
f 406 1586 768
f 328 52 1562
f 2344 2651 1853
f 130 1679 3621
f 2004 2878 1506
f 699 2107 3721
f 1831 699 1257
f 3721 1257 699
f 668 1263 667
f 2551 1511 1987
f 1207 414 1372
f 1833 2503 3684
f 2554 1206 2066
f 2554 2066 3464
f 2554 1466 3478
f 878 1037 120
f 877 1037 2664
f 1676 1506 2878
f 2215 1676 2878
f 3215 2208 3729
f 669 2402 1991
f 2482 478 512
f 908 2546 1435
f 320 2546 682
f 3279 3518 1477
f 140 1517 2478
f 1648 1517 140
f 3800 2739 140
f 1517 1648 1499
f 2438 2657 2885
f 3519 2914 937
f 2943 2672 1566
f 699 1831 617
f 3826 3195 391
f 2595 2166 1518
f 2455 3827 237
f 1343 1429 105
f 3457 2867 1347
f 3457 3270 2867
f 2899 3269 2580
f 4031 2182 1675
f 2141 1955 310
f 1685 479 1245
f 911 1519 912
f 653 989 1520
f 2403 709 264
f 2573 1194 4050
f 230 2077 785
f 1352 886 765
f 479 1685 3857
f 4087 1521 1624
f 553 3064 1245
f 3744 748 1522
f 608 905 904
f 2387 2347 385
f 3160 1815 3917
f 1354 181 1523
f 3888 2414 2359
f 1945 3646 3292
f 2358 2221 2756
f 3004 369 50
f 2839 1898 1787
f 2439 2705 3574
f 3621 1988 3930
f 3704 2638 1229
f 3316 2808 3658
f 3709 901 900
f 1499 2989 1517
f 383 268 3764
f 3818 1247 1527
f 1640 3703 4076
f 607 1020 1497
f 1916 4019 3390
f 3157 1499 1709
f 1924 1962 3134
f 2057 3993 3908
f 496 2661 3196
f 679 2206 293
f 293 2191 2767
f 2767 2191 2475
f 814 596 123
f 896 236 501
f 2721 1697 1622
f 1378 1622 1697
f 1518 1160 296
f 1581 2426 2075
f 1109 1798 2190
f 2474 2190 1798
f 2303 2451 313
f 2303 313 429
f 3431 2123 1815
f 1815 1110 3917
f 2501 1461 5
f 190 619 618
f 1663 2713 1886
f 2822 1706 2225
f 1923 1601 1346
f 1735 3794 1777
f 3761 3576 2007
f 3681 997 998
f 640 2079 639
f 3496 988 387
f 1308 441 988
f 3886 179 1084
f 3219 2410 218
f 1571 1600 514
f 1600 1571 206
f 305 2395 1836
f 4088 1833 3439
f 3667 3439 1833
f 1529 1530 3186
f 1707 1819 1164
f 1165 2759 1164
f 2064 396 3271
f 1792 2931 1813
f 3673 1588 1665
f 241 2764 3200
f 2764 241 3867
f 4046 2156 1041
f 3112 2585 2709
f 555 658 554
f 3565 2116 706
f 2818 3404 3005
f 940 67 2203
f 1216 1961 3628
f 258 2564 3960
f 1729 1728 2978
f 2723 184 3046
f 3691 417 416
f 613 1799 599
f 3969 320 1468
f 349 1422 889
f 504 1981 835
f 2148 1324 2909
f 3655 1947 2198
f 2651 1630 3712
f 1005 2214 4032
f 1523 1814 1354
f 1354 1814 2693
f 992 1532 411
f 764 27 28
f 3138 2122 1218
f 1669 3714 1196
f 2600 1558 3097
f 2011 1029 2578
f 3094 3937 1238
f 2181 3360 1159
f 3822 2187 1159
f 4021 2011 467
f 1530 3281 2285
f 2278 1434 3281
f 2285 2201 1530
f 2201 2285 1007
f 3186 1530 2201
f 578 1537 4050
f 547 1537 1265
f 1453 2421 1774
f 3374 3176 3926
f 1504 478 197
f 3400 2341 984
f 2288 1293 3954
f 3127 366 1590
f 2628 1672 348
f 2066 3987 215
f 3985 3351 2214
f 3662 3985 2214
f 4071 1829 2965
f 552 1638 1830
f 2365 3597 2873
f 700 1831 3770
f 3313 3874 3580
f 2360 2919 4088
f 2503 1833 4042
f 3117 1001 1803
f 337 3610 1062
f 1853 1835 1632
f 2664 878 1506
f 2664 1506 1676
f 2395 305 3017
f 1837 3688 680
f 2051 4015 680
f 3550 1493 1211
f 1257 1013 3061
f 1838 851 254
f 2440 4051 1009
f 327 2440 1009
f 3582 3167 654
f 1839 2187 2237
f 2382 3027 1168
f 396 1840 1011
f 2622 2175 3422
f 1046 1736 1682
f 2686 1736 2245
f 2397 1842 3208
f 1986 1842 2397
f 4046 1843 2515
f 402 1888 220
f 793 2558 1621
f 245 3570 4077
f 2598 1844 649
f 529 3995 1845
f 1845 861 634
f 3668 666 2308
f 3417 3147 4086
f 3438 2101 1494
f 633 491 32
f 767 3876 273
f 247 3278 3974
f 2663 2603 3755
f 66 1336 594
f 3234 1336 66
f 1967 2259 1846
f 2373 1841 3561
f 1947 1017 3450
f 1017 1018 1774
f 3421 1409 1847
f 2927 1847 1409
f 1045 3717 1046
f 1080 36 1701
f 2488 3446 712
f 3280 3055 845
f 2500 3209 2855
f 2636 2500 3807
f 2153 2076 1311
f 3005 3404 2287
f 1546 544 1545
f 1851 3723 98
f 3804 1851 98
f 134 1951 1288
f 3171 512 3139
f 1921 4064 1616
f 4064 571 1616
f 2877 243 668
f 1431 243 2877
f 2666 1852 3612
f 1477 3518 3732
f 477 3393 2261
f 3627 1853 1632
f 1855 1931 166
f 1855 166 2619
f 2941 4069 738
f 3165 1541 1800
f 2328 3165 1800
f 1859 396 1011
f 1856 1310 2441
f 588 2801 1334
f 1858 1148 1411
f 1410 1858 1411
f 3230 1859 197
f 3230 396 1859
f 2732 2453 3832
f 445 2507 2379
f 500 499 1860
f 1862 803 2450
f 466 1864 4010
f 2511 1167 797
f 1865 1410 3537
f 1865 2753 2124
f 2434 3055 1514
f 1117 2874 1866
f 2874 1382 1866
f 3751 3133 3085
f 3645 2822 2225
f 1584 1867 2418
f 1542 2854 1869
f 1346 927 2891
f 2466 2177 244
f 2466 966 2177
f 3603 2848 3853
f 587 3301 1839
f 2396 3030 2216
f 1080 1670 685
f 1872 1483 1437
f 45 44 1872
f 3547 1874 2994
f 1225 1874 3547
f 1950 1949 3546
f 1876 577 3388
f 517 1877 1616
f 1962 3272 3527
f 431 1606 4011
f 1878 50 369
f 1158 1322 1968
f 2157 2276 1879
f 133 96 281
f 3891 1724 3808
f 3268 1079 1883
f 2826 1884 3728
f 978 1094 1032
f 855 2257 802
f 1885 928 2589
f 2049 2983 1791
f 3221 527 1299
f 2689 1299 527
f 52 2518 89
f 3718 1653 4005
f 2243 3219 1856
f 2329 3641 3368
f 3641 2329 881
f 1888 3553 2283
f 3662 2214 2482
f 3304 2708 909
f 3304 909 3509
f 3962 1890 2035
f 2776 2963 3834
f 3901 2139 181
f 3589 63 1337
f 1081 3039 2297
f 1453 2436 857
f 1892 4021 2240
f 3415 3446 2095
f 1718 1893 1455
f 2964 3941 1894
f 1326 1894 580
f 3046 184 820
f 2861 1292 1663
f 3549 1895 3406
f 2494 245 2581
f 2970 4004 2212
f 1898 2762 1742
f 1787 1898 1742
f 1524 3251 443
f 1899 538 1333
f 1899 1333 2334
f 978 3098 1900
f 3236 2024 1901
f 1248 2743 3938
f 2641 758 3197
f 1667 1463 3675
f 906 1902 525
f 2801 588 1903
f 3878 3884 1566
f 3602 1801 1904
f 449 1904 1801
f 1960 1905 814
f 531 2265 2921
f 1163 3658 1906
f 2002 4023 3309
f 2900 3209 1006
f 1131 4056 3837
f 269 4056 1132
f 182 2405 3232
f 1078 1102 1169
f 2297 3039 2605
f 1350 1623 2971
f 3130 1755 1189
f 1910 2342 833
f 1598 2812 1863
f 716 2812 1598
f 2384 1829 3798
f 222 2436 3157
f 1150 1392 2253
f 285 1548 1329
f 2109 1433 2837
f 3475 2837 1433
f 417 1911 2930
f 3254 1912 4009
f 577 1876 3175
f 1914 2946 1913
f 874 1914 1913
f 283 1915 1937
f 1916 3370 1551
f 2185 1916 1551
f 189 2894 3239
f 857 2229 3534
f 1919 1158 1408
f 3237 1919 1408
f 2133 3730 1920
f 1625 1739 2176
f 482 943 2068
f 3104 29 2356
f 53 400 2522
f 2381 1006 3983
f 3983 1006 163
f 1877 1921 1616
f 3328 661 2000
f 3132 1173 890
f 2337 2915 1722
f 3961 1722 3949
f 3462 3270 1047
f 1773 1922 3434
f 2519 1922 3037
f 201 3540 2039
f 1601 1923 2412
f 1415 1923 1346
f 845 433 1183
f 3317 1925 3503
f 1925 118 2028
f 360 2170 3912
f 2681 505 2584
f 844 3775 3279
f 3766 1980 999
f 1236 1538 1929
f 3921 1929 1538
f 1931 3440 75
f 3654 1932 341
f 2781 393 935
f 564 747 1300
f 1933 1051 2217
f 819 1934 1431
f 2242 2205 1031
f 1697 2721 3689
f 1770 2311 4043
f 1144 1935 357
f 903 2809 2678
f 1552 1288 1076
f 1598 2397 716
f 1936 2877 3308
f 714 1936 3308
f 436 1937 1394
f 2331 1938 611
f 1938 713 3375
f 3072 3870 977
f 1003 258 1369
f 2851 1003 787
f 2649 3866 2831
f 1751 3866 3898
f 1939 1574 2219
f 3340 2999 2531
f 414 1445 415
f 3083 1674 1053
f 3432 1941 2729
f 1459 622 2449
f 3407 622 623
f 1225 2940 624
f 3568 3622 586
f 1942 1087 1673
f 2144 1942 1030
f 1675 1943 4025
f 2296 2906 3227
f 2135 1039 464
f 2746 1896 1790
f 70 2944 220
f 2220 1944 3828
f 1945 3189 1022
f 71 1946 127
f 3151 2687 1775
f 2968 1319 1966
f 2671 263 3609
f 4084 3386 2486
f 1743 4084 2486
f 3546 1949 1875
f 1489 1953 2755
f 1954 3959 307
f 2881 1955 1521
f 310 1955 2881
f 1041 3265 985
f 2443 1277 1956
f 895 1957 1431
f 2350 1958 752
f 3454 3946 454
f 3214 702 3261
f 1959 686 1273
f 1273 3624 1959
f 3597 371 1543
f 3873 3597 3372
f 2017 1960 122
f 3676 1884 2826
f 1884 2972 830
f 2392 1869 2854
f 3333 1351 1678
f 328 1779 1935
f 2120 3160 3978
f 2301 3160 2120
f 2223 1211 1493
f 4027 409 2188
f 3605 3970 2173
f 3707 3594 1965
f 3504 1965 3594
f 2471 3051 2890
f 2517 3858 3772
f 1295 2435 2677
f 2677 2435 3438
f 2512 2359 2414
f 2471 3734 3405
f 3887 324 2494
f 3391 4006 1479
f 3391 1480 3081
f 1970 1625 1626
f 2630 1971 628
f 1972 3082 2039
f 3813 1973 1749
f 1811 2733 964
f 2205 3545 1721
f 3545 2205 2242
f 971 1341 4073
f 751 1341 971
f 127 3089 128
f 1965 1976 1016
f 1786 1976 3929
f 1977 68 4034
f 1978 1315 1641
f 2262 1978 1641
f 489 1802 2476
f 1806 3355 1547
f 2507 1152 649
f 133 1152 3398
f 2024 1335 213
f 2024 2571 3595
f 188 1929 1981
f 1754 1078 3115
f 1982 866 865
f 823 1982 865
f 1983 879 423
f 2515 3382 4046
f 3875 147 2858
f 3067 884 2288
f 883 884 3067
f 3695 873 2189
f 2469 2639 1984
f 3215 712 3033
f 1985 2036 3967
f 3673 3519 1588
f 1475 845 3108
f 1987 237 1881
f 3880 3001 471
f 2782 1988 1306
f 1989 154 626
f 2031 1990 3465
f 1531 3871 1429
f 250 1992 1531
f 1045 2800 2314
f 716 1993 3384
f 388 1993 1510
f 1547 3355 902
f 1729 1994 3252
f 2702 1994 1729
f 4042 125 124
f 110 2479 3785
f 3659 1686 3387
f 3805 4065 1660
f 3983 3543 3237
f 2110 1199 1180
f 4053 357 2887
f 1995 3440 2727
f 3018 2204 1147
f 620 3258 3568
f 3182 3729 3657
f 1646 942 941
f 427 119 1997
f 548 3548 1998
f 3201 1999 2279
f 395 2000 1043
f 3683 2123 3431
f 3389 2201 1007
f 4000 3389 151
f 2002 3309 3867
f 241 2002 3867
f 3465 547 2031
f 1764 1312 2936
f 2698 3363 495
f 498 2003 3363
f 1692 288 3003
f 4047 696 1970
f 4047 1970 1626
f 1553 629 4060
f 1694 2503 4042
f 3530 3961 1161
f 1347 2257 3457
f 1748 2939 1765
f 2127 3550 2797
f 3803 3193 3087
f 3803 3087 2757
f 3719 365 2337
f 3719 366 365
f 2924 3761 2007
f 2008 2987 112
f 2333 2008 112
f 2373 3561 810
f 1027 1651 1128
f 2578 2786 2011
f 2753 3631 2124
f 2249 2067 2856
f 2014 143 2218
f 1274 2014 2218
f 2015 354 1357
f 3919 2015 1357
f 4060 591 1553
f 2747 3303 2985
f 3249 2017 122
f 2018 3515 1272
f 1458 2021 2020
f 2022 3014 623
f 622 3092 623
f 2854 1812 738
f 2754 3590 2374
f 2023 1312 3019
f 499 2023 3019
f 3630 1339 2025
f 2775 2213 2025
f 2392 84 1869
f 2745 1869 84
f 828 2689 527
f 3433 671 3976
f 2740 3224 2227
f 2981 1717 2294
f 1576 2590 1778
f 3400 2590 985
f 3216 2890 3572
f 3291 2027 378
f 649 1844 3905
f 1925 2028 119
f 114 1146 1139
f 973 1146 2407
f 2031 3041 2591
f 2032 931 2408
f 2032 2408 379
f 417 2033 759
f 1389 2033 417
f 2925 1799 3937
f 1478 1799 2925
f 2034 1183 1387
f 2974 2034 1387
f 2006 2295 4054
f 2464 795 2035
f 3962 2035 795
f 2036 3784 3967
f 3652 2102 3409
f 540 3409 2102
f 2840 2790 3161
f 2790 2840 1666
f 448 325 2371
f 3066 3535 1715
f 2186 931 1696
f 1325 493 1795
f 2038 2358 2756
f 825 3536 1909
f 2039 3540 3584
f 446 95 97
f 1985 2792 3557
f 2910 393 1186
f 1658 722 1282
f 1281 2690 949
f 1281 1356 2690
f 3986 3155 2427
f 2477 2040 3945
f 2888 3818 2961
f 3818 3344 1526
f 3525 518 4051
f 3386 2143 2977
f 538 539 1333
f 694 1528 2043
f 2624 1528 195
f 528 2044 529
f 3957 219 1515
f 1991 3761 3120
f 1089 2045 3156
f 1853 3367 1456
f 1835 1853 1456
f 1756 1410 1185
f 2236 2094 2577
f 3575 2046 139
f 906 2816 3061
f 481 3792 482
f 3590 3485 2047
f 3126 664 2742
f 81 80 503
f 2112 832 3975
f 2342 832 2135
f 2876 2048 3579
f 1804 2298 730
f 2372 2049 1695
f 1181 1199 701
f 1296 4082 995
f 1782 3200 2952
f 1232 3200 1782
f 2054 2433 4090
f 3076 2054 4090
f 1301 1300 3750
f 3750 1300 723
f 135 2073 2357
f 3209 2692 2056
f 1424 1388 3125
f 3125 1591 85
f 2800 1682 2533
f 3100 2057 3908
f 3351 1321 863
f 433 4035 1387
f 3485 675 1639
f 2682 1639 1340
f 1626 2058 3411
f 2176 2058 1625
f 3596 2349 303
f 303 2349 229
f 3315 3046 2847
f 398 3863 2886
f 3307 2886 3863
f 204 2059 757
f 102 2060 735
f 2061 983 2060
f 1862 2354 3631
f 2440 1927 3189
f 3189 1927 1022
f 1584 2418 2559
f 1083 2438 2885
f 2045 2063 3088
f 381 2063 2045
f 2408 3330 3958
f 2370 3965 2994
f 3377 2324 3965
f 2426 1741 1924
f 2415 4004 3554
f 2065 2775 1694
f 3987 2066 1828
f 3464 2066 215
f 3551 2067 3042
f 3984 2210 2910
f 1097 2611 1096
f 3706 3650 650
f 3981 2070 732
f 1272 2071 2942
f 1083 2284 965
f 1193 4037 3220
f 175 1055 2072
f 3325 513 2073
f 3994 3043 765
f 1093 2246 2700
f 2469 1108 260
f 1173 3473 890
f 2101 486 485
f 2435 486 3438
f 1075 1846 3310
f 1603 2278 1247
f 60 1534 2074
f 847 2637 2610
f 1642 954 1866
f 783 2076 2982
f 783 1311 2076
f 2236 483 2567
f 3360 2077 1174
f 2077 3360 785
f 346 389 2844
f 281 1152 133
f 2079 1524 443
f 1693 2081 541
f 1065 2082 4040
f 3053 685 2083
f 1704 685 1670
f 2662 2084 383
f 1341 1975 127
f 127 1975 3089
f 3214 2085 1418
f 1651 1231 1128
f 3936 532 1319
f 2087 3179 2993
f 3378 94 2416
f 3378 2416 1575
f 2088 1157 3591
f 2532 2088 3591
f 2193 2198 2089
f 790 2089 2198
f 1699 640 639
f 2090 823 1680
f 2736 838 948
f 2423 2737 3998
f 1651 815 1231
f 4085 2811 3528
f 2091 311 790
f 2092 2088 1620
f 1709 957 2574
f 2093 1217 3826
f 291 471 3257
f 2160 976 2041
f 2490 2085 3823
f 2097 771 1278
f 2609 1578 1023
f 2423 2853 3557
f 3376 1657 2099
f 2148 152 3480
f 2167 698 3614
f 486 2101 3438
f 2102 3137 23
f 540 2102 23
f 3801 461 725
f 724 3801 725
f 3420 3335 2320
f 2553 3963 3040
f 2404 1654 172
f 2426 1654 2404
f 3688 1837 708
f 3512 3026 2908
f 3094 1238 2103
f 2105 3564 2401
f 1717 2105 2401
f 18 4036 19
f 4020 3207 1817
f 2761 2308 666
f 1944 2761 545
f 3045 2518 1144
f 2109 902 3355
f 3139 473 2252
f 3442 747 1015
f 832 2112 2135
f 1283 570 2113
f 766 2113 570
f 533 1871 3242
f 2525 3725 2433
f 982 983 1715
f 954 1137 3694
f 44 2784 1872
f 3664 3760 2832
f 2114 837 3709
f 1613 2114 3709
f 4040 3038 1065
f 3038 548 1584
f 3562 822 821
f 3753 3640 1661
f 2528 2115 2526
f 2528 3313 2115
f 707 3840 3844
f 703 2116 707
f 2763 3091 1525
f 4071 1564 2167
f 4071 2167 3798
f 2796 869 442
f 56 953 2814
f 3037 2117 806
f 3792 2117 1773
f 2119 3599 1646
f 3240 2314 3227
f 2120 222 3157
f 1083 2885 2284
f 794 2122 3943
f 2122 2377 3986
f 967 966 2705
f 966 1364 2705
f 553 1245 479
f 1815 2123 1110
f 2124 2354 2164
f 1865 2124 2164
f 2380 3441 66
f 1431 3778 895
f 385 3451 2387
f 3477 385 3682
f 2137 1870 2570
f 3140 1706 1705
f 1288 1951 1123
f 3154 135 2690
f 3833 2126 3246
f 2372 1695 1861
f 1683 1756 1184
f 1184 1226 1683
f 4055 1290 3613
f 1629 3010 4084
f 2946 2128 1913
f 562 2128 2946
f 3817 1185 2131
f 3497 1659 919
f 141 543 2477
f 934 3780 2134
f 1084 1085 3972
f 3032 1370 3972
f 1449 2135 464
f 3228 340 4008
f 240 2136 4001
f 2798 2138 1181
f 2169 1226 3666
f 3692 4013 926
f 1465 2140 1751
f 3558 2141 311
f 1156 2142 2435
f 859 2142 3685
f 1017 432 2121
f 2607 3266 2244
f 3386 3951 2143
f 3024 2143 3951
f 1578 2144 1030
f 448 1840 1705
f 2145 1897 3105
f 3426 2145 3105
f 2459 2059 756
f 3461 1724 2146
f 3977 4055 3613
f 461 831 1542
f 2369 971 1785
f 4073 1785 971
f 2148 615 852
f 624 3174 1874
f 3813 2149 413
f 3890 2150 720
f 2263 715 2152
f 3459 715 3678
f 643 3015 3492
f 775 1719 2197
f 970 2154 3404
f 1559 651 2155
f 1830 2155 651
f 3746 620 3865
f 973 2407 755
f 541 2977 1303
f 541 1303 2685
f 2407 2179 2316
f 2250 1284 665
f 2157 1879 2866
f 2624 3997 1807
f 2200 447 3439
f 2193 462 463
f 1671 2159 274
f 3518 3279 3049
f 976 2160 2094
f 2227 2160 2041
f 1765 1752 3025
f 454 453 3454
f 3454 453 1460
f 3965 2062 3377
f 3472 2161 4008
f 2768 3029 3771
f 1263 2162 3483
f 3772 3858 1490
f 3046 820 2847
f 940 2255 2687
f 268 3448 567
f 1983 2163 879
f 1185 2164 4052
f 1565 2165 1036
f 4030 2834 1640
f 2166 542 2606
f 1518 2166 2606
f 2335 2170 2926
f 3912 2170 2335
f 1253 2172 2908
f 2942 2411 601
f 3846 1720 2382
f 2920 2174 2439
f 1143 2175 3999
f 4063 173 279
f 620 4063 279
f 968 2177 966
f 2943 2361 2672
f 3744 3505 2197
f 1719 3744 2197
f 3835 2151 2013
f 3739 3808 731
f 3190 3027 1871
f 3321 1407 3124
f 785 2181 2905
f 3564 411 1532
f 1207 3919 3656
f 3862 2845 2182
f 428 433 2510
f 1756 1185 1184
f 2184 4053 1760
f 836 2380 2375
f 4057 3838 3078
f 1420 2006 4054
f 111 2185 373
f 3048 344 3118
f 1285 2369 2506
f 2579 3098 2186
f 796 841 1708
f 2468 1349 3106
f 1653 2187 880
f 3830 1405 600
f 980 1907 3790
f 2419 1660 216
f 1747 2314 1748
f 3365 2794 212
f 3365 212 1771
f 3900 434 171
f 2804 3241 470
f 1961 4059 2563
f 1992 2557 1572
f 1384 898 2465
f 2789 2192 1130
f 1105 2192 3444
f 3671 2471 2890
f 1048 3543 3011
f 2194 1854 1622
f 1378 2194 1622
f 2195 302 1801
f 419 2196 2389
f 2502 2196 301
f 1365 3495 1367
f 374 3571 1048
f 3202 4062 3361
f 1147 2197 3505
f 2566 99 632
f 1129 3403 325
f 1061 2199 162
f 3922 2043 1528
f 3922 1528 1807
f 447 2200 2158
f 3667 2200 3439
f 3818 2888 3344
f 3389 4000 2201
f 3159 2201 4000
f 1611 2202 3948
f 4003 2712 1560
f 4003 1560 3164
f 3080 1775 2955
f 549 333 3698
f 768 930 2696
f 2696 930 3680
f 1513 3055 3262
f 3536 1024 1486
f 1416 425 2052
f 1147 2204 2596
f 3217 2828 1162
f 2927 3184 3084
f 72 1208 2106
f 3357 1208 3883
f 669 3120 2563
f 2205 1721 1850
f 3028 2205 1850
f 850 2206 848
f 3849 3390 4019
f 1327 2973 3458
f 753 3259 3074
f 3467 1583 2559
f 2286 4031 1675
f 920 301 3343
f 57 1646 3599
f 2211 986 453
f 456 2211 453
f 3959 306 307
f 2212 4004 2415
f 3453 3322 3130
f 3130 3322 308
f 1818 1347 2399
f 871 2998 662
f 2415 2523 2212
f 443 776 2079
f 639 2079 776
f 1491 1667 2095
f 1491 2095 3446
f 3188 2114 1613
f 219 2213 2775
f 1721 1893 46
f 1718 46 1893
f 3735 1069 1692
f 1692 1069 3894
f 834 2216 3544
f 2405 1920 3730
f 3232 2405 3730
f 2315 1100 2217
f 2217 1100 1933
f 496 3653 2661
f 180 1603 1247
f 3075 450 2218
f 915 2218 450
f 4037 2897 3220
f 3274 885 277
f 2219 4061 1077
f 3453 932 3322
f 127 2222 2427
f 3575 650 2274
f 3724 2224 1776
f 3140 2225 1706
f 1404 2225 3140
f 2718 3153 3254
f 2160 2227 2577
f 1086 671 3002
f 2417 1658 1282
f 1779 2417 1282
f 270 226 153
f 1304 3668 2343
f 2867 266 1348
f 2986 1716 2200
f 748 749 3533
f 3533 749 1360
f 1055 2053 3397
f 2229 1918 600
f 21 2229 600
f 3687 2432 196
f 2264 1227 1229
f 3835 3234 3441
f 2834 3295 3703
f 4030 2446 2834
f 2922 2231 2686
f 4038 2232 3180
f 270 2232 226
f 2743 2233 3938
f 1687 3619 3263
f 715 3459 2152
f 3459 3678 2542
f 1677 891 2234
f 3582 2235 3804
f 2773 3112 804
f 422 3659 259
f 2237 587 1839
f 3490 1817 2238
f 1436 2437 3408
f 2633 3115 1316
f 3352 1567 2239
f 3642 2239 1567
f 2731 2971 488
f 3412 4062 3202
f 3729 2208 2132
f 3315 2612 3046
f 2871 3855 2255
f 2039 3584 875
f 3172 788 3593
f 2612 2242 3852
f 1370 1244 3493
f 3493 2293 1370
f 3394 2719 2952
f 2246 1614 3196
f 862 2247 2466
f 160 2248 2463
f 2067 2249 1566
f 1394 2250 665
f 2521 3527 1592
f 1884 3171 2252
f 2753 582 581
f 2402 2253 690
f 468 2254 3191
f 2312 2254 468
f 1961 2563 2924
f 2305 1253 3026
f 2759 951 1707
f 2922 2245 3394
f 1104 2743 2769
f 2687 2255 2504
f 3175 2286 2780
f 1619 3469 35
f 3705 927 1346
f 3933 2258 2043
f 228 303 229
f 2780 577 3175
f 1925 119 427
f 3455 3571 3354
f 1138 3455 3354
f 3586 955 718
f 1294 477 2261
f 2262 1641 3745
f 398 2263 2152
f 1943 405 3648
f 2755 800 801
f 2755 1953 800
f 879 340 2220
f 879 2220 3828
f 2265 932 2921
f 1868 670 2272
f 3264 1541 1996
f 2267 1434 2278
f 1603 2267 2278
f 356 509 2269
f 2866 2836 3076
f 3055 3280 3262
f 1102 3791 577
f 4000 2042 3925
f 2816 2274 3770
f 2127 41 2235
f 3185 2275 899
f 3279 207 1008
f 2038 3967 3784
f 2277 1187 2988
f 2684 2277 2988
f 1892 2240 2472
f 1174 3822 3360
f 3618 2410 2601
f 956 1130 1205
f 2168 506 2455
f 2278 1527 1247
f 1302 831 461
f 3801 1302 461
f 3040 3963 870
f 390 3206 3588
f 2182 3588 3862
f 3645 589 2429
f 3645 2429 1649
f 2839 1787 3300
f 2884 3300 1787
f 2279 2069 3331
f 3201 2279 3331
f 1094 978 425
f 3926 1585 2280
f 1890 2280 1585
f 2282 459 2484
f 4016 2282 2484
f 1840 396 2064
f 1276 2283 165
f 425 978 2928
f 2543 449 250
f 2543 250 1531
f 2334 2786 1899
f 547 1296 233
f 2284 1445 965
f 2285 1434 3665
f 1007 2285 3665
f 2286 474 3942
f 2287 2307 2497
f 2538 2288 267
f 2528 1914 2289
f 1533 2290 3931
f 2291 2103 3396
f 291 2291 3396
f 754 2076 2153
f 2564 3364 3960
f 3163 1891 2491
f 2333 3163 2491
f 2666 498 3363
f 1643 2292 3971
f 1256 1441 2351
f 2351 1441 2462
f 213 2350 3096
f 2906 2296 500
f 1747 2296 3227
f 763 762 977
f 3250 3489 3542
f 1381 2712 2298
f 2299 3289 2735
f 3726 3946 2300
f 2301 3909 3431
f 2309 3048 3118
f 2309 888 3048
f 2302 1311 4067
f 574 2302 4067
f 2303 429 2465
f 898 2303 2465
f 560 3753 1661
f 939 2484 3901
f 3899 284 2752
f 2304 799 678
f 923 2304 678
f 2013 2151 3618
f 3801 1141 1302
f 1343 1220 2621
f 2699 2621 1220
f 1916 3390 3370
f 2860 813 1086
f 2030 2860 1086
f 2521 3260 701
f 1248 2307 499
f 1402 4090 1649
f 567 1230 232
f 2243 567 232
f 1954 2310 3959
f 3032 3972 1085
f 1605 2311 3224
f 3743 2973 1327
f 3 4 3660
f 2217 2629 2315
f 3993 633 3374
f 2316 3488 2407
f 2317 763 1564
f 4071 2317 1564
f 763 977 698
f 524 523 882
f 3872 2318 1106
f 1692 3894 3754
f 3456 3825 2172
f 3490 3758 3288
f 3565 2319 3531
f 3542 2319 706
f 3532 3420 2320
f 26 2463 2321
f 2322 864 899
f 2275 2322 899
f 1502 2715 1455
f 2323 3785 3449
f 778 2513 2656
f 3377 187 2324
f 2324 187 3348
f 1537 2256 4050
f 3824 770 204
f 3824 204 1963
f 2075 3033 3415
f 1647 2832 4055
f 3490 1259 3758
f 3169 3758 1259
f 2473 2325 3896
f 690 2325 1198
f 645 2890 2326
f 1015 2327 392
f 3968 2617 286
f 497 3223 659
f 497 659 1548
f 2329 521 789
f 905 2330 2400
f 707 2330 704
f 332 1063 331
f 663 2331 495
f 1726 2231 2922
f 2332 1559 1019
f 33 2332 1019
f 1477 1830 207
f 3096 2230 213
f 1375 3296 1374
f 3813 413 3337
f 516 1013 1926
f 906 1013 2517
f 810 2419 2373
f 1504 197 3506
f 2786 2334 1785
f 2335 2977 541
f 2414 3235 1440
f 3456 1500 1569
f 3261 2337 3823
f 2998 2338 2736
f 922 2339 3634
f 3673 2340 1764
f 3299 528 3579
f 1623 1350 1908
f 1002 3022 1803
f 984 2341 2939
f 1349 1212 4014
f 3692 4014 1212
f 2342 2135 1449
f 2733 1430 1561
f 2872 3817 3604
f 3669 1107 1361
f 3668 2308 2343
f 1492 4070 3632
f 3725 1129 4006
f 2010 1087 2386
f 284 2345 721
f 1972 2345 3899
f 2014 2346 1223
f 1203 85 1591
f 3712 1608 2651
f 2289 1914 3473
f 1405 3830 805
f 2232 2347 3180
f 1790 3382 2746
f 554 3328 774
f 268 383 2694
f 932 2265 2468
f 2125 2430 3832
f 2348 3950 3362
f 3362 518 2348
f 2901 2349 3596
f 1958 2350 1335
f 55 2807 2535
f 2965 1829 3644
f 3861 724 460
f 1759 1713 326
f 316 3639 1255
f 2699 766 1344
f 550 2352 2938
f 3468 2353 2196
f 2453 2353 3468
f 3658 628 3316
f 2354 2124 3631
f 2355 862 924
f 451 2355 924
f 3139 512 478
f 1578 3166 1326
f 2781 2358 3217
f 1086 2020 2030
f 2570 508 1647
f 2241 2871 737
f 2919 2360 3859
f 1430 2670 1111
f 2625 2362 48
f 46 2362 1721
f 32 2879 633
f 1540 2363 2727
f 1823 3677 563
f 3764 3677 1823
f 4076 2364 1583
f 3372 2365 2001
f 2366 973 755
f 3113 2366 755
f 2367 1748 2314
f 1053 1674 1052
f 2368 4016 68
f 2368 68 3109
f 233 3041 2031
f 517 565 1877
f 1455 2847 1502
f 1444 1832 2328
f 3392 1173 3132
f 933 1761 1740
f 2369 1785 1286
f 2369 1286 2506
f 3965 2370 3862
f 3051 2326 2890
f 1011 2371 1859
f 2372 1861 2032
f 2372 2032 836
f 203 2019 757
f 1381 1380 2712
f 3644 2783 2374
f 1615 3291 3703
f 1613 2911 2684
f 998 2376 2738
f 1766 2376 34
f 697 998 997
f 3985 1321 3351
f 2377 3406 1895
f 1621 2558 3783
f 3783 2558 3838
f 3170 1673 3990
f 2255 2379 2871
f 940 2379 2255
f 1500 1597 1569
f 2375 2380 66
f 914 450 3533
f 3238 3533 450
f 2688 947 390
f 2688 390 4031
f 3804 2383 1851
f 2167 593 2384
f 3288 2385 3000
f 2810 3288 3653
f 3309 4023 1358
f 1468 3309 1358
f 1256 1440 1441
f 444 3974 551
f 980 3790 2389
f 980 979 3903
f 2390 1873 924
f 862 2390 924
f 2931 2391 2765
f 3773 2393 4068
f 2668 2649 2393
f 3415 712 3446
f 2859 2261 3393
f 2394 1422 2561
f 1305 2394 2561
f 1798 1400 2474
f 1836 2395 2347
f 2327 2725 392
f 2725 3210 3831
f 2396 575 783
f 1510 2397 3208
f 1060 1355 616
f 1076 2737 184
f 677 2398 2475
f 382 1948 1848
f 3639 2400 1788
f 2401 991 1984
f 2639 2401 1984
f 583 3511 3344
f 180 3344 3511
f 1233 3319 410
f 2402 690 1991
f 4082 709 2403
f 976 2094 1239
f 2405 182 2019
f 3569 1485 1524
f 3616 1370 1371
f 2406 695 3401
f 1266 2406 713
f 146 1857 3745
f 1699 637 2660
f 1630 1974 3916
f 1225 1305 2561
f 2409 3898 144
f 146 2409 144
f 399 1580 175
f 218 2410 2055
f 3478 2313 3722
f 2413 1699 1763
f 384 2414 1440
f 603 2417 328
f 2418 3860 3467
f 1804 3638 3218
f 746 1339 3630
f 2967 1750 408
f 1660 2419 1563
f 2420 2064 3271
f 3570 2256 1439
f 3465 1439 2256
f 2421 1017 1774
f 1547 345 530
f 2422 131 2178
f 2308 3385 654
f 3385 2308 138
f 3007 1413 1314
f 1146 114 1948
f 2424 1958 2601
f 3307 2118 2886
f 3750 2656 1301
f 2656 1254 1301
f 3614 698 534
f 1913 3259 753
f 2442 2430 3276
f 3670 1727 1027
f 798 532 797
f 3268 2183 1330
f 3611 3132 810
f 610 2434 1514
f 854 3841 309
f 2790 1666 867
f 3884 2437 2118
f 2437 3884 3878
f 3777 4015 2051
f 2705 2439 2174
f 327 715 2440
f 1927 2440 715
f 2647 2441 1310
f 2444 104 103
f 349 2444 103
f 1817 3207 2047
f 2445 476 1753
f 835 3921 1889
f 2834 2446 88
f 566 3284 2447
f 111 2448 163
f 2473 3896 3669
f 853 2449 625
f 1459 2449 853
f 1112 1260 1113
f 808 1260 1112
f 538 1942 1673
f 2719 1384 1712
f 227 84 910
f 2993 3179 2450
f 864 2451 899
f 1481 3272 2481
f 2936 1752 1764
f 1105 3444 434
f 3566 949 2300
f 949 3566 1281
f 3479 2452 2918
f 1331 1594 3815
f 3110 1284 3589
f 2453 2732 1095
f 3585 1095 278
f 3604 3178 2655
f 3170 539 538
f 1673 3170 538
f 3875 574 3970
f 3827 2455 506
f 2351 2456 1256
f 2456 1790 1256
f 4035 4022 3063
f 918 3198 2457
f 2323 1025 825
f 1750 1793 1707
f 1855 1082 1931
f 1776 3710 3724
f 3710 1776 876
f 3807 2459 756
f 2883 3671 3216
f 2460 1610 2984
f 1714 3895 3806
f 2388 3676 2696
f 3961 2005 1722
f 1870 2462 3759
f 1803 2883 3216
f 3163 2852 1891
f 1823 1668 1599
f 2035 3935 2464
f 842 2464 3935
f 3326 1384 2465
f 2914 3519 1764
f 3227 2906 3885
f 862 2466 2749
f 2321 3768 490
f 63 64 3768
f 3768 64 490
f 3422 3017 3305
f 656 2469 1984
f 2470 1462 3848
f 1740 3904 2657
f 3413 3635 2475
f 2828 3217 2358
f 58 2476 1406
f 3423 2476 58
f 2040 2477 542
f 2641 2478 2467
f 2478 2641 1780
f 1200 2479 1249
f 1627 1970 916
f 917 1627 916
f 3483 855 856
f 1311 3923 2153
f 674 675 3485
f 1389 2480 2591
f 2075 2481 1581
f 2848 2810 496
f 1256 384 1440
f 1326 231 2865
f 872 2793 305
f 304 872 3733
f 2139 2484 459
f 398 876 2263
f 2486 442 1655
f 3949 2486 1655
f 2841 1211 3301
f 2487 1605 3224
f 666 1282 722
f 3771 3029 1628
f 3771 1628 2860
f 3668 3755 666
f 1876 2688 3175
f 2585 2949 1700
f 3357 673 514
f 2584 99 1254
f 2491 3690 4058
f 2008 2491 4058
f 2492 2276 3955
f 2492 3955 4078
f 2565 206 1571
f 2565 1571 185
f 3965 2493 2062
f 245 2494 3420
f 2358 2781 935
f 2572 3763 2121
f 2734 24 4039
f 2228 2495 3879
f 1995 2496 3440
f 2798 2496 1995
f 3938 2497 1248
f 3005 2497 1000
f 2882 2521 1592
f 327 2863 4002
f 1573 4002 2863
f 3570 245 3532
f 4019 1999 1351
f 771 3604 1278
f 183 2481 2548
f 183 1481 2481
f 4079 3123 1216
f 3312 4053 3145
f 9 10 3245
f 2499 3137 2097
f 1278 2499 2097
f 1522 441 1933
f 3281 1772 1527
f 2642 2992 3467
f 2500 2855 2459
f 2029 2949 1122
f 739 9 3245
f 1886 3560 1396
f 2823 2501 5
f 2196 2502 3468
f 920 2502 301
f 1051 987 2629
f 1615 1426 2728
f 3498 2728 3248
f 3367 3244 3433
f 1608 3244 3367
f 1085 4078 3955
f 1114 460 1555
f 3088 1151 380
f 1549 680 2717
f 1226 1184 2872
f 2015 2506 354
f 3669 1361 3781
f 201 200 3540
f 193 329 2508
f 3956 1676 3927
f 2668 2393 917
f 2258 645 694
f 2512 3070 2359
f 2375 66 2678
f 2880 3191 1662
f 440 897 439
f 404 1952 2969
f 873 3420 324
f 2431 873 324
f 2514 1619 35
f 2516 511 3350
f 2970 2516 3350
f 3858 2517 3552
f 3976 1086 992
f 3736 182 646
f 1495 1156 1295
f 3296 1375 3620
f 1274 915 1273
f 997 3127 3339
f 3632 2824 3795
f 3698 2520 3905
f 218 1310 3219
f 2318 1310 218
f 2522 3427 278
f 696 3273 465
f 2523 3194 2985
f 2212 2523 2985
f 3138 2524 3943
f 3122 3412 2525
f 2992 2119 4076
f 2527 3195 1217
f 537 3484 2788
f 1147 2596 775
f 550 2876 634
f 2529 3419 308
f 2880 2529 308
f 2592 1447 2530
f 2404 2132 2208
f 3425 2531 2999
f 1058 2531 3425
f 3058 3980 2960
f 1032 1094 3861
f 3861 1094 3196
f 1041 985 1843
f 1070 1069 3735
f 1733 2868 3014
f 526 684 683
f 3153 3832 2430
f 3580 2456 2351
f 943 2611 2068
f 61 2536 943
f 2537 4081 1386
f 1385 2537 1386
f 2327 1014 3855
f 2241 2327 3855
f 2842 3981 1466
f 2739 3116 3706
f 2401 3564 991
f 209 2176 1739
f 2118 627 3743
f 2538 837 2288
f 2539 677 678
f 799 2539 678
f 3852 2766 2612
f 1882 202 2788
f 334 2671 335
f 1759 326 1769
f 2548 3675 183
f 929 1321 930
f 929 930 768
f 523 3581 3763
f 3915 1593 4089
f 4089 1593 2676
f 1531 2621 2543
f 2272 670 2115
f 2544 3285 24
f 1126 2544 24
f 2545 1242 3282
f 3014 2545 3282
f 1120 1112 1113
f 682 908 1469
f 682 2546 908
f 3700 3293 273
f 1125 2551 2605
f 266 2867 3270
f 2399 2867 1348
f 8 20 9
f 1897 3555 8
f 2522 2990 53
f 1771 2552 3365
f 1042 3365 2552
f 2553 3040 1315
f 2806 2553 1315
f 2386 2555 119
f 2609 2555 271
f 1127 2557 3806
f 3851 134 1288
f 2529 2558 793
f 3078 2558 1662
f 2481 3272 1581
f 1457 1131 3973
f 1178 394 3073
f 2561 103 3277
f 2561 3277 1225
f 1843 4046 1041
f 3834 123 2776
f 3058 3375 713
f 448 1011 1840
f 462 790 1556
f 669 2563 1089
f 3332 2817 1260
f 56 1892 2472
f 1768 2884 1745
f 3364 2564 1577
f 2117 2567 806
f 315 2568 2954
f 2873 2568 315
f 1876 2550 2688
f 3182 185 1432
f 3657 185 3182
f 1496 1240 2569
f 2640 2569 1240
f 1070 3735 1235
f 2570 1647 3290
f 663 2003 1703
f 2024 213 2571
f 2572 2121 3660
f 4 2572 3660
f 1330 2183 3781
f 1440 507 3759
f 507 1440 3235
f 2573 3455 1138
f 1194 2573 1138
f 2799 4063 3892
f 3669 3896 1107
f 493 2574 1795
f 1986 3568 586
f 2438 2575 1809
f 2562 2575 602
f 3468 2125 3832
f 2732 3832 3686
f 2576 3077 963
f 2227 3224 2577
f 2577 3224 1770
f 16 1423 3535
f 1899 2578 538
f 2186 1696 2579
f 1233 2579 1696
f 1299 2899 2580
f 3466 3795 822
f 3327 728 960
f 2004 2582 692
f 1123 1711 2737
f 3998 2737 1711
f 1043 3751 395
f 3363 2698 1852
f 2514 1168 3491
f 2565 2514 3491
f 3455 3532 2583
f 1471 2251 228
f 1808 2585 1700
f 2709 2585 3920
f 2675 1091 727
f 3267 1576 1778
f 2503 1694 2775
f 2042 4000 151
f 2357 2587 950
f 1685 2587 1684
f 2588 3320 1193
f 1812 1141 999
f 1302 1141 1812
f 2642 2044 3971
f 3282 2458 1733
f 1148 1689 1411
f 2179 2912 1889
f 2065 192 1515
f 2593 257 256
f 2907 2593 256
f 2163 340 879
f 2594 2944 2667
f 860 908 907
f 3600 1643 269
f 1319 2652 3936
f 3057 3936 2652
f 2151 227 910
f 3566 2597 1281
f 2599 676 851
f 2778 1421 54
f 1154 1491 3446
f 1830 3732 552
f 2123 3683 368
f 3371 3577 3229
f 2600 3097 1557
f 1059 2600 1557
f 45 1872 1437
f 2007 2802 2924
f 3916 2290 4012
f 3021 2603 853
f 3755 2603 3021
f 879 426 423
f 2604 2027 3291
f 2706 130 3930
f 543 2606 542
f 948 1116 2062
f 1797 2608 2215
f 3083 1053 3211
f 2131 3702 3817
f 1998 2892 3246
f 3809 2892 1998
f 2731 2515 3711
f 1133 1648 1134
f 1277 2492 2602
f 2932 2957 1210
f 2399 1348 2631
f 116 3186 3159
f 1578 2609 2144
f 580 2996 1023
f 786 116 117
f 2874 1324 3480
f 537 2788 202
f 2619 537 202
f 55 729 637
f 638 55 637
f 2611 2536 4081
f 596 2757 980
f 991 1532 2613
f 813 2613 1532
f 2614 3276 2430
f 2615 2527 3366
f 953 2615 3366
f 2616 1136 234
f 1753 2617 3968
f 3079 3402 1558
f 2895 1574 3000
f 3554 560 874
f 3675 2548 1667
f 2618 1630 2344
f 1447 1005 4032
f 2653 2620 1844
f 1688 1733 2458
f 2904 1567 2937
f 3767 568 3636
f 3042 3884 2622
f 886 1352 2623
f 3997 2624 1762
f 2625 1850 1721
f 2362 2625 1721
f 2632 4066 3720
f 3887 2581 2480
f 2579 1900 3098
f 1821 3870 3612
f 3682 1132 1131
f 2629 1049 1050
f 2853 2423 3059
f 3658 2630 628
f 54 2535 3035
f 3419 1755 3130
f 308 3419 3130
f 2631 1348 266
f 1930 3205 3812
f 2853 2036 1985
f 2723 3046 2612
f 2104 2633 1316
f 2984 2634 475
f 1780 2634 2984
f 131 132 2635
f 2787 83 2636
f 616 1777 3794
f 655 654 1493
f 3539 2637 847
f 2638 3778 734
f 1229 2638 734
f 3912 2335 541
f 3268 1330 1079
f 481 2640 3774
f 2641 2467 758
f 2044 2642 1536
f 1454 2646 3771
f 2647 2318 1932
f 3654 2647 1932
f 3056 1268 2817
f 3365 1042 2794
f 3866 2649 144
f 2393 2649 2831
f 3151 3514 382
f 437 2113 766
f 3570 3532 2650
f 1853 2651 1608
f 3057 2652 3816
f 3983 3237 1408
f 2653 375 2620
f 148 147 764
f 2874 1323 1324
f 420 2654 3183
f 322 101 2803
f 1996 1541 2266
f 2657 933 1740
f 2658 3886 846
f 2034 2658 846
f 2915 1412 296
f 2780 473 2659
f 1638 1637 289
f 1763 2660 187
f 2092 1620 946
f 2482 792 478
f 3343 418 3559
f 3015 1834 1642
f 3771 2860 2030
f 1442 4047 1679
f 3956 2664 1676
f 441 387 988
f 2323 2665 3785
f 1117 1866 3694
f 169 498 3767
f 1060 4043 2311
f 498 2666 3612
f 1610 3800 2984
f 3517 3090 2434
f 3836 2731 488
f 1277 2276 2492
f 2667 3395 3577
f 1952 1810 167
f 167 1810 2876
f 2668 916 696
f 465 2668 696
f 1604 2669 2734
f 843 1111 2670
f 629 1971 1119
f 335 2671 3609
f 406 263 2671
f 3442 1015 2673
f 1081 685 3039
f 705 703 2714
f 99 382 1254
f 3251 1472 443
f 3251 1579 1472
f 3176 3187 642
f 392 2673 1015
f 3069 3325 1108
f 2006 1420 1194
f 2182 4031 3588
f 972 601 4060
f 2383 3804 3144
f 2675 1484 726
f 2675 726 1091
f 2469 656 3069
f 2523 2415 3205
f 1495 2677 597
f 2678 1784 2375
f 3882 3788 2679
f 2847 2680 1197
f 3485 2682 2047
f 2082 1065 2195
f 2195 1065 302
f 2383 2991 3959
f 42 2683 3144
f 3705 1601 3268
f 3268 1601 2183
f 1031 3051 1419
f 2687 2504 1775
f 891 892 893
f 3175 2688 4031
f 3600 3599 2292
f 530 2765 1849
f 3634 800 799
f 799 800 2001
f 1593 337 2676
f 3539 847 2689
f 3316 3091 2808
f 751 3089 1975
f 780 779 277
f 277 779 276
f 2299 1556 2141
f 567 3677 268
f 3325 3437 1108
f 3913 3603 3853
f 1451 3966 3828
f 2690 135 949
f 2322 2691 864
f 3522 2691 2322
f 2961 3419 793
f 347 2885 809
f 2003 1424 1703
f 1036 2654 1565
f 3259 168 3074
f 2083 238 3053
f 2693 3901 181
f 1354 2693 181
f 502 3688 708
f 2694 3448 268
f 2268 2695 1166
f 1258 3602 435
f 3358 3947 2953
f 2299 2141 310
f 2698 495 494
f 1338 2698 494
f 164 1098 2056
f 437 2699 1219
f 2621 2699 1344
f 439 2685 440
f 2700 3196 1094
f 3358 3424 3523
f 2704 859 1883
f 1582 3574 1364
f 3548 1135 1104
f 1135 3548 4040
f 2327 333 2725
f 2223 3845 1211
f 2436 1452 3716
f 1060 3701 1355
f 1516 2690 3701
f 1227 3876 1228
f 1799 31 30
f 640 1677 3569
f 1315 1978 2806
f 1196 2707 2887
f 2708 3304 94
f 2800 1045 1682
f 3842 2074 59
f 2751 3521 2534
f 421 422 3146
f 2356 2711 3249
f 2711 29 843
f 506 2111 549
f 1512 2777 1503
f 2777 14 1503
f 177 2332 178
f 2473 3669 3142
f 2680 820 996
f 2680 996 1197
f 1886 2713 1042
f 3375 1827 2
f 2714 584 705
f 223 2718 1550
f 1712 1782 2719
f 285 2956 497
f 1050 2315 2629
f 3988 2662 3233
f 468 3494 1554
f 3494 468 921
f 1447 1863 2530
f 1603 180 2870
f 2693 704 608
f 3935 3249 2711
f 2724 2439 2422
f 272 2724 2422
f 1958 1335 2601
f 1068 1069 1070
f 3256 3563 1189
f 2138 2727 3841
f 2728 1426 3295
f 3313 2289 3874
f 59 2074 1534
f 59 1534 1577
f 650 3575 3447
f 3351 3892 1417
f 987 986 2211
f 168 1328 3074
f 2204 3018 2950
f 3018 1147 351
f 736 3173 3099
f 1713 736 3099
f 2734 1145 1604
f 4057 3783 3838
f 1570 2981 3329
f 1450 1944 545
f 3232 3047 1702
f 1908 772 2564
f 3681 2738 1461
f 2933 3229 3395
f 3343 419 3790
f 1994 2702 3914
f 1667 3324 1463
f 1415 2891 1416
f 2740 2227 1486
f 2291 1802 2103
f 2742 867 346
f 809 2742 346
f 167 719 3651
f 3403 3324 2050
f 2745 227 3330
f 3794 2748 2107
f 1735 2748 3794
f 3484 2179 1237
f 244 2749 2466
f 3501 686 3218
f 627 2118 2437
f 627 2437 3743
f 1063 520 3024
f 2751 2534 3932
f 2848 2751 3932
f 1597 2754 2783
f 1222 3245 113
f 3396 1238 3297
f 3282 1242 345
f 1018 3655 758
f 1947 3655 1018
f 1464 2755 801
f 2956 660 497
f 540 23 1317
f 980 2757 1907
f 2691 2758 1190
f 1164 2759 1707
f 3112 2760 804
f 854 1962 1179
f 1179 1962 3527
f 3497 2101 2133
f 581 3631 2753
f 1560 2712 1380
f 1047 2724 3462
f 3507 3462 2724
f 138 2761 1944
f 2308 2761 138
f 3627 1820 791
f 1542 1869 1555
f 150 2762 3623
f 1745 2762 150
f 3656 2562 602
f 58 3077 3423
f 1290 812 3613
f 812 1290 3165
f 1469 2764 1468
f 3354 2271 2295
f 990 2765 15
f 4054 2766 3852
f 292 2767 294
f 2767 3635 295
f 294 2767 295
f 2646 2768 3771
f 104 2768 2646
f 1665 2769 1757
f 3527 1481 1592
f 1481 3527 3272
f 2770 3262 2869
f 2771 2394 1596
f 1421 2771 1596
f 2312 468 2772
f 2773 2009 2585
f 3112 2773 2585
f 2774 2762 3071
f 3298 1996 544
f 1339 2503 2775
f 878 120 2722
f 1796 878 2722
f 2776 123 596
f 2777 1512 3922
f 990 2777 3922
f 3379 66 594
f 2779 1529 3944
f 1772 2779 1755
f 2174 967 2705
f 508 507 1647
f 645 2326 195
f 1186 2781 3615
f 1213 4068 1212
f 2831 1212 4068
f 3673 1764 3519
f 2222 127 128
f 2137 2570 2643
f 1988 2782 1878
f 1307 2782 1306
f 1597 2783 3881
f 339 2784 337
f 2785 75 1950
f 2193 2089 462
f 2007 1967 2802
f 1228 428 2510
f 424 3941 2964
f 2011 2786 467
f 448 1318 325
f 1758 3150 1572
f 3877 2789 1130
f 3650 3799 2519
f 2791 576 3924
f 2849 2791 3924
f 2792 820 3557
f 2713 2794 1042
f 1289 2794 2713
f 518 3525 2348
f 2486 2796 442
f 2127 2797 1012
f 2138 2798 1995
f 2061 2329 3368
f 3211 3199 2315
f 3289 1280 2146
f 2270 1344 766
f 3351 2799 3892
f 14 15 1792
f 2433 2054 2525
f 2540 1224 3141
f 2487 2801 1903
f 1024 2801 3128
f 2126 548 1998
f 100 2803 101
f 3152 2803 100
f 549 2111 3210
f 2804 2475 2191
f 3241 2804 2191
f 2929 3436 3060
f 983 1617 981
f 983 11 1617
f 227 3958 3330
f 3563 1214 3453
f 1737 667 1262
f 114 115 1848
f 2644 1848 115
f 790 2198 4033
f 2385 2810 3603
f 2919 4042 1833
f 4088 2919 1833
f 1297 1816 2048
f 1146 1948 2912
f 2583 3532 2320
f 3528 2811 1214
f 3958 3749 2408
f 1967 4070 2259
f 1874 3174 2626
f 1938 3375 1376
f 3347 4017 2945
f 166 2785 536
f 1404 3140 2812
f 3920 1328 168
f 3920 168 1414
f 475 3359 2460
f 2813 4080 1162
f 2814 2923 165
f 56 2814 165
f 3147 1533 3931
f 3445 2815 109
f 407 2815 3445
f 494 495 761
f 2331 761 495
f 1339 3667 3684
f 2986 3667 1339
f 579 86 1264
f 86 3274 1264
f 2274 2816 3575
f 3061 2816 3770
f 2817 1113 1260
f 2750 834 1267
f 63 2818 1337
f 439 748 3238
f 2821 3297 30
f 4083 2322 2275
f 934 2823 39
f 2985 2970 2212
f 2824 1396 3795
f 3905 2825 649
f 2520 2825 3905
f 3124 1407 3451
f 3451 1407 2387
f 3417 2826 3728
f 3519 2827 1588
f 3863 398 2209
f 2209 398 2152
f 3502 3461 1279
f 170 1072 211
f 2830 3886 1084
f 1212 2831 1751
f 2972 3676 2388
f 2833 4055 2832
f 781 56 165
f 3177 396 478
f 3623 151 3389
f 1640 2834 3703
f 1268 3605 2896
f 234 3513 2616
f 2835 2171 3598
f 2835 3598 828
f 78 3036 2722
f 3163 78 2722
f 2836 2026 3136
f 3082 2838 1040
f 3633 2101 485
f 1639 2682 3485
f 1126 2842 3464
f 2842 3739 2070
f 2843 901 68
f 405 2845 3174
f 2846 284 2150
f 2669 2460 3359
f 2669 3359 3891
f 3541 1182 3395
f 1948 382 2566
f 2848 3932 3853
f 3520 2903 1038
f 295 315 1781
f 3753 858 3640
f 2378 157 156
f 533 157 2378
f 849 1271 254
f 2392 2854 1172
f 2855 2059 2459
f 1249 110 3591
f 1120 1553 1112
f 2516 3303 1818
f 3770 2274 807
f 700 3770 807
f 3711 1843 569
f 537 2316 3484
f 2249 2856 3148
f 3226 2857 2547
f 3761 2861 3576
f 199 656 991
f 2863 1127 1573
f 2150 3890 884
f 1202 2864 3626
f 3686 2864 2732
f 3457 2257 3483
f 2865 785 2905
f 687 3793 1868
f 2272 687 1868
f 3086 1176 192
f 549 2725 333
f 2983 3781 2183
f 2412 2983 2183
f 2703 3988 3233
f 2657 515 2885
f 3458 398 1327
f 3523 1345 3947
f 2420 2530 1705
f 3140 1705 2530
f 1705 2064 2420
f 2870 3435 1589
f 2336 2187 1839
f 3855 2871 2241
f 1579 3380 1472
f 2900 1968 489
f 154 2118 626
f 409 1055 3356
f 1031 3028 3051
f 3666 1226 2872
f 3979 2116 3565
f 1778 2590 3400
f 952 109 1448
f 108 1448 109
f 2019 182 3736
f 3709 900 2911
f 456 2875 2211
f 3424 3358 2702
f 3358 3523 3947
f 478 792 3177
f 1204 4066 3847
f 2098 1489 2755
f 2817 913 1113
f 210 3551 1054
f 2529 2880 1662
f 3879 911 2228
f 2881 1521 3816
f 3906 2882 2207
f 3260 2882 3906
f 232 752 2424
f 1840 2064 1705
f 1742 2884 1787
f 2886 3743 1327
f 398 2886 1327
f 3136 2026 2443
f 1935 2887 357
f 184 2723 1076
f 3250 2888 3489
f 303 377 3596
f 2850 1379 1910
f 2785 2889 536
f 1910 833 3278
f 2890 645 2258
f 3572 2890 2258
f 1476 2283 3637
f 472 1476 3637
f 2894 1416 2891
f 3423 2576 62
f 391 2950 1579
f 3508 2892 2827
f 2473 903 1198
f 1619 185 3469
f 1614 2893 3521
f 1037 2752 284
f 877 2752 1037
f 1917 2894 2891
f 2681 1720 3846
f 3158 2895 568
f 1114 978 1032
f 2898 3020 912
f 2898 912 1519
f 2512 3050 3070
f 2665 1149 2169
f 1745 150 3939
f 1745 3939 2859
f 1397 2945 3616
f 4017 3616 2945
f 2900 1006 1968
f 1960 1585 1508
f 2901 3596 1124
f 2450 2901 1124
f 3310 2259 2701
f 1159 4008 2181
f 1567 2904 3461
f 774 3340 557
f 2324 1305 3547
f 2394 1305 3348
f 1109 3198 918
f 402 1109 918
f 1894 2905 2161
f 2905 1894 2865
f 538 2578 1368
f 2907 3183 1252
f 2907 1252 2593
f 3605 3168 2896
f 2199 1605 1903
f 3888 507 3235
f 2302 3923 1311
f 1228 3704 1227
f 2840 2910 1666
f 456 455 2100
f 2875 456 2100
f 289 3429 33
f 2179 1146 2912
f 3114 1715 2913
f 296 3949 2915
f 1722 2915 3949
f 1503 319 1512
f 1872 339 1483
f 1483 339 338
f 3173 335 3609
f 1177 3173 3609
f 2916 3943 2524
f 2917 1599 1668
f 2495 2917 1668
f 2820 4026 2203
f 4026 2820 3044
f 3402 2918 117
f 1000 665 3005
f 914 1409 3624
f 2920 2439 1047
f 3748 1047 3270
f 2921 1214 2811
f 1221 1220 1343
f 1221 1343 105
f 4009 2935 540
f 3401 3060 3058
f 757 2019 205
f 3184 2927 1409
f 3436 2929 2805
f 489 3423 2900
f 2900 3423 62
f 2930 2431 324
f 3887 2930 324
f 3118 571 4064
f 1961 2924 3628
f 2513 2681 2584
f 3626 3596 377
f 3229 2933 559
f 2189 873 2934
f 3094 2934 873
f 3196 3169 3861
f 2403 1789 3041
f 2023 2296 1747
f 993 2937 3352
f 2941 1980 3162
f 4069 2941 3162
f 3418 2942 601
f 657 3329 2981
f 952 1448 708
f 952 708 155
f 2943 1566 3479
f 2945 1398 1993
f 388 2945 1993
f 1206 2947 803
f 3240 1045 2314
f 2898 3629 3020
f 1171 3629 2898
f 621 622 1459
f 621 1459 1498
f 3063 767 3212
f 506 3762 3827
f 2951 131 2422
f 2951 2422 3574
f 1066 355 354
f 3911 1519 3879
f 2953 4010 2511
f 1561 1560 2733
f 2733 1560 964
f 3166 1578 1101
f 1101 2637 3166
f 3847 2789 1204
f 3088 3740 1151
f 3519 3829 2556
f 2956 2721 1622
f 2956 1622 3516
f 2958 2632 3720
f 420 2958 3720
f 1451 2959 3966
f 1413 1418 2741
f 3952 942 1646
f 2209 942 3952
f 2960 1827 3058
f 4063 2799 3620
f 2582 2004 1506
f 3768 3471 2248
f 2207 1592 2962
f 3353 2962 1592
f 518 2863 1009
f 3585 2963 2389
f 423 2964 3472
f 2616 183 3675
f 2415 3554 4018
f 166 536 2305
f 502 2281 1746
f 503 502 1746
f 1077 2317 2965
f 4071 2965 2317
f 326 1713 2618
f 3099 2618 1713
f 2067 1566 3042
f 1356 1281 1735
f 1735 3715 1356
f 2272 2115 1057
f 157 778 156
f 1280 2968 3502
f 3816 2968 2881
f 167 2969 1952
f 2475 3635 2767
f 488 2971 1623
f 83 2056 2692
f 3522 4083 158
f 3350 3753 4004
f 3410 16 3535
f 2972 2388 3985
f 1716 2158 2200
f 1454 103 2646
f 3458 2973 3425
f 2975 975 3065
f 2976 2902 2913
f 1423 2976 2913
f 3102 869 2977
f 1565 2978 1728
f 3095 3123 3052
f 817 2980 3482
f 1516 1060 162
f 1123 2737 1076
f 926 3634 3692
f 686 1959 3820
f 3781 2983 1784
f 2984 475 2460
f 3577 2474 2594
f 2985 3303 2970
f 1716 2986 2111
f 3667 2986 2200
f 2987 2114 3188
f 1222 2987 3188
f 1046 3481 2245
f 3188 2988 3426
f 2467 2989 1452
f 505 3469 504
f 3075 439 3238
f 1246 2993 1124
f 2974 4035 3373
f 2390 862 2749
f 2758 26 1825
f 3897 2119 941
f 941 2119 1646
f 304 3411 2793
f 1023 2996 2609
f 2997 2021 1458
f 624 2997 1458
f 2273 2998 1320
f 1855 202 1882
f 2327 737 333
f 3647 661 554
f 1332 3170 2562
f 3170 1332 539
f 289 1019 1638
f 229 1142 1471
f 3003 1235 3735
f 3507 3004 49
f 272 3004 2724
f 3110 3005 665
f 2683 2383 3144
f 1589 3006 4048
f 1413 3007 2595
f 946 4089 2092
f 1284 3008 3589
f 1283 3008 1284
f 3009 994 993
f 2712 993 2298
f 3010 331 1063
f 111 3011 2448
f 1859 3012 688
f 3494 3013 922
f 3492 1382 3480
f 1074 3310 1250
f 2244 2216 3030
f 2216 1607 3544
f 3080 2955 3855
f 2793 3017 305
f 2121 432 3660
f 1248 3019 2743
f 2586 2840 3161
f 1698 3649 51
f 3755 3021 2708
f 1296 1803 3022
f 810 3561 1633
f 1036 2976 1687
f 3615 3217 2589
f 1832 2589 3217
f 784 1887 2509
f 3357 3883 3023
f 593 1352 3043
f 1063 3024 3951
f 365 366 3127
f 1026 3374 633
f 1747 3025 1752
f 3730 3047 3232
f 1168 3027 149
f 362 3028 4049
f 3029 394 1178
f 2333 784 78
f 3844 1788 2400
f 1788 3844 1209
f 3853 568 2895
f 568 3853 3932
f 1082 1855 1882
f 1085 3955 3032
f 2208 3033 2075
f 3034 2535 3893
f 3036 217 2582
f 3036 2582 1796
f 3155 2927 3172
f 214 452 3416
f 3907 2932 1210
f 3096 3907 1210
f 1022 1927 2263
f 3424 2702 2978
f 2117 3037 1773
f 807 3037 806
f 2559 3038 1584
f 953 2472 2260
f 3039 3311 1012
f 1941 3043 3994
f 3093 3338 2586
f 3772 957 1902
f 3412 2540 4062
f 619 190 191
f 2518 3045 3854
f 3045 1144 357
f 3047 2704 1702
f 3048 888 256
f 1507 3048 256
f 3524 2644 3049
f 3689 201 3287
f 3074 1074 753
f 3271 396 3177
f 1371 1370 3032
f 3624 1811 1959
f 2326 3051 1195
f 2599 321 2312
f 3578 239 3429
f 3095 3052 1808
f 2667 2944 3529
f 685 3053 3311
f 4083 2275 3185
f 845 3055 3108
f 3332 3056 2817
f 1548 286 1329
f 3936 3057 2902
f 2853 3059 1473
f 3436 3980 3060
f 3061 3770 1831
f 1257 3061 1831
f 3218 3062 1804
f 3820 3062 686
f 2730 3476 297
f 4035 3063 733
f 3212 733 3063
f 1529 1215 1170
f 3065 728 3064
f 1245 3064 728
f 3065 3073 2975
f 1329 286 200
f 666 3755 1282
f 3383 352 3767
f 3066 1618 3410
f 3535 3066 3410
f 1885 1444 1800
f 3067 837 4058
f 3690 3067 4058
f 1099 3068 3034
f 748 3744 749
f 1933 3744 1522
f 2645 3436 579
f 2843 2484 939
f 3070 418 3790
f 2962 3361 4062
f 2540 2962 4062
f 3072 977 762
f 2874 3480 1382
f 3750 3957 156
f 460 1032 3861
f 1278 3604 3817
f 1986 586 174
f 1178 3073 553
f 4035 733 3373
f 2352 750 2892
f 2218 143 3075
f 1366 1509 3697
f 86 579 3436
f 1920 963 3077
f 3275 1886 1396
f 1141 3253 1979
f 1734 1821 612
f 612 1821 3612
f 3123 4079 1846
f 3079 2943 2918
f 1016 1549 3707
f 2683 42 40
f 41 42 3144
f 3391 3081 1649
f 2132 188 3729
f 3123 1075 3052
f 3082 1040 201
f 3082 201 2039
f 3083 3211 2315
f 1050 3083 2315
f 1328 1075 3074
f 372 3084 1360
f 1734 534 1056
f 1802 2934 2103
f 2033 760 759
f 4034 2538 267
f 3953 2215 2878
f 2995 3751 3516
f 1044 3516 3751
f 1172 1438 341
f 2045 3088 3156
f 2027 3038 2559
f 302 3038 2027
f 2149 3090 3517
f 3025 1747 1748
f 1419 4050 1194
f 1822 653 1520
f 2490 368 2085
f 1280 1279 2146
f 623 3092 2022
f 2715 3093 509
f 3093 2715 3338
f 685 1704 2083
f 224 4026 225
f 710 3097 3071
f 2423 3557 184
f 1125 2841 2108
f 1823 3233 3764
f 977 3870 1821
f 3133 2053 175
f 3449 2479 1200
f 1913 753 2489
f 3103 1730 62
f 3104 53 3302
f 1807 745 3922
f 1852 1338 612
f 739 3105 8
f 1659 3497 2133
f 1056 977 1821
f 1392 770 2253
f 3081 4028 1706
f 1508 1905 1960
f 3193 1508 2096
f 2727 3440 1540
f 3769 3111 652
f 2605 3039 1012
f 89 2518 1509
f 4043 616 1783
f 3114 2902 3057
f 3114 3057 735
f 319 3117 3933
f 571 3118 343
f 1289 1336 1901
f 1151 3740 1392
f 3122 2525 2054
f 2560 3122 2054
f 1291 3442 2213
f 3124 1306 1988
f 3321 3124 1988
f 2805 1424 3125
f 3126 1631 811
f 1771 1210 2957
f 1024 3128 1486
f 3663 3129 2678
f 36 38 1701
f 2888 3131 3489
f 3517 610 609
f 3160 2301 1815
f 2053 3133 1906
f 1373 3134 854
f 122 814 868
f 1761 118 3255
f 2097 3137 3843
f 729 1596 3348
f 1596 729 1421
f 2252 3171 3139
f 3140 1863 2812
f 2822 3081 1706
f 408 1750 1707
f 951 408 1707
f 2228 3141 2917
f 2207 3141 3906
f 2473 3142 903
f 3143 2838 3082
f 1972 3143 3082
f 643 852 3463
f 3463 852 2549
f 2736 948 2550
f 3656 1083 965
f 1292 3663 2130
f 367 368 3683
f 2847 820 2680
f 3477 3682 1131
f 3145 4053 2184
f 3146 1450 722
f 421 3146 722
f 4026 224 446
f 1230 767 3293
f 651 1008 207
f 3148 210 209
f 3148 209 2811
f 2674 1880 3095
f 1377 2492 129
f 861 550 634
f 3871 1992 3150
f 1572 3150 1992
f 935 2586 2221
f 3881 1829 2180
f 4019 1916 3601
f 2347 2387 1836
f 123 3427 814
f 1898 2839 3071
f 2229 21 22
f 3460 3493 1969
f 3460 1969 1112
f 2120 3157 606
f 2825 2520 737
f 2501 3160 3917
f 3978 3160 2134
f 3161 2269 509
f 1980 3629 3162
f 1438 3162 3629
f 69 946 1620
f 69 3969 946
f 2852 3163 2846
f 3164 1560 2251
f 3165 2328 812
f 4082 3022 709
f 12 2061 3368
f 2341 1765 2939
f 3167 3582 3723
f 329 125 3859
f 3221 329 3859
f 1067 684 526
f 91 1304 1954
f 936 3172 3593
f 3099 3173 1177
f 3175 4031 2286
f 1614 496 3196
f 1585 3176 642
f 3306 824 865
f 2347 2395 3180
f 3181 300 299
f 528 3181 299
f 285 1329 2721
f 3689 2721 1329
f 1999 3601 2279
f 1687 1252 3183
f 914 3184 1409
f 3481 3185 969
f 3159 3186 2201
f 3234 2013 3213
f 2323 1609 2665
f 3187 1026 1723
f 3188 1613 2988
f 1222 3188 3426
f 2575 2438 602
f 3189 4051 2440
f 2727 2138 1995
f 3190 1871 1176
f 3192 316 1255
f 3776 3193 1546
f 1930 2627 3194
f 1652 1154 2488
f 3793 3868 2137
f 687 3868 3793
f 2634 3197 2193
f 2457 3198 1691
f 2031 547 233
f 1099 3199 3068
f 3953 1393 155
f 2004 1393 3953
f 1664 3200 2764
f 1782 1712 3326
f 1999 3201 3649
f 3810 1627 1425
f 78 3222 3036
f 660 3647 497
f 2040 2595 3007
f 1136 3202 234
f 2819 2948 963
f 3203 3015 643
f 3611 2156 4046
f 3611 4046 3392
f 1309 2567 483
f 3965 3206 2493
f 3862 3206 3965
f 1701 38 1822
f 3605 174 586
f 692 3445 2004
f 3502 2968 1966
f 374 1048 3011
f 1007 3665 1589
f 1510 3208 388
f 1888 2283 1276
f 2203 67 2820
f 3212 3448 2694
f 153 1989 57
f 2085 3214 3261
f 3587 3746 3865
f 296 2595 1518
f 1428 2309 3118
f 3729 3182 3215
f 3062 3218 686
f 1964 277 276
f 3220 1838 1193
f 1476 472 781
f 3222 2967 408
f 3487 3650 3116
f 3799 3487 1462
f 2839 3223 658
f 2487 3224 3128
f 3225 488 1623
f 3760 3664 3226
f 2857 3226 3664
f 836 2032 379
f 3228 3845 340
f 3230 197 478
f 19 3231 815
f 1671 274 2568
f 3617 3592 211
f 1103 330 1629
f 1629 330 3010
f 2703 3233 1599
f 2726 1991 690
f 3236 1901 3234
f 3335 3237 2320
f 3631 3987 1828
f 3238 450 3075
f 470 3241 469
f 3242 1720 777
f 587 3243 2841
f 1056 534 698
f 3215 3182 342
f 2488 3215 342
f 2444 960 975
f 3356 1607 3266
f 3499 3356 3266
f 1242 1813 2931
f 3247 2869 3280
f 116 1215 3186
f 3249 122 868
f 3250 584 583
f 4011 3251 1485
f 3417 4025 1943
f 3417 1943 839
f 3252 532 3936
f 359 3252 3936
f 3740 3088 2063
f 2709 2541 3112
f 796 3406 2377
f 3406 1708 3549
f 89 1367 90
f 90 1367 3495
f 3756 2734 2669
f 1856 3219 1310
f 3387 3255 3317
f 3944 3256 1189
f 291 3257 1406
f 3875 3258 279
f 168 3259 2128
f 3261 3823 2085
f 2869 3262 3280
f 534 1359 3614
f 3145 47 356
f 12 3368 11
f 3263 3821 2593
f 1252 3263 2593
f 3805 1660 719
f 533 2378 1515
f 3265 3934 985
f 2188 3499 3266
f 3461 3294 1724
f 3842 3267 3031
f 3268 1883 3705
f 472 3269 1892
f 2569 2537 4072
f 1004 3271 3177
f 3273 3902 465
f 2172 3113 3606
f 1886 3275 1663
f 787 1003 3276
f 1794 3277 1454
f 3323 2551 1987
f 2551 3323 2605
f 1183 3280 845
f 1607 2483 3544
f 2706 1988 1427
f 369 1427 1988
f 2285 3281 1434
f 1921 3284 4064
f 24 3285 4039
f 1484 3286 221
f 651 3286 573
f 3287 2112 3975
f 3288 4020 3490
f 1516 3437 3154
f 3437 1516 162
f 2735 3289 2146
f 3284 1428 4064
f 4064 1428 3118
f 2364 3291 378
f 3703 3291 2364
f 3292 3381 409
f 1908 2564 2851
f 1923 2049 1791
f 3295 2834 88
f 1483 3915 2136
f 3524 3279 3775
f 3618 2151 910
f 3334 365 3127
f 3334 3127 997
f 208 1153 2271
f 3297 3937 30
f 3298 1546 642
f 2411 2830 3972
f 1084 3972 2830
f 3540 3787 3584
f 1002 1803 1001
f 3463 1157 643
f 1816 3299 2048
f 3300 659 3223
f 1207 965 1445
f 2104 688 3324
f 1792 15 2391
f 3302 29 3104
f 3887 2480 3643
f 3303 802 1818
f 3559 3050 3836
f 2251 3982 228
f 3583 1686 3659
f 2416 3304 3509
f 3321 3621 3733
f 635 519 526
f 635 526 683
f 3551 3305 198
f 108 3306 865
f 821 3308 3562
f 143 2081 1693
f 3321 3733 1407
f 872 1407 3733
f 574 2858 2302
f 1755 2779 3944
f 2000 1044 1043
f 1467 2817 1268
f 3310 2701 1073
f 348 2509 1391
f 3312 3045 357
f 1176 533 1515
f 1176 1515 192
f 1611 3948 1119
f 3545 3315 1893
f 630 3316 628
f 3387 3317 3503
f 920 3836 488
f 2614 3225 787
f 2502 3225 2614
f 2049 3319 1695
f 994 585 3722
f 1193 3320 3470
f 3322 3191 2880
f 3323 1987 1881
f 1300 3442 723
f 2685 2428 387
f 3437 3325 3154
f 728 3327 3738
f 3333 2674 2029
f 2402 380 1150
f 2490 3334 3779
f 3335 1919 3237
f 3336 1119 3948
f 3336 3948 2850
f 266 49 2631
f 3318 3814 2752
f 3956 3337 3318
f 3318 3337 3814
f 565 3339 566
f 2999 3340 3789
f 3341 246 1873
f 3108 3342 1475
f 3171 2482 512
f 1747 1752 2023
f 3359 463 1556
f 2299 3359 1556
f 583 3344 3250
f 3346 2341 3934
f 3347 1969 3679
f 2660 637 3348
f 729 3348 637
f 3349 1511 2168
f 3349 2168 2455
f 3229 72 3371
f 2970 3350 4004
f 4032 3351 1417
f 2214 3351 4032
f 3286 1484 573
f 1762 3355 3997
f 3355 92 2109
f 35 3846 2514
f 2604 962 302
f 1801 302 962
f 3724 3414 399
f 3650 2519 2274
f 1951 1121 1122
f 1122 1121 2029
f 2511 3358 2953
f 3702 2499 1278
f 3359 2299 2735
f 3891 3359 2735
f 1705 4028 448
f 1159 3360 3822
f 1216 3123 1636
f 3411 304 4047
f 3486 3363 2003
f 2814 3366 1606
f 1347 802 2257
f 2601 3213 2013
f 167 2876 1443
f 1443 2876 550
f 978 1114 3098
f 3744 1360 749
f 1175 3370 208
f 2365 3372 3597
f 2001 3797 3372
f 3373 733 3928
f 3993 2524 3138
f 1376 3375 2
f 2307 1248 2497
f 595 3663 3379
f 3292 3646 3381
f 1372 491 492
f 130 2980 3902
f 3245 10 1887
f 303 228 255
f 1471 228 229
f 3383 3767 498
f 2588 25 3320
f 716 3384 1404
f 2788 1594 1882
f 1594 3484 1538
f 2293 592 3972
f 3972 592 2411
f 3956 877 2664
f 3386 2977 869
f 3255 3387 1686
f 2554 1650 1206
f 2754 2374 2783
f 3389 1007 3623
f 3390 1552 208
f 3370 3390 208
f 1480 3391 1479
f 2445 3393 476
f 1745 3393 1768
f 359 1036 2165
f 2922 3394 1726
f 3875 279 147
f 3396 3297 3880
f 3396 3880 471
f 3398 445 97
f 3398 97 133
f 3242 2382 1720
f 2216 2244 1607
f 2346 4010 1223
f 422 3583 3659
f 3401 3058 713
f 2406 3401 713
f 1112 1969 808
f 1558 3402 2042
f 1708 3406 796
f 622 3407 2449
f 3014 3407 623
f 1059 3408 2361
f 3409 1369 3960
f 3434 482 3792
f 3412 3122 3136
f 3136 1805 3412
f 3416 3482 132
f 131 3416 132
f 1633 1841 938
f 3553 2457 3713
f 47 509 356
f 222 2120 3978
f 2784 3610 337
f 3426 2988 1187
f 2145 3426 1187
f 3427 400 868
f 814 3427 868
f 322 3687 362
f 797 3428 798
f 631 2399 2631
f 3030 3430 2607
f 1894 2161 2964
f 3296 863 929
f 1374 3296 929
f 3433 3976 992
f 3848 3434 2470
f 482 3434 61
f 630 1971 629
f 1763 1116 2413
f 4016 3435 2282
f 1059 1557 2454
f 1705 1706 4028
f 4074 3438 1494
f 3440 641 75
f 314 3742 290
f 176 467 4073
f 1785 4073 467
f 884 3890 1293
f 504 3469 3657
f 3441 3749 3835
f 637 776 638
f 782 2982 754
f 742 3443 1182
f 434 3444 769
f 1731 2173 574
f 3851 4019 1351
f 3447 139 1134
f 140 3447 1134
f 1146 973 1139
f 3449 1200 1201
f 2323 3449 1201
f 3450 2121 3763
f 3889 3450 3763
f 2246 1093 1535
f 2138 3841 1180
f 1306 3451 1307
f 3928 129 3373
f 3373 129 816
f 1739 2921 2811
f 1739 2811 209
f 3452 2467 1452
f 3453 1214 2921
f 1103 3454 1460
f 3455 2583 1732
f 445 2379 940
f 1237 1889 3921
f 1635 3458 2999
f 3459 2542 942
f 2209 3459 942
f 1455 3315 2847
f 3460 1112 591
f 3461 2146 1279
f 2961 1527 1772
f 1140 1875 641
f 2554 3464 1466
f 1439 3465 1990
f 1353 239 765
f 588 1334 657
f 3466 822 1737
f 2730 3466 1737
f 3467 2559 2418
f 2614 3468 2502
f 2485 804 670
f 1720 2681 777
f 3368 3641 524
f 1419 3567 578
f 3469 505 35
f 715 3788 3678
f 3882 3678 3788
f 2594 2474 1400
f 3470 619 3531
f 1021 3470 3531
f 2248 3471 2463
f 4088 3439 829
f 3472 4008 1983
f 3472 1983 423
f 3176 3374 3187
f 3758 3169 2661
f 2648 288 1692
f 712 3215 2488
f 994 3474 993
f 732 3474 2313
f 3475 1433 137
f 3714 3475 137
f 1364 3574 2705
f 1432 458 673
f 1670 1080 1701
f 1457 3477 1131
f 3479 2918 2943
f 3481 969 1384
f 2719 3481 1384
f 2885 347 2284
f 2749 894 896
f 3482 2806 817
f 855 3483 2257
f 1301 3514 564
f 2162 2920 3748
f 984 2939 3031
f 2367 3031 2939
f 495 3486 663
f 3363 3486 495
f 2129 3487 3116
f 2649 2668 145
f 3489 1621 1497
f 3542 3489 1497
f 1259 3490 2238
f 3491 206 2565
f 3679 3493 1244
f 1969 3493 3679
f 3989 1675 2182
f 2543 1344 2270
f 1686 3495 1740
f 986 3496 1064
f 2101 3497 1494
f 1186 3615 928
f 2728 3498 1615
f 3498 3248 1992
f 3500 631 2631
f 3765 3500 2631
f 3501 3218 466
f 4010 3501 466
f 3503 426 3387
f 2755 3504 2098
f 688 3506 1859
f 3004 3507 2724
f 3508 2938 2352
f 2697 3737 2014
f 2697 2014 1223
f 2416 3509 4007
f 1665 1588 1470
f 3510 3708 681
f 3511 2139 180
f 1051 1933 1308
f 1308 1933 441
f 3488 3512 755
f 3513 840 2616
f 1775 3514 3151
f 2869 3515 2770
f 2174 2505 967
f 2995 3516 1854
f 1122 1123 1951
f 3500 3765 3520
f 3893 2807 743
f 189 2710 3521
f 2534 3521 2710
f 2723 1153 208
f 2717 3707 1549
f 1799 613 31
f 921 4014 3013
f 3646 2224 2072
f 3724 2072 2224
f 2695 2268 3089
f 3135 3522 2463
f 3530 366 2005
f 360 3523 3424
f 3525 2188 3266
f 2607 3525 3266
f 2208 2075 2426
f 1022 2224 1945
f 3530 956 1205
f 3900 3530 1205
f 3849 3851 1288
f 191 3531 619
f 673 1652 2488
f 342 673 2488
f 1052 3327 3869
f 1964 276 3705
f 1621 3131 793
f 3550 1125 2797
f 914 3533 3184
f 614 2821 31
f 614 31 613
f 85 2805 3125
f 3660 3534 43
f 1715 3535 2913
f 3537 1410 1411
f 3623 2762 151
f 4012 3648 3538
f 3586 1820 2306
f 2637 3539 3166
f 3250 3542 584
f 3237 3543 2583
f 3546 1875 1979
f 2324 3547 2994
f 1641 146 3745
f 3548 1104 3809
f 3548 3809 1998
f 2230 1771 212
f 2841 3550 1211
f 3552 2741 1418
f 3858 3552 1418
f 2283 3553 3637
f 2143 520 2428
f 3556 2321 490
f 971 2369 751
f 3558 311 2091
f 1624 3558 2091
f 1364 966 2247
f 2228 911 3906
f 3343 3559 920
f 3560 1042 2552
f 2394 3348 1596
f 2366 3732 3518
f 3562 667 1737
f 586 3622 3605
f 1529 3256 3944
f 3565 191 3979
f 142 3566 3945
f 2715 509 1718
f 3568 1986 1598
f 3569 2234 3529
f 1544 2659 473
f 1175 3571 374
f 1950 674 2889
f 3572 1803 3216
f 2407 1146 2179
f 1266 1938 2331
f 3576 1395 2007
f 1209 3840 1824
f 1027 1028 1651
f 1028 1027 1727
f 223 3702 2131
f 1845 3579 528
f 4013 801 926
f 3581 3889 3763
f 3373 2658 2974
f 3582 654 655
f 875 3584 3787
f 1095 3585 2453
f 3834 3585 278
f 3586 2306 717
f 955 3586 717
f 1832 3217 1162
f 1481 183 840
f 1598 3587 3568
f 390 3588 4031
f 3589 1337 3110
f 446 97 445
f 2142 2704 4075
f 3593 788 3195
f 3314 536 2889
f 3504 3594 2098
f 2042 2774 1558
f 3862 2370 2626
f 1597 1501 2829
f 1901 3595 1289
f 3227 3885 3240
f 371 3597 3873
f 2873 3597 1543
f 828 3598 2689
f 3601 2185 2279
f 1937 3602 1904
f 3837 2044 299
f 2065 1515 219
f 3178 3604 771
f 2872 3604 2655
f 3825 1638 552
f 2244 3030 2607
f 174 3605 1268
f 1294 2261 3954
f 3607 1117 1835
f 1456 3607 1835
f 3385 3608 2223
f 3421 3549 1708
f 3016 3609 263
f 3610 1642 1834
f 1062 3610 1834
f 1633 3611 810
f 3651 719 1661
f 2398 3413 2475
f 3613 2813 3977
f 80 3372 3797
f 2763 3397 2808
f 3592 3617 1287
f 1072 3617 211
f 3892 3746 1417
f 2883 1803 1296
f 3578 3994 239
f 3296 3620 2799
f 3133 175 3085
f 3508 3519 2556
f 3622 3970 3605
f 1551 1175 374
f 3421 3624 1409
f 3626 377 2990
f 164 2056 83
f 3054 2744 3283
f 3777 2744 3054
f 1034 1797 3777
f 1547 530 1849
f 2095 2548 3415
f 3627 791 2344
f 3628 2802 1216
f 657 3811 588
f 1318 1480 1479
f 3831 3630 2673
f 3633 3730 2133
f 2101 3633 2133
f 2304 3634 799
f 315 3635 3413
f 2296 2023 500
f 169 3636 3769
f 3637 3119 472
f 3491 1168 77
f 1794 1454 3771
f 2030 2940 1794
f 3638 466 3218
f 3253 1141 3801
f 3641 881 523
f 3642 1567 3502
f 2288 3954 267
f 3643 2930 3887
f 3403 1463 3324
f 3525 4051 2461
f 1946 1341 127
f 1939 3644 2374
f 3645 1649 2822
f 3647 658 3223
f 2127 2235 3369
f 925 111 373
f 3174 3648 405
f 3538 3648 3174
f 3345 2359 1907
f 3651 1661 3640
f 3652 412 907
f 3653 496 2810
f 2143 1303 2977
f 3819 1645 1496
f 3655 3197 758
f 1860 2906 500
f 2562 3656 355
f 1083 3656 602
f 3265 2156 938
f 3346 3265 938
f 465 3902 3745
f 3524 67 940
f 1223 4010 2953
f 1223 2953 2697
f 3 3660 43
f 1694 124 193
f 1694 193 192
f 3661 3103 203
f 2824 4070 1396
f 158 4083 3240
f 158 3240 3885
f 2678 3379 3663
f 1903 588 3811
f 3664 2832 3888
f 3734 1265 3405
f 3665 1434 2267
f 1589 3665 2267
f 993 3352 730
f 2169 3666 110
f 3759 507 508
f 2243 1856 563
f 655 3550 3369
f 3546 675 1950
f 3670 313 312
f 3671 3731 2471
f 91 1954 307
f 4085 786 3672
f 3672 786 2452
f 1239 2094 3774
f 1240 1239 3774
f 1850 3674 4049
f 3725 3675 1129
f 1943 3989 405
f 3679 1244 4017
f 997 3681 3334
f 2738 3681 998
f 361 3683 3431
f 3684 2503 1339
f 1415 410 1923
f 3451 385 386
f 3274 3685 1264
f 3690 2852 883
f 3067 3690 883
f 2719 3394 2245
f 1259 724 3169
f 3692 1212 1751
f 1702 1079 1568
f 3469 185 3657
f 2803 3152 3687
f 2756 3693 2792
f 717 3694 955
f 873 3695 3420
f 879 3696 426
f 3904 3697 515
f 2520 3698 333
f 3699 2443 1956
f 1805 3699 1956
f 1881 2297 3323
f 3700 3096 2350
f 2708 3856 3755
f 3701 2690 1356
f 255 53 303
f 3702 1317 2499
f 3703 2364 4076
f 4048 150 3623
f 1945 3292 4027
f 2344 1769 326
f 3706 650 3447
f 140 3706 3447
f 3707 1965 1016
f 1301 564 1300
f 2538 3709 837
f 3311 397 1012
f 3458 3710 876
f 826 248 693
f 693 248 1789
f 616 3715 1777
f 3481 3717 3185
f 1716 3718 4005
f 2111 3718 1716
f 1722 3719 2337
f 3321 1988 3621
f 3741 3721 2107
f 1926 3721 3741
f 1650 3722 1142
f 2545 1243 1242
f 95 446 224
f 1635 3724 3710
f 3752 1449 464
f 1449 3752 1241
f 949 3726 2300
f 604 3727 1669
f 3728 1884 2252
f 431 165 2923
f 694 2043 2258
f 214 3416 2951
f 2511 4010 1864
f 3734 3731 3625
f 1679 3733 3621
f 3734 3625 547
f 3735 1692 3003
f 229 2947 1142
f 3775 844 1363
f 541 2081 3737
f 843 2670 842
f 3740 3807 756
f 1392 3740 756
f 1314 3741 142
f 2758 3742 1190
f 3614 1155 593
f 3711 2515 1843
f 3745 1857 465
f 436 2233 435
f 3747 3827 3762
f 1832 4080 2328
f 1047 3748 2920
f 1615 1488 2604
f 1615 2604 3291
f 3554 2489 4018
f 3835 3749 3958
f 782 1067 2982
f 2000 395 3328
f 3752 2149 3517
f 1241 3752 3517
f 1494 3754 4074
f 2832 3760 2833
f 3677 3764 268
f 1141 3766 999
f 3768 2248 3404
f 2818 3768 3404
f 3769 652 1388
f 1424 3769 1388
f 1519 1171 2898
f 2976 359 2902
f 712 3415 3033
f 1795 3772 1490
f 531 3773 2265
f 3774 2094 2236
f 481 3774 2236
f 1005 1004 792
f 3777 2051 2744
f 3779 1110 368
f 2855 3209 323
f 3830 3780 805
f 3869 1053 1052
f 3409 2935 2442
f 3409 2442 1369
f 3020 1980 2798
f 3781 1784 2809
f 2489 753 3812
f 2578 1030 1368
f 3782 1119 3336
f 1127 683 1758
f 3783 607 1621
f 3785 2665 2169
f 3786 1795 1490
f 3786 1490 367
f 853 2425 3021
f 1294 3787 477
f 3788 327 4002
f 3788 4002 2679
f 3576 1663 3275
f 3789 1635 2999
f 1101 1578 1030
f 518 1009 4051
f 1492 3476 2716
f 3791 1754 1403
f 1606 2923 2814
f 3792 1773 3434
f 3795 1396 3560
f 3796 237 3827
f 3544 1525 2896
f 2092 1062 3203
f 2092 3203 2088
f 2384 3798 2167
f 2470 3799 1462
f 1780 3800 2478
f 461 1542 1555
f 2854 1542 831
f 1812 2854 831
f 3803 2757 596
f 3144 3804 2235
f 3294 3808 1724
f 2921 1739 3810
f 213 212 2571
f 4018 3812 3205
f 1973 3813 3337
f 1313 599 1478
f 3691 1313 1478
f 2752 3814 3143
f 3333 1678 1880
f 1331 3815 1373
f 2584 504 632
f 1026 2879 3264
f 2968 3816 2652
f 3429 1234 178
f 33 3429 178
f 1278 3817 3702
f 3818 1527 2961
f 4072 3819 1496
f 3728 474 4025
f 3062 3820 1381
f 3824 1963 1107
f 3896 3824 1107
f 460 461 1555
f 3825 3113 2172
f 4067 2750 1731
f 2655 110 3666
f 77 2190 2474
f 320 3969 3510
f 166 2305 2619
f 3829 938 1841
f 800 1953 3797
f 800 3797 2001
f 2052 1415 1416
f 3424 2978 3910
f 3832 2453 3468
f 3935 843 842
f 3204 516 1926
f 2938 4065 3121
f 2845 2626 3174
f 3782 247 972
f 3956 1973 3337
f 336 335 3173
f 1292 457 3129
f 3078 3838 2558
f 3840 2116 3979
f 1180 3841 1179
f 2533 3842 3031
f 3843 1435 681
f 2108 2841 1115
f 1115 2841 3243
f 2330 3844 2400
f 3845 3301 1211
f 1399 1383 2633
f 2104 1399 2633
f 3152 2109 92
f 3848 1145 4039
f 3706 3116 3650
f 1682 1736 3842
f 1519 3911 1171
f 3254 3153 2430
f 2518 3854 1509
f 275 274 2090
f 2090 274 2159
f 3080 3855 1014
f 1282 3856 1779
f 3857 2073 513
f 1710 3421 1708
f 3401 2929 3060
f 1490 3858 1418
f 1867 3860 2418
f 3833 3860 1867
f 2966 2351 2462
f 2209 827 3863
f 3307 3863 827
f 2051 3864 1549
f 254 848 849
f 2818 3005 3110
f 3016 2826 4086
f 85 86 3436
f 52 90 3839
f 1468 3867 3309
f 455 2587 2100
f 1004 2592 2420
f 3869 959 961
f 2858 1826 3923
f 2858 672 1826
f 1746 3873 81
f 2162 1263 2505
f 3025 1748 1765
f 2092 4089 2676
f 767 4022 3876
f 3877 442 869
f 3878 1566 2672
f 1505 3927 1298
f 2821 3880 3297
f 2441 3879 2495
f 1668 2441 2495
f 1829 3881 3644
f 844 3279 1008
f 4018 2489 3812
f 3718 2111 2168
f 1322 2189 2934
f 1802 1322 2934
f 2622 3884 154
f 846 3886 2071
f 670 1868 2485
f 3235 2414 3888
f 2198 1947 3889
f 3889 1947 3450
f 2170 1204 2926
f 1294 3890 875
f 127 2427 71
f 2807 3893 2535
f 3018 3893 743
f 3754 3894 170
f 1573 3895 2679
f 942 3897 941
f 1640 3897 4030
f 3985 2388 2696
f 640 1699 2012
f 360 1204 2170
f 2099 511 1818
f 3901 1188 1401
f 939 3901 1401
f 3745 3902 2262
f 372 1360 1719
f 3697 3904 1366
f 560 1661 1563
f 2264 3907 3096
f 1229 3907 2264
f 3908 3138 1218
f 3100 3908 1218
f 4066 1204 360
f 3720 4066 360
f 1990 2031 2591
f 1864 466 1167
f 4006 2433 3725
f 3909 493 361
f 1154 3446 2488
f 3593 71 936
f 3910 420 3720
f 3910 3720 360
f 3911 3879 2441
f 3912 1345 360
f 2895 3913 3853
f 3000 3913 2895
f 3214 2915 702
f 702 2915 2337
f 4077 3570 1439
f 3106 921 3191
f 110 3785 2169
f 4027 2188 2461
f 2704 1079 1702
f 2290 3916 1974
f 165 431 1276
f 3917 1110 1461
f 2501 3917 1461
f 934 2134 2501
f 2823 934 2501
f 3919 1207 1372
f 492 3919 1372
f 1981 3921 835
f 2858 3923 2302
f 3924 1881 237
f 3796 3924 237
f 3925 116 3159
f 3925 3159 4000
f 1298 3927 2608
f 3929 2409 3107
f 1824 3979 190
f 681 3708 3843
f 410 2052 2928
f 4086 3931 3016
f 3572 3933 3117
f 2015 492 1285
f 513 3325 3069
f 2497 3938 1000
f 3939 2368 3109
f 3939 3109 2859
f 2973 1436 3425
f 1894 3941 580
f 651 573 1092
f 2286 3942 2780
f 3943 2122 3138
f 2849 3924 3796
f 3944 1189 1755
f 455 3946 3726
f 454 3946 456
f 2953 3947 2697
f 3961 3949 1655
f 1063 3951 4084
f 1939 2219 1077
f 3253 2080 2238
f 1259 2238 2080
f 1571 514 458
f 1982 371 3918
f 723 3957 3750
f 3961 442 1161
f 1194 3354 2006
f 1445 1800 415
f 3962 2916 2280
f 3963 924 1738
f 2147 3963 1738
f 3964 834 3544
f 3828 3966 879
f 2674 1700 2949
f 2029 2674 2949
f 3967 2038 2756
f 3967 2756 2792
f 1768 3968 2884
f 946 3969 1358
f 3308 2932 714
f 3521 2893 189
f 1457 3973 1644
f 2912 2566 1889
f 3976 671 1086
f 2857 3345 3776
f 3830 3978 3780
f 259 3146 422
f 974 3980 2645
f 1430 3982 2251
f 347 809 346
f 2273 73 662
f 3499 409 3356
f 2663 3668 1304
f 1746 81 503
f 2059 203 757
f 584 1814 583
f 215 3987 1386
f 3988 1277 2084
f 2662 3988 2084
f 3990 1087 1809
f 786 3991 116
f 1870 508 2570
f 3992 3953 155
f 1837 3992 155
f 2507 737 2871
f 2379 2507 2871
f 260 2199 3811
f 3485 3590 674
f 2761 666 545
f 1723 1996 3298
f 3960 3996 412
f 2126 1998 3246
f 3501 2346 1273
f 3999 2175 154
f 3288 3000 4020
f 585 4003 3164
f 4004 3753 3554
f 855 802 2747
f 1575 4007 1261
f 2809 3142 3781
f 4009 540 1317
f 3028 1031 2205
f 3916 4012 3002
f 3076 4090 1402
f 4013 3692 2140
f 921 1349 4014
f 241 4001 2002
f 4015 1797 3992
f 2368 3006 4016
f 4017 3347 3679
f 1505 2149 1749
f 4018 3205 2415
f 100 1433 3152
f 3876 4022 1228
f 809 515 811
f 3632 3795 297
f 128 3089 3100
f 2268 3100 3089
f 2530 2420 2592
f 2997 2030 2021
f 4043 1783 483
f 1309 483 1783
f 1675 4025 474
f 2203 4026 446
f 2631 49 3765
f 1848 2644 3151
f 1945 4027 2461
f 4029 581 3819
f 423 426 3503
f 2354 3179 2164
f 1150 1151 1392
f 1492 2701 4070
f 4070 2701 2259
f 4030 942 2446
f 4046 1940 3392
f 1985 3557 2853
f 2427 936 71
f 1447 4032 1417
f 4033 789 790
f 741 41 397
f 836 3441 2380
f 2981 2294 657
f 3340 558 557
f 1294 875 3787
f 1977 4034 267
f 4036 2136 3231
f 439 3075 1693
f 4038 3999 226
f 2232 4038 226
f 4039 61 3848
f 4083 3185 3717
f 1045 4083 3717
f 4040 3548 548
f 4041 1494 919
f 3195 788 391
f 3367 3433 535
f 3367 535 1456
f 27 764 147
f 3822 2158 880
f 2187 3822 880
f 4024 1173 1940
f 288 4044 2498
f 4045 887 2632
f 4048 3623 1007
f 1589 4048 1007
f 3322 2468 3106
f 2166 2040 542
f 1829 3432 2180
f 1753 3968 2445
f 3099 1177 2290
f 4052 223 2131
f 1185 4052 2131
f 2677 598 597
f 3968 659 3300
f 1760 4053 2707
f 935 393 2586
f 321 4057 2312
f 560 3473 874
f 1035 4058 837
f 774 557 555
f 496 1614 2848
f 1445 2284 1885
f 972 4060 3782
f 2271 1153 2766
f 3388 1403 2273
f 1660 4065 216
f 1612 4066 2632
f 3908 3993 3138
f 574 4067 1731
f 1172 4069 1438
f 1181 3020 2798
f 1829 4071 3798
f 537 2619 3026
f 3819 4072 4029
f 2569 4072 1496
f 3754 170 4074
f 3667 1833 3684
f 2704 3047 4075
f 1353 765 886
f 1990 4077 1439
f 129 4078 816
f 1159 2336 3228
f 4079 1967 1846
f 3076 2560 2054
f 2813 3613 4080
f 4082 2403 995
f 2322 4083 3522
f 4084 3951 3386
f 4085 3672 3148
f 555 557 710
f 4087 102 1521
f 4088 829 2360
f 4089 4023 3915
f 4090 4006 3391
f 1649 4090 3391

