# SIM1 short-shirt mesh; source coordinates are millimetres
v -204.139465 9.33192062 -312.980103
v -203.992172 4.55073214 -313.41275
v 437.243103 31.7688923 79.7958527
v 443.138092 19.4301376 85.8914337
v 442.198578 26.114603 84.0171661
v 428.999542 -53.2178459 69.7419586
v 440.02063 -52.8949394 64.4357147
v 136.411606 90.035614 -313.329285
v 129.420822 96.2226715 -313.399231
v -118.838631 62.2082291 -209.728378
v -403.439117 -8.44421673 31.0708733
v -416.669922 -23.2274551 80.9338226
v -428.658325 -22.012558 74.1980133
v -417.751678 -22.5911655 70.767807
v 7.72721291 -117.222717 -291.741089
v -422.87674 -21.8161755 65.2109222
v -419.051361 -21.0506611 61.3303642
v 407.085632 43.5569725 40.2191887
v 403.794281 43.2729607 35.2485161
v 393.253784 42.7391777 44.5829277
v -42.6425438 50.6619797 278.710602
v -50.4419632 47.3761215 275.161713
v 32.493309 98.2260818 130.812668
v 23.2148476 98.4306412 128.785751
v 20.3101673 98.7039566 141.503281
v 79.236618 120.738998 -313.463104
v 83.9786987 118.392662 -302.230011
v 89.4865646 118.299088 -313.374084
v 382.520599 22.9136677 7.36024094
v 376.055847 25.3737335 12.8955498
v 383.897644 28.6560421 7.73933029
v 92.5717621 14.9967203 259.051483
v 92.851944 23.6910496 255.673996
v -397.330872 -17.6639309 47.5844841
v -426.682404 -22.2192001 68.9002838
v 447.187531 4.79722023 86.3335724
v 444.470581 12.450593 87.3463898
v 165.963379 75.7893295 184.877853
v 167.591461 70.6540222 191.828354
v 311.919647 40.2398224 137.540085
v -422.924744 60.7982979 70.8821259
v -427.848114 54.6665649 77.6750336
v 2.12772632 55.7318497 287.4617
v 13.8963165 53.8981094 286.724945
v 15.325099 60.8930206 276.57486
v -41.2097893 -72.0267334 203.589157
v -33.7329979 -70.7976532 211.281723
v -40.5839233 -67.827919 213.17485
v 207.887054 52.7498016 84.9799347
v -97.4057846 95.7476578 -292.164551
v -98.7893753 97.9627533 -301.93576
v 165.611755 38.1517601 -17.1137886
v 169.067337 35.7622223 -10.4058418
v -32.5298119 -117.671173 -303.000854
v -27.2306156 -116.426506 -292.949646
v 416.613403 -58.2953262 42.9122124
v 56.657547 -110.478539 -81.2496338
v 155.339813 -75.1877518 -295.02298
v 147.952408 -83.1250381 -295.632385
v 152.274582 -79.4106903 -303.18576
v 437.009308 -44.9500809 74.951889
v 444.11026 -45.7971115 68.9568939
v 182.838425 -5.45550823 -313.387085
v 181.666473 -13.4001169 -301.690887
v 181.707291 -12.168705 -313.369263
v 439.291748 17.2270947 89.5618744
v 112.114899 -7.96369219 241.559189
v 103.978569 -4.68789148 246.010544
v 103.819405 -11.4564953 243.157578
v 75.9072952 101.043159 -158.256729
v 84.980011 97.5253525 -164.276794
v 80.4936752 99.4689102 -173.638535
v -192.466141 80.3552475 110.588455
v -200.680298 77.9325638 107.525436
v -60.7147293 -82.057991 168.965134
v -82.0242691 75.0930481 -110.806488
v 59.4727325 94.9731827 94.3442535
v 53.4478836 95.879097 101.687057
v 143.620514 50.6722946 -172.584686
v -124.179848 -73.1879807 -160.28334
v -348.817505 -23.8897495 65.8384857
v 189.932434 68.4848328 103.008743
v 202.858109 66.4195175 104.304977
v 182.406082 -74.5166626 78.1978912
v 177.946518 -72.8864975 69.4150543
v 171.17952 -47.7602005 -37.6764717
v 178.992828 -39.3758659 -58.5966377
v -211.602188 67.9115753 188.295822
v -200.815842 65.5843124 193.296188
v 178.586548 16.223156 -280.322449
v 182.94928 9.27119255 -292.383179
v 32.6947365 -113.883667 -249.721481
v -125.574745 63.8060265 -244.43718
v -116.906769 70.3143005 -239.639572
v 88.3574524 94.4463425 180.596359
v 89.2934189 86.7327728 200.054123
v 312.127777 25.5722389 155.742111
v -110.489487 67.3735123 -200.56926
v 172.558762 -40.7093811 -218.98996
v -8.77181625 63.2897682 275.908356
v -16.8736515 64.2612305 273.536407
v -14.1226206 56.0100861 286.498932
v 120.471092 83.2986679 -144.839539
v -198.67775 14.2364492 -89.3077087
v -126.910011 -91.093811 5.45765305
v 52.1704559 -112.977768 -256.171722
v 56.6083374 -113.6623 -267.261292
v 447.005402 -23.124876 79.3392487
v -355.797668 -22.659771 130.731094
v 160.498856 46.0614662 220.68248
v 171.31662 42.8058929 216.708054
v 139.775406 -84.7690659 -19.8665962
v 193.863129 -28.9051704 1.90287411
v 80.025177 -121.340309 19.5738029
v 89.1889725 -119.278954 22.3842888
v -3.50549626 88.4919586 19.6692009
v -12.0223913 87.8525848 18.1297112
v -82.4754257 -96.9148865 -139.906128
v -81.1893616 -97.6946182 -150.273834
v 118.690575 79.2921371 205.881271
v 85.1947098 -112.560547 -36.4505196
v 182.947159 1.12572348 -313.38089
v 182.933182 -5.74544144 -302.210724
v -370.362366 -20.6595039 56.5684624
v 202.937408 -71.7772598 88.4663544
v -336.391205 55.5488739 41.2573357
v -341.3526 50.3688965 37.5623589
v 158.09198 63.1950378 -304.220764
v 163.097549 55.5390739 -305.024597
v -182.716415 -27.2082424 -67.2562561
v -85.033989 74.2804108 -146.238358
v -33.6028023 53.2323418 282.114471
v -159.011353 -48.330307 -103.644684
v -152.499664 -54.8888588 -102.449997
v 166.358871 35.7850952 -263.132965
v -201.07283 -6.1253376 -253.38736
v -201.593018 4.18221664 -251.498077
v -55.7741508 -107.339684 -270.569794
v 27.6081009 -87.2884369 184.564651
v -153.526337 39.6572838 223.295761
v 139.737915 55.9158249 -165.89003
v 141.67543 51.4510727 -158.325745
v 12.6092758 -113.744179 -247.803848
v 166.994125 43.2665634 -288.737915
v 83.2080002 108.447426 -232.826248
v -175.557816 90.715126 134.029526
v -167.346191 93.6009598 144.763901
v 134.726517 82.2048264 -232.600555
v 76.8791351 -115.74691 -313.384979
v 86.0296478 -114.155334 -313.413269
v 81.0990143 -114.348824 -303.800842
v 135.641937 90.7625275 130.573746
v 184.220032 0.63925457 -278.028717
v -196.351669 13.5994072 -187.411407
v -184.89093 23.3215332 -179.545853
v -3.71865869 -111.137321 -163.56958
v -32.5925446 115.677635 -281.300964
v 37.759613 -111.075638 -133.394897
v 40.9932556 -110.836899 -140.835434
v 46.6813316 -110.340271 -132.8479
v 94.8826599 95.5406418 -202.572098
v 89.1113815 97.8459778 -196.436737
v 371.61441 44.6475563 58.9512444
v 180.987366 -85.3773804 122.874039
v 189.454483 -84.0816498 129.896133
v -136.283859 93.2561569 177.4384
v -131.43309 91.5764694 187.046616
v -93.2995682 24.5866241 247.303268
v -96.3146133 14.3151331 247.939072
v -91.9524384 20.7786274 251.632065
v 141.75032 54.5345192 -83.03685
v -33.1108093 92.12323 64.8784943
v -55.7613907 95.1716461 90.3083344
v -65.0604401 94.8416138 88.7546539
v -44.2868271 -111.780182 -44.4267769
v -354.66449 19.6822548 22.8716545
v -356.198059 11.3940649 20.8549919
v 181.795532 25.8746643 215.868454
v 196.995667 18.620779 211.655807
v 187.232574 34.1507111 212.247604
v 109.764725 -81.3121109 168.967239
v -20.6132183 99.3896942 -142.6828
v 238.883255 13.8302279 193.564499
v 242.490768 18.2366619 190.546921
v -58.5455627 88.9734573 -147.909836
v -378.652863 -26.6747856 75.780014
v -391.515686 -25.0143394 72.9877472
v 24.8123722 -112.497101 -200.641617
v 30.0093193 -112.453453 -209.281509
v -314.5979 37.3998299 161.955795
v -305.672028 37.4961472 165.074051
v 183.257416 10.9884014 -147.228622
v 173.348495 22.6167679 -146.96991
v 182.778503 12.6242218 -139.085068
v -330.3815 -26.6570816 73.8691559
v 182.831253 44.4277725 53.7731133
v 175.172379 59.3532867 75.6364288
v 168.846375 66.65905 84.217392
v -208.569839 -56.2272339 119.800797
v 129.196228 -83.6330338 -124.72821
v 131.99881 -81.3423386 -109.283478
v -98.3159714 -92.1269913 -209.353668
v -106.730309 -89.5820923 -226.367569
v 209.149551 -8.22491074 -9.74574661
v 199.792801 1.04716086 -15.4179878
v 201.242538 3.24665117 -3.75740433
v -173.7164 -53.6734543 41.5793877
v -181.371368 -45.3935013 39.9004021
v -238.563736 74.769577 99.5738983
v -225.222885 61.3957329 83.6959686
v -238.467072 65.9654236 89.6977997
v -232.195633 69.3835678 92.8839264
v 97.5424271 -110.634033 -304.312469
v 103.200882 -108.779465 -299.077362
v -46.7511101 85.6951523 -73.872406
v 273.903687 -68.9878845 136.770126
v 165.158356 50.2951241 -299.116425
v 165.561829 54.1884346 -313.388245
v 103.342697 92.0697021 -198.218231
v 175.152634 9.98654747 -230.907379
v 357.641357 -14.7894745 144.315903
v 360.487061 -3.72921777 141.71666
v -219.068253 -32.4596405 69.581955
v -207.650635 -35.5133209 65.3032379
v 68.3900223 -113.640152 -279.38678
v 293.825256 -67.9452286 107.170395
v 316.780487 -55.5334702 127.749252
v 315.4133 -53.312664 137.630936
v 277.492828 -19.2649384 48.0918083
v 285.4823 -8.51715565 43.7050591
v -297.399567 78.6059113 84.2357025
v -290.455139 80.8232574 92.3781281
v -289.110657 77.0072327 86.3948212
v 20.51511 91.9957581 -37.0109749
v 15.0671701 92.3859482 -44.0188484
v 19.8229446 93.8130035 -57.908802
v 275.466675 -36.1732216 175.936935
v -13.524888 -102.299095 140.781204
v -48.4792442 -68.7552948 205.488266
v -57.6857872 -64.5220261 207.330002
v 99.774086 -103.99527 -72.2862854
v 100.169357 -102.473801 -83.1295471
v -86.4312973 -106.032532 85.1659393
v -332.005493 -8.6312933 154.554672
v -314.466492 -6.73673534 162.896317
v -320.623596 4.80353069 161.125687
v 177.341812 -15.4430275 213.39592
v -211.034943 78.6996536 180.199112
v -226.559952 67.6723175 182.631668
v -333.85965 15.3345165 30.4953728
v -330.802338 7.85495949 30.8346977
v 65.2358932 -99.8189697 147.189682
v 76.8014603 -100.01059 142.699753
v 89.1271515 85.5794983 -36.9475288
v -136.441208 -85.0525665 14.4136162
v 8.01085758 -104.006248 142.098434
v 76.1294022 -105.197777 -135.987213
v 77.9238358 -105.150719 -122.108246
v 20.7783985 82.7646866 240.507736
v 7.30723286 83.6247559 240.887863
v 7.74964428 80.2324142 249.433212
v 212.282898 10.9700651 207.241806
v 192.119049 6.82540035 215.601425
v 226.798416 -77.6867599 144.242264
v 218.849716 -76.0041809 148.98082
v -133.55603 -66.7275543 -206.674469
v 257.239532 -55.94981 169.401932
v -67.6002426 86.7934113 -164.589432
v -73.8045578 82.2390518 -156.857086
v -66.0227051 86.0581055 -152.38591
v 163.880112 -55.000679 -40.4245796
v 111.335335 96.6559677 -265.519775
v 89.665741 -107.527802 -219.994919
v 97.8420105 -105.049263 -220.405853
v -68.0662537 -101.988007 -165.653549
v 184.568573 32.7868767 31.8852654
v -99.7617416 98.7865753 126.999161
v -113.350906 97.6026154 124.745316
v -54.6494751 84.1788177 13.8392448
v -55.6486549 82.7750397 -0.744037569
v -178.184952 -38.6106224 -270.673553
v -162.663025 45.1765671 -278.092438
v 376.319092 -52.9683342 39.8491325
v -32.2743149 -109.22319 -89.4416046
v -48.6516418 -73.1595612 195.853958
v -118.621513 -76.3193817 147.040817
v -123.150192 -78.8028717 137.708969
v -202.783783 -35.3108521 170.351974
v -215.8573 -33.5610352 167.466476
v -206.931442 -44.1058846 158.661575
v 199.011032 -15.8926058 -46.2015266
v 190.807373 -26.2125797 -51.9975471
v 155.280807 55.035965 -257.242828
v 127.073067 -84.4835663 -148.223999
v -28.7107925 -119.883224 -313.343658
v -15.897131 -120.567535 -313.300873
v -3.07402658 -121.110046 -313.282715
v -35.0731773 -119.326981 -313.412231
v -44.8569183 -117.076286 -313.368958
v -171.262955 -59.5360603 59.4400444
v -162.082092 -66.470253 52.1351738
v -256.771942 28.7158165 58.7845268
v -381.787018 14.7652779 141.861923
v -389.594635 2.49484515 134.474808
v 48.1583786 100.487717 -113.170822
v 35.2358971 100.054329 -118.438431
v -156.45546 42.677887 -202.537323
v -69.5096588 -114.995522 0.30424127
v -61.4045372 -115.653313 -3.93983841
v 12.4722834 95.778244 -85.3516846
v 18.7652397 96.9197311 -94.9399414
v 180.337128 -34.577034 -106.436829
v 179.325027 -37.1172104 -98.6017151
v 59.6448822 -113.354836 -52.0259285
v 63.7329636 -112.105942 -59.7173958
v 290.58075 -33.1414261 170.714249
v -197.811218 -15.7736168 -236.156204
v -195.46344 -25.222578 -237.332977
v 148.40921 -92.3148422 89.441452
v 145.441589 -92.8059311 104.076431
v 335.692902 -38.7727699 39.3298149
v 12.6515837 -112.648605 -93.3385773
v -194.246155 -27.1602573 -217.150467
v -441.863342 36.1330795 95.9130402
v -431.76358 35.8002319 100.763229
v 176.628677 39.4589729 30.3405876
v 113.669479 -96.8240204 -99.2522736
v 120.789185 -91.5551682 -103.582962
v -322.658539 58.2437897 149.038132
v 170.412628 45.3445892 -313.248199
v 60.2029915 113.251892 -243.098495
v 66.3933945 111.929649 -221.291443
v 10.7485552 -121.041641 75.1329498
v 2.73757434 -121.676025 67.5162811
v -260.267761 77.9610062 156.600052
v 190.727051 -73.1304932 158.819656
v 200.543762 -69.1489334 162.667374
v 95.4863358 -110.452751 101.353867
v 108.238228 -109.179977 90.2872772
v -283.740173 -41.9026031 125.83699
v -287.047424 -39.844532 114.676834
v -35.4407425 -108.06665 -149.355331
v -30.4709377 -108.62307 -133.253983
v -40.1791916 -107.341133 -138.525803
v 136.330856 -45.3055763 205.623886
v 126.886421 -54.2205353 200.031174
v -162.14006 71.1449127 202.319138
v 110.989922 87.0413589 66.8316498
v -129.128616 54.6978607 -188.396164
v -150.240219 47.6024933 -167.412704
v -154.287399 44.9867935 -176.789139
v 75.985054 -113.95742 -37.5968819
v 73.2829819 -111.727348 -54.9602242
v 92.9564743 -109.482643 -46.3031502
v -3.51363754 -115.018074 -274.911621
v 6.79031372 -115.572304 -275.758301
v -1.53088903 -113.844009 -260.504211
v -15.887023 98.7511978 -132.940262
v 10.8875837 -122.513512 4.13447189
v -63.3974991 -74.1131439 183.972916
v -291.973846 68.9652023 151.165207
v -284.343079 67.4956589 157.725296
v -179.86676 32.6529922 -284.084015
v -203.466354 14.8017864 -35.818409
v -214.23819 5.9973464 -32.1445808
v -192.542542 23.360733 -46.769001
v -197.818436 19.3077011 -40.8108101
v -232.675552 50.599205 74.0830231
v 289.990723 45.5068855 140.041977
v -59.1422005 98.2711563 119.625748
v -355.735596 -11.9077358 45.8410454
v -349.099731 -12.8412485 48.5532036
v -166.753403 -41.9056549 -69.8558197
v -173.679489 -35.7794189 -65.1167908
v 101.700691 -97.7561722 -134.439835
v 93.8072586 -99.9620438 -140.912369
v 106.127029 -96.2864609 -142.022614
v -259.238068 34.181324 187.736649
v 126.330864 -93.3992233 -43.800312
v 3.33524323 -121.45417 -313.260559
v -200.176743 9.97988701 -119.888092
v 424.099487 -16.2535286 98.0549469
v 182.028275 76.0412064 168.300339
v 195.61528 69.8180771 171.762192
v 58.4710541 -118.537628 -313.335968
v 49.2497749 -119.701294 -313.348114
v -157.381668 -49.9475784 -115.492447
v -1.13344276 99.4469986 164.932968
v 0.467259616 98.9100189 174.288162
v 9.52819443 99.09832 168.313095
v 10.9965677 67.9429855 267.594818
v -1.32304442 72.1477051 262.713959
v 51.2668076 112.672562 -247.739334
v -224.107559 80.2676544 170.32579
v -172.435349 -34.3556671 -114.983597
v 229.920853 56.9963226 97.9732819
v 236.17923 60.1612434 112.204971
v 174.952667 -34.7159157 -150.605667
v 177.586075 -31.1824589 -144.44043
v -186.094238 -27.1955948 -28.8070564
v 75.4283676 -115.79641 94.2446747
v -2.58331323 112.048347 -279.837036
v -84.2622375 -112.334732 2.25632858
v 417.751801 -57.7382584 35.6334343
v 403.702698 -56.6012726 37.8194389
v -240.898422 4.70774412 39.4611931
v 153.431213 -75.6578674 -252.502304
v 176.5336 -32.3121719 -313.338226
v 173.291092 -41.2771683 -313.395599
v 38.7814522 96.5861893 -78.0494843
v -62.8615608 -110.764427 -305.391449
v 103.998955 32.419529 244.915146
v 105.424438 44.0041771 240.211899
v 96.8434601 36.9144325 248.007187
v -184.441513 -23.9008617 -90.1605988
v -179.772949 -28.9027252 -86.4476013
v -208.206619 30.472374 37.7040215
v -221.511276 24.2047005 42.5070915
v -43.2349892 106.598114 -242.926346
v 185.657043 -33.6773453 -16.998127
v -259.411957 14.9014883 50.8131828
v -218.074173 -49.0596695 96.5464325
v -28.2556019 118.114342 -302.821838
v -33.4553986 117.510742 -291.332245
v -110.619514 47.4140854 238.637253
v -103.234093 39.959713 241.770493
v 432.606964 37.0251274 75.2873993
v 429.262848 39.3761635 70.5544891
v 426.229919 37.2138977 79.8612823
v -318.720764 53.9566002 49.0972099
v -410.766693 61.5163803 74.2190094
v 223.62677 59.8019562 100.443375
v 376.372009 -15.7719526 6.41123581
v 383.2146 -10.7169065 2.57700729
v 385.890167 -16.3086376 4.20862961
v 115.248337 92.2187195 172.601242
v 171.546524 21.9860935 -198.059311
v 177.030075 15.9562502 -187.832123
v 147.694 -73.8057098 -193.051117
v 154.134476 -68.409668 -191.156982
v 160.464386 -64.196312 -198.626694
v 130.81456 64.3563995 -70.3427734
v 138.724701 58.0927086 -62.4233437
v 226.681534 -57.060833 173.20488
v 152.991867 -78.5393448 17.3550224
v 148.83429 -81.1094818 8.4018364
v 155.78595 -74.3263321 9.25587082
v 30.9818153 -123.551697 16.907177
v 45.8350677 -123.657234 20.4220085
v -98.828537 -2.46666384 241.369797
v -98.7097549 6.11603642 245.040512
v -169.736786 42.3708267 -313.394348
v 42.9096031 -85.5696106 184.224136
v -13.0572004 115.894684 -313.349579
v -7.76795149 114.944405 -313.360657
v 302.313416 46.6397133 128.995865
v 86.3375092 28.6979942 258.95462
v 80.5146866 24.4190369 265.222198
v 86.6010056 19.7165775 262.18924
v -117.387497 95.6130981 110.652298
v -182.401443 75.0916824 93.2816315
v -351.562225 -29.0681896 116.621658
v -352.343323 -31.4357033 101.788681
v -161.438889 -55.7077103 -7.35847855
v -196.051941 80.9284363 182.849075
v -209.774048 82.3517532 174.142899
v 184.984009 6.86976051 -124.577179
v 187.004044 -0.767224908 -124.103317
v 307.065582 39.8965454 141.076157
v -202.620163 68.2532501 88.2815094
v -202.884628 -14.8695221 0.173961714
v -376.792908 52.7999611 16.8324089
v -382.843964 46.4483757 9.57368088
v -384.289032 55.4332428 11.5883904
v 132.615234 82.6747208 -222.634705
v -199.195663 5.58371305 -218.962799
v -199.350922 0.536343873 -225.003189
v -33.3086548 -110.791077 -66.3323822
v 170.190948 72.5144577 100.988724
v -71.8832779 -72.59758 181.47905
v 117.135086 -104.316681 -313.352295
v 112.721657 -105.502785 -302.625336
v 109.477074 -107.15226 -313.354279
v 93.8705826 -111.967377 -313.383423
v 89.3517456 -112.855988 -304.01889
v -79.5817261 63.2515793 247.279648
v -323.38147 -31.0581608 84.4163666
v -261.95401 -38.2583389 146.368576
v -247.463013 -43.8373833 138.488144
v -285.2258 -38.7614059 135.28511
v -218.451141 -45.6708603 153.668991
v 52.8222961 97.6702652 125.80336
v 37.4373779 97.8933487 122.725143
v -122.86145 78.2503357 -296.137695
v -128.965332 75.7567444 -303.298584
v 146.7267 51.2476616 -60.04282
v 152.595245 45.6757431 -68.6326141
v -36.2289276 -111.451126 -276.26178
v -275.934937 51.387207 174.102097
v -420.488983 63.8109741 67.463913
v 134.299866 73.6722794 40.0103264
v 39.753521 46.1720543 282.766876
v -95.7463608 -17.935936 234.161301
v -110.953285 78.1464691 -251.699203
v 67.684082 -117.153625 -313.365051
v -403.322174 73.626503 43.0832939
v -394.951111 73.279686 47.849987
v -399.745117 74.4371643 36.0235405
v -396.163391 74.6488495 28.7450981
v 340.032318 -62.2586517 89.7718353
v -202.900528 -3.79093552 -103.249069
v -199.481369 -8.34080791 -90.0610046
v -163.516724 47.4360924 11.0258904
v -160.082275 47.5113297 3.7054863
v 71.9985886 -109.203545 -203.307999
v -107.855659 -89.3954849 -77.2006531
v -140.333786 67.1854172 32.2740288
v -134.11351 68.9172287 26.8416557
v -168.004745 92.9689865 162.154221
v -169.36795 94.3907623 152.826584
v 121.370628 89.989624 101.493301
v 128.405975 89.4790192 108.317978
v 163.027298 46.3159904 -274.975037
v -101.945107 71.7263412 222.353134
v -112.698486 67.9653473 223.154953
v -107.465202 64.0421371 229.772568
v 171.471268 -43.567955 -227.112152
v 220.034348 64.0911026 112.75618
v -147.897369 46.5415001 -206.707504
v -254.53508 85.5762634 131.079514
v -244.363373 86.31633 143.405685
v -128.275726 -74.2440109 145.424454
v 36.8083916 102.5867 -141.80542
v -30.3847275 96.4000092 98.9456329
v -28.7129631 98.1756668 115.117111
v -142.671127 60.3146439 14.6612663
v 180.557175 20.4785652 -313.422791
v 178.23317 23.3934307 -298.84671
v -347.012848 72.5001602 115.94191
v -357.339844 63.3930397 123.014603
v -342.38559 68.95681 123.648575
v -55.9132957 94.2892914 83.3016815
v -58.3906746 92.732399 73.7135468
v -58.3077621 -103.392387 -100.095154
v 131.30098 -93.959816 -278.948486
v 352.834625 52.9040489 92.0695038
v 368.382874 49.8031464 92.2268524
v 93.1762466 96.8397293 141.80394
v 52.9406586 45.7550583 270.54129
v 53.4686966 52.8739357 261.808746
v 52.2476501 40.652607 277.713776
v -379.390289 69.4575653 25.9843559
v -424.86734 -16.6334229 100.714798
v -432.287811 -11.9432402 105.774124
v 56.2772369 121.552933 -313.466614
v 44.1828194 119.610054 -313.353149
v 54.9314308 119.8918 -305.370483
v 141.470963 58.0578423 223.660507
v 105.449623 -105.184875 -56.1859932
v 103.026871 -106.929939 -48.9731026
v -392.472717 63.5339241 92.3097992
v 73.8862076 107.038292 -198.571487
v -103.80954 68.1273575 -180.749893
v 43.5307007 -114.342407 -52.4857063
v -64.3045425 102.568192 -255.563492
v -68.9573059 102.390709 -262.861176
v -41.2563248 -119.080208 55.4878349
v 89.7113953 -63.7194176 206.67485
v 80.8354492 -64.6326752 209.842514
v -162.928421 8.76538181 216.443649
v -144.617767 -2.63286495 219.301132
v 143.339584 53.1153946 -181.557007
v 137.275482 61.7675705 -172.14798
v 130.482803 -82.8059158 -98.5819855
v 293.258118 -64.8148346 84.6574249
v 287.053589 -62.4175682 81.2620697
v 283.541199 -57.0218086 74.4122467
v 114.92643 -99.2849808 -228.547348
v 43.118824 -74.0054245 213.160202
v 43.3915329 -77.0226669 205.750839
v 48.1097603 -72.1601715 213.894699
v 134.853607 3.88111591 236.907639
v 125.161774 10.9188156 240.511154
v 122.227539 4.17187119 241.830856
v 184.148972 -10.0767984 -201.523636
v 177.959732 4.50985146 -212.394394
v -145.466766 -61.7416115 -80.5944366
v 57.6823616 -118.784859 -16.9617195
v 42.8097115 -119.770927 -13.554615
v -202.63327 7.31247568 -177.908661
v 393.726532 -32.7867165 10.4090385
v 391.111755 -27.223568 8.13163376
v 104.984886 100.925507 -264.973999
v 108.284721 96.2656937 -254.152283
v -7.35312271 111.664955 -264.139923
v 331.628723 41.1590424 124.352341
v 345.367798 51.5551376 82.6516266
v 359.521362 48.557045 70.5228424
v 127.421562 68.9603958 -97.6164551
v 136.444626 58.0498123 -104.060867
v -404.420319 -10.8917437 35.5585136
v 166.878738 29.7695885 -247.540237
v 185.852005 -85.3562088 110.847153
v 172.516266 -86.4149933 115.226852
v 144.225388 -76.9221802 163.223495
v 197.322708 -56.1300201 60.5486259
v -157.986221 -50.4248352 -251.118729
v -160.520172 -50.0202827 -259.930084
v -145.888306 -61.4180107 -258.615173
v 174.228455 21.0060711 -60.1260414
v 171.899612 27.2999458 -69.3764343
v 104.023392 90.5352936 -149.17746
v 123.778656 83.4430237 -169.734222
v 84.5588455 98.1583786 -181.432343
v 90.8755722 95.8045883 -187.269501
v 341.699066 29.5862293 36.9915886
v 339.858612 -4.64039516 24.3918877
v 318.524017 -13.3387346 30.1038017
v 398.841125 -37.8432961 106.318893
v -201.322678 36.0143166 40.0345879
v 239.808075 27.777729 189.181046
v 70.3222885 110.612923 -208.412811
v 208.754456 66.8438416 165.187607
v 199.422348 70.9632263 163.415817
v 197.989975 72.9445038 155.538315
v 385.365082 -57.960144 74.5728912
v 370.549957 -59.5929871 61.6734428
v 362.901611 -52.7671814 105.216324
v 375.836548 -48.610405 107.838516
v 393.048309 -56.0711594 80.3726959
v 398.936768 -52.5305214 86.9652863
v -189.808258 19.4583282 -135.125565
v 25.0899811 110.394279 -265.285797
v -210.544159 73.67659 98.0102692
v -224.358032 81.4661407 111.802811
v 35.131855 -75.8809967 212.337875
v -124.932755 82.1122131 -313.401154
v -121.036896 82.3766403 -304.77475
v 21.4020329 99.4660339 -121.416901
v -23.9380093 -109.393555 -192.653137
v 57.0073395 -109.43177 -112.408905
v 162.613678 -54.3359833 -160.927521
v 33.473526 103.179962 -154.923492
v -102.344246 90.347084 72.8117828
v -361.366943 49.9972687 29.0100822
v 210.683792 -26.1748581 39.10606
v 214.060196 -18.3488979 32.6436577
v 219.633484 -15.9547148 39.0164909
v -8.54477596 95.5964737 -96.2517395
v -16.835783 95.1265869 -96.7024231
v -44.0137634 94.1242142 -142.683838
v -41.2429543 95.977684 -154.241623
v 18.9784889 -112.216209 -171.62912
v 26.6313953 -112.053337 -175.301514
v 136.183014 -93.3924255 -304.836609
v -150.561829 -57.1111565 -93.9196625
v 124.95166 -100.575096 -313.36795
v 210.497772 68.0523376 118.166183
v 174.508713 23.860548 -118.554764
v 163.689301 34.1129799 -113.012009
v -125.945679 72.1903458 215.378403
v -130.83963 81.0602417 204.673325
v -207.283875 2.46634102 -120.269669
v -88.7702866 -94.7397614 -102.96283
v -87.6850967 -94.8008499 -109.267883
v -113.667015 63.4399681 -111.095459
v -83.3287888 74.6544189 -121.335083
v 36.1907883 -112.222092 -214.741592
v 56.0272636 -110.026283 -169.20668
v 48.2140846 -110.545067 -165.017059
v -45.3102913 -117.547859 -5.35020828
v -165.301636 -57.6363106 9.90885544
v -159.499847 -62.3364525 6.65714645
v 83.7193832 88.1418762 49.3940239
v -211.894394 89.708168 151.917984
v -198.042969 92.4489975 145.400894
v 432.693054 -35.528244 83.7910919
v -154.161362 73.5629044 66.5640717
v 57.8942032 37.8928528 275.40451
v 57.0888367 91.6649704 -30.1880074
v 274.01059 -54.2748756 71.9084015
v -125.704292 -84.851532 116.388718
v -118.308266 -91.1959991 104.081131
v -211.231079 3.14839125 -61.5785103
v 124.951523 69.3124771 -78.0298309
v 115.304878 -109.754501 66.0806732
v 128.567352 -103.306305 55.6679497
v 105.015022 -108.864464 98.1117401
v 180.635208 -54.0755424 26.0159416
v 188.124084 -45.4916878 24.9577446
v 108.899529 -99.3562775 -202.019852
v 108.17849 -98.8879929 -192.277084
v 118.779602 -92.4918365 -168.850067
v 105.832436 85.6352997 -91.8890381
v 98.8462677 88.4759293 -97.6777039
v 195.213333 -79.0882645 143.441971
v -227.43483 -30.1405182 168.341568
v -11.7513056 -117.985168 84.9612885
v 178.100113 -27.869978 -305.138275
v 177.129929 -32.4643974 -294.02066
v -213.812225 39.1732903 204.041794
v -217.839935 29.2563667 201.170944
v -215.664642 -13.4246721 188.137344
v 187.579727 63.2010422 93.4706268
v -70.6074829 95.3954163 200.05162
v -57.4051895 93.3098145 207.736008
v 120.071793 -99.8054276 -40.9152107
v 120.945496 -97.2372513 -51.2592049
v -167.203766 89.7894135 127.55928
v -161.75473 91.8599091 134.813492
v -153.155197 91.7820206 126.024857
v 109.383614 -94.2088699 142.071091
v -137.272964 -84.7157822 43.1377373
v 18.7130947 -81.7410889 202.637253
v -176.731873 51.9167328 44.3156853
v 69.9260712 94.4317474 91.8769989
v -359.93869 -3.49259138 34.5285149
v -373.852173 -8.23003101 36.7367668
v -134.534012 56.9543533 -37.9626045
v 43.4741631 -113.29731 -250.502014
v -174.409607 -24.3358688 193.425278
v -200.184753 -11.0691814 -163.177429
v -199.927673 -10.7819338 -171.008423
v 17.0577869 109.973427 -269.875305
v 180.052032 -53.3857155 185.268967
v 171.787491 -56.1823235 183.982529
v 104.519958 88.8408813 189.482803
v 129.560562 83.6491928 192.087814
v -269.554535 -31.9918461 85.0225983
v 150.992844 49.6517792 -28.5142097
v 143.639023 55.9534721 -26.7495003
v -53.5850334 120.163994 -313.452209
v -64.8046951 117.088013 -313.319336
v -60.0746498 116.256905 -305.833466
v 129.141418 83.5152664 77.772171
v 119.44342 86.8320389 78.8093719
v 133.881348 86.14151 98.0451202
v 349.062653 -2.66886687 21.7490654
v 155.877411 39.7421837 -210.177658
v 153.27739 42.0570526 -202.912643
v 159.631729 34.6559677 -199.530197
v 217.277893 -7.28660011 15.8744011
v 214.420563 -7.67943382 7.13529587
v 185.375519 1.48515761 -173.310104
v 186.533737 1.55371165 -160.734818
v -191.685135 -24.7443142 -169.051361
v 180.559601 12.3141327 -178.579697
v 184.004303 8.85117435 -159.292969
v -201.300766 -23.333252 30.0718193
v 65.8716736 50.3177643 259.534149
v -62.5365753 99.5630493 -236.383301
v -54.6666183 102.434837 -238.158981
v -265.134705 5.90850067 46.9891472
v -258.366699 5.20022058 47.3249626
v -190.366089 -52.6718903 154.596542
v 144.33432 -81.4069366 -13.7024727
v 151.383408 -71.030777 -28.133564
v 154.627502 -69.5653534 -18.9376717
v 158.263062 -64.0652924 -25.427021
v 160.077393 -60.3515968 -33.6544685
v -98.4080429 77.7530746 11.7394524
v 429.344696 19.0726585 95.2918854
v 194.768356 -28.6343269 201.706772
v -207.852692 -21.3257446 41.4301262
v 364.068085 -41.5302544 27.4698601
v -74.6247635 79.6405258 233.075119
v -65.8539886 77.4739761 242.184067
v -197.44487 60.1230812 74.2340851
v -65.6656036 40.3702698 267.528473
v -58.0786362 43.8244972 271.366852
v 140.065933 59.7565689 -184.135513
v 136.003296 65.6619034 -177.657104
v 261.332397 -32.3847351 59.9060478
v 261.107391 -46.4417038 68.6173553
v 252.896652 -47.398819 70.3065033
v 335.019104 -57.4317894 60.0106926
v 164.063858 -72.0925217 34.300518
v 157.325073 -79.0771027 39.0081291
v 155.581787 -78.0362701 27.7201653
v -225.036499 -34.7666435 74.6470795
v -5.68196869 -111.033821 -109.711746
v 105.724686 -106.173241 -267.941193
v 81.3373795 -112.764481 -286.24646
v 75.241951 -114.487526 -295.019958
v 165.042511 -56.4539032 -174.283722
v -41.2336731 -118.341988 64.8306427
v -50.5027924 -117.48307 61.7172661
v -86.3826981 60.5292091 244.910324
v 175.698929 47.378582 48.4969292
v 257.752228 -16.5372086 55.3558464
v -276.221985 61.5761375 74.5680695
v -287.95813 63.8742905 72.3597565
v -247.149445 40.3337173 67.6424713
v -248.193985 53.2852783 76.9826508
v 249.138885 -76.5921936 112.837234
v 234.569733 -78.9597015 123.633621
v 267.629669 -71.1813583 92.8644257
v 276.006622 -70.1531372 92.2585907
v 273.235504 -72.4086456 101.534714
v 263.40744 -75.0342178 115.28447
v 262.608459 -73.3042145 100.507187
v -162.634689 42.5575447 -82.3951111
v -160.59169 44.1009789 -96.9402161
v 51.3323402 -115.889458 -38.7555428
v -374.728241 1.84487617 138.848007
v -157.8004 -52.2463989 -153.830063
v -147.214661 -62.0224991 -147.159409
v 377.381653 40.8907051 104.945724
v 369.667328 39.4374084 110.946213
v -264.181915 -33.885685 87.2136078
v -265.426971 80.880127 105.874893
v 288.304993 24.0683022 57.1538811
v 193.473312 -22.8957653 -67.3867798
v 191.384415 -25.3202438 -74.5364685
v 95.9100494 -102.393517 -96.8638763
v 107.496956 -98.6847992 -104.095322
v -373.017761 76.1010513 88.7119598
v -377.262665 74.9082108 71.2237701
v -374.851227 74.6917953 61.6090813
v 12.1922646 -123.830276 26.6826286
v -113.440163 78.3961945 -263.821747
v -114.572685 79.6152039 -275.091797
v -175.188721 32.2356644 -138.556046
v 152.692413 -63.1243401 -71.4396973
v 174.278992 -42.3694611 -270.396759
v 53.8204231 -114.485039 107.566269
v 63.7991714 -111.190826 117.93898
v 365.050751 34.3534546 121.032303
v -318.306641 -28.0027142 134.883163
v -326.092743 -26.8958263 128.687485
v 7.20985889 -116.054688 104.448349
v 235.133759 -78.5665817 134.246719
v -438.869965 -17.8714828 88.6810455
v 289.502563 6.44590092 175.397324
v 297.603088 13.9204979 170.161545
v 288.63797 -18.8762531 178.698654
v -164.473831 36.7057114 -238.186569
v -157.221359 41.6910706 -243.025024
v -172.711639 32.4189491 -241.429047
v -195.354858 15.2314615 -212.870743
v 101.553116 94.8395386 122.64476
v 110.124718 93.5449371 119.054092
v 104.579559 93.531105 111.344742
v -125.615448 61.4143066 -233.893463
v -118.737228 65.546524 -224.267395
v -172.564835 67.1852493 70.5640106
v -98.9797974 81.8207626 -225.430267
v -105.177193 80.1035309 -237.259705
v -3.76193333 56.2626915 287.578949
v 185.765503 14.7728777 -31.6642952
v 175.983322 27.4295292 -28.0720406
v 180.000549 21.5655251 -34.8568001
v 176.795273 -31.301899 -208.190033
v -62.970787 -96.7401581 132.842667
v -68.5040436 -98.2998047 124.6978
v 392.121613 -34.7670631 113.333359
v -179.365097 -39.1325912 -313.26889
v -183.447739 -35.1445541 -300.513275
v -184.12265 -32.5612564 -313.363647
v -161.754318 -48.3685913 -207.74147
v -435.753326 -4.24156857 110.325394
v -444.719635 -8.67467976 99.3724518
v -165.950272 -44.1926575 -155.74884
v -265.165009 -35.8737259 149.717209
v -155.33873 -57.2603912 -281.749817
v 132.210312 62.9567871 -124.452591
v -24.8669529 92.4881744 212.046066
v -26.021471 89.5808945 219.983871
v -11.6202641 91.445076 217.049423
v -248.375473 4.65824127 46.7809258
v -336.733612 24.0893688 31.2664299
v -339.020294 35.1700974 33.6193657
v 152.238251 -76.5805054 2.03458786
v 25.8557034 -112.389511 -90.3671722
v 38.8699341 -111.491791 -88.7176056
v 26.1799221 -112.852188 -81.9126129
v 70.9337387 -86.6374359 174.157211
v 81.3078766 -86.936615 169.591507
v 56.8006439 -84.9293213 182.030869
v 139.666016 -85.1904068 -230.784439
v 146.12001 -79.0615692 -223.812866
v 77.6370316 93.2138367 -82.2892151
v 83.6206207 90.037056 -68.4476318
v 83.6593475 91.1023483 -77.7550507
v 81.2381058 84.9107971 16.7237358
v 92.51548 82.9549561 7.60194016
v 79.8115082 85.5381927 4.58762741
v -151.559509 -57.4672852 -263.778351
v 83.4967957 97.4279709 -145.039688
v -288.732483 45.9152298 59.3504143
v -301.038879 55.2947617 60.1111565
v 169.332687 -46.8156776 -95.9142303
v -124.905121 88.2835693 77.4405365
v 9.23769474 -114.178307 111.455002
v 241.913132 -71.7384109 152.188614
v 196.192566 -27.4803791 6.17524338
v 64.8649902 -119.461693 -9.95686722
v 71.2011795 -119.422737 -6.05916214
v 447.77417 -18.0219746 80.807785
v 137.962051 55.4764175 -126.04718
v -46.8128967 -110.704361 -285.464752
v 348.821045 -43.9400749 132.280899
v 34.2607765 89.4325027 36.9550591
v 8.8579483 91.6496048 58.5499077
v -6.82482529 90.7315903 51.8678093
v 410.503754 -51.6999893 24.2570915
v -151.959549 -9.37896729 212.673996
v -118.759933 -22.534399 218.789902
v -147.724457 -60.1756134 -57.2304268
v -147.819092 -59.4900589 -67.4062805
v 287.948669 -53.2053223 68.0678558
v 385.146271 45.2537346 66.2919769
v 393.908112 43.3591499 70.3890228
v 421.688843 40.1889915 72.8867645
v 416.113068 41.3305244 68.7817841
v 416.972778 43.3074112 55.1414299
v 421.307709 42.329998 60.329998
v -234.094788 58.8828697 184.988052
v 359.676331 -22.5400791 140.024429
v -68.7291946 81.4831619 -131.292236
v -121.950165 -15.7442532 221.508408
v -114.807594 -15.6363497 225.366013
v 388.147858 38.4180756 13.7453728
v 160.297348 -54.0761452 -124.734329
v 251.05835 52.3368034 158.903397
v -150.290833 93.6319809 168.211044
v -145.96199 92.1920166 176.278519
v -140.232819 94.6721191 168.743759
v 96.774147 110.29406 -280.102509
v -5.0088501 -122.649368 32.8554497
v -107.193764 63.4818459 -127.834717
v -307.102112 80.6369629 123.965317
v -84.7966843 75.9948578 -159.404419
v -85.2508926 79.9113159 -181.830093
v 324.721069 32.4220314 49.188549
v 97.6281357 -100.316483 -116.270035
v 85.8003311 -103.788109 -111.075897
v 114.613129 -95.5154343 -110.430786
v 106.643326 -96.4692154 -133.095703
v -116.761314 -89.4395065 -303.346161
v -125.457558 -83.2661285 -303.222809
v 152.781403 -52.1118622 193.615128
v -72.7372284 -100.122726 -187.035202
v -60.2746429 -102.195488 -187.104553
v -27.6754208 -109.071602 -171.487564
v 183.129288 -1.61101234 -82.6295929
v 179.185486 11.1799564 -81.6594086
v 3.6985302 -112.258232 -88.1300201
v -23.5345039 -109.966148 -89.1237335
v 160.28981 79.8309326 180.028458
v 297.900787 -21.2446976 43.2429314
v 312.15506 -64.6427383 97.6677399
v 303.799194 -65.769928 99.9745331
v 140.233322 -70.1837311 176.285446
v 135.01593 65.6902237 11.2077751
v 166.347855 26.8782692 -230.520599
v -20.0925312 -117.754944 -19.3058662
v 15.8815489 -112.474808 -116.174225
v -183.155273 31.6561584 -313.430542
v -187.35051 27.8652725 -313.471313
v -2.9219892 110.489594 -253.476517
v -99.0926895 84.8647079 207.090927
v 129.746796 -92.4307938 -229.176056
v -106.806374 98.9518967 154.961594
v -118.14994 98.0242233 157.906631
v -236.940765 -37.6448479 82.2323151
v 102.66552 -110.529755 -26.6640511
v -102.874855 -73.0025024 162.574356
v -93.6559143 -76.194191 161.24855
v -15.0828323 -112.101372 -249.332153
v -9.77613258 99.641922 146.718552
v -20.8109951 99.7298355 141.268051
v -18.4017296 99.933548 150.76503
v 215.93129 -77.9967804 143.379959
v -262.773254 -19.1092911 169.948959
v -272.255035 -12.3987484 172.762863
v -276.248535 1.50589967 179.310013
v -266.917999 -5.8689642 179.27092
v -268.01355 3.58260775 181.614792
v -119.845901 -76.8471985 -144.826218
v 105.74144 -114.510765 20.1829948
v -62.3684654 88.0170135 45.672802
v -80.3930511 89.2629623 59.6249809
v -68.5911636 90.454834 62.8032646
v 183.532913 -9.87765694 -212.88382
v -39.7125626 84.5708008 4.91447067
v -30.9836922 85.996048 17.138073
v -214.850342 -51.8542709 139.923508
v -204.774094 -55.7843742 128.479904
v -195.997345 -20.3558273 -9.052845
v -195.307907 -22.7149658 0.392040342
v -140.833328 -68.2748337 -41.1820564
v -133.983627 -76.1468506 -33.5414619
v 73.6796417 -108.37468 -181.759521
v 68.7404785 -109.194595 -187.690414
v -168.33725 -59.2230835 34.718029
v -42.6772156 102.700378 -213.718033
v 399.490814 -56.9176521 40.1377678
v 385.504547 -56.9981689 44.9112663
v -157.77681 -56.2757645 -21.2076607
v -160.013382 -46.9353409 -238.816269
v 82.9532547 97.5146103 140.702866
v 47.8081589 98.1346893 144.754471
v 60.4091873 97.9789429 147.706528
v -62.7148743 57.1026001 259.020233
v 398.686615 -39.0781975 13.9835014
v 379.810608 0.973518431 1.93711483
v 11.5376644 -119.275742 -302.120636
v 9.74600601 -121.709221 -313.256348
v -97.3729782 -57.8468475 191.150589
v -123.86908 -34.182991 206.227097
v -113.688957 -38.6400681 206.108994
v -104.197357 -102.425644 -10.4327278
v 151.159714 -79.6940002 -287.054504
v 156.053253 -72.9747467 -285.175415
v 81.0368423 -119.396759 64.8165741
v 66.0740967 -120.399734 76.2072601
v 0.546209335 106.536903 -223.711395
v 21.7119846 -78.521698 210.768906
v -196.34375 11.0656481 -260.029694
v 189.153152 -12.4560232 -147.911087
v 246.970749 49.8962593 171.033188
v 243.095734 46.2757072 180.51152
v 86.9783936 90.5766525 70.8358917
v 88.9468536 89.1532669 62.0015373
v -378.12381 58.3357391 113.407394
v -396.373383 17.4937744 132.12587
v -405.645599 22.8894138 124.527451
v 253.71077 52.2869492 101.522659
v -98.1710587 -78.2332458 154.809158
v 167.883591 -52.4369164 -217.431976
v 19.9277191 -119.986145 -306.294556
v 226.327255 -40.8184509 185.927628
v -110.500938 -100.112312 79.7245331
v -110.85939 -100.322449 69.1871185
v -133.060074 -86.562645 67.6071014
v -175.35675 -66.0761948 103.310562
v -176.726761 -64.2314758 92.3047943
v 35.8919678 106.226204 -193.066574
v -24.3902836 -95.5539551 154.575607
v 185.00148 -32.6784897 -27.0231514
v 193.81691 -22.2654686 -37.6453743
v 195.234497 -20.7970924 -27.1988106
v -107.712807 -93.0590363 -289.439606
v -98.477684 -97.2196045 -290.538635
v 77.4552765 95.0999832 101.123886
v -191.193405 23.2070465 -71.8169861
v -184.476456 28.9050331 -72.0027161
v 152.290192 68.1823807 57.0551567
v 152.27066 72.5537415 70.2340851
v -191.384979 17.7455978 -277.747986
v -184.661087 25.3934612 -266.87207
v -181.652695 30.0140553 -276.108063
v -94.1697845 104.319 -313.392609
v -88.0852127 107.449066 -313.363403
v 436.900574 -3.81165338 91.8668976
v 449.656708 -2.53034639 84.4558258
v 219.221527 -44.5260696 184.422348
v -151.494019 -55.6658707 -195.739807
v -187.021133 -56.9431267 90.2399445
v 165.467667 33.7320747 -88.2709045
v -164.107559 -46.3421707 -43.0599556
v -75.2162399 77.5625763 -117.582275
v 146.973328 48.9010925 -189.931183
v 135.144653 76.460701 -212.245239
v 140.897491 65.5457535 -209.523849
v 394.423615 -25.6951981 118.350784
v 403.564087 -23.2721272 112.587051
v -403.371765 47.355751 106.345963
v -396.41629 52.834713 105.727463
v -417.811859 -11.5423355 118.367508
v -240.024872 -21.9807224 68.1165924
v -244.272034 -13.1449108 61.5603752
v 70.4894485 -110.86039 -249.186813
v 80.4448624 -109.488441 -241.372177
v -197.247269 -12.0404968 -313.29425
v -193.031937 -18.9622192 -313.327911
v -152.792328 -64.5959549 -313.474487
v -149.994064 -64.6449814 -301.915558
v -159.629471 -58.4305725 -313.399658
v -146.641602 -48.8394508 179.662064
v -100.079651 101.03904 -313.465363
v -107.853752 95.343399 -313.406189
v 153.653702 2.86219978 229.7108
v -80.4274673 -106.418472 -41.0662727
v 211.477142 -15.0859461 206.57988
v 207.617203 -6.40329456 211.284103
v 301.216522 -39.250679 162.466171
v 315.378082 -34.1063957 158.531204
v -435.211639 45.3278236 87.7220306
v -437.65506 42.0950661 91.0055695
v -427.782623 42.4063225 94.2938995
v -76.6284561 -78.8516769 165.66301
v -69.5300827 -78.5659027 170.714645
v 143.351089 83.7138824 -313.334564
v 149.598923 76.8814468 -313.384399
v 146.595474 78.08638 -297.825043
v 139.900024 83.8777161 -295.209106
v -89.7937546 72.1854095 -84.0958405
v -86.3956604 73.0295715 -74.1361237
v -93.0190735 -97.4987869 -274.974152
v 148.560074 -89.2977982 134.364853
v -58.590004 96.05056 -199.773254
v -64.5260696 95.1877823 -211.573242
v 143.405548 78.7615585 -277.507904
v 56.6954842 -120.860847 77.3856354
v -214.44223 57.5321693 193.851028
v -221.077667 61.7675858 188.453629
v -242.444702 43.1732483 190.792038
v -194.725189 -56.0571785 140.963394
v -195.336014 -58.099617 125.457779
v -191.843643 -57.7216797 134.869064
v -165.580032 86.1692276 110.614639
v 24.5161285 -112.123894 -115.324554
v 159.360687 40.6198997 -49.9575996
v 164.438843 37.0232925 -39.9004097
v 164.994019 40.311039 -2.24956131
v 152.986679 49.8699493 -7.83055496
v -142.996613 92.4900284 118.170181
v -156.537338 88.4667969 111.455887
v -133.217514 96.7012329 161.029465
v -138.68602 95.9669266 150.880753
v -130.996902 0.456077218 226.494064
v -139.628143 38.2215881 229.1035
v 89.8374634 84.1209869 22.0840263
v 100.233383 82.3748322 20.2881584
v 97.7169571 82.0248947 12.7812614
v 162.535019 -83.1641922 72.3565826
v 162.768127 -79.7331543 59.9093742
v 170.530258 -74.280632 59.2536736
v 156.029648 -85.3696289 60.8138542
v 149.351242 -89.1435089 51.9102898
v -91.2112427 -93.3796005 -131.622726
v -315.419739 74.3294907 129.623459
v 149.745071 61.1776352 29.1539116
v 178.916733 -1.60884488 220.32756
v -381.593201 24.0008507 7.73124313
v 42.9623528 111.498108 -247.072021
v -19.6870594 -121.438332 20.1940117
v -164.147125 38.1302681 -197.291611
v 148.529251 -65.6289902 -106.382599
v 178.04953 28.4838104 -313.247253
v 174.856049 36.2553864 -313.183289
v 172.699371 40.8049469 -313.209778
v 19.2411327 107.043968 -226.518845
v -6.7798605 -114.861214 -47.6400032
v 109.11805 -105.227165 -279.292084
v 339.446899 -5.46455336 152.641464
v -365.521973 -9.40770817 40.3765373
v 52.8157272 96.1458206 182.583115
v 3.76282501 -116.459724 -286.408112
v -190.21434 -28.2692165 -244.017456
v -134.591446 -72.0719147 -266.337311
v -142.812088 -65.4764481 -268.836639
v 144.522705 -86.4661102 -304.158173
v 184.036194 -4.46627903 -252.97168
v 183.878983 -5.81311512 -244.70134
v 182.792938 -13.8825331 -250.946869
v 209.336945 -69.9742508 160.030685
v 217.482254 -36.5423203 190.532944
v 212.220261 -25.8485241 199.260635
v -269.353485 -23.460043 162.779037
v -305.477631 -5.59265709 167.326096
v -279.333221 -31.2759628 148.742783
v -253.628983 -33.5500946 158.742172
v -252.614395 -29.1723557 164.140244
v 91.8092422 -118.968468 32.3693657
v 98.7910004 -116.846954 26.2711601
v 101.032585 -116.642365 36.3051567
v -187.182327 -31.1348877 -291.355743
v 116.739601 83.9393387 -119.370209
v -49.0911522 73.128418 254.978317
v 164.257324 32.0442276 -236.889404
v -182.744888 43.3645859 32.5520134
v -187.403793 38.6128883 28.7527275
v -194.05162 38.5255508 36.4332085
v -119.687202 62.0023727 -104.128311
v 10.511385 89.481041 3.00352097
v 10.9445286 89.8239288 -7.27904129
v 0.389130801 89.594101 -13.9848518
v -32.7272034 85.1915359 -7.81962967
v -16.8687458 87.3962402 -9.58909988
v -29.5523548 85.8205948 7.25709152
v 133.542374 -68.3094635 181.107834
v -53.9074898 -61.0270882 215.814987
v 48.9412537 -121.138908 -1.70256412
v -91.6431122 -93.3956223 -186.957397
v -96.6182098 -88.9137421 -170.188736
v -104.649513 -83.9773407 -173.641998
v -386.2724 72.4928284 72.6111908
v -371.067444 74.4775848 54.443737
v -365.944702 76.5689163 60.3788567
v -410.818878 71.2109985 50.6500664
v -313.843658 30.769804 40.7471123
v -94.6484222 -90.425415 -157.152527
v 122.876144 70.85466 -0.179035112
v 149.403076 66.2453918 213.628281
v 134.227707 60.9766617 224.728989
v -105.41124 -4.93144989 236.621078
v -98.6293945 -10.9262142 237.092941
v 169.028381 -55.382885 -299.161591
v 267.322388 17.5560951 60.3766899
v 280.376678 24.322916 61.4071465
v 36.7850342 90.1653824 7.74271774
v 5.82316256 -123.390945 46.195385
v 4.99388075 95.9050903 -91.5125427
v 29.8612957 49.808445 284.726227
v 24.8210735 51.4208298 285.563202
v -138.740723 54.2592278 -120.261215
v -99.9684219 -99.9185257 -313.377777
v -354.766449 -6.68616247 39.5525017
v -32.6959991 120.435593 -313.313995
v 53.6621552 114.352005 -265.863281
v 47.6185951 92.4216843 200.469162
v -198.258377 -16.2071857 -274.090881
v -196.898636 -22.4093552 -262.003662
v -271.142792 85.6883163 114.675491
v 406.825287 -57.4224625 45.4288139
v -116.966202 -87.005188 -285.503021
v -65.3346252 -105.149773 -266.512939
v 320.201385 -39.5965157 153.047562
v 316.025238 -24.7975388 162.5298
v -99.9409637 -93.8625107 -70.8764648
v -134.32103 -40.1173172 195.144821
v -211.780869 -21.6407318 182.019791
v 357.725433 -60.0373116 87.7268829
v -417.480286 11.2971935 119.79216
v -423.763367 -0.353103966 117.166428
v -415.54245 18.299614 119.268692
v -414.892792 28.0661163 116.07814
v -424.966461 11.3544245 114.57933
v 0.0461907089 93.9198456 77.1776581
v 13.1696186 94.7151566 85.1289215
v -327.081726 21.3956642 34.0558891
v 8.04011536 113.050064 -313.273987
v 20.0139523 114.600395 -313.337494
v -281.491974 -4.67660999 176.116562
v -198.157104 14.0920334 -312.752533
v -194.913727 18.0065041 -313.385681
v -37.1838303 90.0869598 52.5953484
v -117.866493 -50.6166763 190.163254
v 4.64942169 -117.874321 -29.6886177
v -197.009064 -11.1322527 -295.210236
v -201.779861 21.1379147 11.8773918
v -173.159821 18.5510883 214.952011
v -102.389374 -92.5803375 116.893967
v 109.245598 -35.4129639 226.903061
v 98.7127151 -35.2297707 231.75145
v -98.2407455 97.1554718 110.245621
v -322.166504 -4.72881174 46.740551
v -8.05058384 -110.903656 -154.547806
v -322.131134 -35.8555908 102.341995
v -323.321838 -34.0040016 92.3898468
v -50.5883293 92.1058197 68.0305023
v 157.31134 45.1796875 -238.159485
v 160.19191 36.3541107 -223.647766
v 160.051025 39.3317299 -235.241547
v 92.6826477 -101.390823 -159.271683
v -150.409531 -59.3255959 -168.505386
v -141.474564 -63.460289 -173.733917
v -150.622269 -59.3864441 -162.600464
v 24.4239178 -121.35968 -313.278198
v 32.7066269 -120.837975 -313.290955
v 27.2755489 -118.568146 -300.67041
v 73.6425552 119.05175 -301.196136
v 215.615738 -82.333786 122.741074
v 165.552505 -83.5735931 79.8712921
v 282.960724 42.5729523 84.5233002
v 310.163055 49.9098701 114.161636
v 296.463989 48.407959 105.374619
v -181.676193 -43.2547874 24.7582207
v 181.511368 -28.0720501 -179.887039
v -229.593079 4.71832848 22.18507
v -225.159042 4.65024185 14.2622795
v -435.7565 -20.2425499 83.6274567
v 42.926899 95.1420898 189.11174
v 367.856079 41.6453094 47.759716
v 40.9761887 -120.286003 -313.309326
v 63.1224136 -66.7206421 216.272751
v 106.44883 -103.343506 -237.026169
v -128.223404 -75.9382553 -111.416031
v -408.671722 -24.1326885 76.443985
v -24.267828 55.3656883 285.001862
v -26.8228016 57.8806763 281.054718
v 178.398193 -25.6604652 -313.357635
v 180.070404 -18.9548626 -313.369965
v -158.582703 45.0868607 -23.3723335
v -160.737869 44.2006493 -15.9925117
v 128.549088 -102.283371 18.794323
v 187.855469 -61.8082314 55.8469963
v 70.4653549 114.441544 -259.921173
v 57.2081146 113.844055 -253.86586
v 84.1047363 115.417511 -284.032379
v 80.7008743 114.89888 -272.327972
v 126.981049 -89.3607483 -190.612259
v 84.3866196 -106.480385 -186.105057
v 245.542648 -32.3200798 58.7184868
v 234.934479 -32.4345245 55.6899529
v -97.8360977 98.6029129 169.652634
v -152.680038 66.3509369 48.2982903
v 195.688751 1.42001605 -30.8652534
v -199.564484 -15.2452192 -17.1706734
v 94.4202881 -75.824379 184.728012
v -80.3679962 80.1749496 8.54389572
v -80.9449387 -39.2927399 224.920578
v -86.9132919 -32.1320724 228.050339
v 121.102737 -102.696434 -19.46175
v 119.663094 -106.271004 -6.92009354
v -160.952377 -51.0883217 -32.3054695
v -74.4685516 98.5511932 181.783493
v 2.72826004 -111.661896 -191.641861
v -3.08533192 -111.3181 -185.326645
v -9.05916691 -110.940964 -195.855377
v 106.918404 94.7101669 129.563248
v 1.71672845 89.690773 43.2484856
v -23.0945625 -109.700928 -98.788147
v -114.00106 60.7535858 -151.1259
v -142.120071 50.0758972 -177.919281
v -147.656738 47.435009 -184.109055
v 330.081909 46.1227417 68.4392853
v 317.867462 45.1933746 74.8730621
v 397.692535 22.1340275 115.126907
v -46.3581581 121.268791 -313.34021
v -39.1369057 121.606964 -313.41864
v -57.1193466 114.537407 -296.783875
v -188.629837 -25.7897511 -313.376251
v -128.531662 -77.2507935 -270.905151
v -121.263977 -82.7530441 -270.947357
v 97.9286652 10.464077 255.630905
v -402.197845 66.7065353 72.3490143
v 123.241951 -90.3254623 -83.3863525
v -45.038578 -65.5899658 214.068893
v -64.3682404 -112.012276 -313.379944
v -59.4999924 -113.319077 -313.369507
v -73.7167969 -107.202362 -303.301849
v -70.2050171 48.5550385 259.020721
v -199.084961 -21.33535 12.455883
v -185.272202 -32.7378235 -1.16002262
v -190.551804 -28.5764217 4.02375412
v -114.236458 84.2882385 -294.268768
v 379.7854 11.4392071 6.59443283
v -195.388275 21.0687408 -57.0368538
v -188.939072 25.7961369 -65.2364655
v 3.03572392 -83.3225098 199.543686
v 351.042084 -34.2692719 22.9104729
v -144.583969 51.3173294 -147.737701
v 165.255035 57.8075333 211.598618
v 174.122574 56.1221848 206.453171
v 101.65464 94.8348618 165.019211
v -248.754745 -15.1425247 177.601486
v -239.061813 -17.1610813 178.532028
v -257.8992 -13.9030447 176.060837
v -180.107086 -36.8573837 -216.833313
v -187.311569 -30.7770557 -233.985947
v 207.039749 -37.2345848 49.4127922
v 209.00589 -51.3562813 61.5088615
v 166.980545 -72.95401 46.0587578
v 70.3638077 -107.299706 -113.37262
v 66.0535049 -108.032326 -125.304642
v -197.972748 -8.54801083 -217.771194
v -198.097046 -10.381443 -227.227112
v 159.740768 -57.9968147 -51.3356819
v 163.594559 -53.5803528 -63.4523659
v 132.946976 26.817585 235.657578
v 198.886917 14.8915758 21.1395683
v -92.7222977 -24.8039112 230.984726
v -114.108902 -29.3154011 216.089279
v 172.612869 24.6499176 219.713852
v -388.614166 -22.9110546 64.7701874
v -378.169769 -22.6895847 62.1697502
v 179.048111 -34.5641708 -162.977219
v -216.467224 23.4107647 36.064312
v 95.6964188 -107.995865 -251.133316
v -302.113922 47.5983086 163.564804
v 128.785812 92.2309952 145.334061
v 193.774292 -41.7837639 30.1002312
v 387.595001 45.1184196 75.4621735
v 382.902069 45.7167778 91.2002716
v 379.023529 47.6420326 80.9694672
v 85.7173233 -52.0065079 223.133957
v -129.981079 41.9915047 232.348557
v -12.0328093 -107.539909 125.504288
v -370.182434 53.8668823 122.92778
v 144.988464 -69.1086426 -97.6158447
v 199.48204 20.4838486 36.8036919
v 196.185349 26.5055847 43.3417778
v 208.07605 19.6987457 50.6159477
v 79.1612015 -106.948891 -83.2503967
v -25.259779 95.669487 92.398056
v -19.9995022 97.9952469 112.877121
v 126.718315 -91.1753693 -204.343887
v -157.540833 -50.2010765 -95.165329
v 75.2578049 -107.996811 123.201462
v 313.856903 29.4529705 53.3799553
v 316.302032 34.6598854 55.9224358
v -354.417908 77.0198212 55.4151421
v -344.557739 74.2767181 53.0136223
v -336.05426 74.8455124 57.9931145
v -153.515915 43.4660416 -241.108444
v -129.774826 78.2385178 48.1048698
v -138.022461 77.7471161 57.8732109
v 86.6846237 -111.558197 -281.324371
v 234.18689 64.142601 133.947556
v -9.23844337 88.7061462 -15.5725594
v -16.0554924 108.508186 -237.112823
v 446.427185 -28.9384956 76.9678497
v 172.155991 41.3551903 24.6575737
v 179.420029 34.4185104 22.6967888
v 307.146271 -28.0980854 165.729996
v 305.723755 -17.606287 170.736465
v 319.753815 -14.7931614 163.309433
v -141.807648 -77.4414825 118.467606
v -151.164703 -72.63591 121.309189
v -121.19326 -84.452301 123.534561
v -131.806534 -81.3472824 120.155777
v 133.822449 60.6111298 -114.841125
v -11.0183544 98.7704315 120.855362
v -22.7329884 99.0529556 123.891281
v 119.189278 83.4552917 -135.307663
v 129.000885 68.4874039 -130.667542
v 134.988235 60.3167038 -146.407593
v 132.108093 67.5699387 -157.653381
v 115.800987 75.6177826 -24.8448982
v 168.407928 -71.0220184 167.102982
v 175.608551 -71.6748276 164.421341
v 167.727707 50.6247787 41.3462944
v 165.0457 65.5742416 74.1726837
v 91.5402985 32.7766037 253.354355
v -185.61377 -45.2531204 57.4337883
v -180.89502 -47.0750732 48.9373894
v -38.9212418 91.2937241 -105.588745
v -144.6978 -25.4073277 204.39653
v -254.058533 65.7094345 89.6668549
v -215.318771 11.016551 11.3543205
v -208.897949 16.9571133 14.8110771
v 49.2610207 99.2493668 -100.153275
v 38.2125702 98.9058075 -103.924942
v -188.977814 28.3844833 5.56190109
v -179.031357 36.3034515 8.82889938
v -373.836029 30.9011192 12.1030083
v -370.506775 24.0832558 13.3157768
v 238.14566 -5.3617692 199.143692
v 239.956772 4.65669537 195.859299
v 228.620712 -0.29017514 202.299484
v -38.6244392 119.769073 -303.732208
v -47.6763 116.253761 -294.585358
v -205.68808 58.2219391 196.790268
v 159.484146 -54.3520546 -136.944565
v 155.432556 -59.6642075 -152.953323
v 14.6842833 -102.06472 148.323471
v 24.0402966 -100.631981 152.03508
v 49.9458923 -99.0953751 151.933273
v -137.376511 -69.6359024 -124.503769
v -140.897568 -66.7924576 -133.933731
v -70.3747177 -110.600685 78.6677704
v -249.608078 -45.4064178 112.876724
v -239.723373 -42.4553833 95.5649567
v -130.251038 -57.2136765 176.363571
v -132.846741 -49.8316422 184.654373
v 51.750576 -110.343903 -94.5365295
v 19.4649162 -112.374153 -109.863144
v 26.0102634 89.4357452 19.8199577
v 35.7739067 89.4185867 26.1788445
v -198.471466 11.3405333 -129.789337
v -364.025208 -29.9256172 103.050949
v 117.002357 -109.596725 57.6751213
v 118.121124 -109.474388 49.649456
v -44.1906242 94.6633682 84.9677887
v 93.7487335 -94.2109528 148.903915
v -67.8020096 -112.623032 -16.7573433
v -73.5028915 -112.349113 -12.1449776
v 86.6083374 -100.53791 137.498947
v 212.260635 23.8228149 56.4664116
v 215.29274 30.499815 63.4658318
v 214.002014 36.4871292 69.251297
v 206.075272 33.6523018 62.9699516
v 201.577148 43.1860085 71.3271637
v 31.908102 -115.654755 -270.649567
v -126.039436 92.8431625 101.788467
v -213.367996 -19.0980186 46.2685966
v -191.374863 -43.2000504 64.8767853
v 173.734421 -39.9638672 -120.277847
v -401.409027 70.1743393 64.6367035
v -410.650665 66.3023529 64.7505035
v -391.633118 71.8361893 64.7083893
v -393.837494 70.419487 74.1541595
v -230.550491 82.6667023 161.788498
v 185.159653 -9.24553394 215.292038
v 189.142395 -13.2881966 212.24852
v -120.870308 -94.8072739 51.6649284
v 180.689194 -21.8222046 -267.833954
v 149.280319 69.9896622 -276.044464
v 153.551819 64.9352417 -283.713928
v 163.819397 49.227623 -288.543396
v 154.865723 69.9975739 -313.340179
v -58.1303024 -104.8405 -81.6315002
v 108.670532 103.757614 -286.498108
v 113.950729 102.700912 -296.680695
v -161.925537 58.0754967 39.7419853
v -168.747818 50.9499626 31.1604424
v 426.402924 3.07545853 101.072403
v -97.115799 89.4534912 66.8092194
v -111.248787 91.744072 83.7913971
v -186.269363 22.0840416 -224.858017
v 117.066208 74.8344879 214.257736
v 114.723129 71.4267578 220.923996
v 126.234459 69.8713379 220.822739
v -114.687729 95.6866913 179.859756
v -122.018623 97.0378418 167.775772
v -86.7858963 -98.8830872 -268.005402
v -87.7037277 -100.242531 -286.117188
v -231.172806 31.7824135 58.0594902
v -239.75441 47.0067329 71.8691559
v 19.3497677 -107.122711 133.496994
v 106.295639 102.28643 -274.316711
v 22.1172886 -120.381073 -12.6611214
v 108.418175 90.8331451 -205.802765
v 112.473381 88.7864151 -191.076019
v -22.7253056 -88.5226669 172.794968
v -20.1897926 -85.6173248 181.31041
v 40.3726692 68.8457565 251.68895
v -54.5304375 -103.359833 -195.241638
v -361.49826 25.5780411 19.8546867
v -362.986633 41.6840858 24.5315056
v -354.363739 29.808569 26.3456535
v 121.874634 77.1816559 -117.146225
v 122.5522 75.567421 -104.581497
v 322.537445 24.7017899 45.4174309
v 182.497116 58.7006302 83.8921967
v 324.409882 -49.1669922 55.9121819
v -271.62439 43.7171402 63.7210197
v -280.475494 43.9710884 61.0526848
v -276.658997 52.0609818 67.618515
v 182.876373 5.4791255 -95.5359955
v 110.307114 -113.58886 35.902813
v -238.517532 87.955368 136.267227
v 141.996857 75.4655304 -249.86142
v -70.9308853 95.9145203 -232.155777
v -47.729187 88.0389709 41.7878838
v -313.537659 -37.2508278 111.322495
v -210.323685 12.5793715 199.109482
v -203.02832 18.3935966 202.817734
v -308.836853 -23.1312046 70.3254242
v -324.375153 -19.841404 65.0312653
v 182.568359 3.62215805 -187.094086
v -137.656036 54.7812653 -79.1766357
v -126.127075 59.9288673 -74.4862823
v 168.631714 -55.4649773 -193.866913
v 402.530029 41.2964897 74.6532745
v 425.722961 41.0911674 65.5674286
v -350.763275 -30.7547054 91.9363251
v -337.93338 -32.4631653 100.63887
v -199.538528 -5.57650042 -235.887177
v -201.291397 5.60830784 -242.85733
v -91.3955002 -103.224922 -313.362183
v -82.7591476 -106.373138 -313.354034
v 368.925964 -20.5644398 9.90952682
v 362.560791 -15.0810413 13.5345573
v 361.56308 -25.4242382 13.3374443
v 190.150726 -84.16745 105.23793
v -43.1486435 96.4151917 100.303146
v -58.2475967 96.3180771 101.022354
v -40.130085 97.983902 114.681564
v -44.4776115 98.6947098 122.16185
v -52.4454994 97.7315979 113.974869
v -195.293793 -14.8856459 -61.3193703
v -203.111618 -6.36781216 -60.4030952
v -199.320206 -9.98461056 -68.2302704
v 127.155205 -104.415375 27.6525688
v 129.246552 -103.075562 36.8380547
v 121.021454 -108.0755 40.2782402
v -232.887924 11.3045034 37.840435
v -227.468048 11.0149708 30.485363
v -241.041519 11.6017904 47.5985222
v -32.9542732 -95.289856 151.519608
v -28.2466602 -116.397827 -24.7364693
v 253.930283 -37.4965134 64.0727081
v 55.2011337 69.0097961 244.350632
v 47.1701279 69.883812 245.968552
v 60.6154404 65.2231674 246.844711
v -375.997131 -23.0898762 122.679276
v -366.905945 -25.189537 123.649338
v 94.6924286 104.715813 -251.079178
v -169.247101 37.8431282 -119.785233
v -425.401031 -13.382905 108.240341
v -426.316284 -8.75183964 116.01442
v 11.4297724 -112.976578 -236.67038
v -3.7584002 -112.477425 -242.635971
v 354.009644 -30.1698437 138.822952
v 126.293633 75.1672287 211.867783
v 130.999054 71.7233353 216.281967
v 143.80101 74.7028198 -259.027039
v -169.961273 -38.529583 -79.5010223
v -176.499969 -32.4541626 -79.0209045
v -171.574188 -36.2772942 -95.7594299
v -110.575447 -92.6000214 -48.9650459
v -107.849182 -91.3780975 -64.8875885
v -163.482178 -63.6956139 146.3116
v 260.201294 -7.5732255 54.3624687
v 250.176376 -6.38699818 49.494854
v 263.064667 1.35585344 53.7343254
v -282.235199 86.2012253 113.078995
v -294.597137 86.3599548 112.673355
v 123.643616 -93.5814514 -58.0203896
v 113.510857 -100.986221 -66.5534668
v -130.970612 63.6377068 -262.515259
v 119.770332 91.4636002 111.016556
v -361.946838 79.8923264 78.4082184
v -350.749481 82.5461197 95.6812592
v -353.006989 81.9316635 77.279007
v -368.456207 77.3953781 70.0234833
v -246.838913 32.3781853 62.8036919
v -51.7255287 93.3440781 -156.617523
v -336.43927 79.156395 69.4597015
v -199.124557 -1.10820711 -207.970673
v 118.007935 75.1358109 -67.8083954
v -5.26184559 -83.5067062 196.136154
v -1.16950262 -87.2969971 186.527267
v -198.284012 -7.0853219 -133.442093
v -329.15152 74.3571091 122.296371
v -171.522751 33.0565453 -191.83754
v 152.055588 41.8002625 -139.969803
v 159.682083 36.2896194 -129.291565
v 445.415039 -37.6437378 73.1638641
v 106.575867 88.3033905 -121.505432
v 96.7001572 89.9665527 -106.235168
v 87.9245911 91.4287949 -93.8255463
v 211.122284 -16.2784882 20.9339409
v -15.0379095 99.8887939 159.13356
v 0.915045023 99.3730545 144.889999
v -17.2804298 102.544044 -175.062454
v -374.44223 -16.0500088 128.437515
v -205.100998 30.0012836 205.702682
v 85.086998 -110.441498 -266.355286
v -174.9095 59.1333771 206.752853
v -176.26384 48.3488579 214.675034
v 300.8573 23.3126431 163.308426
v -243.049072 -39.6955261 90.3239594
v 107.23317 86.1209869 -101.02774
v -63.1821022 106.695877 -273.667236
v 51.1269493 -93.1386337 164.84993
v 110.527557 -111.398415 -2.01286697
v -48.8423119 -116.858749 68.4399261
v 178.781174 39.7538795 214.245041
v -119.107986 -80.5940323 -226.226318
v 148.605438 30.4695282 229.514572
v 104.443802 -112.201347 79.9929657
v 118.268486 -107.706551 72.2520599
v 281.304901 -68.7470093 125.52977
v 272.624939 -71.4150009 127.319351
v -371.150787 1.10725605 26.3993034
v -343.062012 8.30697536 26.2599602
v 22.4994965 -103.479568 144.19014
v 176.63092 -42.4066849 -26.9657478
v 169.060349 -57.6982613 -0.268543154
v 168.507889 -60.8113327 8.86967087
v 125.903908 -16.9054756 230.99675
v 101.334938 -26.853323 236.286728
v 343.537506 -53.1749649 51.4704704
v 376.531952 -29.8828011 126.331894
v 374.376465 -22.833519 132.295456
v 200.979675 -82.8081818 108.588577
v 205.927917 -83.671936 117.205338
v 205.341614 -78.4144974 101.676651
v -98.8840942 53.7049446 241.687546
v -107.633659 57.3743706 237.922836
v -122.132584 58.1798401 -201.55455
v 248.125183 24.8870163 66.3432465
v -61.647953 86.0788956 33.3765068
v 156.823608 42.5048599 -56.671833
v -210.413879 38.9010582 54.27174
v -197.754303 45.3132477 54.2738457
v -203.400925 38.317215 46.8369865
v -8.88366795 90.8016739 -38.5650215
v -18.5386295 89.7000656 -41.3857918
v 64.5186615 72.1528702 238.617538
v 63.9224091 78.4228973 231.274521
v 0.869536638 82.0252304 245.034897
v 197.516815 -5.29160118 -36.9924507
v -198.285751 -55.8971024 98.1394501
v -0.124582022 96.4112701 -100.526016
v 11.6195831 97.8474503 -109.919067
v 5.03560734 -111.821594 -210.518585
v -185.650406 26.6940613 -289.475006
v -188.418915 24.2268982 -297.496796
v 195.800491 -84.116806 126.25148
v 27.9471588 -112.622276 -214.615784
v 260.590088 4.03124762 187.080856
v -132.802521 -75.2341003 -285.160217
v -178.496902 -36.4515381 -176.549194
v -172.651642 -41.2348862 -176.095383
v -175.437744 -37.1278038 -166.525879
v -185.226501 -27.908741 -159.48819
v 149.336609 79.1134415 88.6367035
v 143.450165 78.8826752 78.8525238
v 133.318008 80.8449707 72.0500946
v 95.7955246 -114.349098 81.0799408
v 382.762634 39.56633 28.40382
v 376.175659 41.3642197 43.1311455
v 385.362915 42.4906616 43.4897881
v 347.956024 36.7318535 38.0081291
v 54.8934364 97.8468704 168.192459
v 48.574131 97.5101929 175.190048
v 73.9830322 97.6950378 143.575974
v 265.610535 -66.55336 85.2278595
v 252.388062 -64.1446152 81.9621124
v 264.513275 -60.5076485 78.3149567
v 140.123886 -91.2098236 -313.394958
v 132.570068 -96.4471436 -313.415131
v 16.8009491 -113.135246 -83.7919312
v 78.0471802 116.932838 -290.550171
v 201.087555 -63.4628487 169.725204
v 185.628555 -60.7176437 175.658157
v 164.836334 -66.8040237 173.720535
v 173.321869 -65.3686752 172.925278
v 69.6898117 100.307182 -126.380081
v 275.494293 44.1766205 91.4515839
v 269.378296 48.1108665 99.6792145
v -6.10555267 113.43885 -293.350128
v 1.28807116 112.701706 -295.498932
v 61.5398254 99.0189667 -99.374649
v 406.708801 -56.5666656 58.5680656
v 412.343903 -56.3977089 58.3037529
v -124.094124 -77.2898102 -120.590179
v -53.3047867 77.0640488 247.678757
v -169.76619 -63.5147209 137.757736
v -176.901581 -61.7608795 136.267227
v -169.398941 -65.2956161 124.949295
v 41.8980408 117.866989 -305.200623
v 42.4968185 115.612549 -290.546844
v 32.123642 117.07386 -313.368958
v 131.356369 91.3201675 159.39537
v -37.773983 -108.385078 112.030258
v -28.9788704 -110.207916 110.629074
v -30.9351044 -106.839096 120.040665
v -78.1992264 82.9313812 -177.129532
v 86.0995255 -107.238167 -69.9746246
v 95.3039398 -113.131668 -20.7979317
v 77.105484 91.4346237 -66.2193298
v 63.0086403 92.8783951 -51.1151009
v -341.058746 6.990623 151.988327
v 22.4717045 -116.482758 -281.982483
v -162.122055 0.990215242 212.913864
v -24.5697231 -120.350525 60.7472954
v -34.1000404 -119.374825 61.5761833
v -16.5989399 -120.04287 69.2108002
v -34.9799194 -117.561066 74.1848602
v -219.227173 -12.6416464 41.324688
v 174.531021 -42.2181931 -276.614868
v -338.596161 -9.30760765 151.472397
v 336.596954 -37.0723457 145.41243
v -13.6457396 -110.48391 -120.80545
v 68.3107834 92.3996124 73.9724579
v 91.5253906 -105.116882 -192.597473
v 98.1200409 -101.96273 -181.498001
v -56.2201576 83.5819016 -87.2452393
v -60.9926529 82.092453 -96.5609436
v -299.298859 44.9128075 53.138134
v 415.681213 22.0153103 102.994919
v 408.01593 21.5672379 108.477676
v -14.9431229 -115.685577 -283.676147
v -20.3125381 -114.088173 -274.730042
v -23.722723 -115.176567 -283.862061
v 332.109619 -58.4896851 108.802292
v -411.230927 43.574585 104.197159
v -416.02066 47.7145996 93.4165497
v -188.18956 -2.2955389 200.054794
v 189.842285 -13.2823324 -137.661362
v 185.253387 -20.1658897 -143.373871
v 33.5085983 92.9508743 72.3813934
v 241.822876 -20.237339 196.335037
v 234.677338 -11.3496809 201.612228
v 228.828629 -17.168911 201.043808
v 160.966965 44.6583977 3.49403
v 177.361526 27.2160187 -18.8275337
v 72.731781 41.0795517 263.51828
v 74.3473282 29.1141376 268.182037
v 189.297516 -25.7828369 -91.9063568
v 188.445221 -16.7734432 -97.2693024
v 29.9675026 105.733559 -195.990341
v 21.7652054 104.706985 -191.032959
v 29.5161934 104.79261 -183.705032
v -172.613129 -37.9737778 -157.034927
v -268.27597 18.3714104 50.9789238
v -280.167572 7.18559551 46.1601067
v -289.782104 7.97885895 44.8980522
v -376.432526 -28.8059864 91.6724701
v -370.637726 -29.3077469 98.3636627
v 176.850677 21.6743298 -95.1630554
v -10.688096 89.4382858 43.3363762
v 111.579018 -106.058434 102.004501
v 349.126648 19.9898262 28.741497
v -319.974579 -24.3024216 70.8621063
v -181.957001 87.8071442 126.979477
v -276.162109 -34.9546776 91.3683014
v -277.079071 -37.9868546 102.704178
v -266.570435 -38.5903587 100.680527
v 64.1195297 97.6165848 130.231125
v -177.280075 33.8186111 -31.7501411
v -172.945267 36.6892395 -24.5080757
v -233.827591 -34.0023918 163.524307
v -235.404678 -39.6894951 156.370682
v 82.5332794 85.2614746 207.015976
v 57.4889603 89.0579681 210.559311
v 58.2508316 83.7314987 224.003952
v -186.437592 63.3745689 71.7961273
v -39.6792641 97.8797226 -172.756195
v -29.9573212 100.282166 -175.788528
v -21.2533131 102.705856 -181.90416
v 245.492249 -70.0107269 86.4181671
v 231.031784 -67.3811798 81.1052399
v 245.794144 -59.3618546 77.3746796
v 220.556702 -77.4693756 105.483475
v 209.563202 -73.798111 94.7874298
v -174.079239 -60.6799774 146.505051
v -275.020844 74.0771103 150.032059
v -187.607285 -34.4773407 177.907425
v -132.557266 -78.4520569 -305.546173
v 21.1982117 89.1970749 27.5379448
v 285.334747 -65.2353058 134.576218
v -261.137268 24.114542 186.347366
v -272.998016 20.6409645 182.909836
v 272.120544 -50.2952881 168.864304
v 263.369049 -51.0331154 171.736099
v 145.41127 3.29522967 232.76506
v 147.890732 -76.1471252 -212.99678
v 298.180054 -58.7509575 73.5171356
v 273.477509 -66.7214661 86.7450409
v 54.45541 95.96064 -68.2482452
v -97.329071 77.2143478 217.23735
v -46.3962936 99.5281982 -195.934067
v 176.276062 15.7438393 -63.2059822
v 50.2071991 -110.06675 -125.03508
v -53.5217819 -78.1539154 181.795792
v -47.2593765 -82.8934708 175.357346
v -109.711075 -23.553072 222.87114
v -157.575455 54.2400093 -313.167206
v -153.12825 54.4324417 -301.619415
v -151.453339 61.7236519 -313.799011
v -159.999374 49.0369339 -300.657501
v -165.507263 45.5046806 -306.323547
v -430.323608 51.5878944 81.0459137
v -113.298004 72.054512 1.24961483
v -99.8961105 75.9525604 3.50797653
v -100.543167 73.5311966 -11.9890633
v -27.8103619 -120.763649 25.2253532
v 51.6962204 117.362129 -293.159698
v -12.0689735 93.9380569 -79.0580902
v -25.0151291 88.5056458 39.6806755
v -114.54512 -86.0695419 -244.542404
v -6.08556986 89.4217453 223.535141
v 46.8785248 -124.102989 39.1098137
v 39.17519 -123.667923 53.0272636
v -158.490677 -52.3512878 -162.165604
v -171.064697 32.7298317 -210.957809
v -183.515289 24.0620174 -205.919952
v 159.816452 -68.3259506 -290.823639
v 163.139923 -62.6781654 -286.981262
v -62.9396591 -102.656502 -128.75499
v 159.510025 39.2852211 -77.8699951
v -17.9692192 75.6413269 256.012604
v 202.623764 8.51872158 15.2063713
v 208.699081 8.03216076 30.0922356
v -171.767731 -61.7475319 67.8905792
v -161.531342 -68.6856918 60.952404
v -163.636475 -68.5269699 68.1741791
v 154.76207 -71.7026672 169.684402
v 53.543457 -111.153893 -224.808365
v 48.0953217 -112.677788 -246.984558
v 43.4448814 -112.248535 -231.2173
v 169.701477 28.1455536 -122.344009
v 180.80838 17.1451893 -118.146286
v -92.1893845 71.8193588 -98.8421783
v -99.7864304 69.2195129 -102.652359
v 49.8442039 -118.160072 -301.20343
v 34.4978638 -118.076492 -297.462677
v 35.7700081 91.7396774 -27.0773811
v -167.046158 -60.7643547 42.9626579
v 71.4201965 -112.065575 -267.502136
v 26.2024403 -117.280418 -290.361603
v -186.061783 -30.9962997 -179.286087
v -181.410004 -32.4519424 -167.102219
v 160.312134 70.7471466 80.0563202
v 175.923935 75.0722961 111.922775
v 284.848267 34.097805 166.503799
v 281.654449 27.3237591 172.831161
v 67.4192429 -122.987907 40.9287834
v -76.994133 81.5946655 -166.353348
v 208.516861 -57.8653603 66.2784882
v 216.678986 -55.8531303 67.0560455
v 194.475708 15.932683 11.4701958
v 189.521866 -21.9181156 -105.16478
v 55.6597939 -121.831558 67.9698029
v 296.712616 -68.2192459 93.3351593
v -70.1887665 91.0795822 211.13591
v 354.850189 -42.2096634 31.273571
v -162.952682 -45.2568817 -75.1871338
v -164.870255 -43.1743164 -84.2810822
v -158.807693 -49.1887016 -81.4303894
v -167.19136 36.8507729 -152.819412
v 236.454697 -64.7750397 162.952072
v 234.770264 -58.3196487 171.010025
v 95.7296982 86.9748764 50.8446465
v 113.548767 -102.241005 -58.1970406
v -80.3967361 -113.051758 44.8244438
v -135.745056 73.9976044 44.7958183
v 413.720856 -50.6302986 82.8514557
v 209.291504 46.2692833 78.0023346
v -122.702591 74.7820206 25.6991692
v 83.5402222 85.8816223 -15.955677
v -23.2845287 -109.505791 -179.002335
v -161.974136 -68.1707153 121.40303
v -156.940903 -67.8406067 134.868637
v -186.295822 -21.7348099 -136.032806
v -175.280014 -33.090889 -138.34346
v -71.5023575 -101.812721 -234.352692
v 167.778732 -53.7819977 -239.052109
v 129.301422 -101.943207 76.0598907
v 131.057693 -32.6556053 219.632248
v 121.335091 -37.3074379 219.854294
v 114.327126 -41.5369453 218.860275
v -214.842758 1.86459029 -7.93074417
v -204.398453 -57.1816559 118.064499
v -188.795792 -60.1487732 120.55864
v -182.787399 -61.0715523 127.259018
v -24.5373268 91.6579895 -73.6265564
v -36.0130501 87.4832153 -64.5930939
v -24.0543118 90.000885 -59.8505287
v -21.8344097 93.4315186 -83.791687
v -37.4257736 88.1932068 -73.1469116
v 197.532639 72.7242889 124.377701
v 214.822571 69.4708328 136.604813
v 172.904617 -44.1907349 -254.384811
v 293.037231 47.0379944 134.106979
v 98.9383774 86.2006912 197.753738
v -121.439934 6.71496677 233.784775
v -148.155746 5.76319122 221.995346
v -130.24678 -88.2642441 87.1191254
v 75.9144516 46.9929047 257.988556
v -67.2258072 -116.444992 30.0616264
v -55.7129745 -117.794807 40.2005119
v -64.5524521 -116.41291 42.4579582
v 341.897644 -44.0305634 41.0146904
v -195.816238 87.7417908 165.814163
v -196.457687 84.1813431 175.241898
v 367.054413 -22.687851 136.195084
v 372.520203 -15.1037016 136.932602
v 365.714111 -12.6669054 140.92012
v 127.076096 -85.6384964 -116.801346
v -56.3053398 99.2161636 -221.074005
v -68.3320847 95.1901016 -222.12471
v -76.9402161 88.810051 211.618393
v -74.9126205 92.8437042 205.297897
v 190.655258 -29.9197884 -8.28001785
v -85.3459702 -113.261162 13.1571159
v 103.719696 -18.1067295 240.247543
v 118.559959 -18.5853043 233.400558
v -13.970397 105.138367 -201.092209
v -24.9726372 104.718452 -203.090073
v 17.5879269 -112.429138 -216.439346
v -102.774666 -87.5182419 -131.389328
v -118.428047 -78.352623 -137.41684
v -109.0625 -83.3740997 -139.107803
v -116.659248 -80.3906784 -126.361893
v 251.343781 57.7160568 116.658279
v -178.111023 -36.6935043 -255.950409
v -238.57431 75.1708527 172.125931
v -74.9298935 -82.7445374 158.895615
v -82.8823624 -83.1022263 153.396286
v 133.37207 72.8740768 -186.485474
v 128.897171 74.5417252 -162.655807
v 323.941132 31.4380112 146.056412
v 12.6532373 -112.141541 -175.579651
v 201.691803 -46.383831 54.4292107
v 230.877731 37.3101807 190.836746
v 215.550858 37.7471619 198.089432
v -126.34877 58.1062126 -130.902435
v -116.178108 60.9697495 -128.84549
v 116.569435 -102.925781 -293.406738
v 108.642372 -106.497002 -292.688599
v 115.808578 -101.632683 -269.139832
v -49.20047 82.662117 -41.4137154
v -1.70510626 100.020035 -137.806808
v 7.46290112 100.389854 -138.122192
v 0.71035862 102.940964 -164.282806
v 24.153904 -122.641891 6.73340988
v 0.78283155 -105.374413 136.460251
v 142.156754 -76.5681305 -50.7698555
v -114.142357 -92.8297195 -313.365967
v -108.36824 -96.3226318 -313.437531
v -185.594589 24.9951611 -243.413712
v 177.58786 7.72959661 220.609238
v -210.288635 2.77846193 -75.7727966
v -236.596024 -29.4169369 73.8894806
v 32.0448685 97.0849991 -87.7975464
v -160.560959 83.9976959 96.8856964
v -79.1917801 -98.8486633 -204.607925
v -70.3941345 -100.371407 -196.002213
v 135.929626 -54.1515121 196.350021
v -312.584869 3.32638192 164.852463
v -73.7041092 89.4228668 -194.934738
v -4.64821768 99.6837006 153.544327
v 178.128036 -35.1198959 -189.063202
v 329.805267 -62.8857498 81.9919281
v 348.465637 -57.9818115 56.728466
v 107.819374 81.7684631 -52.7482185
v 104.331001 81.9195099 -38.9601631
v -208.46756 -49.4199219 151.193069
v -386.472748 7.88220215 14.9311638
v -386.065094 13.9417028 11.0005608
v 181.837036 21.0285664 -25.5247993
v 299.650024 36.3812561 64.9945831
v 302.47049 31.7230072 58.1395378
v 91.7676544 -107.5476 -59.6950569
v 59.9477844 -122.461868 56.9313164
v 35.1437225 -122.464279 67.6564178
v -10.8820953 -119.856415 -7.977314
v -326.669495 50.2675858 155.20784
v -128.865921 -74.6718903 -77.8102722
v -135.045242 -70.579216 -94.5463867
v 16.8314991 92.7316208 68.6530304
v 21.7659969 94.4451294 84.0228119
v -5.05127859 94.5877151 82.7652435
v -268.046692 77.5472488 146.347183
v -196.03923 -15.1439276 -46.6115913
v -2.62489891 97.267128 105.775528
v -11.0328016 96.6034241 99.9940948
v 168.486267 -50.3042107 -167.489899
v -83.4443207 -95.9122849 121.72319
v -28.1458836 97.1906204 -134.020584
v 224.877762 -55.0172844 68.6147308
v -65.1834793 99.2672653 129.781723
v -79.4356842 98.5859375 122.728104
v 108.178116 -97.8374252 -112.78035
v -115.92012 -44.4977951 198.346146
v 57.0414581 -80.1272202 193.277176
v 64.1765823 -72.971962 204.079514
v 210.062332 -75.0084915 151.989304
v -199.497177 71.8087997 189.234177
v -66.5301361 -104.166695 -72.8856506
v -48.09021 -107.650192 -75.4688568
v 6.5107913 103.981697 -178.97728
v -90.3019028 -94.9516373 -86.4077759
v -100.109955 -92.3319931 -80.2640076
v 122.123543 -107.347992 16.795269
v -199.137604 8.2590313 200.428207
v -192.225708 8.75660992 202.594589
v -202.664764 -29.3134136 51.9284172
v 203.59613 51.5838928 192.937943
v 208.148636 59.5317497 180.585892
v -95.2418823 99.6309052 143.245224
v -76.6907349 100.698753 153.396774
v 109.305748 83.1703033 -78.4131165
v -414.098755 -16.1823502 109.994125
v -405.182281 -14.9946623 120.271927
v -343.306793 56.6001396 139.483139
v 35.7172356 -112.491455 -77.2082062
v -135.328156 56.865921 226.366135
v -133.51152 64.6016235 220.314377
v -110.266708 -84.2770157 -206.511124
v 39.6351089 59.8115463 264.23526
v 246.713058 -73.4682083 94.7207184
v 236.361435 -71.981636 90.4398041
v -411.942902 55.2045822 84.5245819
v -5.74997425 105.491829 -204.711868
v -2.18881106 104.841667 -191.074631
v -305.801758 82.3686676 91.8520966
v 51.7094765 110.482193 -222.138901
v 129.428284 82.8976517 -203.852814
v 63.4837189 100.498177 -114.466507
v 48.427372 101.795349 -126.062286
v -157.646545 45.5519257 -118.211151
v -146.71846 50.7550316 -124.346725
v -86.3500061 -97.2378311 -79.0952759
v -93.3961563 -97.7644577 -63.3602791
v 122.864189 -94.7430191 -218.820709
v 216.679321 -8.41452217 208.338547
v 225.677505 -10.0345879 205.210312
v -51.094593 -104.949623 -220.334824
v 118.403252 77.0426102 21.3082695
v 107.359116 81.6550446 25.2568474
v 49.6430054 -118.010406 94.5178986
v 190.23613 73.2887344 117.333481
v 27.7327881 85.322258 232.033005
v -199.404114 -9.90248871 -242.507797
v 331.152283 -28.4686222 32.447979
v 350.990417 -50.1901245 43.4518852
v 244.864761 61.6934128 131.60228
v 258.812836 58.5468903 129.115463
v 150.135208 48.9473534 -48.3656197
v 2.39088988 -115.571518 104.578415
v -9.00020313 -116.669022 93.8358307
v 87.967186 -115.506081 -14.1165352
v 80.1306686 -118.367714 -4.02931595
v -447.172729 18.0078125 104.175186
v -207.010895 13.5712519 -11.0151558
v 180.026337 -21.2614155 -230.062363
v -319.153625 84.8230667 98.6251068
v -328.9216 84.3680801 92.5591583
v -328.347565 85.7791672 102.763901
v -333.421875 75.2279816 118.891922
v 35.2484169 90.440918 48.8327751
v -315.563202 62.8261337 147.045395
v -321.246521 44.6976929 158.527969
v -105.95414 69.4756393 -41.8170052
v -106.043419 69.0488129 -50.3126717
v 178.438538 -48.8903122 7.40134811
v 206.379944 2.20641041 9.30057907
v 208.723068 3.31168437 18.6767998
v -82.8209839 28.8527889 257.803253
v -82.6596756 35.9054375 254.718002
v -87.401123 24.798275 254.887741
v -402.978088 56.405098 92.4364777
v 106.751282 83.7822037 39.6747856
v 116.913467 81.5450668 46.5449944
v -399.719025 -25.6668816 82.2899933
v 288.558105 0.672721446 43.6721916
v -116.25927 -96.8629761 -7.77965164
v -120.518311 -90.4800186 -21.374836
v -159.99118 42.9986382 -136.143616
v 157.8116 -88.085495 123.819962
v 166.842621 -87.2688522 106.469833
v 202.053284 42.9499512 202.422897
v -211.286026 -10.1744928 13.9983635
v -208.351334 -15.182025 20.5099297
v -218.088547 -1.66717899 10.986187
v -180.313339 -34.5714264 -17.1046028
v -73.0706711 -100.712364 -153.302109
v 89.5477066 42.1630898 251.169846
v 97.1637878 49.4381561 243.220505
v 10.1364775 -112.04245 -196.908386
v -200.012711 -6.99494267 -151.049225
v -49.7412529 -115.840057 -313.364502
v -135.986053 73.8346863 -313.427338
v -141.320587 69.930809 -313.486359
v -34.9214439 -107.862602 -109.892792
v -26.3486843 -109.503136 -97.1915741
v -169.938446 -42.9815826 176.147018
v -68.5005875 -102.269493 -81.9060059
v -12.2631798 -110.711731 -145.269867
v -119.031807 24.8598881 238.125229
v -93.6371536 90.8774567 -258.687469
v 181.084305 1.52515233 -68.9332123
v 182.01506 4.37935305 -61.1412392
v 257.956543 25.9339676 181.232468
v 254.73674 17.9985561 185.055588
v 265.860413 23.6573944 178.826065
v -98.7823792 66.848465 -149.908356
v -317.855469 12.9187765 162.328476
v -250.112991 -23.5555191 72.7418671
v 116.839691 105.633018 -313.461548
v 113.031853 105.320168 -304.940613
v 122.391174 102.231377 -313.570557
v -147.311569 -78.1463242 95.1660004
v 2.06704831 -115.703293 -44.9909859
v -140.755112 49.7578201 -198.602585
v -134.09993 53.1728172 -177.62323
v 227.499695 -79.3088989 128.686844
v 194.087402 74.6492615 140.978348
v -371.196167 22.5822659 145.191605
v -14.6512728 82.6606827 241.110336
v -47.3963432 83.823822 232.606674
v -33.4988098 87.3503723 224.871933
v 186.526764 14.235158 216.277145
v -106.31646 75.1167145 6.26441574
v -114.317337 73.8801956 9.72092819
v -120.55526 70.1631927 6.06907272
v 366.247894 2.20244312 13.0881767
v -31.6139126 -108.022652 -189.637756
v -46.0135231 -104.886208 -194.51268
v 49.0127258 -110.333542 -151.403549
v -441.905548 -14.9029665 93.6187592
v 64.8460312 88.15802 33.1839714
v 148.788712 -68.3850479 -163.700104
v 327.697052 -37.390152 150.1707
v -81.031044 81.2032318 223.639999
v 29.1841393 90.3606415 -2.83977127
v 20.4365444 90.6105194 -16.0811348
v -143.948257 -61.4557343 -181.409897
v -128.268829 -70.0300827 -171.555603
v -136.693146 -67.1816406 -159.275146
v -147.57637 -71.104744 133.998795
v 112.27063 92.3459702 -236.784317
v -121.743568 58.2808838 -172.694717
v -87.1845016 73.1298599 -65.0108337
v -174.765442 45.5770187 26.7844048
v -175.438126 49.1454201 36.0760002
v -190.51619 19.7128906 -245.414551
v -188.959366 20.1253548 -165.578445
v 3.62833977 108.548737 -239.321915
v -193.266891 -20.0117683 -295.560944
v -125.068672 -57.4809265 178.492905
v -125.270386 -70.949707 154.051987
v -129.91655 -65.704277 161.620895
v -76.5936737 -99.0240707 -88.8234863
v -385.209076 -27.1430817 95.6892242
v 271.272766 7.05649805 181.685959
v 253.185776 7.61486435 189.098312
v 227.145218 25.440136 62.5362968
v -95.6129913 -94.541832 -230.137878
v 179.681976 -24.1484528 -284.724762
v -414.222107 68.9896164 57.4333611
v -417.91925 66.0485382 63.7658195
v 15.0112877 96.8726425 103.838913
v 21.5005951 96.3186188 100.10289
v -193.310974 -48.3695564 76.6873627
v 266.680664 9.09742737 53.7947807
v 270.687744 -4.55725431 50.6728325
v 288.615479 36.2787933 71.4219208
v 144.460114 -78.4912186 -27.7098885
v 181.824219 -14.8772306 -287.418976
v -155.064896 -71.5609283 28.0264397
v 185.948471 65.2692719 183.944839
v 183.263596 62.1942558 190.453171
v 24.948843 92.2620773 206.750412
v 28.9228287 90.3203812 213.969772
v 133.866364 -91.9273682 -251.23613
v -49.149498 -105.746735 -145.139557
v -56.9679947 -104.34761 -155.893402
v -44.3669548 -106.61145 -152.229889
v -148.407532 -64.1047211 -25.8072701
v -141.04686 -70.1848602 -29.6454964
v 323.510254 48.7022972 89.7630157
v 335.315948 50.7713318 87.2917938
v -130.790894 60.814209 -249.927429
v 291.109619 -59.9703598 146.667191
v 147.367142 55.5443153 -214.867035
v 146.292999 60.2980042 -223.38443
v -447.448669 1.86617315 103.856369
v -69.771019 -106.057838 99.359848
v -51.4986267 57.3315697 266.560516
v -40.3032494 66.1712723 266.26535
v 181.057938 18.3933887 -42.001667
v 183.375473 7.70207977 -53.0184822
v 187.560074 -1.10019147 -54.8022346
v -282.136505 69.144104 79.6126556
v -174.203949 38.8143616 -313.421448
v -25.558876 94.2439499 -97.4351654
v 46.0475655 43.5121918 280.302582
v -199.257401 16.4618301 -60.8651009
v 128.421646 66.8727341 -12.9413643
v -49.704258 86.3698807 226.161057
v -165.120834 -50.9340973 -300.03598
v 96.5033798 -99.6974106 -150.741653
v -160.673019 43.427578 -73.970871
v -336.660248 -29.2925301 110.527603
v -330.927704 -28.1663971 118.97258
v -174.072357 33.3274193 -249.511459
v -181.422958 28.7836151 -253.443146
v 6.35990572 111.251633 -282.911987
v -132.108276 96.0296097 139.672012
v -152.840286 93.427681 138.391953
v -297.048248 -5.58848333 55.0851555
v -276.211426 1.71989548 50.7927361
v 55.056179 -120.047028 -8.88463211
v 60.8396454 -121.401794 1.70838559
v 163.110321 -52.4574127 -95.8671722
v 163.417923 -51.8348122 -105.556641
v 80.8156052 -106.138626 -174.704346
v 62.0881691 -109.074432 -159.279724
v 68.1859055 -108.689857 -172.542389
v 352.353607 15.276289 25.0133781
v -131.435349 -72.0675354 -135.415039
v 204.317703 -15.3724957 -4.34544754
v 302.127045 -42.7846146 56.9342766
v -34.3711929 -107.147766 -206.735062
v 87.6781387 -92.7619705 154.528244
v 99.6419601 -96.4312973 141.325241
v -86.7566605 74.8736115 -30.8875313
v 173.452393 26.1488457 -277.218842
v 168.783707 35.8002281 -277.906616
v 158.705063 -88.4683914 110.720016
v -208.614349 86.3648529 126.264053
v -197.964355 89.0654221 134.452988
v -113.558487 90.9568405 -313.394897
v 253.117569 -55.1557693 75.5763397
v -150.151108 49.2192116 -31.4088631
v 299.227722 -22.891674 171.963974
v -153.86467 -54.5762672 -57.0072365
v -83.8239746 -46.0921936 215.001205
v -31.6514454 96.5155945 199.349075
v -75.7618561 113.334717 -313.442291
v 328.481964 -51.5420341 130.095474
v -268.36908 58.857872 75.2770844
v 24.7417583 -111.973679 -148.592072
v 14.5279083 -112.318405 -145.869751
v -263.519684 -5.35781145 57.2126274
v -250.535751 0.106840014 51.0662346
v 27.0370064 -124.132591 47.3615227
v 173.907288 76.4200134 175.851822
v -53.0766907 -117.865318 51.1681328
v -58.8200607 -115.811935 63.1945305
v -48.105957 -118.800507 35.875988
v 327.222382 40.7574844 54.6766472
v 90.7689362 -118.735847 54.0480461
v -2.89060521 -90.379837 177.088364
v -10.1162462 -93.400795 166.359695
v 78.5136871 -109.111534 -228.655579
v -144.946503 51.4526634 -85.518219
v 180.065536 -38.1516953 -35.1318855
v -86.8349915 85.9421005 -210.174744
v 160.77655 -42.9570923 200.525131
v 168.447083 -34.2004547 204.255356
v -115.656837 -77.3627701 -168.34877
v 391.270721 -45.5000305 103.481552
v 184.248886 -20.6999645 -149.903687
v -226.096695 23.0645466 196.949265
v -69.4259872 79.1685867 -13.3856392
v -10.2095633 -119.513924 76.0789032
v -209.074829 2.51467896 -93.2362061
v -272.016998 -42.3912926 131.142349
v -165.358719 37.7789192 -171.972351
v -172.141022 32.9292755 -168.394974
v -167.757446 36.124218 -163.428955
v -77.2817078 76.1436386 -51.2361641
v -46.9202881 -106.166054 -103.807083
v 175.883713 19.3576584 -77.15802
v 178.470398 10.2427177 -73.1858063
v 228.785004 -27.1229134 194.885574
v 93.5476379 -85.0786819 168.622177
v -140.472397 -62.4180984 -229.303314
v 155.056183 41.1965637 -116.077026
v 149.767258 45.0938568 -123.415787
v -207.227982 -2.33524895 -38.5064888
v -210.761597 0.197069943 -24.9395027
v -197.412262 17.2921524 -69.9766693
v -25.0750504 65.1707153 271.209259
v -172.926285 -45.6736069 -313.323975
v -166.317139 -52.0988121 -313.354767
v -15.2840366 91.7642593 -59.3512154
v -43.7148743 85.6317749 -67.0019531
v 2.03543687 -122.829422 56.7504082
v -9.94108582 -110.885254 -205.190384
v -164.198776 41.2399559 -40.859333
v 146.525635 -67.4898224 -119.325348
v 71.1195602 -82.9359283 181.706802
v 126.797493 -86.3957672 -165.944412
v 177.118668 -39.6244431 -183.127441
v 7.16335773 91.5260696 -36.7259407
v -123.822762 -72.5233841 -184.988373
v -126.959557 69.1151123 14.8114433
v 204.726929 -9.48387051 -24.3201485
v -171.073959 -39.631012 -240.68309
v -90.3755188 35.1615257 247.176559
v -72.8313751 36.6819344 263.361237
v -77.7100296 46.0908356 254.69841
v 163.434448 -62.0359573 -211.929138
v 129.437851 -98.8864822 103.226212
v -139.280579 -82.7079086 71.7379303
v 5.59304285 99.3168945 160.00087
v 303.841248 -10.9517574 36.3479424
v -200.454605 0.141994059 -192.825714
v -154.530167 78.0824814 76.5809784
v -172.651688 77.1035385 91.9270172
v 377.785583 -57.8093796 48.1289177
v -336.898682 85.3788376 98.3929901
v 96.0638428 95.9469757 156.737442
v -141.371658 -63.8294601 -247.670135
v -56.7682533 82.5761032 -73.9943695
v -76.5665512 -104.655235 -293.33316
v -80.908638 -104.4384 -299.964203
v -74.0550766 -109.286057 -313.430634
v -404.412903 1.93181837 129.825302
v 280.283051 -52.8677788 163.588425
v 290.111572 -57.05373 155.569138
v 169.540848 30.376112 -55.1599922
v -31.9567337 86.8783722 -43.4155464
v 139.897278 42.4231339 229.731735
v -119.762955 -88.8880768 -313.366425
v 225.784744 -20.603941 44.8510551
v -94.3208237 80.4179916 -205.294098
v -173.450394 32.1827507 -158.240692
v -160.262817 -48.3886032 -138.462372
v 27.0886898 -77.5124817 211.41423
v 42.3043785 -114.266731 -259.947693
v 42.1048203 108.61129 -213.868744
v -216.442108 41.6371841 62.2311211
v 145.71315 47.2595825 -143.949707
v 152.4133 40.9352303 -146.631241
v 139.985428 52.890728 -140.165298
v 140.265518 52.7601089 -149.384048
v 186.031967 -6.88123035 -94.241272
v -69.2230453 78.7394791 -21.4696541
v 136.638947 88.8486938 170.449936
v -158.577835 -72.3380432 81.7467804
v -152.425079 -74.742836 70.5396881
v 188.019516 76.1640854 136.354782
v 169.895309 33.0379562 -31.7152596
v -42.1882744 -107.616226 -90.7178802
v 71.0415649 97.2228622 165.341721
v -7.43622923 -77.777092 210.894455
v -20.3796482 -75.0345917 209.854111
v -201.008438 -3.83080482 -313.305634
v -306.212738 66.7113037 146.888107
v -180.311783 39.388607 20.9613457
v 83.4029312 -109.814919 -253.99324
v 86.6609421 104.302383 -224.205719
v -169.6091 -57.4300499 26.4719353
v -244.876572 -48.3663788 121.118942
v -240.184097 -48.0807228 114.136978
v 258.266205 35.6651382 78.7918549
v 270.632233 33.7303467 77.6224823
v 156.816971 -17.0843315 218.781235
v 22.9824905 -123.623718 16.9871635
v 72.8712082 63.879776 245.123276
v 269.233063 44.3055725 160.031845
v 278.635193 41.97155 156.726059
v -195.915176 -31.6623421 44.8912163
v -195.963638 -23.2411842 -249.483337
v 138.614243 -90.0796738 2.07804489
v -42.1849861 115.52182 -286.881927
v -413.961517 -18.4152737 49.7404594
v -409.700958 -15.9879684 44.8931084
v -138.037506 53.5519257 -150.357773
v 134.522873 -80.4028931 -74.9500122
v -338.077576 2.74259686 33.1439323
v -107.934395 -86.9134369 -107.988785
v -63.0432892 72.2900391 251.047287
v -138.218994 55.2428551 -31.0264168
v -149.655548 49.7551384 -20.8003426
v -124.603798 -91.8507614 79.7134247
v -119.2332 -94.7279358 85.8903351
v -172.492966 -34.9416542 -126.513336
v -0.429676563 -122.82946 15.9821587
v 112.132889 -106.689552 -35.192646
v -166.605896 -44.7010117 -254.757645
v 340.925201 42.3194771 117.982803
v -384.591858 -21.008564 122.283676
v -98.2246246 -107.077805 59.7870293
v 307.384766 41.8873787 68.6305389
v -191.319183 50.5953865 56.9083977
v 76.4451141 -122.239273 38.8098259
v -194.744934 19.0087166 -80.0678558
v -84.102829 -103.188194 98.6289825
v 449.133575 -7.69471312 83.413559
v 17.304121 -119.358429 87.1253815
v 26.0800323 -121.278809 75.6070709
v 174.306213 -38.3544922 -239.690811
v -110.354492 76.6710129 -242.637512
v -221.091705 89.9547958 134.522903
v -65.912735 92.0813522 -189.301025
v -7.26042366 105.927818 -215.561661
v -17.7270737 105.653748 -213.546066
v 245.756012 1.75002789 45.5581779
v 223.25885 51.864296 183.711319
v 235.710861 45.8529282 184.837601
v -156.891876 41.7994881 -220.417404
v -162.34819 37.8890686 -228.042145
v 345.982056 -59.3906403 97.2020111
v 342.927948 -57.0290413 105.972946
v 2.86110592 113.414742 -313.350708
v -42.6446838 84.2080383 2.64115524
v -199.064163 -9.38343048 -189.538818
v -195.768845 -23.2656975 -190.539734
v -50.2247887 -95.304985 143.738235
v -142.935226 -62.195816 161.118576
v -6.33009386 98.7172546 177.58287
v 362.838348 -49.6770287 112.907303
v 3.29887867 106.007675 -215.607498
v 6.98158884 105.499954 -204.241974
v 177.331863 -81.5285873 87.8820343
v 180.164047 -85.3525391 101.030411
v 62.2621117 -111.3386 -244.936264
v 364.297668 23.7730141 21.0617485
v -194.610718 -24.5306911 -270.702728
v -302.243378 84.3610611 119.394455
v -327.604187 81.0657883 112.633224
v -134.580185 49.9239807 229.050278
v -120.759338 -95.4895706 43.510479
v -221.622559 74.5342407 98.1839752
v -311.503876 -34.433567 124.654709
v 374.995819 -40.9517441 23.658062
v -99.5036163 32.378727 243.655441
v 227.197464 45.6590805 83.9591217
v -211.221725 21.3215256 26.6943169
v 1.08455849 -113.307068 -70.1949615
v 43.454277 -117.262665 -32.4249763
v 25.7998428 89.6987839 40.2193413
v 173.361923 -30.9488907 204.944016
v 66.9206619 -114.5513 -40.2708015
v -365.998444 78.2628479 91.4793854
v 100.3172 95.598526 -221.693436
v 98.309639 77.7542038 215.312424
v -353.355835 23.9093208 150.125626
v -355.614716 3.70780659 148.140213
v -166.985077 39.7116165 -71.7950439
v 140.170258 73.8889389 209.831833
v -250.016495 29.1020432 190.282913
v -7.97074652 -111.520714 -230.710388
v 138.670502 77.598381 66.4475861
v -96.3832474 -82.350502 147.281479
v -394.243286 -18.3844738 121.343674
v 101.887184 3.46213436 250.7061
v -120.900772 -80.744133 -84.8345337
v -25.7295856 110.142487 -247.664505
v 75.4761505 87.0543823 31.9307671
v 63.1414146 87.6842575 23.1724358
v -259.790497 85.3897095 116.146561
v -108.089096 98.4777756 135.592667
v 126.634346 68.4300613 -52.836628
v 141.986588 55.8011131 -52.383503
v -63.6778908 100.109787 163.557449
v -380.332977 -17.2426701 47.8171196
v -42.5862999 -99.5657272 135.592697
v -41.787941 -101.841034 129.501877
v -347.691193 15.9631624 25.3043327
v -124.240898 -92.1816254 63.2777214
v -250.579971 -35.4362869 84.7245636
v 164.68808 29.6138744 -220.661377
v 169.274963 21.0545921 -220.394119
v 399.237732 -0.436493814 120.944962
v 412.481476 3.07851791 111.867813
v 170.627457 -86.2581711 124.288406
v 168.660706 -85.5101089 134.56395
v 59.5023689 104.2341 -142.813065
v 145.996704 -47.4240532 200.387131
v -187.051743 93.4801178 149.533127
v 153.662689 85.9618454 145.49971
v 140.971146 -86.3574905 145.557449
v 152.801773 69.2857132 -296.301178
v -168.37146 -66.9396667 114.818161
v 284.34613 -69.0139923 91.4080658
v -79.1582336 77.3534241 -142.330185
v -79.267128 78.3247604 -151.596725
v 424.922272 -53.4857407 71.3218231
v 325.339417 21.2328091 150.047897
v 138.54274 -79.5316086 -183.347549
v -37.6924133 -119.924324 22.743969
v -323.352478 75.3573608 65.7697296
v -311.327759 76.1794586 73.2435455
v 282.586273 54.0795937 122.745651
v 249.249741 33.6094437 75.4707489
v 19.7668953 104.111855 -183.561111
v -146.146637 -64.9981155 154.256943
v 133.818253 53.7516136 228.059067
v 122.162437 63.3389587 227.522202
v 90.8495026 -104.083458 -88.59021
v 134.257919 -85.6532822 150.319351
v -60.0866089 95.8221207 200.531967
v 244.226776 55.5501862 104.02919
v 169.832932 -66.6282806 31.4428215
v -123.101677 -72.6469193 -178.278305
v 49.1581001 92.3267593 -31.8953133
v 138.964615 81.268364 -261.885895
v -141.78624 71.6932907 210.304306
v -170.870911 -54.5944786 18.4184685
v -230.653381 -8.98241329 48.9860039
v -228.141281 -4.04122686 37.32304
v 153.289612 -64.773735 -50.2345467
v 144.821365 -70.8055725 -71.1087799
v -188.602478 90.4788361 136.690659
v -50.222641 -110.263542 -49.1599007
v -55.6389923 -107.714401 -61.4302864
v 12.6094217 -114.318062 -255.975815
v -77.4423447 106.024513 -294.968567
v 384.199219 9.1812458 127.096481
v -72.6892853 -114.41275 49.2245903
v -66.5056686 -114.316978 62.8602715
v 209.773499 -44.1002617 186.922684
v -72.7531815 -108.53299 -37.8840218
v -65.4644547 -109.239212 -41.2890816
v 162.051773 54.5211563 217.171555
v 112.934235 11.4642382 245.097946
v 391.435791 -43.778038 22.0232353
v 407.208832 -48.2137566 21.0140495
v 16.1440792 -121.811493 -313.288879
v 159.265411 -72.3621216 16.4989128
v 255.356613 -13.5394907 193.304214
v 135.649811 -99.2023773 49.4063225
v -178.701721 35.2740936 -313.423492
v -114.924507 54.5308571 235.941757
v -326.485901 58.4398079 47.9253349
v 313.000366 -47.1868858 57.4225273
v -30.7894344 -108.94165 -236.878036
v 370.961792 -45.1088142 117.387497
v -190.929474 -23.1033401 -307.845978
v 0.799088836 -122.250282 5.94654465
v 82.7414017 -83.3851013 176.214584
v -131.244049 62.4587479 -1.23878849
v -54.267292 100.2519 161.025314
v 51.8977165 -122.964981 13.7432365
v -76.0163574 -98.9103851 -133.521027
v 182.132446 -16.9850693 -243.324432
v -141.531128 58.0127373 -270.099518
v -187.276596 22.6854973 -256.765411
v 390.904694 -57.6873627 56.9055901
v 266.599152 37.5777206 174.295395
v -406.137543 40.9635544 110.828232
v 159.888351 62.897541 -313.324982
v 384.655029 -10.7605114 130.752121
v 395.884216 -16.2224445 121.107285
v -62.5513039 -102.685104 -214.154404
v -74.4469376 -100.026924 -210.414246
v 60.2727165 102.213974 -126.486786
v 65.6105118 119.850647 -304.187347
v 67.6911774 121.572502 -313.396576
v -98.2550507 -87.4203415 133.523117
v -88.0486298 -93.0239258 126.241257
v -79.1409988 -92.0320587 135.190903
v 37.6702423 -120.448212 81.9318085
v -255.303879 15.2157583 186.542953
v -272.397583 -3.64253926 55.980999
v -317.257446 -13.5914955 58.9752007
v 388.491638 -21.7968063 6.05335617
v 158.105759 63.1781387 54.4962578
v 129.98967 68.2630768 -143.4841
v -28.5751991 -109.983643 -247.04306
v 158.333862 84.2533569 135.930527
v 112.237877 94.5732117 140.717239
v 260.544312 55.5787621 138.206375
v -109.480286 -93.1839523 109.268906
v 159.839081 -67.0452347 -226.824677
v 159.529037 -67.871315 -232.882584
v 60.9268608 118.6007 -297.099091
v -156.163452 -34.0467873 190.657639
v -170.508194 86.9241486 181.856247
v -229.838608 -19.7585735 62.009594
v -235.997116 -11.8853312 57.1742973
v 107.560799 -97.0274277 -123.413208
v 273.001526 -62.7756538 158.806808
v -58.1118698 -104.940834 -244.008148
v 376.734894 6.52902603 131.480881
v -13.341012 -112.893555 -258.197815
v 326.954193 -63.9462242 90.2350311
v -116.19957 -87.5314026 -54.7404671
v 147.319 -85.4462662 -313.451691
v 357.525024 47.2724304 66.3655243
v 247.496353 -41.2096939 65.1945038
v -397.285706 6.94334793 133.90654
v 150.130402 -82.7005081 25.4741631
v -160.166565 -56.2837791 163.416519
v -379.703857 23.9992104 138.856827
v -375.779816 37.2990646 132.685196
v -370.019745 32.3175697 140.318253
v -48.7844963 -107.823799 -262.174225
v -48.5332184 -106.921616 -250.680695
v 156.5849 83.8940735 121.011551
v -178.551743 -51.5697098 56.3920708
v 61.9921913 115.114662 -273.197601
v -333.769714 45.8035011 154.178421
v -340.444 34.0552177 153.111252
v -96.0641632 41.4422989 243.976181
v 180.756363 -66.6663361 169.485001
v -236.43898 -46.9960518 106.518845
v 88.4764252 -88.60746 163.246994
v 96.8837585 -89.540596 157.964401
v 97.2194901 90.4685593 188.24263
v -190.058578 -28.9455719 -190.091354
v -151.151993 89.1271133 184.655441
v -146.698517 87.1515732 192.20903
v 127.969002 82.7733154 -193.934021
v -2.66805267 107.58802 -231.731308
v -14.5192099 -110.313873 -112.690384
v 422.234344 -59.1154938 39.758007
v -134.488983 56.5833778 -54.1081734
v -66.3485184 -101.286995 -120.986313
v -58.2445831 -58.5502853 216.571457
v 181.774963 14.1846352 -313.366547
v 152.390808 -18.6720085 219.578537
v 136.733902 61.2917366 -17.2400398
v -147.091751 -61.7238503 -135.440094
v -365.233582 55.8877144 28.4267693
v -372.662384 48.2688484 18.6583366
v 12.0300503 106.011772 -214.246338
v 41.8490906 -118.193939 94.362381
v 18.3819599 -113.709389 -74.2501221
v 132.711197 71.1205673 26.5324516
v 141.180222 66.0879593 25.9553642
v -141.106445 90.385849 185.874344
v 97.4447479 105.488007 -261.368408
v -277.414032 -36.4561958 142.727859
v -297.280609 38.4643822 50.3703423
v 176.137909 78.0771179 167.958206
v 18.0596066 -112.650238 -225.830307
v -35.0495949 96.3919983 -141.914963
v -36.2541885 94.8655243 -128.731461
v -44.6478233 91.1346207 -124.341797
v -20.3928032 96.1689224 -111.713837
v 134.715363 -78.8929367 -130.930344
v -182.209259 -62.2616425 117.20253
v 31.2007351 63.1781006 264.872833
v -370.835754 77.2545319 79.6660309
v -154.892593 -53.2990341 -129.172104
v 369.350647 46.6979141 98.6294403
v -279.654572 9.03843975 179.828903
v -294.87088 16.9134235 173.426834
v -18.7973747 -117.056282 -293.856445
v -203.065979 17.1772995 -2.71193314
v 249.321335 41.2229614 83.318924
v 236.79425 41.3309593 81.2733002
v 383.711456 -58.358654 65.9033661
v -89.7741547 -56.6021919 197.531204
v 147.695312 46.0890617 -180.756729
v -78.0050735 95.4230499 94.5293427
v -82.3081665 95.9203796 98.7524567
v -114.489388 -87.719101 -271.789429
v -190.837448 20.0275269 -290.584808
v -306.554626 27.5129166 42.935833
v 343.639862 8.62213421 26.1451836
v -270.572327 47.667244 177.978104
v 144.71521 54.0815048 -41.6437569
v 305.744873 45.6559868 87.1144867
v 301.164581 43.7373924 136.303726
v -168.778488 35.3238525 -181.024719
v -161.315994 40.5373688 -178.83699
v -64.4981689 -103.555435 -240.845459
v -65.3472443 -102.768532 -227.286499
v 202.083115 -24.3159122 202.798141
v 63.398056 -117.510063 -23.2014656
v 70.3738632 -115.925652 -29.4322701
v -116.545326 14.0568266 238.863144
v -143.998138 15.4769268 228.10527
v -127.000221 -73.853157 -225.481949
v -172.420044 36.7335358 -79.9166107
v 118.599998 89.4110641 -229.827301
v 88.3340149 96.3962936 161.28334
v 93.033699 94.7187653 176.35463
v 189.946991 -15.4702578 -128.538086
v -11.4940853 -114.672302 -274.552216
v 176.426514 -64.0977554 39.1595879
v 175.664047 -60.7537537 29.6118889
v 183.405716 -57.3729439 38.41325
v -226.419235 -18.882885 179.714615
v -36.8458939 90.1408844 -86.2423401
v -36.0911446 -111.963661 -50.5619698
v -220.000534 62.3778267 84.2549286
v -221.716614 46.3941917 69.3214569
v -26.8246365 -73.6085663 209.304367
v -144.236252 79.4088745 201.573288
v -117.405899 86.4534683 201.282761
v 161.481873 57.0949211 45.4125175
v 170.779526 -46.0440254 -234.551346
v 10.3192101 -79.1262817 211.197433
v -0.989008546 -78.828186 211.311813
v -68.2828903 97.3261414 192.58461
v -350.838501 0.567909777 148.835648
v 368.9534 -57.9654541 50.9158745
v -199.165146 -14.3855925 -249.150314
v 196.308609 10.9021921 2.69913864
v -82.6941986 -108.201706 -26.4304085
v 131.932709 16.9651527 237.500595
v -24.7310123 -109.186089 -111.29689
v -264.978912 55.8867989 174.938004
v -268.617157 63.4242058 168.964706
v 73.517189 -123.00248 26.7060661
v -201.041824 9.59089088 -196.789902
v 164.765823 -86.8174591 88.7566681
v -81.3577118 -99.1288147 -227.584061
v 326.235413 -16.7200794 27.2623405
v -72.1022797 -94.4881439 133.459122
v 28.1825638 -113.478035 -71.6905975
v -238.368988 64.1815491 180.143997
v 65.2737427 -109.721886 -196.85701
v 56.9195213 -110.230652 -185.819717
v 49.0795975 -111.046288 -197.214828
v -98.3431015 66.4603348 -136.128235
v 123.206337 -29.1645718 225.303146
v 294.80188 -65.916481 115.677628
v -125.782211 -87.2218323 -15.297718
v 74.5048523 -117.407921 -16.7031136
v 78.9825668 -115.327698 -25.6848946
v -201.83609 8.61463261 -187.493759
v 111.587753 83.2773361 200.257004
v -369.269501 13.9285612 145.531052
v 158.716125 57.4330978 -286.93219
v 19.062891 -112.376503 -194.483612
v 342.364594 29.7676144 139.216446
v 254.162094 -38.607338 182.924973
v 246.750244 -43.6182404 180.785568
v 162.75563 -61.1819267 -15.2864265
v -152.02124 -40.3612404 186.090134
v 117.737343 -61.3641014 196.177536
v 248.492004 28.7702942 184.586166
v 353.129578 28.2143478 135.467728
v -217.0867 -53.3092918 129.451431
v -61.8348236 -78.0739899 176.6082
v 355.441711 -29.7696552 16.3697319
v -394.920227 -24.2554073 98.4956512
v 43.7543716 -115.650528 104.20549
v -178.653168 -39.3850861 -204.230988
v -176.661209 -36.5857201 -235.239212
v -123.540154 54.6470833 232.361862
v 403.988312 -44.8076935 17.9087334
v -172.416916 -38.6877594 -40.9945564
v -19.9152489 -112.596092 -60.7667427
v 397.910248 42.3499603 29.2250175
v 392.089966 40.8226089 23.2775078
v 57.8252258 -111.644043 -67.9103394
v 165.622269 21.7637501 223.132675
v -393.403137 46.4901276 113.90123
v -245.83403 -46.3917694 131.542862
v 115.012329 94.1538315 144.848343
v -97.6486206 -108.524963 32.1531792
v -102.5 -105.333603 51.8079338
v -102.42485 -85.9810028 -155.171387
v -103.324905 -86.2065125 -144.300735
v 374.8302 48.263504 74.304306
v -285.210968 79.3434753 135.325668
v -272.325562 80.7540817 134.296951
v -292.816498 84.9309158 119.029282
v 104.102051 -102.673965 122.030472
v 181.099365 -75.1448135 156.833786
v -49.4846725 93.45047 76.1725616
v 307.194183 -65.68396 84.7339325
v 236.577927 56.0791283 164.286453
v 121.353394 -93.0215836 138.925766
v 104.227043 -69.4300385 191.242569
v -5.76312685 90.3471222 -29.9560738
v -190.529221 19.4821854 -111.136276
v -15.8345003 100.925934 -153.337036
v 127.240059 69.9348755 -120.882889
v 112.384537 -48.6439972 212.548386
v -8.25581837 99.2745667 131.494949
v -274.183929 12.7343111 48.3762321
v -228.238342 -0.758726716 190.40126
v -94.1681976 72.3666382 -47.6047859
v -40.1789055 -109.776154 -267.946228
v -18.932148 -112.774155 -263.462799
v -114.95356 -77.6457825 -177.243134
v -110.063454 82.4577026 207.472275
v -154.814301 61.1453094 215.070786
v -271.849365 69.7509308 85.7467194
v 142.169876 -12.3046532 227.059189
v -175.766556 83.6128311 185.952011
v -183.212204 93.7718353 148.195908
v 254.445999 36.919838 178.957352
v -182.111374 61.8596039 201.529709
v 88.2198639 84.2174988 -2.66792679
v -130.662567 77.7533951 -313.381836
v -8.39965534 -96.9844208 157.487503
v 103.301933 -116.106216 54.2467155
v 362.519775 7.20636415 138.360062
v 372.51123 -5.36974335 136.080338
v -95.9212112 -106.722855 70.7538605
v 262.196106 57.1805077 123.350815
v 80.3756561 38.1170082 259.73526
v -134.302963 -70.5145874 -69.4147644
v 46.4724426 -122.192047 6.19129562
v 43.1225395 89.4685593 38.0131035
v 164.026047 -61.2630043 -207.137283
v -26.7024746 -110.87838 -73.3397064
v -67.6123276 -110.556068 -30.8024178
v 337.551086 -59.6563873 67.08284
v 66.0853348 -123.584595 28.1111565
v 43.1048927 -115.547638 -273.273438
v -139.877869 87.9136658 90.0199432
v -142.701279 90.4210129 105.684616
v -129.615753 90.9078903 95.0304108
v 412.013458 43.5961685 47.6865959
v 151.221909 47.1142235 -209.374847
v -130.248779 59.1313896 -240.630081
v 100.646484 111.252144 -296.022583
v -83.8330383 97.1736984 109.165848
v -90.8999176 97.6764755 113.940811
v -88.9967575 93.3880539 85.8852997
v -91.3054352 94.8146515 94.2027435
v -95.8464203 95.9278641 101.352707
v -366.642883 69.0400009 110.144394
v -167.080246 39.2731361 -56.1015205
v 113.521431 65.557724 229.560226
v 184.525864 -33.439991 -60.5525398
v -49.9328003 96.9383163 196.618576
v -119.19194 78.1828537 -286.097839
v 143.636673 -77.6193466 -35.9892159
v 113.9869 82.8757019 -99.3271942
v -29.5782032 -120.34774 8.45109177
v 166.577927 -51.4407005 -52.5160713
v 36.9602432 -116.986748 -36.1403999
v 163.033173 -67.3994293 10.5654716
v -125.630173 -84.932785 -26.940937
v 131.029236 82.759613 -213.551758
v 166.36467 -61.5764618 -313.36087
v -368.812469 41.0726204 19.5189934
v 200.676758 49.3171883 77.9115143
v -389.032043 -11.272934 37.0188713
v 293.225708 -29.3647327 49.8075066
v 54.8313599 -88.7080078 173.997513
v 182.998184 11.0831165 -109.852356
v 47.8885536 -111.440971 119.377731
v 229.977249 -73.9548035 96.4416962
v 83.1827774 -108.260445 117.674698
v -307.909729 -13.3145752 60.4274712
v 35.5580025 -97.1010208 158.816422
v 34.0244522 -93.996933 166.036423
v -135.623184 55.4945831 -93.0347443
v 136.400696 -96.3525772 29.5823784
v -75.4489441 76.0326004 -67.4635773
v -251.470169 86.6021118 119.738998
v -59.412159 97.238533 109.895737
v -194.159943 -19.2660675 -28.2124214
v -381.180084 31.0853062 7.10233688
v -119.620354 81.1362686 41.5823784
v 82.5648956 88.6043091 -54.358387
v 75.3322754 90.6995392 -56.8285713
v 66.5571747 87.0483551 211.363876
v -209.449387 -47.4112091 86.6635895
v 215.920242 45.1243858 194.486008
v 251.931335 -77.0885925 131.685867
v 244.081284 -78.3070679 128.085403
v 155.249191 37.4442215 -159.194183
v 368.164429 14.1367998 15.571209
v 128.015091 87.4992981 -263.515869
v 243.291519 37.7056885 184.419785
v 68.6106949 88.2120895 -5.45332718
v -162.104752 88.7281342 119.036209
v 114.807922 -98.2098007 -80.0591888
v -144.168411 59.1590042 -290.282532
v 77.454834 86.5716171 -5.58546829
v 283.562531 -29.3503551 52.0504875
v -108.861679 -101.615242 -2.63463211
v 133.392014 62.8081741 -56.6828346
v 126.113091 -85.854866 -131.994888
v -205.36853 4.06118202 -147.18959
v -198.340942 -6.84131527 -142.385269
v -252.702087 -46.9404106 123.376694
v -80.9459763 74.9271393 -88.878067
v 147.478958 -92.958931 65.456131
v -71.4257126 77.6749268 -84.2560883
v -44.2175369 83.8847656 -23.5846443
v 157.389969 -73.9175339 -313.363068
v -165.158707 36.504673 -216.3228
v -191.476288 -27.250515 -281.056885
v 169.997482 -51.5457573 -313.342957
v -49.6584396 -113.796852 83.6927032
v -61.7788162 -112.019096 80.2623444
v 286.237305 -69.2990952 114.207504
v -87.104805 90.9425812 72.2657013
v -379.075073 -1.48356533 27.1943474
v -232.00885 -24.8293915 172.656326
v 223.459229 16.6303558 53.6336174
v 388.315765 -21.2768097 124.691483
v 226.683472 -79.3842697 114.380508
v 236.260132 18.4050579 58.1333733
v -12.8264189 91.3118439 -50.7216377
v 79.2870026 64.9820404 242.607162
v 72.5795135 -69.9530563 205.452621
v -168.765961 -42.8261108 -166.171402
v -133.182465 26.4232311 232.942917
v 141.60199 -73.6821136 -159.230164
v 21.9200306 62.7417984 270.521515
v 374.131897 39.0459251 34.6219597
v 151.470627 -72.3884583 -206.105042
v 193.366043 -48.7932434 187.384995
v 71.0322113 102.081551 -148.966827
v 218.499344 -25.8346767 46.0767937
v -389.510864 -11.3260069 127.277847
v -393.178406 -3.08282781 130.845505
v -127.975945 -75.7414627 -90.3516541
v 69.2643967 -107.921394 -100.220825
v 62.9380379 105.821976 -162.099243
v -23.4354153 91.2751083 57.637188
v -33.2006912 -110.231758 -260.305481
v 355.17572 -60.2929077 69.4155121
v -71.1788254 86.06633 -172.422089
v 148.366608 56.1777802 8.07423019
v 326.696991 50.8102837 106.897263
v -81.7140274 76.3914261 -19.7945442
v -223.116516 -51.0828629 134.452896
v -126.61348 56.8735619 -160.619781
v 103.425743 73.7119217 220.715622
v -163.285965 -45.1664505 -243.129959
v 178.019363 5.24404716 -235.831909
v -96.0774612 86.6465607 -243.739487
v 239.090591 -75.2230911 99.8843536
v 68.9527512 32.1139603 270.743439
v 63.4518585 35.2647324 272.844452
v 130.952927 -99.8785934 88.7081757
v 27.3696537 98.6164627 151.023727
v -51.3082695 -118.477486 8.56873703
v 335.275696 10.696496 29.8112907
v 327.380402 13.3377829 35.487011
v -109.602989 64.6183929 -184.693878
v -111.27533 -55.7485504 186.847092
v -38.405941 101.608704 -197.536301
v 121.869034 92.5421829 -274.534943
v -91.5396729 -101.660797 98.0892487
v -101.472984 -102.255165 85.8947906
v -142.640259 -72.3661118 -313.404938
v -132.287247 -79.9331818 -313.377991
v -300.37265 -30.7854939 139.016159
v 302.200897 -54.1817093 151.099075
v -70.0257111 -116.250664 19.6446342
v 74.2904053 88.5746155 203.486435
v -173.074585 43.8066101 19.3606377
v 95.5665054 -39.5227356 229.78862
v -262.458588 23.6650047 54.4731865
v -297.19223 74.9280014 139.116074
v 159.162598 35.4141045 -142.933334
v -38.0721512 -110.730293 -58.6645088
v -305.259521 -12.5657902 160.271103
v 320.263916 -63.9962158 81.2202301
v -163.987045 47.3172112 -313.362579
v -161.003098 54.5632401 29.3216362
v -48.9624252 -118.888596 15.3080864
v -316.474335 -20.0894527 147.320908
v 154.102798 69.5440292 205.458908
v -346.87149 36.3699379 31.7465019
v -132.721542 -69.8926086 -235.923431
v 1.72975945 93.2351456 210.107346
v 8.89774609 94.8022156 200.945663
v 18.3725338 96.1088943 191.136765
v 55.2865067 110.186325 -213.167313
v -274.582764 -14.1267958 66.4126129
v -385.244629 -7.14149714 32.4852409
v -321.040771 81.4382248 83.0860748
v -24.0271435 80.2883224 245.457504
v 114.390106 96.9395523 -274.89801
v -4.73103952 97.8995743 186.406357
v -14.7156448 98.3400345 183.877274
v -305.712341 -33.8460655 132.124252
v -137.618805 -67.8833923 -76.9185333
v 58.1479988 -123.377174 43.7425652
v -347.044189 52.5682373 140.736771
v -130.597961 -89.6922607 25.5349846
v 211.29953 53.7026863 186.575302
v 181.594955 -31.898428 -112.068665
v -39.323288 95.0889206 203.930099
v -112.352684 4.70745659 237.711288
v 68.8423843 -63.0957603 218.064133
v 157.649719 -66.2374191 176.366501
v -117.980858 65.0362015 -31.3137093
v 159.65863 -66.2425461 -264.085693
v 178.711166 78.3995209 142.664566
v 98.7028732 93.1317291 -190.217392
v 418.68045 -0.798402131 106.598679
v 164.459793 32.1362 -132.085419
v 72.2555923 113.42868 -241.850891
v 145.793716 -93.8941193 74.995163
v 21.2105579 98.2177048 -108.104889
v -18.6233215 98.9700546 176.303757
v 160.631836 -55.1793747 -83.0544586
v 9.60323143 98.3883591 178.975998
v 426.739716 -59.9027901 43.7515068
v 429.966675 -58.6288109 49.1065483
v -306.895142 -24.9636364 144.331924
v 77.3657532 -57.6876564 220.755478
v -115.103989 -82.0536346 -118.576752
v -248.07132 62.686058 177.260208
v 278.632263 -23.7008705 180.955887
v 201.745499 -34.5388489 34.4694633
v -190.49617 24.5815849 -18.2033272
v 276.31076 -65.1096878 148.814835
v -356.248749 42.1452293 142.671402
v 310.173492 2.08238411 166.0952
v 412.837006 14.9436769 109.257797
v 62.2461853 -110.166969 -209.471649
v 62.2614861 -116.153038 -32.6147652
v -196.411789 20.2443581 -20.2373848
v -199.820145 4.72558594 199.134048
v 172.50737 -45.1449585 -69.6126251
v 300.703949 -46.3113632 158.164566
v 68.3849869 96.8626785 173.999435
v 138.46077 65.5075912 -193.529007
v 375.706665 24.6565437 126.264511
v -388.657532 66.8424835 16.5781364
v 159.143997 33.6669083 -165.374298
v -0.022362737 -114.42453 -55.0964241
v 86.5958939 -119.233025 12.3714714
v 89.1106491 62.1375122 242.345383
v 92.6889038 54.5020485 244.208542
v 298.524719 -34.3589706 166.49025
v -185.18837 24.0750656 -118.124084
v 275.249786 -31.5694828 55.5549431
v 191.67601 -12.7877884 -60.2115059
v -287.206421 55.9051323 66.7109222
v 77.463562 -104.739258 -141.107941
v -72.3900681 -108.331741 87.0440826
v -292.323242 -17.5534134 158.907425
v -447.27298 10.138833 104.224411
v -152.663284 -67.6683578 4.100811
v -19.5797176 117.414604 -313.306793
v 66.1194153 90.363327 55.8215752
v -203.67363 5.84895754 -166.193375
v 99.4804764 114.868042 -313.410156
v -393.223145 -2.02033949 23.8603935
v 161.470184 -85.1535873 139.452347
v 384.663971 -41.1629028 112.440231
v -69.6834335 -49.0690613 220.870407
v -339.05542 -17.8224525 57.8993034
v 120.270935 -44.7627716 213.028305
v -297.152527 8.05142689 42.5734978
v 114.017838 -103.752914 -47.2304268
v -91.9451752 102.895447 -305.710022
v 84.7093506 92.0074997 79.3386993
v 138.00621 60.1570587 -28.4320869
v 50.2814827 -110.114807 -143.019058
v 183.344376 3.82534504 -299.95517
v -191.932327 17.3774567 -149.343765
v -96.4934921 62.6765823 240.822678
v -93.6137695 85.3891449 -227.971817
v -138.586441 93.9415512 125.162155
v 30.4208527 96.0715256 99.5179291
v 20.8488007 113.209953 -301.221802
v 278.852692 32.4086456 71.9102325
v 177.672119 -39.5915184 198.297714
v -118.930504 -98.2341232 11.7192802
v 83.0645142 113.787926 -261.792511
v 71.4264832 114.934135 -269.869812
v -57.5897217 80.8841095 -25.8943672
v 174.256546 25.0729828 -105.290039
v -140.048065 95.2878571 143.542191
v 245.91423 15.6168489 57.081646
v -134.380402 -70.8910294 -131.685089
v 105.34449 112.052216 -313.384827
v -163.163559 39.5660744 -153.932739
v -402.578094 10.3484201 130.043137
v 291.085419 -34.0954437 53.4482536
v 416.290527 -41.0462341 93.1289825
v -159.40181 94.3020248 148.578384
v -42.4508133 -106.853752 -162.686325
v 17.988409 -118.937981 -24.6952705
v -125.058609 -72.7285538 -195.763153
v -142.596649 84.9626236 80.9307709
v 433.528839 -57.3500824 54.5328178
v -388.618927 4.49602318 17.647686
v -444.049377 31.3263664 99.5449371
v 92.3239822 -43.7315445 227.644333
v -143.705811 -70.3074341 -306.245911
v 152.515442 -79.85849 -313.38031
v -139.987289 -74.4535522 -13.7396736
v -445.930695 26.3414726 102.455368
v 19.6917992 52.8450279 286.271454
v -64.0092926 -53.9146233 218.788315
v -202.622742 7.52952528 -304.826813
v 260.18988 52.7762375 147.073349
v 1.11237764 -97.6795044 159.088547
v -95.4497681 -95.4614487 -253.842453
v -6.50951815 -114.18454 -267.536072
v 323.669037 -32.0313263 155.201675
v 27.1545181 90.7753906 51.704113
v 115.150406 77.0703354 -43.7382088
v 140.997345 -73.5817642 -150.765457
v 148.344955 -3.63148642 229.226303
v 127.919243 -40.591507 214.042709
v 54.6187668 88.8382874 15.1880913
v -228.496048 88.8002853 142.596512
v -312.799835 22.5653152 39.3506584
v 48.9526176 91.6697769 62.9372978
v 42.1179199 92.6457672 70.693924
v -404.496582 62.3282967 79.0767365
v -169.22998 4.98733902 211.284042
v 131.948227 72.1005402 -174.336517
v 171.255722 -45.798008 -209.396439
v -33.023819 -116.397774 81.7867584
v 295.651672 14.2866907 48.6184502
v -243.440353 69.1868439 174.973465
v 59.3374901 108.703674 -189.054703
v 74.244339 85.1419525 211.803085
v -29.9003162 100.098831 144.373337
v -118.221611 -82.482666 131.728683
v 56.9810371 97.0776978 117.923599
v -152.96553 50.2651329 -1.56319034
v 122.911263 -98.4165344 -279.742279
v -131.528061 95.6064529 169.628494
v -40.8978462 -106.239059 -184.06456
v 277.033875 49.3420258 141.274429
v -41.8006668 87.9144363 -80.0597076
v 179.711273 25.9739513 -11.4683418
v -86.2081375 73.8710938 -54.8907967
v -230.210098 -44.7595978 94.7213898
v -202.121078 11.2683764 -82.186203
v 134.027954 65.9707031 -165.241318
v -105.655769 70.9926834 -22.458149
v -42.8626328 100.423805 147.590622
v -195.312729 -34.7100906 174.214981
v 226.582993 3.73351002 43.111187
v -62.5354271 81.2794266 -5.08946609
v 36.803997 -111.764526 -189.294907
v 89.2820892 113.484108 -274.573639
v 65.1967316 106.964951 -179.047714
v 119.228554 73.868782 -40.1942635
v 183.001175 7.93175125 -287.937134
v -120.773743 -92.0849075 -13.3277473
v -158.21434 -57.119915 -299.97345
v 171.470215 32.3601074 -23.3192024
v 109.493698 -55.1590462 206.999619
v 133.745209 -99.2953796 81.0182953
v -233.937744 -47.6431084 137.240738
v -65.6530304 -102.564301 -154.53125
v 130.38475 65.5362167 -22.2982979
v 220.962006 30.0928478 197.965622
v -146.307358 -63.1492882 -41.7899971
v -178.255753 28.5272694 -165.160446
v -275.96344 80.3401566 99.2467194
v 224.439331 44.872963 190.193344
v 0.476618856 -120.594627 74.3100739
v -15.1322613 87.7240524 227.345444
v -205.821213 3.76020145 -140.535004
v 240.715759 60.3796692 143.757004
v -71.034874 -102.82032 109.33284
v 297.762665 22.3409595 52.9060478
v 226.421646 56.0054169 175.901413
v 276.504486 45.8976669 149.850784
v 141.043106 -25.3365459 220.17186
v -77.7707291 -95.1891556 127.587357
v -91.6638489 -106.538422 77.7359161
v -112.058609 91.9494095 194.378067
v 235.352325 25.460186 64.8290863
v 32.9524689 90.9354477 -13.3410835
v -148.909958 -58.7991753 -115.261246
v 59.1182213 90.0374527 -9.08900833
v 95.4814529 -101.719231 -106.332855
v -131.5457 -30.8697701 206.015305
v 33.8664703 102.645409 -146.544159
v 114.947357 2.53733778 244.159286
v 222.895874 37.950325 194.509903
v -248.721176 22.5627155 56.7368584
v 142.630905 -92.3804626 127.542587
v -96.4361649 -90.0182037 -144.328339
v 85.2000656 -117.188202 76.3489227
v 404.854797 -50.5435791 25.4120293
v -56.3970871 -106.742279 -68.8106537
v 158.027206 -68.1144485 -9.00386429
v -209.543274 79.2769089 110.126175
v -87.095665 82.432579 -195.828598
v -137.501297 -84.2271194 51.3645439
v -76.3474731 76.0208817 -59.3491249
v 155.929138 -72.2345886 -261.670135
v -39.8713722 -107.251244 -126.827957
v -190.658234 18.6657066 -213.151413
v 34.4584732 -105.122467 139.262344
v 115.117096 -95.873642 -189.160858
v -177.130875 -33.0007439 -151.961777
v -126.436157 -86.6861801 108.468521
v -151.353851 70.8738937 57.6107597
v 122.040916 71.7320328 -63.2352943
v -200.076965 9.48297787 -152.670074
v 166.151703 -48.8772697 -115.673203
v -160.459641 -49.5001831 -45.2882881
v -173.066391 36.1673508 -43.0290108
v -407.508392 -19.5423355 53.3998833
v -179.476105 -27.6294289 -123.090485
v 136.819763 -81.2873383 -54.733448
v -104.311478 84.464119 -257.451385
v -4.74793434 -109.442139 122.375565
v 8.61521912 -112.183075 -135.478043
v 133.284988 -96.0220108 6.00330734
v 181.411743 41.7970581 46.1887321
v 5.31072569 95.4747238 90.4669647
v -351.348175 -28.5211964 79.3584442
v -48.3616409 82.959053 -16.5020332
v -368.125214 -3.84445739 32.9372673
v 179.600494 -38.5775757 -64.505127
v -23.1472454 -119.084854 -7.16270828
v 60.1174431 105.076965 -152.870132
v 187.929276 -12.2367973 -160.330475
v 33.8092918 98.0215683 -97.1426392
v -160.363419 43.220993 -63.1309853
v 217.265839 5.51374006 41.6229668
v 74.7759323 90.4246292 62.1362114
v -40.9576073 108.502495 -250.501526
v -421.520325 -21.090744 88.650589
v -298.744476 -10.4910345 164.673874
v -73.3045654 99.083374 128.041763
v 125.724869 -105.155769 47.4745293
v 184.062408 -6.81546402 -75.0194244
v -131.446228 -77.6473312 133.435501
v -184.121353 -27.014143 -151.480286
v -206.899445 8.74423695 -58.2669258
v -205.951218 8.51209164 -66.6713409
v 39.181675 116.132301 -297.73172
v -32.80159 -120.326088 16.2737541
v 366.990112 -30.5743713 131.797531
v 247.320419 -37.3060875 185.197433
v 117.736626 89.7827988 180.099075
v 23.3006401 93.5066757 76.1077728
v -11.6864843 110.979019 -252.430374
v -84.4204407 68.2643204 243.980453
v 157.710617 66.5846558 62.8777885
v -11.1461592 96.6355438 -109.614502
v -322.655182 70.9790726 130.872665
v 139.591248 65.6881256 -201.560883
v -199.576935 -43.6938896 162.044357
v 134.405273 36.826786 233.138535
v 86.3129196 -96.5790405 146.68898
v 47.92416 -122.497108 64.5289764
v 125.161736 80.6260529 57.8093376
v 103.457352 95.2861557 153.478043
v 232.332291 9.56943989 198.007645
v 60.3369827 -114.557373 -279.313538
v -245.378204 -44.4208946 106.023453
v -89.0002899 -97.6520996 -258.801239
v -55.2736206 -118.19323 24.5480766
v 418.475952 -11.8394403 104.016006
v 78.8427658 -109.658249 -62.7987862
v 104.490807 95.6779633 -235.744308
v -70.6843414 107.639626 -290.634308
v 151.432159 86.2723083 164.855606
v -47.952858 86.043869 28.4199638
v -39.5422478 87.9043884 39.0111504
v -67.4189911 62.0252991 253.909286
v -35.4467506 94.1880875 -120.812271
v -197.675049 -11.6080427 -210.281113
v 161.417191 -78.8688431 51.9752312
v 426.953583 -4.23905659 99.1572723
v -70.408577 91.992157 -202.750198
v -138.58812 50.4148865 -225.153946
v -410.550903 -1.71998358 126.020645
v -205.364426 -10.1603632 -7.16658401
v 72.3730698 68.6720505 240.541672
v 303.528473 15.953351 165.378036
v 197.197693 57.3038826 87.7691803
v 195.739548 64.2748795 97.8275909
v 395.465302 -48.6147957 26.8778801
v 167.398453 -54.2441483 -255.681229
v -51.2802696 96.8205338 105.101089
v -34.1780319 94.8313751 85.7184601
v 350.757782 -60.9674644 77.6703033
v 318.022827 2.89722872 160.533371
v -200.788376 -2.77276826 -183.355743
v 212.029312 -7.92243433 -0.583209932
v -7.74304295 85.0331497 236.008957
v -36.9725189 -109.537216 -75.0431671
v -201.811356 -26.4004459 43.2133598
v 179.422424 14.9562559 -157.747803
v 15.3215361 -123.977539 46.2689934
v 331.913147 -44.5504112 143.468399
v -184.093491 8.56088924 205.553818
v 49.5045052 98.0044632 136.081039
v -120.797745 91.2165756 88.6528168
v -248.590881 -30.2356434 78.294693
v 49.6130791 -119.142082 -16.8959236
v -102.014999 -88.9544449 -118.119965
v -9.34621906 -110.68708 -97.4572754
v -109.363327 77.3032303 17.1553764
v -129.027145 55.1917839 -215.276794
v -75.6907272 -99.4874802 -143.45459
v -141.828903 -64.551857 -70.8889008
v 242.042557 -52.691597 71.6542511
v -215.650681 14.5267258 20.2731743
v 50.5338211 94.1571045 85.1688385
v 268.620789 -34.46455 179.859421
v 129.818878 76.5395508 -178.597229
v 155.731735 46.2133026 -22.3525887
v -204.278381 22.877285 20.1572685
v 180.133743 -37.7888603 -75.5609436
v -77.434433 71.3056412 245.648666
v -195.527451 -14.7541323 -307.886597
v -111.683113 -87.5689468 -234.259979
v 36.4718819 95.2403564 92.8173065
v -65.8411713 79.9846191 -90.4809723
v -72.1516724 -103.225098 -265.900757
v -6.0525918 88.6175842 5.90772629
v 184.599609 6.87247324 -113.275024
v 77.333252 -104.089355 132.787735
v 79.8300247 107.963463 -220.348114
v 79.0529251 91.4071808 71.977005
v 176.578308 6.74609947 -221.371933
v -176.418533 -11.0467825 201.253708
v -135.658615 64.718132 16.2137566
v 201.560043 -14.9598646 -17.6376228
v 406.14035 31.4145088 100.976639
v 34.4904022 -86.7830887 183.646591
v 23.5744362 -112.317459 -184.481827
v -88.2552185 -94.354187 -146.465988
v -87.6561584 -94.4006653 -159.122559
v -29.2350388 91.9242477 -84.3240509
v -138.194458 94.5588684 131.718124
v -337.263733 63.8617554 46.2711296
v 177.13623 23.1222916 -290.638824
v 354.331818 51.8397675 84.5995026
v 39.9802971 98.198143 137.211411
v -145.045471 -79.1406479 27.8284111
v -224.667892 17.1110744 36.1416435
v -197.804184 -14.4846258 -33.7319527
v -119.255463 -84.7682266 -278.174194
v 77.0711517 -110.947212 -261.344238
v 258.676208 16.2555656 59.2154961
v 167.367706 59.7397461 63.1213799
v -105.095528 68.0013046 -76.3525391
v -99.196579 69.8226624 -71.1642609
v -13.7195444 98.2756271 -127.317688
v -48.7943764 -108.403267 -65.571167
v -154.899185 45.1965866 -157.471344
v -198.731705 12.4034414 -220.343124
v 125.444771 71.7582855 13.9235649
v -308.391296 57.4688339 57.7349663
v 314.71048 41.9733238 64.241745
v 287.706177 41.3688354 79.7449799
v -48.4818993 83.9536591 6.26829147
v -118.30024 64.499115 -40.3918343
v -92.4647369 78.6468506 -193.791779
v -154.399826 -73.9493332 109.697006
v -61.9665031 105.474754 -266.047028
v 33.62117 91.3703537 58.3385124
v -137.511337 53.7105713 -240.021179
v -278.648651 83.5428085 124.179001
v -205.084778 -54.6310921 136.132217
v -305.012665 -37.1959801 102.507034
v -282.553955 -16.7807808 67.8965302
v 87.0163422 -77.1776657 185.480545
v 200.734238 -2.92213583 -22.8452339
v -292.416931 52.4291496 62.2221489
v -350.247009 -24.6193504 125.331009
v -267.780243 64.2513275 81.0590973
v 92.6397781 109.794884 -265.120361
v -114.672394 -78.7379456 -156.572144
v 104.693085 -107.558723 -285.6409
v 33.3036613 89.7697372 15.5530815
v -112.913193 -85.2414551 -97.5663147
v 12.6975746 -112.424774 -103.577713
v 48.6902504 -123.419693 51.504467
v -361.668457 33.1884041 22.3159904
v 185.301392 -2.88954377 -182.091248
v -69.5184937 -67.8469849 192.721085
v 210.413513 -59.9851074 172.411575
v 49.2714005 95.2795029 -61.5121193
v -92.4505386 88.6452637 60.3631096
v -92.556282 -86.6544495 139.509506
v -53.0229683 99.2915878 173.846146
v 63.7618713 -113.47332 -272.873566
v 158.590103 -68.7060852 -251.410614
v -215.856049 82.580574 116.184891
v -218.177094 71.4584351 183.247757
v -26.7722569 112.823509 -262.124329
v -18.7869854 -111.878288 -70.3310852
v -129.481598 58.1209412 -100.094345
v -118.457382 36.7162857 237.312973
v 39.1952438 89.9112396 212.518234
v -110.49295 -96.7257233 95.5398407
v -116.840904 -94.2651901 94.6486053
v 89.4262848 109.350471 -255.038666
v -214.83873 -10.172555 23.8436089
v 324.918427 19.0552616 40.4745903
v 163.405075 -63.5604324 -2.90883255
v 204.940018 10.3423195 210.303268
v 41.3025475 -122.974846 12.2188835
v -107.747009 87.6832733 201.854172
v 24.4003067 91.4738388 -28.2635078
v -56.6103897 95.9718704 -192.749786
v -96.219696 99.6165314 153.63533
v -76.4871979 -101.194862 -74.023407
v -80.7558289 -96.8397751 -112.643005
v 194.56221 -48.2162094 44.2473259
v 138.642715 61.961483 4.23981857
v 19.6216373 -114.212639 -66.3899689
v 186.573273 3.14020419 -147.74733
v -91.4534225 94.5351257 195.840408
v -67.1682053 79.9157104 -101.101349
v -241.161911 -31.4899292 164.898758
v -355.444244 71.5731354 43.8676872
v 115.826576 37.9304962 238.083054
v -178.890503 -38.7721367 -281.329071
v -5.42464399 -118.411995 85.3913422
v -176.600601 -39.9146156 -8.97252274
v -192.481277 -60.0601349 113.471603
v -338.709503 -3.34023237 39.5867119
v 120.419327 -89.4971619 -143.86026
v 359.872314 -59.6615524 61.1345634
v -2.62327337 104.208923 -180.980347
v 25.666481 96.9650574 183.808395
v -61.7290039 84.8245163 23.8830376
v -41.1439972 99.2845383 174.270462
v 14.6231041 -90.6213608 178.674088
v -134.887009 56.2480736 -61.997303
v -372.894318 -28.4283199 82.0486908
v -24.1484566 88.3427505 -35.9138069
v -35.0053482 98.7904205 121.986069
v 265.895386 -71.1155243 140.096481
v 169.190247 29.0917721 -115.79158
v 189.911346 -27.0451641 -82.7087708
v 143.146271 -89.693779 27.3337212
v 141.401718 -94.9326096 48.3445854
v -199.427521 -9.10114956 -79.8748932
v 243.859451 54.2885551 161.636368
v 278.475037 -10.5120001 46.860363
v 173.785599 25.2880688 -50.2703743
v -181.66243 -63.6140938 101.942459
v 173.957474 54.9343109 62.9480095
v -218.529831 13.7210703 197.31633
v -203.575211 -46.6628418 80.8165131
v -141.100128 50.0004425 -186.657578
v -53.8865623 104.029747 -245.899582
v 137.301392 -79.909584 160.403854
v 148.453323 -80.9419708 153.750107
v 133.018646 90.7541351 -305.237396
v -24.8557262 95.3340759 203.98851
v -212.613342 4.71858406 -47.4343758
v 40.880085 -118.128296 -26.7119026
v 113.380486 -94.4998779 -159.95163
v -148.045837 -59.4617729 -107.162384
v 136.203781 -59.5161858 190.509048
v 202.815384 -42.1392365 190.176865
v 61.7951889 97.8850098 159.515671
v 31.4430294 111.529472 -268.318909
v -127.637306 -90.8482437 47.8018913
v -118.840355 70.3325882 219.094284
v -66.7505341 80.865181 234.981003
v 122.506577 -98.2163849 -266.646423
v 178.437485 17.8826847 -143.051437
v -33.4273911 86.8443375 -52.6308174
v 160.843109 -80.6799698 150.215439
v 18.841589 -112.454651 -209.618591
v -139.608414 -22.2125854 209.481796
v -21.3297729 114.509155 -281.025757
v -206.585114 3.09901142 -129.099625
v -50.1948318 119.517357 -308.757416
v -86.4518967 101.294319 -293.185944
v -194.575089 -35.3070717 51.7956352
v 3.60803699 103.525665 -171.624329
v 192.845032 34.4492798 51.6824455
v 54.9437103 94.2708282 -52.607563
v 148.025009 82.8650436 181.917038
v 223.065491 33.2353592 69.123642
v -70.9006271 86.6312943 40.0090446
v 71.1776276 94.3886108 -77.8612976
v -299.380554 -38.6199455 110.475052
v -174.10762 -36.3426018 -49.6371346
v 154.740295 43.9245262 -219.097351
v 318.920563 -61.4678688 107.373215
v 260.453125 -7.00619555 190.207596
v -304.021515 19.492527 168.946793
v 159.136398 25.6261177 225.457138
v -28.1839161 -108.424271 -201.992569
v 57.4371834 115.721596 -281.55777
v 63.2375336 114.626175 -263.193329
v 11.2377777 -114.942696 -265.061859
v -154.237335 90.8028488 177.603317
v 273.668762 13.4186277 179.014145
v -94.9875107 70.3557053 -111.810959
v 124.242706 -50.301033 205.490219
v -96.0570297 -103.538078 -25.2985115
v 352.798492 -22.3101234 143.8965
v -105.236565 -86.7217331 -200.950012
v -329.924408 51.0379715 41.6271782
v -253.438965 -42.7106476 106.519608
v -154.082123 95.1045609 150.657761
v 144.889389 88.2732086 130.10936
v -204.522095 4.9665637 -156.890152
v -92.3360901 -95.7852249 -75.8925476
v -8.23326492 -122.246147 50.8251152
v -297.437225 24.5608692 45.9405022
v -197.664642 -18.6816101 -168.621857
v -186.091751 -41.8450279 170.120651
v -100.688507 -106.73098 42.3564262
v -170.972824 -37.2078934 -88.5256653
v 73.3205261 -107.17337 -167.294647
v -85.7215805 76.7937851 -169.66153
v 94.5742111 -116.890732 66.5988922
v 182.203064 24.7968369 -2.63206863
v -8.09290123 -90.0279694 175.850845
v -110.625374 -80.9937592 -183.962769
v -274.702576 77.5387268 142.169174
v 42.2185669 101.884796 -130.90007
v -136.606506 53.289856 -163.036301
v 378.424042 42.8686867 50.5221977
v 385.915802 43.6942177 56.6497002
v 121.850914 -104.516129 84.6466827
v 237.942108 58.514019 154.198135
v -118.967018 59.6029968 -136.072174
v -94.7779541 68.86763 -127.930649
v -197.535004 -8.81275272 -125.27121
v 136.636398 -95.8195953 109.095993
v 136.20636 -96.7294312 96.3123932
v -44.9269638 -112.103127 95.2436371
v 115.597702 -93.0886765 -133.177444
v 267.572662 54.3172646 135.964005
v 199.205719 73.3754196 135.019821
v -277.269409 63.8195076 165.892929
v 290.075562 18.868721 171.933212
v -61.7034225 85.4732208 -135.751389
v 339.600769 8.35581303 148.42836
v 301.065735 50.8918877 117.701706
v -184.348358 -50.5653763 69.7058563
v -204.198105 -16.1882019 190.148514
v 255.964432 -71.7105179 148.91008
v 228.485794 -61.7659988 167.842606
v -33.1548042 93.5048218 75.0729523
v -165.542496 37.2893333 -245.932007
v 87.0283585 92.1776352 187.953476
v 179.756531 -43.3140297 -6.81807327
v -23.6195545 -115.239639 -35.9243965
v 105.648788 90.3066635 -159.481064
v -101.996147 -35.7039833 215.871017
v -75.1321793 -109.657387 -27.9048347
v 173.556976 -42.6007462 -162.863022
v 121.688622 73.4288559 -83.9425964
v 128.866226 66.0299759 -83.5751038
v 152.557343 -82.5867615 36.0597954
v -139.107742 -65.3372803 -166.500793
v 288.892517 -23.4493217 46.6375847
v -92.5391083 76.156189 222.836044
v 171.865646 -47.937706 -303.342468
v -154.781937 -70.298027 17.4833183
v -14.9163694 -121.867554 27.1686211
v 69.8742828 86.8911362 12.5655632
v -59.822422 90.2215271 -159.488754
v 370.943939 -55.467968 94.7568817
v 15.1685286 100.981613 -140.586243
v 116.578156 84.1350479 -128.420441
v 86.4811096 49.3704834 250.442856
v 200.747269 72.680275 148.055954
v 202.92009 -13.9262009 208.963425
v 12.6617603 88.9716339 27.5462456
v 166.349976 13.128911 224.083786
v 387.666962 41.4149971 98.4927216
v -382.012024 38.7668419 8.33799362
v 24.4505844 98.0233841 118.16481
v 381.982666 -35.9281158 15.0350151
v 373.796021 49.1459427 86.6625519
v 157.919754 14.1939583 227.762253
v 172.370956 -59.2952042 18.2673149
v 276.529236 -2.52484155 182.345749
v 158.202621 49.344696 -256.237427
v -15.7184973 -121.594101 11.9047356
v -21.5789375 -120.210197 1.31852353
v 149.000244 65.9960632 43.4094353
v -54.2891045 89.3680267 51.7636528
v 179.439896 58.0901566 199.343277
v 172.106125 65.2281799 195.910507
v -177.784058 28.5182514 -192.975296
v -97.6300354 -67.4684448 175.955429
v 9.21017361 106.77755 -226.240417
v -325.148499 66.9463882 55.7025566
v -28.1057701 97.9604874 -141.751358
v -137.361267 89.8936615 97.1445465
v 176.799164 -23.723608 208.579086
v 237.746811 -77.9387131 113.338852
v -158.214417 42.6742554 -250.704254
v 158.140121 76.8413544 189.589096
v -143.659622 -63.7353859 -160.398727
v -262.952881 43.2890205 66.060318
v -28.0925293 -110.116043 -80.9096985
v -317.936066 17.4058838 36.5210686
v -31.3879299 -108.264053 -180.001205
v -89.2351608 90.5577087 -245.735092
v 21.8981628 105.638885 -205.252167
v 20.9575176 -124.135719 37.0254936
v 187.148895 -54.7960701 182.343857
v -125.429756 -74.0238037 -211.960999
v 169.483826 22.3928642 -239.264435
v 83.5950394 -118.723709 2.95463181
v 316.054382 -49.2389717 147.949631
v 171.348602 -46.2761841 -243.42041
v 91.8816757 103.948814 -238.360123
v 35.4429398 -112.736855 115.970871
v -78.986618 -102.868088 -61.0519447
v 134.683029 -85.3732529 -203.301239
v -155.41626 46.5831604 -86.5604706
v -262.74295 -41.1182671 106.974808
v -58.1982117 52.9754868 264.836456
v 81.866188 -105.436279 -97.7315369
v -82.6832962 -113.490166 28.1739616
v 388.649017 42.2017059 37.335125
v -4.63830996 92.8397751 68.2834015
v 117.987144 -11.8110991 237.17363
v -379.951965 -27.4139137 101.429642
v 17.1327305 98.7040939 134.391769
v -16.6164894 -83.2818298 189.821091
v 2.01663589 88.6479111 26.6312675
v -423.969391 22.9331055 112.386459
v 307.531494 -10.0278177 169.966537
v -242.497116 51.7312889 185.921005
v -169.35463 68.3144455 201.602463
v 414.956543 -24.0177498 103.226028
v -230.412064 -25.0736427 67.4651337
v 424.3638 27.9849777 91.9532623
v 149.989243 46.8579483 -92.3654633
v 201.906586 14.5700541 28.3029594
v -71.4836502 98.1302643 185.949631
v 407.904419 -46.3837509 92.6751251
v 229.449203 58.2489738 166.519119
v 39.0348511 -111.115181 -109.254501
v 88.8770981 -115.956284 -9.80812454
v 153.457718 85.6220322 130.024734
v 64.6287155 89.4168396 -12.8912849
v -99.9689713 94.043869 194.638046
v 178.628464 -29.3869743 -273.293152
v -63.6390839 -101.822319 -200.638672
v 114.323288 76.2261581 -9.95628738
v -41.7991867 85.1165924 15.6179924
v 338.053894 22.9781322 143.971817
v -177.389252 33.4411087 -66.7467499
v 194.705078 64.3207321 180.362381
v 11.7210541 -113.246437 -80.8630219
v -187.787872 21.4964428 -124.776596
v -136.651749 56.7667274 -250.737778
v 440.370514 -37.769722 76.9185638
v 45.4507866 108.449005 -206.87088
v -260.616974 -37.5058899 94.3750458
v 109.530457 21.4785767 244.545273
v 52.2647514 91.3062592 -18.6030769
v -87.1402969 -95.4214478 -95.4396973
v -381.730713 -0.0867214799 135.528427
v -325.362549 77.9979782 70.2335968
v 363.039154 50.3805885 93.8819733
v -185.545914 23.329361 -230.97731
v 111.464432 94.0546799 158.098282
v -36.1445465 96.8521805 103.596207
v 307.853302 -51.192482 61.664959
v 187.377075 -4.09043646 -116.863373
v -42.2249374 -115.947258 78.3429413
v -419.294983 -19.390276 96.0440521
v -129.296127 55.6360931 -167.780869
v 332.190247 51.6429939 101.925003
v -267.080841 31.5876827 57.5282707
v -381.552155 50.3246422 118.382492
v 40.0886383 -123.077477 60.6928215
v 80.6549225 -110.348465 -55.8372383
v 28.4177723 106.83239 -212.333023
v 193.563126 -7.14342833 -48.4944954
v -56.3868523 -108.216759 -280.578674
v 193.545654 -22.2883148 205.949936
v -266.970703 -26.5327129 78.8088837
v -333.882538 -33.4865494 96.0381317
v -18.6155758 95.6359558 -104.209
v -175.791092 -31.5140972 -103.089981
v -195.439636 29.6058826 208.42308
v 5.75081587 94.4226761 -72.0809479
v -75.3141861 -44.1809006 222.895493
v 213.009201 -29.0038872 46.5933037
v -8.88961506 80.4099274 247.965927
v -7.22313452 -115.892815 -283.429535
v -67.468277 -82.3367233 164.299423
v 7.71769428 98.955452 132.618332
v -0.41075924 -111.513588 -199.311432
v -16.8940525 -121.064873 60.2473564
v -0.821431637 -111.371185 -174.043045
v -141.951447 -81.0229568 60.6037102
v 164.275574 -60.2968559 -238.399017
v 164.26442 -59.3140335 -186.113434
v -73.1637726 -103.59053 -273.545166
v -377.863586 45.5154343 13.2439384
v 272.687347 -8.80330658 185.291
v 184.935226 -19.5059433 -174.377167
v -180.107513 53.8126831 52.4017143
v 53.3452911 -111.686852 -236.170853
v 184.133591 -3.31591058 -190.229874
v 215.586121 63.7655029 167.018692
v 342.593506 17.9799805 30.5193291
v -51.0671577 -105.4963 -93.838913
v 323.165222 -63.3072815 98.7728729
v -106.534653 -92.9148026 -278.110199
v 150.26152 -76.6744614 -231.960297
v 198.795776 34.4932556 207.573776
v -102.350388 -104.441299 -3.22792435
v 318.667145 -24.3858757 38.4598808
v 169.174789 -43.1240158 -151.382935
v -53.9723434 -103.977844 -209.351929
v -114.044624 -60.854847 178.621994
v -195.170853 53.7301064 64.0361176
v -234.443024 70.4857712 177.804337
v -41.3273659 91.8297348 64.3318634
v 136.796997 -83.0093231 -44.7057686
v -282.278931 74.2448959 146.134354
v -216.294037 32.0923271 48.5401726
v 221.154251 -38.7701645 56.120739
v -210.868179 69.6085205 91.0928192
v -180.854752 -31.409605 -35.1357002
v -126.025093 -84.4106293 -313.372223
v -191.728683 -16.1108894 -94.1907806
v -5.48862362 -111.295677 -138.467804
v 0.593223453 -111.607903 -148.779694
v -79.3754425 -99.8257675 -240.789856
v 180.345978 -32.8525543 -174.81723
v 167.039658 -60.780571 180.040634
v 106.953239 -103.885719 116.529526
v -192.792297 16.8338509 -176.91301
v 201.921127 58.4239845 184.956467
v 95.5675354 93.7714844 -168.017548
v 158.931061 41.6262512 -42.6607857
v 6.31160688 -123.431427 20.0532951
v -49.3662109 91.3461838 -137.9207
v -192.488571 -15.2036495 -138.667999
v 170.769104 -50.490139 -199.247803
v 6.41012001 -119.573486 83.2346344
v -166.362076 -21.7355328 198.447983
v 10.8328505 93.0637665 208.176132
v -78.2927322 90.2883301 -213.530914
v -188.676056 26.0619698 -39.3937874
v 370.928497 -44.4032516 29.441967
v 103.581039 -104.199173 -65.5960083
v -387.909058 72.9494705 54.2359123
v -95.6764145 70.566185 -88.76091
v 306.408905 23.8496284 51.9324455
v -75.5734253 -98.4127731 -105.191269
v 346.817108 -40.455265 32.9524345
v 381.418091 33.8489151 113.178726
v -235.785477 -49.9851608 127.007126
v -98.5027542 68.3474808 230.711227
v 142.495499 86.6427231 112.220474
v 104.450706 92.3486252 -208.006424
v 37.6656075 104.811195 -171.967728
v 212.814819 -41.4370041 55.5394096
v 30.4717121 -111.636421 -131.083038
v 32.1725655 -111.503212 -140.698898
v -43.2208481 -119.411865 28.0283012
v 397.088104 40.5501099 94.0254364
v 253.567749 -50.3858337 174.659103
v -98.2785721 92.0120621 80.9276276
v 154.56897 -66.5892563 -181.408661
v -332.416565 24.7469406 155.288895
v -225.074509 -52.4694977 125.459671
v -16.1065235 -110.872177 -230.042938
v 77.2206116 -108.539368 -199.785889
v 122.648148 -96.430748 -233.473907
v 77.5272598 -112.028526 -274.269989
v -196.149292 -21.9851189 -182.184738
v 197.183823 -42.8367844 39.6882744
v -330.532776 -6.66797638 45.8965569
v 76.1989899 -119.985741 2.33298874
v -61.1475945 80.4732666 -18.1043892
v -26.7721539 86.2097168 -12.5062141
v 58.304985 107.190674 -175.984528
v -402.992493 71.4356461 57.9199638
v -99.2551804 -100.525291 -35.3528938
v -29.1048927 103.344627 -196.812515
v -11.7076797 -113.878494 -53.199604
v -35.2918892 93.0220184 -109.382492
v -195.410477 40.255909 210.606979
v 118.906708 77.9851837 -94.2907257
v -139.564285 78.2642593 204.64946
v 113.448059 90.8349533 96.8833466
v -194.038895 63.152298 196.924728
v 254.063995 -71.5319519 90.0473785
v 178.171616 26.3901329 -307.929352
v -106.786263 87.4277725 58.6705437
v -3.43594813 96.1035233 95.4415436
v 225.445709 16.0285225 199.588913
v 105.909714 -101.195122 -209.8647
v -165.350418 41.8990631 -266.055145
v -112.269165 84.826767 49.1332512
v 164.709595 33.3050766 221.520798
v 153.763474 -83.5746918 44.7217522
v -6.78526878 -121.664009 5.32316208
v 168.484329 -48.0236359 -84.8325653
v -196.314163 20.37817 -33.4077644
v 107.573441 -96.2232895 -151.548767
v 161.877319 -67.7470016 -313.361969
v -8.20466518 -104.661987 135.75441
v -305.779572 3.26558852 44.2017326
v -139.746735 -44.5907097 187.577377
v 13.6473265 -123.751503 53.9603691
v -149.16864 45.7089653 -214.178284
v 232.264099 -54.8007088 70.394455
v 267.997131 -13.8099566 51.467144
v -79.8714066 87.4599152 -200.504974
v -399.831512 54.8124428 99.2153778
v -124.800812 -77.9752197 -246.534134
v -129.691162 -74.1865387 -249.218964
v 180.8909 -1.80063295 -212.541443
v -335.536255 69.1305618 126.990433
v 74.3531876 95.6121979 -97.2297668
v 40.8053589 89.2749329 28.7949028
v 209.227188 -2.83629203 4.35071945
v 183.752304 -8.05611038 -232.927475
v -198.676407 -10.7176743 194.156357
v -80.7960281 -105.538696 92.2117462
v 187.185089 76.2212524 152.398209
v 267.436188 -17.053278 187.595383
v 145.79924 54.3518448 -202.479782
v -1.61121643 91.3460159 -38.6636543
v -113.338112 -92.5802689 -40.3289375
v 435.047974 3.1293242 94.6085968
v -207.998154 -10.7355757 5.74961472
v 65.351265 -108.37999 -106.556702
v -208.357224 11.5602665 -22.5011482
v 99.6702576 81.7704086 206.964645
v -220.751358 83.7373352 164.44487
v -57.3033524 85.9317932 226.353256
v -66.1817474 86.2486038 223.836472
v -65.4356461 89.3946762 55.1332207
v 331.241089 30.8044548 143.292831
v 133.670013 -97.1569138 14.7268791
v 182.278 -14.3130407 -276.991241
v 288.995239 -9.36168766 178.874405
v 168.374817 -53.2802048 -207.803345
v -133.681076 -66.0755005 -186.602951
v 0.0323424041 -111.475975 -102.637726
v 39.1551399 -124.148636 42.3579216
v -225.303925 -50.3622856 106.547226
v 296.7771 42.5223427 76.4550629
v -282.315155 -39.1245003 108.751511
v 185.726257 -32.087513 -53.1810188
v 91.6147003 95.5981064 119.452103
v 98.5959778 -105.387909 -227.501587
v 38.7593575 104.000847 -159.630234
v -165.14949 -47.6115189 -28.8481331
v -148.522018 -31.6236839 196.586716
v -154.004379 -74.7925491 88.0748444
v 84.2416992 76.3476181 226.453903
v -182.323654 -36.3365364 -197.525513
v -224.203445 37.0432396 60.1506462
v 0.929626346 77.6708221 254.413681
v -287.332794 55.1423531 167.738937
v -53.482872 67.9411163 258.103912
v 239.996017 49.3092957 90.6304474
v 266.388641 -72.7847137 131.408646
v -8.02350998 -87.3105927 183.28334
v 39.4690628 -109.468742 126.166397
v -149.355179 54.7718239 8.2735405
v -137.80687 54.4264145 -134.877396
v -373.656586 73.6608582 95.864975
v -217.19104 35.5030899 54.3582268
v -51.9368744 -103.802818 -189.916077
v -163.709641 -51.3105774 -17.0913582
v 68.0023117 -110.48941 -238.480087
v 81.4376907 -111.6735 106.682907
v -20.0706158 107.382156 -230.791977
v -156.879105 65.5498886 51.6518364
v 47.5314255 114.251137 -273.087219
v 227.000183 62.3638115 112.833633
v 72.0900955 -119.425591 76.8248138
v -125.453316 62.0644913 -18.4257393
v -25.792696 103.146797 -191.131973
v 190.529434 -26.1631889 -31.2157173
v -334.54422 -22.116375 133.313492
v -258.530945 69.8709641 93.0263519
v -194.549301 22.6654644 206.686142
v -211.741562 -3.95171785 -1.51219547
v -322.586304 79.7377396 117.309464
v -103.962357 -39.0625076 210.844467
v 128.927536 66.9028397 -4.60216141
v -358.104797 16.9576073 148.745438
v 184.897827 19.4791851 -15.3969002
v 105.363998 89.575264 -139.196793
v -75.2375641 55.5033264 251.669785
v 167.877701 -23.5571404 210.896042
v -152.115479 45.0086212 -196.244644
v 28.0891476 94.0449982 -56.9241219
v -7.88802099 99.2672653 170.214676
v -147.611176 -56.9470291 -236.541565
v 28.3901901 95.9033737 -76.7709503
v -10.3880653 100.058434 -141.046951
v 91.5304871 -110.009407 -271.608795
v 23.3555412 90.1043243 -2.10347366
v -311.149628 14.0882473 165.580521
v -43.7746277 -106.591621 -116.335876
v 89.358902 -119.342079 42.9912224
v 332.273438 -12.7213383 156.88475
v 42.2702827 78.3495865 238.300034
v 11.3022509 103.513382 -172.67894
v 153.994614 69.4825592 -304.925842
v 57.6681557 95.1242447 -61.9100533
v -148.853775 -76.7265015 46.5466728
v -401.952667 -18.5727215 113.540787
v 140.944687 -85.4680405 -240.060349
v -365.29895 25.1975632 147.111893
v -137.672455 -68.3108521 -141.422256
v -255.738922 43.4934349 68.2758942
v 111.347878 -104.383713 110.731003
v -70.3817673 79.9673615 -124.959763
v 178.869156 40.8005791 38.8944817
v -349.062561 24.505434 26.9852715
v -367.464142 -1.47163057 140.926895
v -84.8172379 96.8912048 -268.455719
v 146.96431 -71.9463348 -47.4759712
v 3.67440796 111.009468 -273.596283
v 136.486191 59.2921028 -77.6092834
v -339.84137 25.800005 153.159805
v -48.1447983 -88.6550064 161.217697
v 72.7547531 -110.74501 115.12532
v -33.8036575 79.1134949 246.774948
v -349.929352 -30.687685 111.496567
v -15.9981203 90.0738068 48.6226006
v 98.8233109 -81.0684204 173.803299
v -103.455833 82.8218155 -246.375595
v 103.008347 91.4422989 182.587021
v -357.346069 -25.7800426 70.2118988
v -218.569122 79.0358429 107.664444
v -168.718384 -46.3383827 -275.775177
v -170.596634 79.3415527 191.986343
v 165.441162 34.5203094 -59.1668282
v -155.471542 -53.5824509 -141.351761
v -168.001083 -68.8363266 92.612381
v 204.725159 -47.6599426 185.449966
v 10.4460201 102.614243 -158.406158
v -2.37276077 91.6508865 216.297287
v -130.633972 -76.1987076 -278.049103
v -79.1932144 90.9341888 -219.821732
v 161.881729 -62.9158249 -274.407135
v 273.346771 39.379528 83.1657257
v 356.894012 47.7729149 102.370987
v 278.951721 -70.8616867 118.704941
v -140.440109 63.0871429 -293.685333
v 411.495148 -29.8160553 103.511673
v -94.6410446 -50.4953613 202.322067
v 58.3962746 58.1306915 254.55278
v 180.564484 49.8879166 62.0549126
v -360.126648 79.2214279 67.7146454
v -51.6708946 -104.121445 -181.322525
v -186.334991 -23.0557137 -78.3559265
v 10.8089743 93.5751495 75.222702
v -184.763016 56.2397652 204.558456
v -124.121384 60.6133766 -82.9596252
v 347.614136 -30.0000229 142.743332
v -102.087013 99.1039963 141.152512
v -7.44185734 94.8125 -86.0738983
v 104.284416 -44.0624619 220.905441
v 71.5183258 90.3979263 -46.7652168
v -19.7903881 97.1982574 -120.950363
v 161.691788 -75.563736 160.65773
v -26.6096897 84.0198288 235.24559
v 178.494629 8.0883131 -251.6436
v 52.3280678 -83.0995178 187.782669
v 366.832001 -30.8433514 14.5566216
v 167.56105 -5.37397289 221.668991
v -169.372894 -45.4080887 -18.1373787
v 180.032135 15.6575289 -287.586487
v 263.861206 -40.6229897 178.358017
v -235.360153 35.6545143 196.262711
v -383.077209 69.7827301 92.8372345
v 282.067108 49.5442162 107.014053
v -34.515419 98.2634735 -164.43251
v 18.8584595 91.7842712 211.07579
v 223.752792 -65.0605927 76.4965363
v 65.7312622 91.0898361 201.376389
v 167.75679 -55.5748291 -14.3878365
v 71.8428574 -106.534966 -150.813568
v 62.6594925 97.8294678 137.627335
v -12.0170183 -110.574265 -175.975388
v -116.471954 -85.5051346 -257.676117
v -155.423325 -52.5632553 -68.2956696
v -155.069351 51.3191528 -290.743988
v 166.861374 27.2070198 -200.736679
v -414.937164 35.0143318 110.882492
v -42.333271 104.012672 -223.318878
v 2.69245148 61.3897781 279.299164
v 35.0497971 75.5657349 245.531479
v 70.4681778 101.495552 -139.369675
v 214.14093 17.6154633 204.78447
v 16.5783291 -111.237335 121.112137
v 107.102142 -91.1632614 150.237076
v 58.0446434 -109.244003 -127.241547
v 149.948654 -91.4078293 99.2828827
v -12.5108004 107.512352 -231.013275
v -10.0496531 -116.462502 -34.1686592
v 76.3947449 -78.4375229 187.823654
v 118.379784 83.6914749 60.9991875
v -40.8686256 -106.403397 -216.690186
v -142.658371 -61.0677338 -188.771133
v -154.778366 46.7097588 -128.110291
v 55.9672089 111.862991 -231.671997
v 101.892784 -101.598099 -195.259552
v 125.726509 69.0656357 -33.4180183
v 397.009552 42.6690788 63.4878044
v 348.405792 42.924263 54.0004387
v -430.885406 1.55591428 112.71489
v -187.6241 -28.6348648 -305.782196
v 106.93541 78.2277298 211.181503
v -23.2462711 -118.851631 -305.558197
v 144.129639 -73.4735718 -57.2645912
v -216.21347 6.15653801 -18.8242683
v -125.058319 74.2351151 -288.470734
v 342.8797 -37.2705574 141.405014
v -370.094788 -25.4583511 69.552597
v 70.8999557 93.4240189 -69.8347015
v 18.0160637 -120.591454 79.4122467
v 186.730286 -7.36381054 -65.5633545
v 143.125366 -36.9472122 211.671616
v 311.592834 -31.0528126 46.4147148
v 175.809021 -36.0488968 -202.296753
v -55.0996971 -104.635674 -227.740326
v 360.282196 -60.4901009 80.489151
v 114.052338 -111.842964 43.8597832
v -345.857971 82.7361908 80.7369843
v -39.3017883 97.686676 191.689682
v 93.1184235 96.6470337 149.483994
v 35.2995338 98.2469635 171.943771
v -248.125992 -39.2456017 92.0728607
v 226.64122 40.5672417 78.2419586
v 74.536026 96.4355087 -105.019241
v 175.852936 15.301651 -258.322968
v 98.3199844 -62.4034042 204.407028
v -316.914093 -35.6770477 97.0764008
v 277.626648 5.04135323 48.6744499
v -225.552185 88.0231247 150.700516
v -13.70362 -110.570213 -215.84729
v -143.971497 -14.6045694 212.863449
v 232.708694 63.9265976 127.264572
v -203.460342 -9.00069237 -25.290638
v 159.799103 36.7458344 -121.427933
v 54.0263672 88.5142746 27.6012077
v -166.507355 40.2480774 -112.010712
v -97.1642151 99.2756653 161.0522
v 154.342377 83.4515228 113.957993
v 229.932205 60.3467407 157.733475
v -233.057251 40.0864372 65.8621674
v 192.828964 55.2498398 83.2994843
v 17.4731922 -117.270576 99.1417389
v -120.725586 -80.7984772 -240.877548
v 255.406235 -74.9976196 138.304062
v 195.060349 -23.4977932 -13.7442818
v 183.224792 -25.9228573 -130.511993
v -17.7927303 88.1129456 35.1949883
v 91.39814 87.1486359 -60.2908974
v 150.896851 -77.4143753 160.048294
v -108.601616 -82.878273 -148.290314
v 108.616676 85.3941956 52.8191643
v 95.7771072 -107.343811 -241.454437
v 153.830185 -61.0198402 -146.497375
v -273.445801 27.8566399 183.124649
v 78.3399887 100.158325 -166.221054
v -80.7468491 88.1704178 53.0217094
v -59.3439713 -103.061279 -110.055283
v -132.472855 70.2516708 215.325546
v -360.493622 66.3622513 37.9562492
v -7.5302248 -111.202873 -221.84082
v 19.5979424 94.7983627 197.038956
v 30.2227859 94.4054108 195.217728
v 227.516983 -76.2550049 103.032303
v -130.346359 54.1216125 -203.205963
v -349.295044 -15.4594727 141.789841
v 54.652298 102.783867 -131.23259
v -15.6015759 95.5042877 90.6360931
v 165.166763 30.7311726 -139.300171
v 191.333206 1.60625088 -42.0201912
v 177.779755 -28.5816345 -235.654388
v 128.647827 -98.540535 112.555984
v -177.870544 86.1670151 119.549271
v -30.6135559 -119.039673 67.5670319
v -199.437851 10.1797237 -140.708206
v -64.198616 100.306824 141.001083
v 381.972595 2.64364576 129.724442
v -102.319649 -92.1137543 -232.126068
v -195.533875 15.2281008 -108.138992
v 16.3611927 -117.827934 -295.227783
v 423.169128 -58.2997932 49.6130486
v 206.907639 15.3236017 41.0826225
v 91.1608734 -100.78624 -135.476135
v 107.527878 -101.727859 -76.0744629
v 89.0160828 -108.782639 -246.873779
v -74.4862137 -100.555634 -222.031052
v -10.6421185 93.3863144 72.9609222
v 281.006439 -47.393959 64.9704437
v -201.827103 8.94725895 -110.102066
v -92.5169373 -103.186226 91.6555634
v -106.121292 -52.2065544 193.800674
v -75.4428482 87.0802155 -187.968903
v 72.6506577 -108.929909 -76.9537506
v 183.688736 1.47611856 -291.143494
v -96.7970276 -96.8066406 -281.293091
v -145.708847 -57.1310501 -214.070099
v 178.17897 19.4107018 -130.775162
v -17.1748638 -110.184868 -130.19487
v -216.913544 90.0267792 144.724777
v -182.980927 28.3125668 -92.2710876
v 21.2996426 -95.975029 163.636765
v 144.423004 81.7822189 92.5788116
v -239.609787 21.4137154 54.5770683
v 94.1677933 115.553734 -300.97641
v -142.055115 -65.1801529 -100.607422
v -299.691895 85.2808914 104.690903
v 7.64888477 -119.344795 -19.9124947
v 167.931061 -87.0742035 99.173233
v -237.170456 85.7371902 151.393143
v 149.856186 -74.6890488 -19.0513496
v -120.291527 -29.8184509 212.668625
v -111.162239 -87.2130051 124.441177
v -125.914856 -93.1824036 12.4918327
v 128.229385 -95.3852768 -272.776672
v 0.384663075 94.7433777 -79.8417816
v -363.479187 72.8836517 41.0931206
v -153.036148 84.2118912 89.2961884
v 32.9109535 -111.797844 -178.565979
v -439.878601 -1.92459881 108.121201
v 197.73555 -54.8577194 180.431442
v -126.463524 59.3291054 -112.074051
v -6.75629044 114.401375 -307.941681
v -11.7224779 -110.867027 -89.7038116
v -147.121124 47.1044998 -199.432739
v -144.940903 -79.3847198 86.8634491
v -196.104355 -16.9894695 -284.542358
v 155.485352 -87.6856308 70.0022125
v 4.15016031 -111.730782 -183.412247
v -193.698593 -12.9164095 -129.671616
v -202.993225 -7.4291029 -39.6190681
v -295.187927 73.935936 79.0886688
v -97.5487137 94.1209183 92.0335541
v -181.765335 -27.6527138 -76.1394653
v -181.992188 -28.5063419 -56.0874519
v -178.773209 -60.2416763 83.2977142
v -198.584122 11.2540903 -172.089676
v 277.241302 51.7747116 112.484207
v 132.793137 -101.002411 59.7533684
v -89.6749954 -99.6272202 106.23262
v 95.7460709 85.9612045 41.956646
v -96.0569229 84.6100082 38.4358635
v 130.616653 85.4595871 -242.950821
v 143.724182 55.2266159 -192.462967
v -124.801498 89.2666702 196.275497
v 125.449783 -88.7369156 -175.608673
v -380.15802 -11.2144032 38.859478
v -67.4072952 96.6673889 104.358994
v -34.7671585 -113.740799 94.0978851
v -36.6868515 -110.99649 104.288345
v 169.148087 29.4747562 -260.918182
v 423.518341 11.7275476 103.647659
v 101.471581 104.727974 -270.151093
v -206.464554 62.2766876 81.9305573
v 146.911377 -80.9405136 -2.74831009
v 12.913167 104.755997 -192.334396
v 334.189972 -53.2340889 121.967392
v 7.5474453 92.8018723 -52.1119881
v -189.928802 -21.9691715 -40.404377
v -49.8950844 88.9217377 -124.455383
v 145.165222 74.6761398 -267.404358
v -28.241354 -111.93486 -59.5213203
v 208.321274 -15.3035183 9.59162521
v 289.046509 -42.8746452 59.9004631
v -116.509117 -88.0705643 -292.274933
v -103.083786 -104.794884 69.8913727
v 151.768463 86.5821686 153.310471
v -72.2174301 98.5776291 -249.418152
v -185.46376 22.7760906 -189.412964
v 77.5745468 111.749832 -233.133652
v -89.4421082 -111.378685 34.4452324
v -10.381341 98.1252441 113.801254
v -244.779678 -1.54514301 51.1581841
v -181.213364 27.6633091 -241.606674
v 142.264328 -79.6628799 -205.29631
v -143.856491 -75.0548859 1.44321835
v -213.889847 48.8794861 199.173874
v 410.815948 -5.57921171 112.003128
v -251.118652 43.3835068 187.2155
v 155.445633 41.5807953 -104.9729
v -204.466278 54.9074783 71.8994598
v -176.195999 9.52990437 209.563034
v -141.02832 -67.2083206 -48.2339973
v 142.932755 88.4856949 165.513779
v -129.577927 -90.310173 32.7320976
v 193.629471 -84.6978455 118.391922
v -109.293701 -86.0872269 -213.510025
v -309.221283 -29.5688305 137.185562
v -167.114075 44.1470642 218.391464
v 396.65918 -54.3009491 35.238842
v 241.488327 -77.2869263 142.023727
v -145.600296 64.9670029 215.427963
v -59.8683739 92.5683136 -174.205002
v 148.126144 74.6969604 -290.145294
v 29.2877941 -119.380478 88.2298431
v -152.888031 -70.223999 129.087753
v 185.313553 1.35500371 -105.816208
v 74.7196579 89.2850952 52.0427055
v 221.949936 66.338974 143.646896
v 50.5572929 62.2826309 253.15062
v -55.1279221 -110.898079 -40.8524055
v 3.24147511 -112.728706 -239.909729
v 120.750938 89.4046021 -240.491272
v 359.325348 -39.6246643 26.1291618
v 12.5597887 97.143486 -101.413177
v 282.593384 10.7932549 176.740738
v -290.479492 46.7472458 171.305618
v -33.4563446 68.5529938 265.037872
v 167.786865 79.5162811 116.191574
v 179.869766 15.2161551 -96.4484253
v -268.07782 12.895771 183.401108
v -91.1453018 -60.3167076 191.427994
v 150.59877 -77.612381 -241.871475
v 60.7110367 89.1526642 41.1424065
v -68.7563553 104.950806 -275.798889
v 128.334946 -87.6706238 -66.842804
v 118.882164 92.1201248 -263.230164
v -67.5008392 -101.78875 -138.187653
v -114.907547 60.7409058 -163.039917
v 351.807281 32.4900169 129.605881
v 22.7234821 -90.469101 177.213272
v -169.096466 -15.3985767 202.143295
v 53.4361572 90.0078812 0.609203398
v 369.59491 36.8321762 28.8364677
v -153.051132 58.2212753 26.9063835
v 9.15517616 72.2098923 261.775238
v -169.913712 38.2784042 -31.9263802
v 201.629486 30.6078606 57.1737175
v 72.906311 56.0447884 252.743027
v -224.267899 30.1023693 52.7965202
v 391.523773 12.8538713 122.152359
v 87.6328888 -118.630898 61.8806572
v -337.374939 80.0841446 109.33931
v 220.523087 -60.6971626 170.075882
v 319.901184 12.5517073 155.733902
v -32.5303497 -107.985275 -222.120117
v 23.2600002 109.070419 -247.783859
v 178.874039 -39.5451813 -42.7762642
v 18.3300037 95.3635941 -76.3487091
v -163.401337 41.6359596 -124.998596
v 107.82177 -106.963783 -41.7775459
v -60.707222 81.6132889 -81.9078674
v -375.579956 73.0055161 45.5876884
v -110.457024 74.6206741 -232.366196
v 53.0259056 90.6141739 53.4929924
v 305.259277 -64.6482468 104.462051
v 383.810822 16.3077583 125.495499
v 208.857254 4.26557446 209.927841
v -284.920074 84.0617523 122.412125
v -39.1258583 113.290802 -273.945343
v -51.5599136 -113.001678 -30.7267342
v 0.0218477566 -108.194626 127.755783
v -159.651031 -47.8907661 175.16658
v 151.236343 46.3769073 -80.3792419
v 45.777771 -116.838623 -288.020264
v 71.4019775 88.4402466 41.3476372
v -247.955444 86.4765549 137.119186
v -375.328491 -8.26728535 133.009445
v 2.71973705 90.5769348 -26.2713203
v -124.545212 -77.9605713 -73.4938049
v 328.521576 -60.9047012 69.4038544
v 248.3461 -32.5432053 188.065109
v 153.810837 48.42659 -228.403992
v -133.790695 -71.9492722 -122.020309
v -16.4521561 94.342186 -87.4534302
v 152.167603 52.6410065 -232.267914
v 29.648798 -120.598587 -9.55076981
v -74.3495712 84.156868 26.8331413
v 37.9346619 -111.102448 -120.154388
v -122.797562 -82.5911255 -53.8199043
v 387.035522 -56.4757004 83.3016815
v -364.498596 -28.1839924 78.5149689
v -159.356308 -68.4425735 46.4621086
v 117.172905 -105.341454 92.9878082
v -47.4467163 106.353424 -248.185776
v 169.093491 27.6524601 -135.295242
v -120.904205 -87.7104874 -34.8027534
v -91.6507263 -93.4344635 -122.60376
v -42.1643639 81.5932312 239.24498
v 24.007906 -112.378204 -95.2127075
v -89.8956833 -101.520859 -50.3515511
v -238.990372 -41.5138016 151.117783
v -119.245621 86.534523 -313.39801
v -76.7228241 103.771431 -286.152924
v 165.367355 28.6524239 -191.999802
v -39.0310478 -115.577423 -24.0556831
v -157.679321 -62.0763321 153.833084
v -49.1385269 -115.052773 -19.6156807
v -97.9498978 72.3789062 -31.7564583
v -407.905182 -22.6952591 66.8805389
v 178.027435 68.8822861 185.155197
v -429.237671 -20.3221378 87.2245941
v -107.220238 63.6255264 -162.266922
v 171.362518 -82.4088898 83.9358978
v -79.7469254 108.637688 -305.312958
v 430.988983 -45.3487549 79.1609955
v -6.68550587 -117.469513 -294.826355
v 130.740692 90.9244003 122.428574
v 133.148254 -79.8029785 -146.617905
v 68.3757248 -109.70507 -215.53624
v 92.8671188 93.652916 98.3410797
v -109.955612 -98.2801208 -19.5291939
v 97.1155624 -110.373192 -289.980133
v -163.799942 -45.1882286 -143.838181
v -52.1456528 99.3971786 129.779221
v -190.595718 45.7736397 47.8184624
v 178.150696 16.0809669 -54.6033211
v -184.655075 23.883276 -156.31749
v 100.776314 92.1696243 -182.935867
v 99.3565216 -108.875702 -275.858154
v 125.435005 -87.6294403 -94.3793335
v -393.167236 -18.3473816 49.1653557
v -21.2637138 87.038887 24.206646
v -213.379242 -14.7709551 33.3208427
v -302.470337 -9.48893166 57.7124443
v 307.156525 13.6229639 45.6937675
v 45.9653206 112.904564 -258.619049
v 4.34019375 92.6493759 66.6534271
v 104.216202 87.8918076 64.7151337
v -185.759506 24.6639175 -101.879868
v 52.5890503 -109.872887 -118.108276
v 150.718872 61.9837036 -253.314056
v 260.757996 -40.2801552 64.9496307
v -130.273148 95.1370697 123.786789
v -63.5258636 100.386978 -242.795517
v 62.2607803 -110.553047 -74.7402954
v 143.191711 79.8846436 194.70015
v 55.9291763 96.4902725 109.562332
v 137.87944 -75.8350601 -97.5566101
v -123.873962 87.0409775 69.1770172
v 356.216888 -38.6086807 132.405624
v 91.4876556 95.2202682 -177.292847
v 128.720367 71.2346344 -147.389023
v 325.081268 -7.27730989 159.458481
v 158.933746 34.8328171 -150.075836
v 14.3268213 89.2477646 16.9623222
v 116.643639 -99.5191803 -239.664047
v 82.268959 -115.985306 87.31987
v 35.6559982 108.056358 -216.93605
v -85.9429626 -99.821312 -65.2501221
v -164.351532 -44.6480598 -61.2193184
v -159.110443 -49.6148148 -59.1134529
v 181.240204 70.046936 102.609726
v -111.998497 81.8471832 36.6110649
v 185.324783 29.0052891 23.1472588
v -91.1391449 -111.331596 23.0427361
v -135.138748 -77.5491562 -20.1565742
v -12.6123514 87.8083725 27.9485588
v 184.540421 -38.4011345 -3.61650467
v -20.7479248 -109.926514 -149.566528
v -2.33338523 88.8173904 36.112011
v 122.381157 -76.2688217 172.736008
v 24.1656151 -117.28936 -37.0516548
v -364.979431 60.6096954 120.506058
v -55.4886818 -106.74868 107.247757
v -11.8713531 -112.835678 -65.5827484
v -248.07515 7.20331764 186.898544
v -194.281006 14.8136616 -287.111725
v 174.580841 32.6382637 217.443039
v 54.2802849 94.002533 192.571701
v -182.447159 -33.9252548 -229.804245
v 186.664764 -66.5510178 65.7886505
v 124.936974 92.1876984 -282.048065
v 26.7686653 -123.97287 25.2133904
v -105.124687 -10.946084 233.505905
v 54.4136009 89.0948029 37.3512077
v 301.513611 29.3282738 159.356003
v 67.7778778 112.651749 -229.650711
v 278.997925 38.6446609 163.284073
v 99.3849411 -103.30809 -205.110931
v 191.632767 -60.7754631 174.581009
v 94.8252335 -110.65596 -36.9232979
v -233.913055 45.8446884 192.828049
v -41.0617256 89.0420685 46.7273369
v -365.108337 -28.2416077 115.751114
v -362.749329 76.0166931 53.9856987
v -100.956985 -102.228439 -20.3932991
v 15.2209044 98.5172043 124.112473
v 23.4125347 102.139 -148.475357
v -14.8770618 87.6543045 3.62415695
v -174.828598 35.9776001 217.325485
v 180.637619 2.23251152 -201.211029
v -40.9972992 -119.413528 9.02790451
v -85.706459 50.3344002 246.816513
v -131.16481 -76.1410904 -49.3937263
v 293.963562 40.878479 147.571793
v 121.126457 96.9748535 -293.344971
v 136.67067 66.9333801 219.019821
v -22.1607494 92.4888077 66.4122467
v 123.183151 75.9254684 26.4719353
v -42.4637947 -116.258263 -17.1285286
v 123.586937 -106.803375 33.7427788
v 193.400864 -3.76839924 216.099228
v 332.799011 17.9432087 35.2217216
v 21.0011234 89.6076279 9.33124924
v 110.694954 -110.396858 77.1068573
v 166.408997 -56.3004761 -248.051392
v -165.765533 77.7270126 87.2994232
v 198.354691 69.2757797 109.712357
v -178.284882 33.2643242 -17.9278145
v -255.538834 52.4820671 74.5956573
v 273.824524 55.1536102 126.362991
v 185.424713 6.47138262 -136.401352
v -64.5667191 100.860626 151.62056
v 33.5278549 -111.401695 -148.91568
v -150.325287 48.8726463 -136.403976
v -123.502998 16.6636925 236.528
v -372.440582 62.6292191 113.305466
v -60.792614 -107.972054 -54.2130623
v -117.85006 79.3157043 209.51329
v -191.480194 90.059639 161.28508
v -109.616013 -102.916832 31.809185
v 204.536407 -75.0534744 152.988205
v 164.734467 -87.2338409 117.50972
v 44.9798012 97.1798172 113.662979
v 173.82486 25.343483 -82.4809418
v -109.663795 66.4192123 -84.4140015
v -142.58139 -70.0966873 145.079147
v 175.306839 -43.1045341 -52.2891121
v 105.108559 93.60495 173.182571
v 68.6928635 -112.966049 -49.7520943
v 23.9990635 -112.01815 -157.003006
v 300.725983 -14.3072271 173.53923
v -373.341797 59.949482 23.4561272
v 37.5236588 -114.334557 -55.6079903
v 274.625824 33.5203476 173.37709
v 72.2487259 88.4268265 -20.4864693
v -208.703751 9.81269455 -41.4257698
v 430.809357 32.6346855 82.8618317
v -184.123734 24.0216846 -169.014221
v -24.5735111 105.193115 -210.15657
v 385.991089 -31.1087742 119.949142
v 112.02198 -112.472748 53.5050468
v 172.505692 26.8519917 -93.1104279
v -71.0746689 -115.240753 42.3641777
v 165.356613 81.9085083 132.687851
v -119.690834 62.9087868 -216.52446
v 275.833832 -17.3249474 184.334549
v 187.563812 -16.8618603 -86.1720123
v -192.728882 -17.885006 -147.142654
v 175.689133 -40.9425507 -95.7290649
v -172.04306 38.2617798 -4.04970169
v -40.0748291 111.158264 -264.066925
v -336.683838 -13.0841703 51.8506889
v -52.8541565 86.1818161 -111.778473
v 68.2832794 -110.608208 -68.5970154
v -43.96595 101.257751 -204.025635
v 43.3509865 -110.889351 -100.575394
v -39.6137009 84.553772 -16.5013924
v 39.9470062 -119.130959 -306.196564
v 87.5463943 93.5460663 -113.539932
v -314.220551 22.1685963 163.796646
v 258.745789 -75.8423996 125.954788
v -412.02002 57.8203354 80.1959686
v -122.750214 -76.9403458 -129.865051
v 119.02462 74.4597931 -52.6939278
v 173.196213 33.0722275 -2.8872261
v 81.0212479 97.3118134 153.853012
v -30.5037498 114.651497 -274.183624
v -43.1429062 -104.362495 121.571152
v 374.852844 -1.75059354 5.46854782
v 113.0513 -108.11927 -23.2050362
v 147.378952 83.0009537 101.724655
v -182.617508 82.4086075 184.627731
v 335.677856 -59.8127937 102.598923
v 204.098343 -37.1746979 44.2658501
v -168.747696 -38.2370453 -108.752228
v 303.772278 -58.1358109 135.173294
v 120.786156 -101.418877 -299.211914
v -140.244354 -82.7155228 35.3728142
v -387.987457 70.4803543 83.6224213
v -65.6691666 93.6774826 81.554306
v 187.666992 -77.7901306 89.1969147
v 159.590118 51.801342 24.7432365
v -280.578339 18.9138393 180.143082
v -193.787155 -15.6023626 -74.1843109
v -163.807312 -63.260479 22.0560417
v -122.67144 61.990284 -55.185688
v 183.032379 -19.0550079 -193.837082
v 155.093018 59.6339951 -272.333252
v -21.7822189 -109.50248 -216.167862
v -111.372414 60.5213013 232.0504
v 165.832001 -56.3560371 -269.474426
v 19.965065 -122.843369 64.2771149
v 90.5713425 -103.301636 -101.5242
v -81.2689514 -55.9568939 204.048752
v 311.870667 -65.6306305 90.2501984
v -61.7698593 82.1186752 -103.57164
v -152.14447 -21.8553829 204.049118
v -287.723511 0.613810241 51.1716118
v 217.826828 -72.2151947 91.3672333
v -84.8283691 97.700531 185.473404
v 78.357193 96.4949188 120.164078
v 103.957237 95.5792923 142.071915
v -79.2296524 75.1608734 -80.137558
v -71.2878799 100.326134 161.165817
v 187.669693 -2.01205111 -132.84137
v 155.537216 -32.5923386 210.065598
v -28.0305176 -109.109016 -158.089539
v 171.737503 -78.6329956 75.0362396
v 184.748428 -29.7938232 -102.798874
v 289.609924 28.9560585 167.38176
v 115.224159 -93.9101257 -126.168808
v 25.5253944 101.04821 -136.103683
v 184.76091 -69.8940887 164.656754
v 137.749069 90.4078522 140.026871
v 192.220871 -24.9877071 -22.4128914
v -74.3872299 -115.385284 9.85017014
v -129.814636 -69.6424866 -203.591629
v -296.483795 -35.3502922 134.432236
v 91.9680634 -69.3935165 196.543137
v -53.2019272 -104.921257 -162.370621
v 139.194672 -90.6727142 -292.307526
v 298.754272 45.2206039 87.9157562
v -87.1291428 42.3068695 248.348434
v -173.230087 -39.1851273 -250.159119
v -253.727631 65.8124771 173.041885
v 5.70738506 98.0181427 113.540298
v -87.357605 -104.38192 -311.227783
v 65.3048248 114.139885 -253.768692
v 73.6405716 102.99852 -174.914871
v 126.665688 -96.3696442 126.689407
v -123.259583 78.0207672 36.7218437
v -398.331116 -5.23227835 27.4656181
v 32.7005501 100.830261 -128.625763
v -146.419418 -66.0776749 -293.96933
v -201.302536 85.7362366 169.009628
v 237.097778 -63.7117615 78.2062531
v 194.401962 -67.0806274 166.444504
v -206.468552 -52.9788704 143.243088
v 117.22419 91.5059357 -248.030609
v -355.610474 54.7427673 132.903061
v -177.516357 80.9397125 103.779099
v 352.179382 -19.5952187 17.9731255
v 36.4400291 93.3970871 -46.5153084
v 27.4106045 -124.093491 31.6978264
v 374.833618 29.6637878 121.925735
v -218.185013 69.1316147 91.2455597
v -92.5188828 69.7316895 -142.078659
v 179.898331 -32.2410431 -120.848679
v -224.973068 0.205751061 22.5114861
v 213.522705 -53.600914 178.623581
v -179.41655 27.5455532 -178.361786
v 278.665192 20.6971302 175.849258
v 387.634308 23.06147 120.838974
v -159.616531 86.8770142 187.669876
v -146.989075 49.6827354 -158.950439
v -72.6753464 80.3881836 -137.377945
v 56.6047745 93.0738144 -42.1641731
v 37.0081711 -112.087837 -208.056961
v -193.310043 14.5500975 -268.989197
v 177.494873 -84.7123718 133.362534
v -140.924576 -65.8076706 -62.3104134
v -129.49794 -10.8453951 220.971298
v -182.17778 30.6014862 -44.2345467
v -134.670517 65.7052307 -285.513489
v -297.365234 81.8484955 92.3653717
v -35.2505188 -92.4615555 157.697617
v -29.0452442 106.149933 -223.752441
v 109.145615 -63.6945076 197.339859
v 335.510254 43.0325241 57.55299
v 129.776932 -96.8800278 -301.532471
v -50.524929 -64.3224869 212.547958
v -96.4197083 -91.9009552 -111.706818
v 354.040253 4.16827726 21.212841
v 183.086029 45.928299 210.483749
v 84.7528152 99.0772171 -189.583344
v 138.499756 60.4765625 -10.9063301
v 59.4313583 -109.199852 -138.03389
v -171.957245 39.0173264 -282.503235
v 151.165649 43.2615395 -131.511002
v -188.362686 -40.0331688 49.7304497
v 57.4480591 -119.448036 86.923233
v -26.5486393 -112.207199 -269.245636
v 152.427917 -90.8402405 77.4608002
v 18.7786713 -113.328659 -237.403366
v -155.211533 -54.7445297 -190.025131
v 67.6220703 83.8544998 218.623703
v 113.443909 86.373024 -138.780228
v 150.206436 -9.37365246 225.611679
v -147.468216 -74.467926 10.2519951
v 172.458755 -81.6082535 144.669968
v 161.856262 50.7122459 -282.005341
v -313.989014 -17.7951927 64.1038055
v 259.607941 -53.4509659 73.7148895
v 207.541504 29.7831345 204.760178
v 226.776062 -44.9208488 61.997509
v -162.61084 -52.2627945 -292.310028
v 116.833054 -107.737556 -11.3336983
v -278.799347 84.3390961 106.282547
v 149.974625 45.6124992 -114.263535
v 336.302185 36.7367973 130.405807
v 213.249039 42.1567841 75.1025848
v 31.0846405 -81.9272995 197.675674
v 23.1939545 -84.7001572 192.936874
v 111.000031 -96.5734482 -173.186417
v 170.161545 -53.0171852 -295.560303
v -269.077911 36.8097343 184.248245
v 152.535934 56.0065384 19.3271904
v 110.515221 -97.1786346 -180.022903
v 239.201431 -68.4121628 157.681656
v -60.6538086 79.8924484 -45.2556343
v 209.445343 37.2282867 201.394516
v 30.0227947 -120.222977 -309.493164
v 145.652481 12.2813025 233.198166
v -104.415955 84.8580627 43.7886467
v -177.311234 32.8441429 -260.731506
v -184.17308 25.4923477 -107.84491
v -153.938721 25.0738583 224.555771
v 54.3628654 100.250153 -108.213531
v 62.5022583 -109.336632 -91.7974396
v -115.156837 -79.3627014 -194.05455
v 183.167984 0.427373528 -307.399933
v -395.987305 -21.4740238 110.18248
v 280.14917 -38.3784637 58.8433647
v 85.2294006 81.2650604 214.84935
v 34.374382 106.772263 -202.906754
v 52.6763763 -110.967606 -211.188705
v -169.983444 37.7205963 -260.266693
v 98.6451416 -111.531029 93.0421906
v -66.6251144 -106.874954 -288.378082
v -174.384354 73.2691956 195.676315
v -61.6083946 -103.394402 -147.245224
v 166.219131 -47.4311676 -127.407028
v 194.70694 5.10745811 -23.8554878
v -100.985947 78.8752823 -217.955688
v -151.720535 -64.0211182 -11.5375557
v 246.706223 -60.4939232 167.151352
v -155.687332 -49.5969048 -226.394333
v 171.19838 19.1456337 -211.309464
v 283.284546 -63.119278 147.012039
v 56.4723778 92.8752365 74.8577728
v 31.3303432 68.9041519 256.447174
v 45.5836411 -121.830544 72.326889
v -312.920166 80.9742889 120.198105
v -93.4603195 70.7387848 -159.264618
v 12.0612059 99.8194656 -130.846207
v -403.983887 -4.52427673 126.890274
v 190.18663 8.0960989 -34.0989265
v 152.48764 -62.1797638 -93.6645966
v -173.194565 -49.1934776 9.95277023
v 187.715424 14.5757475 -22.2279854
v 365.90564 47.8476448 69.1412506
v 13.2242193 -86.609993 190.13829
v 294.221527 -3.68164349 40.2937737
v -173.267975 -44.5671005 -307.280853
v -77.3437424 37.9011917 258.81308
v -175.116791 -40.6706085 -185.295944
v 33.6764488 110.18367 -246.92923
v -125.303772 64.0762711 -7.7085762
v -321.460693 -14.0381308 153.156082
v 317.852295 8.5472765 38.5230522
v -122.782661 -92.6731339 -2.94658279
v -181.497589 25.134304 -216.989349
v -208.797348 46.027668 63.4632072
v 32.7477493 92.0988159 -32.9213753
v 402.046295 -9.7746048 118.108261
v -230.803726 77.8763504 103.390366
v -154.856277 -53.0516777 -87.2445374
v 142.843353 -91.4062347 36.5225334
v 153.66449 -75.4422531 -270.901398
v 118.598953 86.6759033 -190.989731
v 140.911819 74.03125 -236.473816
v 56.1610031 91.2448883 203.594467
v 82.8672333 91.2203674 192.273361
v -38.3836136 100.226021 -187.451843
v -27.8004742 85.9365768 1.34891903
v 12.8717213 -114.639153 -60.1442757
v -194.87619 -26.4753418 -227.913223
v -397.200897 -20.1923294 55.0621452
v 192.745239 46.2750893 70.2195892
v 140.535507 -83.2350845 -221.008255
v 264.503357 40.0978584 84.5241241
v -169.619659 36.5078011 -135.317764
v -177.817291 33.1086311 -55.6515999
v -53.3817139 -103.600258 118.254623
v -411.961548 14.4452105 123.117142
v 79.9527817 98.0400543 -133.978561
v -120.411278 -77.1874008 -204.258713
v -0.694292188 91.1961899 54.9957695
v -120.894112 72.5302887 15.2573967
v 165.258179 -51.4421577 -74.9199677
v 149.718033 54.3484497 -224.044296
v -321.183777 47.5486069 43.126873
v 185.679657 76.2137833 159.835983
v 83.7756424 70.7757111 235.62822
v 358.302734 43.6176834 55.1379814
v -256.796356 -43.5963326 134.741165
v -341.371979 -24.4348907 68.0520172
v 97.4451065 82.8745041 -15.7331123
v -208.458542 -31.7917328 172.061142
v 124.872917 54.7563171 230.700485
v -177.179077 -30.3385658 -128.584366
v 104.322952 -105.701477 -256.70047
v 7.63735771 98.5092087 -119.515594
v -197.207397 66.5393677 83.2203827
v -168.21608 -43.9595413 -214.047318
v 117.319824 -96.3456955 -207.737717
v -151.880676 48.2591133 -94.9976959
v -60.3639755 -106.473488 104.817673
v -65.662735 -101.186501 -104.534286
v -141.515106 44.642189 227.417892
v -60.3779068 -105.48642 -258.059814
v -136.216309 -69.2082367 -254.312149
v -23.5095749 -93.187706 160.972214
v -270.961395 -40.3946915 137.689285
v -160.875168 51.4135895 19.5681572
v 156.699783 -59.1879692 -74.535202
v 86.459465 95.2354965 109.081009
v 177.922867 77.9487915 124.178177
v -54.9958992 82.1070175 -9.44267654
v 232.054291 30.9280968 69.5747833
v 321.417175 35.5655251 141.225845
v 203.691727 -35.9025154 194.466202
v 341.564728 47.8662262 108.298721
v 171.157883 17.398859 -226.523407
v 105.528328 -115.039352 57.9695244
v -10.9568605 93.1713638 -67.891098
v 420.405212 -55.9329033 60.7554436
v -198.479523 -10.0169735 -199.37616
v 354.188568 14.1591387 140.441483
v 162.617722 41.4452438 -257.563507
v -97.1870193 68.7600632 -118.401154
v -168.337784 -39.9816055 -137.30925
v 257.979065 -20.0588169 190.359116
v 350.098206 -49.6711617 120.815475
v -98.2572479 84.1709366 -235.758286
v 124.818123 72.9381638 -112.63678
v -56.0302582 89.1029434 218.635361
v -197.333969 -16.8040028 -22.5377083
v -102.287292 98.1383896 119.355209
v -287.795319 29.2253761 51.0687981
v -1.52427924 -122.885551 40.627758
v 169.646698 -41.5758743 -143.351166
v -163.798843 -43.6439514 -124.292175
v 82.0812531 94.2973328 94.9484711
v 46.754673 98.2169876 153.235458
v -41.2448578 84.9446869 -55.2208748
v -131.958405 74.1113358 39.0825005
v 308.440948 -53.6373215 145.61937
v 168.411469 -77.2625351 65.0541229
v -231.092331 20.3147659 48.0703239
v 182.939194 -12.0611553 -262.495819
v -121.874786 -45.026123 194.994858
v -174.056534 -39.5143242 -221.345657
v 35.0919914 92.5156555 202.28508
v -301.946228 -29.4750938 80.169632
v 239.298035 52.2602196 173.355545
v -91.6845245 -95.7214966 -213.280106
v -96.7819138 90.8931656 -267.086731
v -330.477692 71.2001572 56.6188774
v 65.9197388 97.1908264 -90.2452698
v 136.699432 76.3630905 58.1338615
v -57.0107918 100.250359 139.738998
v 30.0775242 56.7874107 274.987579
v -371.779297 12.833045 15.5967827
v -8.67250443 88.4586868 -6.96175003
v -130.863403 58.8185616 -33.0536385
v -51.6723862 100.306458 -217.075653
v 173.524246 15.2550535 -241.75853
v -320.602844 -7.39260006 159.968521
v -104.728699 50.5512238 240.087082
v -173.710464 -36.1684494 -58.3742561
v -169.097061 -52.4979286 165.07048
v 111.341537 57.7575607 233.723618
v -7.28365898 102.208687 -159.737274
v 91.1966019 115.003128 -288.985565
v -187.059586 -31.3483429 -266.053619
v 23.3958511 102.611725 -154.20874
v -388.318787 73.6412201 41.3395195
v 184.077682 -82.4564133 138.181015
v -50.5907974 93.6007919 207.718002
v -212.407791 -41.1302147 75.7328644
v 174.502167 -85.364151 95.7278595
v -379.218536 73.7695618 87.0857086
v 185.93306 -31.5272026 -39.5620308
v -16.5509205 89.2399902 -31.5347176
v 213.898178 67.7521439 152.191452
v -301.737915 5.81179619 170.141373
v 126.864105 -97.0083847 -287.572174
v 117.372276 -91.5381546 -146.786896
v 21.0092907 98.1400604 178.092117
v -328.875366 -23.186842 68.274826
v 50.346096 -102.674683 143.699661
v 157.60704 74.4630051 86.2117462
v -112.134033 -68.8326492 165.445633
v 70.8038788 118.007523 -294.836426
v 170.83873 22.4090157 -249.243546
v 187.725693 -81.5950928 97.1287689
v -191.292282 21.0823441 -90.036438
v -342.58252 41.8278351 151.707169
v -31.7910881 -119.115517 -1.74599063
v -92.5233765 -95.6467361 115.992416
v 88.9440155 83.6040726 13.6543083
v 51.4211769 111.858589 -238.267944
v 69.2183456 -117.885567 89.2569427
v 97.812355 86.5494232 -72.0834961
v -35.8423996 98.5679626 183.099289
v -201.22963 83.7121964 121.02681
v -88.7915421 -96.909523 -225.385406
v 126.604897 -2.54931045 237.906418
v -77.7617264 -99.3826981 -165.756348
v 23.0227242 -112.144669 -126.260681
v 189.20401 -19.9348564 -74.6792145
v -89.4928513 71.0648499 -133.194214
v -28.7616558 -108.989113 -143.087173
v 331.028107 -39.3940926 43.9269829
v 115.974724 83.7911682 -113.368439
v 145.408432 -85.4911652 -282.72525
v 51.6155624 97.6531372 -83.2283478
v -254.723129 84.0397186 142.399673
v -189.29776 25.8000889 -52.2219429
v 222.737579 -17.0161209 202.547897
v 325.053192 -57.3095322 63.3149529
v 176.222244 -37.0017204 -260.11142
v -100.808228 -90.9396515 -98.7625885
v -34.0090256 -83.03965 181.238174
v 50.8165703 89.9782181 209.731552
v -114.144508 -97.4181595 -12.2379646
v 236.519653 -30.1708107 191.624344
v -94.0427017 89.286171 203.012802
v -114.719734 65.7723541 -48.3269539
v -168.677139 -42.7641258 -36.95467
v -407.290344 -20.7038822 58.019207
v 85.4006195 101.482254 -204.664108
v -56.063633 98.1191177 187.24025
v -195.821472 14.2889471 -117.004089
v -158.181564 93.8648224 163.534012
v -132.332535 56.8119164 -122.596954
v -377.698334 73.4641037 53.8316765
v -201.016907 -9.83647537 -267.575531
v -246.849091 79.6127701 105.859756
v -255.758148 59.6421242 81.3683624
v 173.751541 -70.2268372 52.3049736
v -181.627823 -51.0096664 161.180466
v 123.295906 -97.2859955 -247.953979
v -182.123688 -24.7112083 -117.566254
v -320.233978 65.4737396 140.318283
v -31.4419003 75.1045303 255.160873
v -176.706451 31.9455147 -113.28685
v -154.091782 -51.7049026 -212.289566
v 59.1020012 -116.724297 98.1366425
v 144.745789 -70.1098175 -146.31633
v -49.8590508 -101.15229 127.508133
v -35.1342964 104.827248 -217.071136
v 139.010117 -97.6476669 66.2914886
v 150.860245 -79.1737366 -263.456085
v -304.745087 62.0671043 154.48851
v -123.018211 62.5765915 -32.9389839
v -23.2342548 -111.230988 -252.415497
v 333.09079 -12.759306 25.1625786
v 14.0368023 -120.529564 -11.9377327
v -80.418663 -99.8047333 112.40184
v 359.070618 38.2638054 117.644119
v 100.48941 82.7432098 -29.8719368
v 167.727005 -52.6313362 -27.8100166
v -360.479065 5.3756094 24.9332695
v 381.472595 -50.1995773 101.69783
v 137.525406 -78.244812 -169.389389
v -195.151154 14.9196701 -240.441879
v 340.750641 -22.585001 150.229446
v -150.55278 -67.8830719 144.749588
v -18.6018734 72.1325302 261.701447
v -137.184662 51.0651207 -212.819839
v 51.7773895 -114.919373 -274.315491
v 352.675964 38.4967308 119.793106
v -104.071648 91.008873 -290.849243
v -82.6832809 -108.759071 76.1568451
v 24.9238148 78.7317276 245.505295
v 68.7458954 -107.236656 -137.335175
v 441.013733 -49.303936 68.30159
v -150.028992 50.0722771 -11.8568306
v 17.1904678 -123.062302 9.16205978
v 110.007484 -104.091545 -263.663605
v 58.5009651 -100.106674 148.022018
v -64.8574905 99.2182846 175.325302
v 94.6903763 84.8270569 -46.6575203
v 314.983612 47.8976517 95.6151581
v -169.446335 41.7798004 -298.105896
v -88.0130005 -96.808548 -201.836761
v -180.082626 -56.6863213 75.8501434
v -315.087738 83.4610519 93.3845978
v 107.020302 79.6339645 7.65693283
v 115.111122 75.8003922 3.57957077
v 168.012909 -50.5206108 -44.5684395
v -166.617386 48.6551056 21.6801567
v -13.0306168 -115.129883 98.9674225
v -154.954941 52.7824936 220.408005
v -127.579018 -77.412262 -261.854828
v 163.424667 -49.6162071 -148.930344
v -338.180054 15.8290777 153.33876
v -110.127869 -101.463669 47.5918388
v 104.390884 96.5439835 -242.524841
v -285.404114 -36.0552979 96.4705658
v -283.373657 -14.8746738 165.521866
v -147.312698 48.2215691 -245.383179
v 104.827766 87.9665375 -111.552536
v -114.82061 -78.9539261 -189.396667
v 174.334076 -36.2722092 -227.120041
v 291.782104 52.2448997 120.767899
v -365.898529 -16.0088482 131.370041
v 134.276443 60.8252563 -89.6895905
v 111.42997 -99.1192245 127.704391
v -336.506104 -30.4405956 86.7916718
v 344.188538 37.241272 125.364334
v 36.6805038 -111.459549 -171.716278
v 54.3397789 101.804794 -122.797745
v 174.937164 79.4358978 157.502792
v 124.293541 -97.1218719 -256.308228
v -162.324478 -45.5366516 -224.790695
v 141.086929 -88.3823013 -277.594635
v -215.959427 -52.6618652 104.843826
v 62.4684296 -91.5658569 166.183762
v 122.602997 92.5938721 158.15065
v -384.023926 68.1500244 21.2812309
v -26.1378593 118.925102 -313.310394
v 86.182457 -102.551689 -128.067978
v 114.956039 -88.0578308 153.79985
v -343.772949 -29.609724 85.3162079
v -78.0258789 97.6036758 113.020493
v 42.660347 94.5438538 -56.1134224
v -181.865616 31.573143 -4.48451614
v -135.233414 -70.9314651 -106.246536
v 117.365219 88.1698608 -208.545883
v 130.577103 -94.4909439 -16.118763
v -109.594147 62.941967 -172.450806
v -170.064713 35.4596825 -144.729187
v -0.162485689 -114.703094 -269.691406
v 0.749481201 -118.581635 -300.051453
v 327.11264 -20.1375351 158.12529
v -16.5080929 -110.189735 -171.720947
v -136.161224 -85.6232071 21.474041
v -284.184998 64.6259689 162.389389
v 113.687065 81.5069427 38.2686882
v -66.9313126 -59.6608162 208.805099
v 21.1289234 -121.770973 -1.41807926
v -334.526398 -18.7030449 141.536606
v 172.027588 -74.9680252 159.367905
v -154.608597 46.5565643 -66.0931702
v -345.124054 -7.27124119 42.531292
v 195.611954 -80.1582031 100.030655
v 358.100464 -52.3298836 109.183517
v 28.6278248 -111.924049 -106.384674
v -139.210785 0.894735515 223.349777
v 249.203186 59.3134918 138.062241
v 190.524429 75.1988678 128.782272
v 181.14534 -25.875 -156.517212
v 39.8195534 90.7509766 -4.24504471
v 114.451591 -98.4187393 -217.573914
v -194.725021 14.8790083 -160.811584
v -25.8610096 98.0484314 188.929672
v -117.071762 -96.6644821 60.3498955
v -162.542007 74.1455536 76.306015
v 141.512375 53.0426331 -111.829361
v -214.252365 19.8536644 200.246567
v -56.5790749 -110.450165 92.5695648
v 135.387268 84.7812424 -274.29126
v -18.117979 -98.8743515 148.460007
v -213.558609 -31.501709 64.5187225
v -367.429352 7.89478302 145.271805
v 38.0519562 -111.199142 -161.862488
v 172.441467 -48.3236427 -194.190399
v 93.3764877 -107.289978 -233.124573
v -2.40166116 98.699173 -126.286896
v 115.392326 -102.100121 -277.664734
v -138.459 -80.0828934 1.59861386
v -101.263069 75.0647507 -202.622147
v 193.424988 49.2466965 200.676926
v 73.2702332 97.680687 153.819809
v -369.348236 67.0324326 31.205822
v 143.390305 -30.7393436 215.954147
v 247.564285 -75.2911224 102.556076
v -128.480667 96.9774857 148.045059
v -199.468735 29.3200912 25.8133354
v -310.045258 -7.20067883 53.7841911
v -145.417755 51.6967659 -28.5930367
v -6.82488823 -111.247223 115.999741
v 151.479584 50.3015022 -17.0765877
v -356.630341 68.6845169 116.508286
v -271.348297 -8.88001442 61.2383842
v 351.058167 50.7369766 78.8372955
v -96.9418869 -99.8600311 -44.5135689
v 14.4999323 110.439209 -278.805084
v 0.457311243 -111.757195 -129.876099
v -41.8139915 -114.437851 86.3996124
v -28.450386 98.959343 177.756821
v -303.508606 -19.3768539 152.696884
v 147.296585 48.6916504 -100.42952
v -224.292007 37.6873589 200.197739
v 89.4551392 88.3757095 56.2555962
v 126.044983 83.1212082 -184.332047
v -0.303949386 97.1832809 -109.340958
v -118.606956 62.6689034 -96.0042877
v -386.918579 36.9311676 125.79866
v -156.515991 45.1333122 -52.6352119
v -232.198837 -51.3989105 119.027725
v -82.4061127 -97.9732666 -180.921341
v 38.1064987 111.949806 -260.495422
v 149.078705 -68.1390381 -58.2247505
v 145.986115 -90.805069 46.3962822
v -197.320465 -15.6128387 -202.403809
v 186.748093 -51.1686745 32.9767265
v 101.944405 -105.825012 -248.82019
v -87.4251785 98.3928757 178.466476
v 4.68724728 93.7213364 -63.8849525
v 187.876236 -34.6607513 199.273056
v 49.1508293 -112.824181 -62.8131905
v -189.021591 -31.2995796 -204.243378
v 20.2462864 98.8808823 157.208939
v -313.316071 -27.8150291 77.3288727
v -194.912613 -25.2723675 -203.787064
v 73.9483337 -107.299164 -92.7141571
v -154.908096 -50.6762238 -235.880646
v -169.602249 -39.823967 -149.292252
v -151.03688 -58.2538528 164.315262
v -393.631989 58.489315 100.335892
v -113.972031 -86.1030045 -72.4880066
v 151.340134 -62.9493484 -123.959473
v 184.361832 -33.0303612 -87.74617
v -100.954613 71.9197922 -189.178268
v 168.678223 55.7465019 56.0409355
v 223.200623 66.9463501 136.63237
v -115.285149 66.912735 -20.1136971
v 179.944427 -29.2264271 -190.506638
v 49.3476944 95.0448074 92.9074554
v 354.005402 35.810524 33.3396721
v -183.560638 91.6884918 139.161545
v 304.911713 47.5907745 99.5984039
v 158.684433 -88.7614212 104.074844
v -155.652298 -55.8287125 -33.6789436
v 182.912308 -24.6271744 -165.182236
v 3.87681818 87.7023544 228.816452
v 367.221069 -8.14847755 11.3053703
v -135.948227 -60.3137016 168.235703
v 256.083801 -43.6803246 179.218704
v -109.598412 97.8026428 169.735428
v -41.3674545 -105.795898 -202.589371
v 184.838089 -42.3338699 194.60994
v 112.426407 82.2346268 -87.8259277
v 27.7325325 88.2924347 222.418442
v 256.957703 -74.4581451 103.792953
v -384.366486 -22.6977367 117.123581
v -34.9801178 -113.839516 -287.372253
v 16.4143524 -112.221344 -163.604797
v 363.928436 34.6818886 25.2825432
v -13.5540419 99.4626694 168.050247
v 347.487946 -61.4392548 87.4654083
v -13.907938 -76.4058456 210.374252
v 155.576843 -58.8265839 -132.491974
v 52.6344452 -74.7507629 206.447311
v 150.908234 -72.0366974 -199.396561
v 192.99057 24.501255 31.3728447
v -114.024017 -94.8529587 -25.9783516
v -288.678558 37.9952126 176.301407
v 44.3638 96.2052689 102.982742
v 142.858734 -71.3589478 -131.509964
v -185.362732 59.0447502 64.5539093
v -310.659027 73.8314362 133.177841
v -47.1203918 87.5444717 -95.4172974
v 94.0576935 75.9356232 221.569382
v 163.137924 -58.7877045 -23.8382759
v -151.443176 -65.6337967 -6.08955765
v -120.98558 62.4081116 -65.0715027
v 159.613419 42.5401115 -26.28545
v -3.08011031 92.8882904 -58.7133522
v -77.6840897 100.278053 -270.326843
v -4.69067621 -117.93837 -25.8149605
v -42.5358162 100.425926 154.212936
v 322.137604 -32.6945419 43.4860039
v 224.582153 -6.09802723 35.7320976
v -195.2435 -19.3496284 -159.46106
v -201.408234 -5.19542694 -272.969391
v 149.498962 -65.1578445 -85.9456329
v -58.2155762 110.921127 -284.517761
v -23.0416851 -117.80378 80.02034
v 179.067505 78.3067474 136.049973
v -113.914223 65.2141342 -71.2765045
v 102.519608 111.291733 -301.5737
v -196.521301 22.0428467 0.729839385
v 113.808044 -111.517586 16.4737663
v -84.0137863 90.38871 -229.11351
v 150.372681 84.7204971 173.263748
v -300.275146 64.8054199 68.4410248
v -164.922684 -48.9999084 -187.299515
v -18.7987614 96.6462479 199.65303
v 290.771301 45.94067 95.4033661
v -86.0499649 100.246689 154.706985
v 38.5909233 97.6290512 177.077774
v 152.724091 -87.2011108 137.449417
v -119.157196 -81.4689178 -103.181305
v -187.9758 -52.740757 81.3917694
v -194.191437 -28.9080353 24.0727654
v -273.611633 38.0126343 182.084946
v 121.036835 -101.045174 -29.3402596
v -129.957077 -87.9001083 96.1620026
v -30.3565311 87.3787079 32.9554863
v 244.240524 61.2240448 124.752914
v -122.156662 57.6482887 -192.070557
v 336.384399 -44.3943748 140.770981
v -39.8073082 85.0256805 -47.1125679
v 45.8849335 86.9791718 221.492233
v 185.623947 -58.5768433 45.1054192
v -218.227631 55.0744438 76.9456329
v 98.4293137 67.8094406 233.527939
v 297.005737 7.62209511 44.6667595
v -57.0318794 -103.515869 -174.387451
v -386.473267 61.1378632 14.0832634
v 82.4681854 -108.543564 -222.657761
v -0.620056033 92.1937256 -49.0135384
v 11.5346069 99.1299057 154.135086
v -53.3744087 100.648628 152.607834
v -249.897415 -39.938385 147.855179
v -188.576614 26.5490952 -7.21669388
v 350.204071 -10.8566046 19.8789787
v 18.4542637 98.9152908 166.067947
v 167.232025 26.3855438 -211.600739
v -136.340057 -71.2711868 -50.4614449
v 83.7517471 86.8589401 37.8929253
v 83.8010788 117.018013 -293.290924
v 342.497925 -54.348732 113.667618
v -181.671417 46.032917 213.630966
v -195.663422 14.855093 -300.345947
v -366.618195 43.1235733 134.561508
v -327.84259 -12.9480524 54.2472649
v -171.158493 38.9893112 -275.088226
v -89.1296539 -107.017464 -20.3659859
v 154.652466 79.5388641 97.7122345
v 188.18042 -9.3481226 -162.02887
v -56.1934128 -117.331398 2.63642502
v -85.4288712 85.1760483 37.2031059
v -68.5067444 -101.020836 -181.842911
v -108.907845 -90.4666519 -254.463791
v 42.4932938 89.4783249 21.4161491
v -42.8210335 -94.8307419 148.301254
v 264.444122 -0.687630773 186.865128
v -373.312347 -14.9836512 45.8924065
v 0.295686215 88.9843597 10.6056328
v -21.6538868 104.47303 -197.417694
v 145.152145 -74.1076813 -181.672775
v 333.385956 48.0575752 74.712326
v -121.114243 96.0041199 117.858871
v -129.09552 94.3569107 114.229904
v -119.762474 85.3482437 56.4658318
v 93.7980423 96.544632 135.211807
v -86.4645081 -72.7106628 172.005569
v 9.45140934 -97.0007782 162.294235
v 7.6366787 -111.938362 -155.379562
v -237.890137 24.5643539 193.325333
v -189.25441 -37.4087372 41.9578056
v 201.146561 -81.7041931 133.688126
v 355.07782 28.1789551 29.0876579
v 316.011353 -40.4675293 51.8729668
v 330.665222 5.03799009 29.7840385
v -84.4431305 74.998436 -40.1801033
v 43.9535103 92.7442093 -36.7108345
v 145.087418 55.9506302 -11.5116768
v -248.007538 70.2831573 95.0420074
v 195.189636 -35.7358131 196.706589
v 274.258118 -55.2545967 164.745407
v -7.06245232 93.7128525 -71.4305878
v -336.990784 80.9429169 75.7629242
v -100.716675 -28.8579559 223.589523
v 266.917358 20.0219498 63.2524223
v -192.483047 16.856741 -141.777863
v 364.678986 27.3451614 130.841873
v -120.287231 82.2792587 46.8289909
v 135.960815 -82.6124115 -190.535858
v 175.946381 18.0008965 -267.709778
v -388.336029 -27.4235992 84.2457733
v -69.3311157 -107.570518 -298.428558
v -66.1440353 -109.032883 89.7910919
v -403.714569 -21.1070118 102.240738
v 390.277222 0.24880439 125.878403
v 189.821701 71.0350037 109.394424
v 182.361069 7.65517902 -313.373718
v -152.935532 73.8214264 203.685226
v 211.67128 70.0999756 142.05751
v 137.939224 -94.8162384 117.934616
v -220.219727 -49.3387985 144.241562
v 188.602676 -5.98001289 -140.661652
v 153.199417 -84.8323135 143.333481
v 102.783325 -116.365326 44.2455254
v -96.1120834 -41.079155 212.995102
v 25.1088085 -112.005165 -163.960587
v -239.475006 2.2338872 187.897598
v 137.013733 60.392807 -44.4208565
v -50.5581512 -105.416969 -126.109833
v 126.517159 68.679985 -45.2531624
v -134.977386 -67.3132858 -229.83168
v -133.490829 88.2885361 85.522995
v -124.261848 72.7939987 -280.195129
v 143.649506 -73.7949219 169.403244
v -138.718094 67.0141907 -300.85199
v -200.547684 72.6970749 96.4319305
v -16.1921482 -121.701637 39.3166313
v -40.4384346 76.1339569 251.899765
v -347.419159 -10.08146 147.168228
v 320.042328 -57.2139931 119.959244
v -42.4056778 58.2138443 272.519135
v 267.881134 44.6297607 91.410141
v 302.035706 -62.8294067 79.3180695
v -184.238525 29.164505 -59.0613899
v -53.5290985 94.1014023 -168.472412
v -5.11549711 -121.981651 61.3708611
v -351.093018 82.8736572 84.7276154
v -187.346298 -19.5815544 -106.249023
v 131.530045 89.3133392 -289.279938
v 158.779556 -6.27293587 224.104172
v 45.153965 -88.4817734 176.411575
v -145.880066 -42.4667168 186.823746
v -45.7071686 105.132988 -237.72435
v -76.8296585 -99.6680222 -171.402847
v 80.8556595 -108.424713 -214.224335
v -250.759384 83.5233688 152.413406
v 192.557953 -55.4190407 53.0204277
v -43.9356461 90.755661 215.414352
v 94.4146042 91.7474976 -116.189606
v -106.207832 -89.5491791 -85.287796
v -73.2210312 77.4993439 -95.0514526
v 90.4593811 -109.417137 -260.641388
v 151.467529 62.6540184 -260.394928
v 12.2472467 112.056572 -300.488586
v 115.642754 77.1253891 -57.6923256
v -384.80481 -20.7048378 56.7138481
v 62.7782707 -123.129707 17.3700676
v -88.341713 -101.660934 -297.393219
v 296.391479 -54.1499939 67.3699799
v -164.420853 -48.4015465 -199.072952
v 166.966263 40.1777077 6.0376091
v -1.92425323 97.1339417 192.250259
v -41.2829247 -106.674377 -171.977371
v 172.82338 -45.3046608 -57.6163673
v 25.2610073 96.4229813 -84.8627167
v -157.039001 41.2284088 -229.424423
v -146.386963 65.8272324 -313.64267
v 92.0337296 -104.728226 -79.5926819
v 56.282692 109.176315 -200.099869
v 191.631119 -76.499649 151.559189
v 119.693787 -72.3328323 180.409134
v -137.550644 -33.3211555 200.509933
v 65.1922607 95.7123489 182.736008
v -56.253891 -104.370392 -137.64241
v -159.398087 -71.3250198 71.9376373
v 134.108276 70.2472 -181.885605
v -16.1422958 -114.787476 -43.255085
v 198.170761 -62.5607109 67.1207428
v 196.337753 -67.4712372 76.0983124
v -350.90683 -17.9799728 55.5073051
v -212.612869 10.9180803 -0.248920366
v -182.478836 15.4068956 208.638412
v -47.1126175 -109.050346 -272.673889
v 314.111176 -9.86385918 166.38765
v -104.882927 76.6093216 215.285873
v 170.065292 -51.0395241 -280.824097
v -260.578033 48.9653816 70.5117035
v -15.7831688 115.293289 -299.625946
v -260.69519 63.5905151 171.785233
v -79.6823959 -102.7304 -285.476318
v 369.580719 -38.8542786 124.305862
v 38.3381386 -116.512001 -282.786346
v 130.855133 -21.4610901 226.462631
v 122.248993 83.2430191 -156.378052
v 29.6624985 98.8744507 -109.73645
v -170.294357 32.6199684 -223.513077
v 105.790352 -99.1661987 130.928421
v 375.351044 -24.903801 9.42628098
v 26.9766502 -113.288292 -234.307892
v -282.369965 -41.3582382 118.90538
v 99.2183838 89.8888168 74.0670013
v -84.5886154 78.4150391 2.00590134
v -19.9960117 -115.944962 91.6746674
v -35.9173203 99.6038055 131.248459
v 43.1578445 109.631165 -224.548981
v -61.5534744 -108.988899 -294.964417
v -76.3023758 76.9894562 -31.2909737
v 174.820084 -39.4017525 -299.378906
v -279.389923 25.7196712 52.0416374
v -226.100983 -16.3377571 54.9258537
v -134.045731 -74.3381119 140.704422
v 352.803101 39.9704895 44.8575859
v -201.874054 4.14755058 -291.570038
v 28.2356567 92.6573105 -41.4019661
v -202.317612 0.806940734 -277.469604
v 87.384407 -60.8110771 211.73613
v 336.888489 -29.6017475 149.173538
v 269.791077 29.5258007 72.5141754
v -148.610275 57.7758408 17.3367119
v -192.214844 -29.2336922 14.4955559
v -267.926239 -16.6582661 68.9806671
v 46.9794083 -110.905968 -88.1266785
v -0.350464433 -112.429253 -81.0347137
v -144.04512 -64.1284561 -125.939682
v 217.175964 -80.3893204 133.552597
v 206.768143 -82.8235626 127.122208
v 153.243469 55.0598717 -245.723007
v 382.465851 38.2541237 21.7309685
v -357.123383 -30.9809246 97.4286346
v 208.314468 -63.788002 71.7126007
v 233.360291 -37.4675941 58.6713676
v 223.570282 -69.8208618 157.884293
v -370.786804 -7.22661114 135.01976
v 110.468231 88.0518036 71.4086761
v -292.633423 -4.31921768 173.094009
v -93.8701019 -106.568489 -12.0525398
v -138.399658 -70.1798248 -277.414124
v 97.5038223 98.7910538 -230.854019
v 203.710144 -78.6680679 142.141281
v -74.8097305 79.2588577 -4.18489456
v -185.712036 -38.2315025 22.1590691
v -86.2987671 99.5355301 166.337204
v 269.420288 -22.4369984 51.7619743
v -104.773575 -104.080048 55.2938042
v -130.114441 56.1674042 -226.698578
v -373.457062 70.0512543 104.10054
v -160.734024 42.9622116 -46.8050728
v -164.609772 -42.323761 -112.468369
v -105.753464 70.2212524 -29.0741463
v -287.461029 30.5576725 177.817642
v 83.8326187 -107.512329 -199.694214
v -83.2174072 -110.559723 65.5732269
v 95.4553757 93.5430679 -150.208054
v -90.8850327 75.4568558 -11.3996468
v -291.117096 -38.2195663 106.988327
v 225.148514 -69.6928177 85.0604401
v -80.6919403 77.5159149 -9.7665596
v 233.965393 -15.1892776 44.4667778
v -218.343369 -29.3675156 171.138809
v -140.980194 -63.0528564 -239.192535
v -85.0289841 90.9887161 -236.230988
v 114.359207 -97.3197174 -90.9247284
v -50.8353691 99.7904968 167.544846
v 85.5174637 -108.679901 -235.679062
v 136.162369 74.7701569 50.1313591
v -31.1047211 86.6932831 -27.0554695
v -107.476891 64.4875412 -119.243423
v 196.144531 6.51018047 -12.0725899
v -108.481781 71.6882324 219.981979
v -256.097107 -9.21246719 60.5768242
v 6.87829781 97.1245499 190.030014
v -173.116592 -58.0102386 153.901688
v 379.199493 -55.7656555 90.0132904
v 144.011276 82.3187332 -308.482513
v 91.8265381 93.497139 -125.276016
v 93.4906235 93.5203171 -134.787582
v -76.8398972 94.9628677 -239.390381
v 59.394886 -117.164177 -301.31723
v 48.5208321 98.1585541 166.207657
v -66.2791519 78.8643799 -36.0913582
v -91.8797302 76.1700439 -183.385895
v -217.552383 6.19317055 -10.3448982
v -290.83197 8.04367352 175.352798
v 163.884293 -49.1737289 193.632797
v -47.2118568 -106.063286 -230.734268
v -137.238159 -73.7072983 -297.762878
v -182.295029 -26.3883305 -140.754257
v 70.1808014 -75.1826782 196.918777
v -66.1320114 97.8093567 115.407608
v -32.1206245 -113.243141 -44.7120552
v -192.812653 -42.7789879 165.943619
v 190.412888 16.3676338 -0.482868105
v -71.049614 83.0838242 17.3597221
v -263.12854 78.643074 150.288254
v 321.100128 -37.8738937 48.3967094
v 34.8161125 108.79866 -227.675644
v -115.435104 61.1730042 -189.252594
v 189.707596 -19.737608 -113.49231
v 211.278427 59.6730614 95.4537811
v 71.3103256 115.73391 -280.886169
v -409.963623 -23.1768646 87.7893219
v -343.445221 80.8265839 104.381149
v -293.733612 66.7632065 72.7271881
v -134.564194 92.6431808 109.056747
v -77.8390121 -97.7996826 -121.382645
v -226.09552 -9.18661594 44.4301567
v -160.660416 -52.2182732 -274.773102
v -341.747864 -20.5551071 131.202133
v -40.0873489 71.4934769 259.437103
v -180.904327 -33.7874794 -245.304718
v 168.428299 -52.1784859 -266.05542
v -117.288078 97.4630051 129.650681
v -18.4446011 87.6236649 -16.6094551
v -16.0065765 -111.369476 -239.374374
v 285.947632 -42.2753181 167.636154
v 363.1604 38.210186 37.4067802
v 52.5162506 -123.962822 34.3127251
v 349.555328 20.4157562 140.305527
v 48.7245369 -120.329689 82.8742523
v 46.7936859 118.109169 -301.295898
v 387.027832 -36.371048 14.3292961
v -199.305222 14.8657093 -74.9442902
v 156.264328 -58.5237923 -101.138031
v -9.48557854 -120.838791 -313.291809
v -122.792023 61.0331078 -91.7767334
v -84.7872772 100.27298 144.15889
v -104.400017 -105.750725 23.4275932
v 104.154671 -98.3674545 -162.951736
v -96.341774 73.3123856 -21.6890144
v -215.311752 88.3582382 129.492355
v -199.350296 -15.8689775 -259.566376
v 123.844902 76.1473389 -128.266327
v 160.387589 -56.0368042 187.158127
v 383.733154 -58.2571945 54.6257439
v 222.866821 8.23146725 202.967758
v 248.337784 -25.7880077 191.318008
v -168.403366 39.4062653 -99.5033264
v 157.007889 -73.5496445 -300.641632
v 84.944809 97.3635559 -156.130814
v -347.935608 59.9808502 133.323135
v -382.186615 44.5195465 122.870224
v -43.0233002 -119.19799 45.6500359
v 143.278137 53.707119 -71.5777588
v -19.6681538 96.8181076 102.003677
v -238.651596 -16.1284389 62.3815117
v 415.517059 -33.4439888 98.625412
v -207.905777 -40.0886688 162.911453
v -40.9046135 -108.487419 -81.5154877
v 23.7563648 66.7428894 263.544281
v -119.085869 -97.2739868 34.6791496
v 169.8508 26.2915993 -142.51683
v 160.22171 72.4489746 195.719376
v 189.819412 22.2237473 16.0254936
v -123.860825 70.5714645 -267.420654
v 22.3994026 -114.530235 110.219925
v 168.173462 64.2726212 200.827805
v -75.3884888 -104.270393 101.683487
v 179.03624 -28.4815903 -262.181793
v -74.7066574 -112.186478 66.9993134
v -105.699524 -98.4828644 -30.5454597
v -173.453522 34.1632462 -127.608429
v -293.70105 -34.9574738 92.2805634
v 183.164948 -6.68063736 -290.847015
v 20.9406815 93.0224762 -48.7640266
v 105.905586 -113.678093 68.3663788
v 158.275375 40.5943604 -69.2739258
v -165.122238 41.4076157 -90.5044403
v 16.749485 84.6395493 236.738205
v 390.65802 -52.181366 92.1068878
v 100.102997 92.1836319 -156.491745
v 161.550308 33.2162056 -211.779282
v 172.933884 -51.5451775 -6.41991043
v 71.6559677 -91.2784348 163.959091
v -184.778244 -31.6100273 -8.55855179
v -294.390533 62.7877502 159.449203
v -159.997375 -67.6161118 36.501812
v 56.7528954 -123.812698 25.463604
v 116.806953 89.2541809 -218.808014
v 295.785461 -47.7892761 62.0269585
v -106.023048 17.0269184 242.807053
v 50.5038605 -110.639503 -178.510178
v 88.6601944 102.230934 -220.135056
v 176.606247 79.0070724 153.490585
v 82.9734879 93.5898361 -101.390427
v -85.7288895 -98.2298279 -250.998169
v 264.950256 -67.0826263 154.560165
v 220.041153 -6.90199184 24.1094475
v -106.142639 66.6591263 -105.482971
v -35.7216797 -114.454605 -34.1512337
v 172.697281 63.9515152 83.8562469
v 408.03833 -17.3356628 111.040634
v -152.162949 -54.9132881 -250.297821
v -321.603516 30.1910839 159.909653
v 423.793701 -36.4595718 90.6999969
v 105.615234 89.0516434 -127.171387
v -68.2226028 85.7516556 33.6589165
v -119.66391 -81.5922623 -95.7258759
v -73.9453964 -101.431328 -246.66185
v -343.4086 -27.1197739 74.8209381
v 248.660538 50.5196037 94.2186737
v 120.288406 72.4461517 -18.4840584
v 9.90916252 112.822739 -308.933411
v 184.448105 -25.0215225 -126.288223
v 180.525208 6.6429987 -262.158478
v 160.686661 -65.7248535 -245.429153
v -120.727852 -63.117794 171.340225
v -155.93602 -55.0894623 -182.322571
v -4.28012514 108.78434 -239.436081
v 145.049545 -68.8909149 -113.295639
v 177.698715 17.6272831 -85.0787506
v 170.553085 36.4805183 -289.774323
v -56.5022125 -89.3434982 155.616074
v 28.4666138 -108.79615 128.456039
v 204.499771 -26.4771252 25.5446281
v 59.6204758 -75.9459991 200.612473
v 133.813049 -100.055473 43.968029
v 134.104874 -90.9523392 137.81459
v -92.5371552 -38.1655617 218.599655
v 86.3187332 -113.945366 93.8318024
v -179.709961 -38.4560394 -208.728333
v 164.92308 48.3215714 27.6569633
v -5.87970066 -114.150337 106.601456
v 174.32399 50.3997154 212.803696
v 205.563705 70.1207581 156.590286
v -236.099991 83.3679199 157.990738
v -162.668655 94.2963104 158.888626
v 22.9642544 -115.577377 -50.7675362
v 359.68985 3.22497129 18.1282768
v 237.534027 -9.47874641 43.8519096
v -63.1048584 -116.027451 52.8607292
v 51.3799973 78.442131 234.935349
v 69.8226547 -121.141197 63.5111504
v -326.834106 35.9605675 157.418869
v -174.257339 55.4422417 48.9800835
v -132.724548 -86.8871536 60.3923759
v 234.080582 21.7625771 193.685226
v 157.600479 50.0194931 13.4764214
v -397.050415 -25.1389694 90.7369232
v 163.348083 35.100914 -100.863297
v -175.382843 -1.81757283 205.431808
v 104.994781 -100.677849 -89.652771
v -359.112427 76.4826126 102.857895
v -434.235535 -16.2171154 95.9613495
v 145.777527 69.1775818 46.6669426
v -199.19075 18.8809891 -11.7001534
v -168.292908 54.2330246 38.6753349
v -113.871101 78.8800583 27.2871208
v 187.414566 -39.7286835 11.3277397
v 194.172318 -70.5122528 80.4403839
v 33.6680832 -122.271645 5.10578537
v -171.970566 -44.1950264 -195.086823
v 24.6361942 91.7320404 60.7613945
v 48.5033875 90.8377075 -6.62590408
v 385.009705 30.9640713 115.021317
v 326.177551 47.419899 78.2401581
v 118.579193 -96.6662521 -68.5702515
v -319.806396 37.2913055 40.0189629
v 215.18866 -63.5651474 73.0076447
v -327.015015 2.26694775 37.3744926
v 101.622589 58.383503 237.21843
v 6.38600206 90.024437 -15.6981697
v -67.5607529 80.3309708 -113.866974
v -363.937592 -22.6056042 61.358593
v -91.3617477 -110.926559 8.93406296
v 135.655548 -11.592536 229.830307
v 132.07666 87.7129364 103.354538
v -87.2192383 -94.5240631 -166.925125
v 165.257065 2.29373646 225.370529
v 342.011902 -48.950531 127.900833
v 76.7992554 93.3453064 84.7631378
v -100.835121 81.6313019 29.1068535
v 14.3946714 98.0782471 115.572922
v 436.774719 -55.1225128 59.4842644
v 119.745354 -102.4683 106.480301
v -12.7635393 97.3703232 194.320511
v -0.306411773 -113.958855 -60.4361458
v -114.620193 75.7004395 -254.859344
v -115.958824 -81.9785919 -215.64856
v 134.674576 -78.8703384 -119.334183
v -115.780281 -90.2730713 111.406601
v -97.5714951 70.4380646 -173.575485
v 128.961853 -91.1071854 -216.342163
v -158.942383 44.4367142 -34.1772041
v 211.715897 -67.9717026 81.0031586
v -182.47261 -39.8446274 12.3957329
v -135.62471 -41.742836 192.794174
v -201.572296 -8.64253044 -50.4626045
v 355.658478 -57.125206 98.0289154
v -63.7571602 -92.501915 144.18541
v 369.258209 -37.3676147 20.6832085
v -56.3453102 81.7353668 -65.0408478
v 14.2703791 -115.635201 -49.7462654
v 23.9926128 111.145393 -278.199249
v 102.422798 83.9394302 -57.7581367
v 273.153839 20.9694023 61.7246819
v -167.171326 -42.9526215 -48.2766609
v -400.525269 61.5284538 85.6945343
v 155.451874 -58.9595261 -113.924957
v -178.118851 30.2319698 -127.454163
v -362.008759 -15.746129 50.2767143
v -274.798096 -26.1876087 157.229691
v 263.533752 -27.3106651 185.512711
v 118.048676 93.711319 137.025986
v 112.95195 79.5613251 23.2512627
v 13.1062613 90.7181625 217.316513
v 181.232254 -20.7180309 -202.805191
v 103.516212 -114.790047 12.4773674
v 6.26529789 -118.470139 90.0733185
v 98.9632416 27.8261566 249.456039
v 74.4483719 -96.5340576 151.409103
v -159.166916 40.7311325 -211.954254
v -117.918945 68.0296326 -7.35521317
v -133.24469 -82.6092453 -6.29680252
v -139.344284 53.893898 -109.40773
v -209.648895 2.6594131 -85.0753784
v 89.3911819 85.3083038 31.0044365
v -210.818039 2.93920422 -67.3888397
v -51.635582 98.6500015 -201.581665
v 255.61705 -25.5862236 57.283123
v -196.374985 -18.4422779 -217.878784
v 35.9886665 86.5034409 226.60173
v -384.334839 72.8180161 63.7402458
v 78.3171616 -105.759247 -107.394089
v 165.14827 -58.7789803 -226.692322
v 124.0578 -66.4442596 187.301559
v 13.7402077 -117.168564 -37.6091499
v -396.576721 -23.5197964 67.7992096
v -164.306168 -39.4321365 182.444687
v 1.24094963 89.3149261 -5.11067581
v -99.6747971 97.1159134 182.822861
v 217.716354 48.5166435 83.7711945
v -202.592056 -34.5517502 60.0284233
v -126.65094 32.3120613 234.803635
v 186.045914 51.5032578 73.030777
v -394.886322 26.9378777 128.177292
v 164.910049 -68.2284317 22.0825005
v 332.769867 29.2281418 41.8756828
v -105.279816 63.3697929 -139.057968
v -129.515366 -68.9166718 -176.83168
v 164.953964 82.4805679 158.13298
v 329.078308 35.2796021 137.271439
v -153.243454 -56.2828293 -44.5652046
v 164.704651 28.9059639 -158.737762
v -332.079407 53.4496918 149.392227
v -125.753983 66.3904114 -256.031189
v -82.1203918 -71.0835114 177.911392
v -134.05719 84.9900436 71.8492889
v -60.6726189 83.1385803 8.50696945
v -99.799614 -96.5749817 -56.9342079
v 365.636108 -58.0212021 90.2539825
v 46.4305954 104.918922 -161.432175
v -221.043533 -26.4832993 63.8342705
v 151.786255 42.1324463 -190.187256
v 158.939499 52.1221771 -269.339142
v 378.641479 6.95305777 6.08756638
v -18.0541592 -121.375191 51.9787102
v -92.0091705 98.5189056 121.715042
v 146.348068 56.3220253 1.25263608
v 91.9614639 -101.19989 -123.684998
v 143.267731 67.4750977 35.3179741
v -128.234711 -75.2985153 -83.8442993
v 30.9548073 98.3694916 138.934433
v -157.560043 -27.0081482 196.949509
v 77.006424 95.3051682 181.204636
v -189.049393 19.9206982 -199.239426
v 175.19899 -42.0398407 -82.4065247
v -387.078308 -25.2857361 103.928482
v 175.265915 18.4629383 -171.37616
v 215.12648 60.5950089 176.098953
v -171.114868 71.6019516 78.6805267
v -27.0346317 -113.438866 99.4967194
v -141.817017 52.7345276 -100.265167
v -48.3821449 -109.300301 -57.6543159
v -260.587921 82.8544159 110.810562
v -200.636276 8.44340229 -233.881577
v 88.7205276 90.314537 -84.2400818
v -139.420486 59.701828 5.9103508
v 80.7202225 96.6126175 166.566513
v -148.062531 50.0933266 -40.4073067
v 138.11142 90.3964081 154.708939
v 158.520859 -87.463562 130.556046
v 73.8295975 79.1627426 225.727646
v -228.298752 -47.2219086 100.161911
v 22.3851242 -114.337387 -251.826843
v -212.834503 -23.8197079 53.433239
v 87.2848587 -102.528595 -155.563049
v 37.710598 98.3654785 147.22789
v 408.826202 11.7771349 112.816544
v -352.74826 33.3036537 149.709793
v 118.039803 97.1557693 -285.622681
v -282.51178 36.0750694 55.6712456
v 382.412628 -49.6027145 33.1857109
v 307.888031 34.1860847 151.417618
v 5.63735151 -119.931374 -305.808289
v -106.601265 -82.5900955 139.967972
v -266.724457 -43.424984 117.109329
v -273.973572 -40.7843323 111.211197
v -144.533081 -57.6873169 -207.753143
v 343.855103 52.634346 96.2642975
v 76.5538712 88.1092834 -33.7086067
v -126.062134 60.7800636 226.878281
v -187.841919 -20.6818886 192.330368
v -192.056046 -23.0611191 -16.8724861
v 112.478645 93.4941406 164.599228
v 319.206055 50.3314896 109.633041
v 47.2660255 107.780861 -195.130386
v -203.121552 0.624518335 -161.076614
v -171.980438 83.213562 105.749283
v -148.050476 49.6450424 223.901718
v -25.7430286 -79.4925919 194.643173
v 185.77626 9.81387329 -44.0578194
v -181.849808 -25.6005898 -100.688889
v -98.6250381 92.7403336 -281.381317
v 144.012299 62.3453407 18.8439751
v -78.1324997 99.9109039 137.462845
v 30.4279728 -116.162804 103.463272
v 158.946808 44.8745422 -7.2139473
v -19.8629055 101.475365 -167.759338
v -155.069397 95.2639694 154.746017
v -286.511536 -23.7176208 154.283829
v 176.686005 -30.0763664 -217.869934
v 13.1991091 -124.001511 38.0509758
v 216.264328 56.6480179 92.89711
v 44.3271217 97.8885727 126.404831
v -102.254883 -106.567497 13.1800346
v 353.562347 0.0176969785 144.370956
v -125.994705 83.9169846 59.3538628
v 28.3511066 -112.770233 -223.66507
v 374.67984 -59.2407761 76.3183441
v 163.358185 29.8155231 -177.895676
v -191.132126 22.9358883 -313.428497
v 137.004593 81.4611816 -242.796936
v -122.988274 -3.49908352 227.898972
v -254.719971 75.7260056 164.854233
v -363.196442 14.7676277 17.5648918
v 122.527115 33.0504341 237.331711
v -223.755264 51.4387283 193.729813
v -195.54332 26.2650986 14.1772575
v 62.1322517 -114.347878 -44.2179756
v -230.008636 89.2016907 130.833633
v 128.187866 44.5562592 233.063828
v -77.0347824 -61.8650208 198.561417
v -239.582657 -37.4807587 158.402023
v 43.0099297 -94.3557053 163.611465
v -73.3221664 77.2658234 -42.9247627
v -68.0266876 95.9878693 98.1482086
v -109.374504 71.7302399 -8.23936844
v 174.012619 -43.0246735 -289.129913
v 114.518181 87.0977249 -164.112289
v 12.7113543 89.1054688 35.7531548
v -78.3999939 -98.9357147 -198.118164
v 48.9721031 104.113602 -146.94603
v -187.307114 -56.798912 147.887985
v 173.206299 20.7367191 -161.771637
v 98.2440796 93.6766586 104.699966
v 127.921028 92.2296219 133.668808
v 187.686615 -9.95570755 -102.870422
v -295.42337 -27.0952415 76.3858795
v -203.270294 0.126522899 -153.241486
v -419.063873 56.167038 79.0691071
v -225.666946 86.7366943 123.449509
v -351.257294 74.6511765 110.195114
v 161.633194 -63.6018524 -257.934601
v 86.8607407 -103.749588 -167.190323
v 3.99998617 -123.371002 29.6057243
v -17.4369602 -112.177094 108.726059
v -182.022354 -29.5062065 -42.1533394
v 252.660172 -67.3108063 157.367599
v 81.1428146 56.2198982 250.110458
v 212.89299 -81.6970673 112.65358
v -244.187302 -22.9918346 172.410629
v 220.279648 -24.6292648 198.153061
v -187.190979 -20.0405235 -127.380096
v -77.0452881 77.2307892 -128.350266
v -140.123734 -75.1611633 129.801041
v -55.9290848 81.2705612 -59.488163
v 399.538818 -56.7195282 68.6800385
v -55.7990074 98.034996 -208.958527
v -209.383179 -56.2044373 110.967148
v -284.193634 -28.1194172 78.9925079
v 77.4440384 97.2231903 -118.838623
v 395.646057 -57.5767097 46.9912224
v 135.508774 -86.0627213 -34.749012
v -250.939163 -5.9820509 183.072159
v -249.777664 10.7750826 50.1314507
v -238.995789 -0.54508096 44.6707573
v 6.63381672 -111.609001 119.142532
v -3.66745782 95.6462326 201.359055
v 363.889709 42.5671196 108.646957
v -290.276001 -10.3819704 60.6959953
v 121.021477 88.8892365 93.1087799
v -390.268494 23.5975151 132.770401
v 122.592117 79.7116013 48.1305046
v 27.7966671 98.6478653 165.386978
v -143.285141 -78.2564697 112.52327
v 160.182648 -88.2485046 87.8144684
v 156.122391 -71.9484634 -237.37822
v 139.697815 -74.047966 -105.31572
v 98.2634659 -116.088211 10.1081352
v -115.538177 88.8446274 69.9078827
v -16.2659969 -95.334343 158.696426
v 291.560364 44.5340614 88.0590973
v -201.750778 50.8342438 202.936386
v -82.7249069 -110.042145 -14.6657906
v -9.12466049 103.64283 -175.552994
v 69.0748672 103.984085 -161.801315
v 86.6821213 109.193016 -247.424179
v -173.787857 -37.1255302 181.050064
v 66.4427414 -121.563644 4.93183517
v -27.3210583 -109.190567 -230.58049
v 46.2662277 102.801033 -136.143524
v 311.064636 5.00566435 39.8445244
v 351.042816 44.110527 111.183792
v 99.1783066 87.3865585 -86.8015747
v 12.4292593 -123.693283 19.3383598
v -57.3668213 -114.456665 73.0833282
v 175.808243 -43.5750275 -172.955795
v -91.6767197 -109.278175 -1.04161441
v -138.008942 -6.1562171 220.1483
v -330.728119 -15.061307 148.740799
v -173.3013 -43.7069626 -293.21994
v 114.985657 87.4219284 188.777206
v -25.5923195 -120.924141 38.5792351
v -186.432007 27.4508038 -28.6965523
v -172.935776 -43.5756683 -284.130371
v 176.558868 -44.548645 -17.0555916
v 129.48558 -57.7619629 194.991196
v -205.685272 -3.74604607 -53.9965706
v 401.552094 42.5756187 55.0682182
v -140.094666 74.3513489 51.9050713
v -203.54744 -4.91079617 -74.7991638
v 181.237701 -20.5698433 -257.050018
v 231.654587 -23.4206123 48.5675774
v -25.5771255 96.9195175 -124.739578
v 97.0830917 -115.566338 1.19770443
v -349.473755 58.8581619 38.8421745
v -184.934189 -40.7755737 33.6212578
v 171.640106 38.7309151 15.0308647
v -200.71669 -1.84053624 -302.78067
v -44.0439262 -108.749489 107.858597
v -148.027771 87.7034531 97.404068
v 139.481308 -95.8775024 88.5618744
v 126.812531 86.6130371 -231.257797
v -187.091019 26.2090797 -78.5758514
v -133.710663 -69.6241608 -149.524597
v 179.256699 -64.1977386 44.8711357
v -191.714783 -23.9458389 187.889786
v 63.6052246 93.9356461 85.6772003
v -48.4822006 99.6766357 132.473984
v 38.1972809 -102.873039 145.173752
v -180.062912 33.00457 -291.476379
v -149.500595 -60.6184921 -273.67157
v 131.924835 -74.4850998 172.403641
v -100.885597 -99.8997345 96.2290192
v -29.5673275 -108.571533 -119.447113
v 228.03775 63.6177711 146.75618
v 181.540421 -1.22877538 -239.659134
v -192.272812 -16.4620171 -83.8604431
v 315.978516 -55.7306824 63.3979301
v 168.375046 25.0081921 -169.574554
v -120.851982 97.2497253 133.953568
v -99.5985336 -92.9671402 -221.950211
v 69.6062546 89.9342194 -38.0359383
v 78.0635986 -120.981148 54.0270805
v -329.382416 12.0393343 156.995743
v -27.869175 95.5768661 -114.326782
v 262.125427 48.5889664 156.679489
v -21.0953312 89.658699 -50.5739021
v -77.3806381 -112.830978 56.957653
v 6.58613968 96.6882324 101.040359
v -322.516846 -23.9022903 139.601456
v 96.2994537 72.6356888 226.960373
v -60.3613281 -71.2646408 192.061508
v 116.710472 -109.88665 3.96262741
v -103.005775 87.4659119 -268.941132
v -177.100693 -43.8100128 171.989456
v 95.433136 -110.584145 -286.233734
v -166.205246 -52.907608 -0.192340776
v 304.456757 -32.8422127 49.572155
v 179.153793 -46.931179 192.265488
v 360.457336 17.1758156 21.7158318
v 53.9930382 98.1337051 158.708176
v 156.307175 36.9581337 -184.894974
v -199.963257 -6.23965931 -284.155701
v -160.077789 -70.5334778 113.755661
v -296.088501 30.3074322 173.289749
v 7.91257191 -108.349693 129.240097
v -35.8414574 -120.000443 37.9668999
v -7.81256294 76.5843277 255.540024
v -38.927803 85.1366425 -33.6940498
v 16.7605343 107.897018 -239.020111
v 211.913223 14.9199724 47.6037712
v 142.368591 80.7191772 -285.90567
v -263.426636 29.8696003 186.370102
v 140.166992 85.3529892 180.623184
v 303.451691 7.32347536 168.745438
v 375.740356 17.6891003 129.307938
v 386.022766 33.5370598 10.7423515
v -266.565948 80.2509842 137.962814
v -110.586555 -102.774086 13.553936
v -371.154266 71.9352112 34.6698723
v -175.041367 34.2072144 -100.887238
v 165.876541 28.458992 -153.167343
v -221.932724 -9.61389637 188.854507
v -14.013257 -117.412422 -25.2010384
v -237.448456 56.6514359 79.8992462
v 116.907402 -82.1203461 164.680191
v 125.888481 -88.6094437 -76.2218628
v 67.6527634 -104.445145 135.968552
v -200.69902 -51.3132782 89.0853424
v -359.682159 55.6419067 129.076279
v -104.795303 92.5483856 -297.97287
v -152.490173 48.0355225 -78.1141663
v -47.7160339 103.501419 -230.676956
v 245.337997 6.7899909 49.4069939
v -246.453568 77.1363525 166.224533
v -110.727577 70.6105423 -215.059006
v 419.143951 -25.2206192 99.2251434
v 321.038483 0.0144714732 32.9763603
v -69.5469208 77.9157257 -74.0514679
v -59.2244949 -117.497162 35.5194511
v -239.593033 12.9237585 190.383224
v 80.6560593 85.6915817 25.3741264
v -407.83847 -21.5782852 95.8664398
v 176.01152 64.8710556 90.2856293
v 308.609589 38.0201607 61.5464287
v -50.1634407 -112.61927 -298.946289
v -43.3627625 -113.506126 -295.295898
v -133.086777 -25.681778 209.889999
v -51.5692101 -105.729256 -86.9949036
v 407.064758 -39.2872238 100.783768
v -16.0613461 -79.7782516 200.004562
v -66.9980164 -103.747566 -253.758545
v 146.168961 -60.4493332 186.285629
v 311.152466 15.4283562 160.459732
v 199.855774 -19.102951 -9.28050613
v 126.017647 -104.340233 63.8780327
v -360.37088 -0.403734982 145.974564
v -202.225525 1.29411995 -270.729218
v 259.692688 -61.6947327 163.851547
v -162.128891 43.2111435 -262.629181
v 155.675583 -63.2448349 -167.024612
v -82.579689 -96.4989548 -128.339951
v 196.431076 -19.2206974 -56.1977425
v -16.196825 -110.387878 -138.344833
v -207.797852 2.19820118 -112.804031
v -135.196228 -69.6555557 150.931381
v 99.0659409 -100.561707 -168.776184
v 119.091629 -109.559105 22.8358574
v 349.402863 -38.1958694 27.9568596
v -105.621895 -60.932827 182.744522
v -349.995728 1.31411445 31.3273125
v -6.51089573 -120.752518 -3.26591873
v 352.156769 -7.11258364 146.423843
v 80.7209778 93.929184 185.445786
v -68.9646072 81.550972 4.98475266
v 122.604034 -88.9708176 -160.345825
v -171.067261 -46.5475235 -4.49440384
v 218.948318 0.689468682 206.636948
v 411.273804 34.1557922 94.1677399
v -185.30542 -32.3120804 -184.101334
v 292.183044 -61.2447357 140.365768
v -75.5628738 -98.7328873 -96.1508789
v 95.8122864 -105.980186 117.37886
v -210.264282 90.8824005 139.007126
v 45.4163132 -111.697632 -220.753586
v 405.637238 11.0829058 114.967392
v -333.152405 63.7774506 136.130661
v 285.515289 -71.1657333 100.032608
v -32.5435104 103.851463 -205.693939
v 62.6146202 -109.044662 -100.355347
v -57.5157814 -104.63205 -236.054367
v -165.609604 66.8694229 64.0227509
v -202.173569 -0.270274639 -171.274368
v 15.0477543 -112.422173 -129.819962
v -230.433807 10.6316843 192.788376
v -187.838638 37.3387871 213.271225
v -165.795334 -69.8134842 104.708633
v -299.236084 36.7852211 169.526474
v 317.557434 49.2089691 101.336136
v -182.343689 67.8159714 77.7010956
v 44.4104996 -111.192162 -183.762833
v 109.243507 92.5803604 -227.335632
v -3.98670506 -100.035851 150.94368
v -208.300476 2.30239677 -105.317642
v 183.735596 -1.48960674 219.109055
v -362.685486 33.1148529 144.865097
v 281.291351 52.1543579 130.210556
v -19.3094082 112.314171 -259.958191
v -90.1988907 94.6309509 -269.375732
v 228.117889 -33.1038666 191.050308
v -168.443619 43.0818634 6.65629196
v -135.955917 87.7666168 195.375839
v -123.945602 -77.3024216 -234.130005
v 145.623123 87.3790741 121.772018
v -7.53314209 89.3534927 -20.991169
v -145.791702 77.7511444 66.7137604
v 46.1894341 -111.742989 -76.2039337
v -422.320221 47.9286728 89.4203339
v 2.01241207 67.4154892 269.957916
v 186.892136 -9.2599144 -177.069855
v 167.004257 42.2813492 13.8633842
v -14.9794207 91.7064896 59.8885612
v -131.171021 71.6302872 -296.29007
v 282.94458 46.0707397 96.9465485
v 108.683884 92.0893326 -219.588745
v -150.285568 51.7556305 -267.175079
v 53.2369537 -117.755043 -25.8327522
v -143.933319 61.3880844 20.5103264
v -164.297745 -50.1838684 -281.124542
v 163.723648 -63.6715164 -297.564789
v -196.961136 91.2257309 154.255386
v 271.757446 54.3237686 118.578476
v -116.967133 98.0659256 145.814529
v -282.470154 42.3669815 177.051468
v 154.051727 -24.5562019 215.602829
v 292.443848 35.1944351 160.020096
v 71.3859177 75.6151199 232.844833
v -247.399246 62.3425636 86.2183075
v -166.663147 60.8866463 52.2047539
v 306.611633 -24.9121857 43.562603
v -19.1582451 -109.997368 -161.388214
v 150.686554 65.8795319 -267.852356
v 62.945652 -109.485359 -175.028229
v -105.016243 -85.1350784 -188.567215
v -149.926117 48.986496 -255.000259
v -181.483307 -36.7909889 -288.124237
v 226.797073 -49.5194969 179.482529
v 333.244446 16.1325836 148.509232
v -17.0544147 -110.22522 -191.03804
v -286.07782 84.0012054 101.461594
v -393.416626 39.8699112 119.404709
v -138.050385 -62.9201775 -194.381592
v 78.4340439 -112.525131 -44.2730904
v 167.679672 -12.247612 217.633102
v -155.528214 -74.4340897 101.375443
v -360.616791 80.7706757 84.5831451
v 90.4317932 -104.310509 125.325424
v 147.442276 44.8757858 -153.294724
v 142.183243 53.5467949 -93.3162079
v 274.415314 -60.5710449 78.811203
v -139.734756 57.3963013 -262.071655
v -121.267593 47.0566673 235.284897
v -166.907959 -33.1913261 187.723099
v -171.84433 86.0159378 115.389297
v 274.59201 15.1824265 55.3057976
v 315.53125 45.6824951 80.0670319
v -176.870163 73.1582108 86.1270599
v 183.506348 9.42907524 -167.131897
v -320.326904 70.7613525 62.1986809
v -115.833557 -100.208565 22.0346794
v 214.535507 -47.9577141 60.6490593
v 11.4913111 -122.859413 62.1542473
v -190.085388 71.1286469 88.3881989
v -76.7580261 99.8423386 166.760452
v 136.077667 82.7912064 -250.896805
v -58.9408722 97.6258926 191.714035
v -31.5281773 -103.51339 129.570816
v 153.945389 57.120285 219.431992
v -387.500793 12.2820549 139.07637
v 173.272705 24.3594704 -270.780457
v 30.4565048 103.584991 -164.065689
v 114.213448 91.4055405 102.814621
v -18.2410889 -110.113403 -204.074677
v -79.0540161 -112.108017 -6.97102737
v 65.2277145 -109.476357 -182.124359
v -203.845413 -42.4056931 72.6338654
v 130.272003 -87.7108307 -54.7565498
v 137.533661 -88.3781433 -241.739334
v -232.357925 -43.8548813 149.817123
v -252.884811 -16.2896519 67.1234283
v 4.07492161 -111.934196 -224.904312
v -27.668766 99.766655 166.041245
v -192.115997 84.9680405 122.279037
v 181.918854 -66.1654587 56.1205864
v -189.389069 -30.9002686 -218.279449
v -7.0402317 97.598793 -117.519104
v 188.202789 16.6907864 -9.80443192
v -181.612228 30.6403866 -79.5183563
v 17.0804577 75.5700531 253.59874
v 315.335663 -6.45432997 33.4629631
v 39.1857758 -113.105042 -242.523407
v -159.915955 -16.3314552 205.140488
v -118.75209 -97.6009445 5.27936935
v -68.3433075 -105.354172 -63.0131569
v -314.475189 54.9542389 157.087387
v -62.2876701 82.8483276 -119.928116
v 128.368103 -98.6915283 -5.61070633
v 10.5721846 111.559052 -293.84613
v 357.642914 -57.5473251 52.6670341
v -422.253693 39.6313705 100.620651
v 39.2606163 -121.109756 -3.53438187
v -36.3697548 106.212242 -229.376785
v -374.086212 44.5690269 128.171127
v 244.608414 -20.6349297 51.257061
v -98.2166443 -90.8464966 124.586227
v 433.286957 10.8929806 96.2920074
v 372.483124 34.8843307 18.7418022
v 154.078781 36.6444511 225.781906
v 250.623444 -6.47189617 194.370651
v 232.964432 52.0185165 179.403275
v 123.797523 -85.0741348 156.383255
v 174.037949 -37.0574417 -135.043091
v -296.451477 -39.8868256 125.60759
v 123.486473 -105.61705 7.39371872
v 24.8588905 108.248421 -236.698761
v -382.247894 -15.6728106 126.546341
v -400.365448 31.2232304 122.160843
v 190.118561 74.5572357 162.668777
v -51.3186913 96.4779434 -181.867889
v -153.001419 -50.5556755 174.9431
v 56.0654144 105.903458 -160.747559
v -103.138847 -85.0660019 -163.919708
v 25.5872707 97.6927109 -99.2486115
v -96.4523239 -99.8524857 -303.110596
v 151.008545 -90.4134293 114.13298
v -282.125702 76.8929825 89.8725433
v -83.9369278 92.7584839 201.463608
v -203.604294 14.7599821 -26.4274483
v 222.669922 10.0302114 47.2508965
v 178.755539 -29.1461792 -251.678482
v -269.808197 71.3879166 161.215744
v 94.9815521 -102.328163 -174.749084
v -53.7250404 81.5981293 -34.7545967
v 356.858673 -44.9438972 126.474594
v -176.471725 -47.0643997 14.1827507
v 139.56514 -76.6883621 -66.3418427
v -83.7981033 86.4907303 44.0760307
v -134.046478 56.4780579 -72.0140991
v -432.207397 -21.1275539 78.912735
v 8.01202106 54.8149796 287.093353
v -57.3748589 -114.830551 -13.0341072
v 31.9369793 95.1593628 -66.7472687
v 366.490814 50.9738541 84.5455475
v -163.237167 -44.5519257 -95.9756927
v 108.186394 90.003624 82.9057159
v -169.124207 39.4219437 -15.6056709
v 171.884033 38.9533195 -303.834137
v -44.0764084 100.145012 139.193375
v -5.93193483 -122.596603 24.5324211
v -190.078506 32.1190872 19.3379631
v -330.555695 58.7716408 144.28508
v -109.346733 -76.3270416 152.519485
v 177.92247 -59.8275185 178.220078
v -425.071472 30.8588009 108.255325
v -68.1875534 78.0886612 -54.708271
v 304.083679 -61.7117119 119.553238
v 77.4040985 99.8363724 -148.367264
v 21.4536324 106.63958 -220.65657
v -83.3347549 -86.9582443 144.910934
v -54.7349396 -97.5036011 135.578629
v 142.219742 -89.2747574 17.9668694
v -32.2306175 108.217918 -238.801697
v -21.9938679 100.181755 -155.626968
v -92.2043991 -92.0673523 -176.078842
v 37.4708481 113.460884 -281.006012
v -6.03903675 -111.247696 -127.540329
v 7.57959938 -111.875404 -169.513351
v -153.62352 60.3675308 34.1307487
v -212.780472 51.9915657 72.8160248
v 346.461487 -13.2654381 150.250168
v -143.66243 52.2043724 -50.1689034
v 104.318192 -112.394363 -12.1139717
v -115.038177 -97.8554001 72.2308197
v -52.4888687 -110.012497 -288.677765
v -148.278503 95.6404953 159.7491
v 44.2349625 90.2017593 47.5033989
v 406.180573 39.6407738 85.7577667
v 184.419754 -2.50199223 -266.170349
v 154.061966 38.8188019 -178.519699
v -308.95517 -37.6822243 116.002457
v 161.618942 78.9396439 106.31694
v 99.5810394 -38.5563507 228.606369
v -407.247284 33.3369865 116.668594
v -81.2678452 -100.954758 -272.243378
v -333.131195 42.0478745 37.1320915
v -61.2107658 -112.73484 -22.8439522
v -74.120491 -90.7193985 142.008255
v 103.364944 -107.81469 105.705338
v -32.806221 61.969265 273.946625
v -96.1109543 -92.3671188 -200.140549
v 180.704742 12.0880442 218.821945
v 84.3009949 -113.057213 -293.475403
v 36.1872444 110.069603 -241.493149
v -179.187317 26.651001 -222.789062
v 239.025681 -48.7586098 68.0484772
v -185.102524 29.144989 -302.514557
v 198.20433 -29.7485046 16.7075005
v -295.671692 -23.2593117 150.702194
v -83.31073 -98.0124741 -187.599243
v -316.406006 60.5008202 55.5983391
v -81.9246597 -98.6110687 -214.829224
v -202.871429 15.1000261 -47.2387886
v 219.483658 66.9646301 125.557022
v -83.0216293 74.6793747 -104.811646
v -358.297241 59.4531097 35.7152519
v 166.034164 -46.3774261 -137.23204
v -122.938431 -92.9637909 68.8591766
v -186.997559 71.4736328 193.110214
v -184.84436 76.1515045 190.166855
v -125.637093 60.9734116 -44.9995613
v -48.440155 88.5316544 -117.373657
v -86.4070435 72.6642838 235.621445
v -154.182526 -50.8598633 -219.038025
v -163.021545 89.6853256 177.20488
v 73.1616135 97.2414322 128.161942
v 186.031815 52.0528221 201.954514
v -38.8046799 -108.613213 -251.795929
v -138.18483 -36.0567856 197.402969
v -120.559555 -69.3696594 159.740341
v -31.2642765 -107.95504 -216.251999
v -2.9896431 -111.416374 -120.817184
v 137.287933 -36.1967087 214.394028
v 180.712738 -1.69259822 -226.490616
v 44.4150314 -81.205925 194.947372
v 137.042328 -3.22516394 233.371933
v 2.01686907 98.6790695 120.768906
v -57.9573784 -67.6595993 201.078354
v -151.689331 -61.0972328 -290.078491
v 106.975487 80.3332596 -18.1671333
v -108.280304 -94.3793869 -299.879639
v 133.96756 75.9732208 -202.385696
v 109.974083 81.9762726 -67.8813324
v -139.091461 -82.8790131 85.7478485
v -132.697647 -86.8363876 79.8923798
v -176.664291 36.4457169 -302.436432
v 44.3775368 98.0658035 -90.5862427
v -188.470123 -21.6234207 -67.4956055
v -27.8946896 89.4791489 46.734539
v 0.411018103 -111.559814 -96.6516724
v -92.3549118 -108.823486 61.9023857
v 21.7106781 111.868256 -289.817444
v 381.153015 17.1764374 6.97733688
v -40.4174652 -78.6986771 188.539749
v -238.165527 85.1311646 116.35524
v -101.015228 -70.6214218 168.179367
v -33.7796516 97.4026337 -150.587738
v -328.815948 0.0878751278 156.978867
v 255.754959 5.71712017 49.9898186
v 9.02901173 110.029274 -264.79538
v 206.237595 70.3414383 123.924057
v -225.093094 54.691246 77.1785431
v -70.3517761 82.5861435 -143.636917
v -32.9353867 -117.793007 -11.6303902
v 97.4722137 -52.9383545 215.324753
v -110.189888 67.1605148 -61.412159
v -113.460632 -85.8369446 -82.6666412
v 120.342751 -92.8269424 -181.510498
v 248.633621 55.3203735 152.394272
v -143.382248 54.7009277 -5.36436844
v -145.26915 48.1248856 -238.084473
v -349.572357 79.549469 65.7708588
v 386.831329 37.4187355 105.731705
v 122.427437 83.8524551 68.4490814
v -383.23642 73.0209732 31.5432549
v -11.7221203 94.8423767 206.240097
v -182.743591 -33.2537003 -254.737259
v 142.707916 -71.720192 -81.2576294
v 147.130737 -84.6900864 20.054821
v 288.812347 30.3052292 63.5736504
v 13.3557873 -112.184235 -187.568298
v -35.4204865 92.9714127 210.206284
v -446.084167 -3.40425348 101.614426
v -111.374046 94.3992844 97.9944916
v 408.64563 41.6958618 67.1926117
v 410.989899 40.1794319 78.8430328
v 308.690247 44.7716293 79.7314606
v -48.6513023 112.852097 -280.823273
v 15.934041 -99.1846466 156.477859
v -102.35244 -92.3934402 -240.563263
v -101.687332 -103.992401 78.1374969
v -195.864624 -17.1558933 192.060135
v -265.455475 -30.9832191 156.486069
v 367.33728 13.1821642 134.548874
v -134.389389 -83.7753983 106.400223
v 120.383232 -89.4073944 148.429306
v -74.0147095 77.5412064 -104.857849
v 331.33429 0.895990431 154.262894
v -107.618523 97.157402 112.790329
v -58.0176926 85.7490921 -127.273209
v 140.252731 78.4994965 200.748947
v -154.557419 -52.237442 -206.757492
v 131.960098 -84.3617935 -180.858139
v -134.565262 -70.8382034 -64.3723602
v 80.6138382 -91.7441559 159.557999
v 395.652222 32.2304726 107.138107
v -1.50883496 86.66008 232.163681
v 166.18541 33.5110245 -73.8923645
v 27.5321312 -114.196007 -62.8101387
v 11.2749424 98.9865952 140.943588
v -197.124542 -52.4787827 151.862228
v 174.392456 19.3794041 -182.203583
v -5.2315917 -119.387932 -14.6117134
v 61.3871994 -112.112411 -256.621948
v 432.163391 23.9448395 90.1000519
v 120.630806 -90.761467 -117.49176
v -116.16967 60.1246185 -180.027847
v 152.126038 -74.4969101 -8.9653511
v -141.336929 54.1979141 -15.0995064
v -31.0617676 -79.9455719 190.444077
v -35.0568542 86.6645203 28.6083794
v 5.41793203 -101.35276 149.811081
v -176.807297 33.8974533 -88.40448
v 233.71843 -38.1847458 186.726517
v 107.979179 80.2426834 17.2888298
v -112.660782 -79.8432846 142.745804
v -347.392639 15.2910948 150.956528
v 192.341583 41.5913506 207.940048
v -127.243271 -80.0606079 -290.87027
v 144.766754 -72.967453 -172.686783
v 161.154984 41.1843109 -248.223312
v -177.567108 29.7314701 -149.507645
v 59.9090195 44.1181107 266.682343
v -39.3199997 100.087051 162.734848
v 25.8630085 109.830765 -256.808105
v 175.688828 28.1559677 -296.242798
v -295.949554 55.0287437 164.109665
v 263.51004 17.118742 181.698532
v -46.0498314 98.6848907 181.564285
v 71.7409134 105.97892 -185.051132
v -61.0015564 -117.502815 11.2692986
v 31.1279926 -91.0626831 173.430771
v -146.528244 -67.5239182 -17.4316597
v -91.7294312 -102.66198 -40.7249336
v -176.344482 28.1654854 216.712997
v 143.836853 -94.8968811 59.6596184
v -146.325562 -78.4022751 104.808395
v -93.9506836 76.6263733 0.692607939
v -130.569046 59.2999268 -21.4643745
v 6.40021896 -90.2872238 180.122879
v 409.979218 -54.6994667 73.0901947
v -187.819458 -22.9695606 -54.8587227
v -210.924667 87.3352051 160.316452
v 396.524078 -46.7881508 98.3575592
v 132.101059 -81.1257019 -156.88942
v -199.875488 -8.88225365 -180.327576
v -192.912674 18.2058449 -232.13562
v 171.054306 80.4052963 138.799362
v 79.2331085 106.498352 -210.433167
v -324.229431 30.9770222 36.9041557
v -268.089417 -44.4272614 125.99675
v -170.421188 60.4572105 55.2359123
v -358.303955 -29.7210083 85.4500275
v -70.7338715 112.254883 -304.42923
v -333.593048 82.2532349 81.8712616
v 40.1194611 -112.958046 -67.6023407
v 58.9778671 98.696106 -93.5590363
v 112.100479 -26.5796604 231.920883
v -307.010834 41.7455444 47.3112907
v -60.6748695 98.4646225 -226.05687
v 179.149704 10.9949331 -189.951401
v 134.411453 60.2866211 -136.339508
v 128.378296 -94.2860413 -239.853775
v -121.40377 -96.5125656 23.2925224
v 157.496872 -69.5568161 -274.140717
v -208.432953 -4.96274328 -13.3658028
v 52.1582298 106.638802 -174.626587
v 139.979523 71.4390259 -223.067444
v 284.03125 -59.7723045 155.549637
v 212.061737 63.7352676 103.002304
v 184.533661 70.9903793 176.696426
v -9.05705547 -112.104057 -76.898941
v -144.567688 57.1945839 222.419357
v -219.830582 -7.17481661 27.9882011
v -200.423157 10.3158617 -205.47879
v -185.38028 -13.6985579 196.782394
v 347.274475 6.33834171 145.714584
v -308.420471 50.7244644 52.3417473
v -107.180534 -85.4207306 132.227158
v 159.66153 61.0149689 212.624985
v -373.234955 -27.5338707 110.790634
v 178.078171 -30.2356987 -284.64975
v -31.0002193 -120.27256 50.1990776
v -222.548782 4.37316227 193.504868
v -213.395462 4.749825 196.002853
v 87.2149582 96.5921326 128.49379
v 116.378326 -68.1352158 188.22554
v 138.838181 -75.1539459 -86.3961945
v 121.830772 86.2086487 -201.863297
v 294.054474 -52.495327 157.557053
v 394.306305 -8.77294445 124.492386
v 28.7663174 -117.921738 -31.2324715
v 53.6669121 81.640152 229.998337
v 154.311218 -71.572525 -218.202469
v 362.66452 -60.3561211 73.2005768
v 340.009888 -14.7894373 22.6458549
v 323.992157 -46.5798569 146.004471
v -49.4892654 86.0627975 -85.0602112
v 263.531921 52.9212875 110.604172
v -218.028152 -4.17242908 17.0857048
v 181.298035 9.11740494 -276.965424
v -101.043999 -96.4986649 107.141953
v 71.3326492 -114.365273 -288.986603
v -211.136017 -3.96403193 193.612839
v -156.268967 78.3996506 197.890427
v -174.80098 89.3088989 172.679611
v -77.32061 -115.008911 20.5891533
v 122.142921 91.1570511 172.395004
v 266.836639 -74.3822861 120.546951
v -33.3209343 -76.359108 198.422012
v -83.6356735 -78.9597855 161.25264
v 135.772156 78.3271179 -220.788925
v 49.5657196 -106.398499 134.690384
v -66.8485641 -101.24408 116.884384
v 156.881821 -62.5192757 -40.1784248
v 11.2161274 -113.777077 -70.771698
v -144.465195 47.5336418 -228.8237
v 156.768906 57.6715202 35.8119011
v 16.3770199 109.187714 -259.345581
v -2.10115719 -113.064873 -250.205582
v -240.752686 87.9807434 123.481705
v 12.0358362 108.942169 -250.664047
v -146.687592 60.2923927 -300.43811
v -159.561737 41.6249619 -187.84053
v 38.0677567 -124.013252 29.1635246
v 291.052063 -15.9472675 41.8867302
v 233.522827 -77.602562 108.42778
v 310.617645 46.4492111 124.258041
v -110.509773 61.6352501 -141.831802
v 51.9841995 -113.759941 -53.0613899
v 264.761871 -56.8186226 167.178513
v 322.757568 -51.6597176 134.45137
v 42.1208801 51.6185379 273.065155
v -238.887833 35.569664 194.856888
v 224.898819 -31.5371017 52.1072807
v 71.9321442 95.8869171 107.705093
v -267.836853 76.1943893 96.7335052
v -56.8806725 -92.0282288 149.153824
v 132.916702 -92.78685 -264.873383
v -178.355316 60.5284081 61.9095268
v -77.4146194 85.3558884 34.930706
v -198.050827 -8.23956013 -115.880295
v 145.659241 88.3953552 142.83696
v 77.2680893 -105.287315 -156.578415
v -106.528221 -19.701519 227.386337
v -222.520844 -41.0874405 158.295853
v -259.246918 -26.1396179 77.6214752
v -76.6389923 92.0470123 75.4305878
v -152.44957 52.0878677 -277.988403
v -45.2323189 95.7351761 -162.859375
v 147.517044 61.0322037 -232.095215
v 321.175781 42.8555031 126.722122
v -235.878998 4.87086439 32.3918266
v -145.249207 -58.5290947 -196.373337
v 66.1100159 87.9594193 5.2992363
v 116.135574 75.6969833 10.1413994
v -318.063019 86.0143967 108.150162
v -38.0458908 -107.526634 -231.314331
v -143.735199 52.1183548 -70.0653992
v 132.050781 -92.5821838 -244.920517
v 415.960907 37.7282219 86.4443207
v -157.042068 -60.8100967 -4.21321487
v -182.31102 83.3760452 113.058823
v -107.01738 -85.9782028 -122.3125
v 108.532532 -101.201088 -221.533371
v -170.588608 -43.5619469 -264.854462
v -9.98633289 70.2357712 265.251556
v -189.751541 -28.2387428 -253.661697
v 235.837265 -1.99155104 41.2856255
v 332.561646 -21.1980171 154.851303
v 177.55658 -79.7479935 147.474838
v -103.019913 -64.8613892 177.701981
v -115.20298 -86.1733475 -66.0516663
v -185.782349 -33.0806122 -277.395966
v -4.95105267 -116.618202 -35.5107918
v 376.388214 -40.6813812 118.442734
v -309.258362 86.0044937 112.556381
v 280.455139 2.37477064 179.486801
v 33.8850784 -114.452995 -256.808411
v -20.521883 -108.36808 119.869186
v 127.458153 75.38871 33.0830498
v -288.388733 15.0826101 46.7574577
v 67.3291626 -110.035278 -225.934677
v -131.764114 8.94036674 230.46843
v -226.768661 6.78130817 21.8327141
v 404.261719 -53.9485741 80.8639069
v 438.055695 -27.0787849 83.3115387
v -184.139359 24.4924164 -147.039261
v -88.7414474 78.626236 7.84366989
v -197.982132 -58.9682922 107.268448
v -114.694366 -2.86932111 232.67131
v -388.903778 55.7723923 108.594955
v -204.565704 17.207798 4.74824142
v 66.3517151 93.2398376 -59.7625465
v 204.830399 22.275568 207.937729
v 380.106415 -46.7174072 108.905502
v -317.543915 -31.6245136 125.678635
v -165.877014 22.5115261 220.074936
v -235.91568 -8.48818302 185.482162
v -58.1711006 -100.031265 126.176132
v 131.336609 84.6165161 86.6252289
v 188.89679 -11.983161 -116.586319
v -153.525055 -0.998901188 216.126572
v -132.01535 64.8626022 9.58915329
v 71.1941299 -122.139488 49.9773064
v 297.855286 1.84338009 172.96727
v 43.8954544 91.4200516 -18.1093025
v 308.301147 -47.2451248 154.298416
v -163.508423 43.460125 -5.90690994
v -6.55222511 99.6594086 161.221512
v 143.713684 -86.2320404 -268.088989
v -346.488373 64.2423325 42.1609612
v -99.3323669 -94.8213806 -266.593567
v 325.745209 8.37496281 154.300064
v 58.6246109 96.9840698 177.030991
v 367.109741 20.6324615 132.664597
v -141.783615 -65.2126007 -154.400482
v 28.6503487 -111.98822 118.604965
v 200.657394 3.33508134 213.086533
v 158.276016 -58.439579 -63.2692299
v -139.630722 -67.7355728 -112.887726
v -383.829163 18.9712772 9.36588669
v 144.210052 73.0524445 57.5299187
v 126.953926 68.8006592 4.94990158
v -140.508743 -66.0410385 -86.4807434
v -148.315186 49.7506332 -58.1733742
v 183.899277 -4.71167564 -282.105774
v -92.5810623 99.570282 135.834915
v -133.331833 63.8599701 -271.695892
v 66.9968491 -116.31913 -302.341339
v -136.303177 17.1796608 231.60289
v -105.1763 63.7695465 -152.401825
v 319.734375 47.5231895 117.389755
v 81.9699173 -68.5280075 203.217087
v -82.2166901 96.3286133 194.484055
v -296.418884 80.2677078 130.528732
v 236.736267 -47.4688187 179.566177
v -93.5915756 79.190506 15.1113091
v 155.622345 -61.3915787 -58.0393257
v -276.677399 -25.9070377 77.6552582
v -41.2291946 95.2360382 89.527298
v -289.987549 -31.5965958 84.2106476
v -66.3070602 78.6028671 -63.0015144
v -36.5886765 -107.943413 -102.454529
v 37.2089653 -111.411179 -97.3817139
v -17.3001423 87.4086075 11.9917107
v 153.677658 50.6651535 2.80610275
v 344.034454 47.4628754 68.825943
v -41.8286896 -116.345276 -306.399811
v 191.176514 59.1340294 189.136795
v -379.356659 30.0964375 135.452866
v 256.833496 42.5504799 174.936722
v 58.2875786 -109.327858 125.239548
v 260.722015 27.0489883 70.2975006
v 379.798004 6.20636272 4.26578903
v 171.974274 -51.0466919 -180.746307
v 373.319489 -58.4415627 84.8795624
v -151.712082 47.4696236 -151.62233
v -21.9751472 99.542923 134.143387
v -42.7687683 -107.27861 -240.98056
v 130.907455 78.1715546 205.414902
v 91.9449921 81.7424164 210.175949
v 35.4712105 -112.629448 -227.669495
v 136.381027 -86.8784637 -26.242054
v 181.433273 -49.0849724 17.6210747
v 141.606567 -86.5383453 -252.327438
v 175.211746 10.0915709 -212.749542
v -30.8052311 100.269348 155.560043
v -312.917358 70.6621094 66.3095856
v -198.682739 13.1298237 -100.102081
v 436.278687 -13.6296368 89.593399
v 121.389931 -93.4457092 -196.06369
v -107.295525 75.0970078 -222.172241
v -14.3874769 -110.95665 -85.7711792
v 166.073593 81.2525711 124.464706
v -110.714958 95.3974152 184.486374
v 166.008682 72.4683304 95.347641
v -76.5096207 100.46051 144.186081
v -195.417923 -11.4760847 -105.221298
v 270.269409 -43.6402206 64.7772369
v -209.542511 -52.1073685 97.9897614
v 104.152428 92.1104507 96.3467865
v -294.451172 -20.3599453 69.1180878
v -182.184677 90.4950638 165.308762
v -163.257385 42.7014008 -105.41568
v -378.625336 63.8630981 107.58107
v 157.673767 40.4446564 -90.8653107
v 170.76857 -45.0016785 -107.298157
v -174.951523 -37.9000244 -28.7094002
v 148.95314 43.7363815 -167.303055
v -433.493652 20.5326576 108.163162
v 112.599022 87.6464462 -151.610184
v -64.4617157 -102.219551 -90.81604
v 70.2998962 92.380043 195.007278
v 149.420273 74.9061966 201.660995
v 60.0170059 -109.163078 -146.8022
v -434.549561 9.71243 109.932541
v 181.35083 -17.6332455 -214.120087
v -125.695114 57.3138428 -144.992111
v 67.9508438 -108.884048 -85.3406219
v 124.515556 96.5672226 -300.963043
v 341.084106 -31.4000378 27.2213554
v 318.557983 26.4563675 151.331772
v -182.567963 24.339447 212.200241
v -30.5444698 93.9089355 -103.698776
v 26.7721691 89.3326645 35.1743584
v 341.969147 16.6219864 144.74791
v -39.6432724 90.4524612 -97.3761444
v 136.054138 59.9984779 -155.294754
v 30.7244091 -119.372742 -19.2379036
v 165.216904 82.3533173 146.234024
v 26.4981995 103.802635 -172.645767
v -159.434021 -46.7943382 -231.347244
v -178.463577 -39.8863525 -0.784046113
v 131.558487 -82.1294479 -85.9677429
v 125.345894 76.0030975 -142.876648
v 89.2205429 -106.930481 -208.436157
v 141.752335 67.1154785 -219.286743
v -70.5466537 -61.9305763 202.961472
v -151.509674 87.8600693 102.221268
v 243.158493 -76.3207016 143.781967
v 17.6358242 -115.611572 -270.706451
v 235.845779 7.40501881 48.1464348
v -259.434082 -22.6784267 167.937027
v 364.700531 -45.4846954 120.378525
v 150.866745 -63.8495941 -136.240021
v -118.371704 92.9616013 188.99968
v -161.970428 -50.1077652 -173.916931
v 120.830353 -100.670364 116.390182
v -300.592712 -1.53903365 50.4896049
v -205.238571 40.3904686 207.008591
v -304.77002 34.5429192 45.5968437
v -68.6324081 -88.0145493 151.734634
v -308.219971 80.7101364 84.4687653
v 58.7673759 -110.331329 -200.58876
v -202.287811 1.62756217 -266.072388
v 114.523804 48.9404945 235.60112
v -86.652298 -50.9262085 206.984848
v 44.7394562 90.1966476 6.51255417
v 211.023697 -79.5904007 106.465958
v -144.409531 -66.6738739 -287.391968
v -106.829796 28.194912 241.591904
v -152.0466 -55.8230858 -80.9287567
v -181.270096 -25.5556297 -109.730164
v -353.470276 50.461441 34.1694145
v 11.7644033 96.8495407 189.772171
v 151.199615 19.1334457 230.089951
v 14.242053 90.5323715 48.9637871
v -273.536163 -17.6834354 166.873581
v -84.7092819 -65.1681671 187.799149
v -203.56926 -15.897191 7.73313522
v 332.14447 -47.4404907 51.8973808
v -262.142456 44.1974831 182.780746
v 36.5151024 -115.724747 -45.1927681
v -338.095215 -0.940079033 152.821915
v -120.256226 -85.9269867 -47.5063972
v 94.4463654 92.3073044 87.9273529
v -79.0819855 96.818985 -254.260178
v -108.675743 85.8948288 -283.447845
v -126.997505 -81.9295197 -37.4275093
v -88.2099533 -97.1195145 -240.085373
v -164.818436 30.1872025 220.744858
v -79.3840103 82.3701019 20.3720512
v 72.2811356 -122.089684 12.9031181
v -150.136642 -76.240509 78.6580963
v -89.1380081 86.2027664 -217.32489
v 65.2031784 106.224213 -169.012421
v -256.412659 55.715004 178.180099
v 12.7687063 87.3052521 229.116928
v -180.610321 -51.0846786 60.9412041
v -52.9409561 109.488434 -271.901184
v 17.5534687 91.1003876 -26.0610237
v 241.060364 30.6508522 71.1147308
v 101.373703 83.9712982 33.119976
v 407.242889 37.4503632 92.9445343
v -327.105133 -32.7417183 108.622726
v 334.036438 44.0527878 117.713608
v -416.7995 -16.6338024 106.256424
v -32.5798874 -87.7161713 170.52684
v 191.524506 -62.4315681 63.1501884
v -161.396698 46.9331589 -289.97113
v 117.979645 93.1869202 127.071518
v -146.235291 28.4702854 227.633469
v 29.7365627 115.277229 -304.405945
v 145.952499 68.3823395 -246.583939
v -157.214783 44.4490204 -141.474869
v -166.976089 59.9340134 210.117294
v -322.168518 8.11510372 33.8632011
v -310.646118 78.8533554 78.444809
v -309.70105 -34.1194992 90.3600006
v 19.1773281 -93.9455948 168.876175
v 363.325562 -50.0806732 39.3563347
v 173.343506 28.833334 -284.176453
v -397.33725 -9.98805618 126.011887
v -258.345795 78.114296 103.862808
v 152.146317 75.4645844 79.4193573
v 65.2148056 95.6337357 102.151901
v 119.587212 72.8663864 -11.5141487
v -66.3778229 91.850975 70.7557526
v 141.828217 51.3268433 -134.400055
v 116.174507 -101.136009 -257.958496
v -106.367287 -95.7855911 -44.0360603
v -77.4924088 94.0874939 86.8468475
v -221.34874 5.30904913 3.62031174
v 185.48674 23.3024406 5.32535934
v 338.132812 -22.554657 22.6926384
v -21.816061 113.672195 -271.074127
v 403.432617 -31.2439995 108.948257
v 4.72252131 -121.327209 -4.31135941
v 324.306824 -6.96661186 29.0629387
v 123.656342 86.5759811 -216.18306
v -127.953804 -76.784935 -61.7336159
v 307.979797 -17.45714 38.399395
v -146.693298 -56.6778107 -224.198212
v 84.926033 -71.4554214 196.354507
v 192.812012 27.1349716 211.63475
v 314.792603 15.9874372 44.5853691
v 120.843559 23.2320747 239.819565
v -40.1578751 -88.4090576 165.554398
v -176.904175 28.8932838 -204.667969
v 198.176117 -24.6952934 4.48496628
v 108.105911 -74.8612061 180.820206
v 149.865585 -70.0664139 -40.2779732
v 426.018494 -44.077198 84.0717621
v 86.9375076 85.6933823 -27.1501961
v -354.494934 42.5813217 31.0705986
v 167.696915 33.2913704 -46.7837105
v -43.8693466 83.7233505 -6.16627884
v 8.60287571 -112.210747 -119.106827
v 1.46535587 -111.66478 -114.667847
v 68.1640244 116.320854 -285.083282
v 35.1944313 94.8502426 191.762375
v -71.7480469 -55.3820381 211.329269
v 148.736511 -82.0541382 -274.911713
v -19.8723888 -104.017876 133.244003
v -149.099899 49.5388489 -109.013
v -308.247986 27.6787357 166.146317
v 170.640182 45.7344971 34.1254387
v -280.270508 -6.57297277 58.7982597
v -175.107498 -51.2705574 26.4920769
v -302.309082 70.7774429 72.5365448
v 183.605927 -8.88056374 -226.672211
v -239.853439 80.8594971 107.428146
v 63.9593811 -86.5123367 176.788559
v -169.033676 -40.6325989 -235.381927
v -184.165512 45.5128555 39.2224541
v 48.3932991 115.428864 -283.102997
v 28.5557213 113.123985 -291.122925
v 38.1148376 98.4528275 157.711533
v 174.686493 27.2162437 -40.4906502
v 194.337112 41.1412888 64.3844757
v -48.1400948 -76.1083984 189.693314
v 338.702759 38.3805962 45.5959892
v 234.981506 -72.8034286 151.66954
v -86.0220261 98.6917267 -280.905334
v -57.7310638 81.6809769 236.448349
v 288.119812 42.9251328 147.373734
v -341.066467 -15.1647434 144.447403
v -246.205933 18.2844086 189.496597
v -12.7095079 102.229813 -163.875381
v 188.430618 -4.02258873 -152.58905
v 65.9987488 -114.716385 103.924911
v 50.6248703 93.5625687 -44.1754646
v 193.280701 21.0319023 22.5633354
v -341.973358 47.1004639 148.557846
v -82.3325577 -107.38752 -33.0670967
v 311.082123 -59.9256058 117.826279
v 274.823853 -72.92453 110.90593
v 305.800354 -1.20465052 38.4074211
v 56.514801 -106.19957 134.251724
v 23.8958111 -113.804245 -243.390945
v -221.877853 -53.5909729 115.41008
v 336.664948 -61.3177376 76.3266754
v -129.862244 -18.949749 215.949692
v 303.289886 -55.7449951 67.0302582
v -193.009796 49.8759308 206.27507
v 213.29277 -66.1036758 164.525833
v -75.2391281 -105.610153 -52.5833321
v -314.011322 1.14771616 43.2547722
v -338.052429 -25.4743843 120.071213
v -271.298096 -34.9754524 90.7856293
v -154.540726 -72.9751511 56.3423882
v -301.048431 -20.1358356 67.9589081
v 87.0286713 -102.166588 -148.304886
v -189.343597 -17.3019753 -113.748199
v 106.569252 90.1012344 -171.138657
v 182.206757 13.2040911 -300.780701
v 128.212616 87.3486481 181.93779
v 346.403656 -59.4199829 63.1636162
v -14.268631 104.245934 -186.65921
v 112.913132 -101.996819 -251.106857
v 137.181564 60.5889053 -36.9457588
v -21.7278881 115.534897 -290.942719
v 186.934784 34.2356186 40.8608208
v -254.802872 37.1271667 64.4781952
v -41.2584229 85.5186081 229.053391
v -144.700745 -53.2926865 175.157944
v 128.174667 -100.013557 98.2519684
v 174.37825 15.509099 -202.896194
v 102.876114 -85.9362106 163.187393
v -50.1794968 82.442627 -49.6694832
v 151.162704 48.9272385 -36.1070747
v -312.131378 -12.6992426 157.963364
v 60.7414551 96.3316116 -75.6412354
v -294.250031 -28.8317375 144.241257
v 145.998062 49.6244507 225.455673
v -93.0754013 -64.7438049 183.434921
v 29.3862438 91.2125626 -21.6455269
v 19.4342937 95.3607788 91.3543854
v -165.007645 85.7934036 187.609085
v 40.2554932 113.486153 -275.890625
v -170.727219 -66.3692169 81.9841461
v -182.844879 92.8725662 155.755417
v -223.591187 -42.5886154 84.3648529
v 22.1827755 -112.164146 -139.358597
v -199.457047 -27.6721382 180.386765
v -260.156708 -45.1511993 118.785843
v 147.562332 -66.783989 178.569901
v 100.569031 82.0189438 -11.4538155
v 428.553436 -23.4689465 91.9186859
v -432.628418 28.7449245 106.118942
v -196.426285 10.8153381 -278.786682
v 286.436981 51.8411255 115.844925
v 225.985809 53.9963722 92.7865448
v -66.5657578 90.4930725 -181.28569
v -378.212463 3.33595181 21.7502861
v 130.480133 65.1094437 -104.842728
v 83.5062485 -121.022812 29.975872
v -178.083771 -28.3018589 188.615036
v 116.565392 77.960762 -80.8696747
v 162.163376 45.3206787 -266.80777
v 4.32236385 -95.3757324 166.699203
v 215.984055 -1.05428255 27.4170036
v -122.896004 57.418869 -181.810577
v -195.095596 13.4333353 -252.27536
v -121.132744 60.7930183 -116.291107
v 265.967621 49.5682755 150.023666
v -146.146591 -77.6066666 18.0657768
v 126.204788 -95.8407211 -31.5920296
v 97.0306931 -100.944603 131.031845
v 178.776886 19.4620304 -104.273605
v 0.237624854 -111.569077 -214.235062
v -309.175751 49.1122475 160.777969
v -311.978851 8.09834671 37.5889397
v 293.827179 -63.9414253 126.512222
v 98.1951294 -108.268852 -263.754578
v 246.580643 -51.3787003 175.090439
v -98.7524033 -88.9922104 -187.057068
v 178.077301 31.086853 8.24503708
v -66.7783585 -106.128441 -281.134827
v -122.322807 95.3612061 176.710526
v 123.460739 83.0402069 196.799057
v 80.2023773 113.191818 -248.801712
v 185.097397 -25.2702389 205.927536
v 154.510468 -39.7013817 205.392563
v 135.332016 -91.5956879 -7.04719925
v -7.20462322 92.1921387 -54.1043587
v -225.738571 76.1212311 176.700089
v -137.027206 -64.4936371 -217.605148
v -319.889008 22.8454056 161.132217
v 112.069153 29.0706501 241.524399
v -156.188019 16.4580746 223.233383
v -104.015617 67.9870987 -96.488739
v 257.280243 47.5650406 92.6233673
v -95.0395889 86.8549423 50.4813652
v 160.405045 -65.2193985 -209.244186
v -144.894653 67.7668991 41.3740349
v 30.7046566 -112.204872 -193.28363
v -74.3171387 -115.08963 34.4372368
v 123.571754 89.0449142 -256.275208
v 185.093658 -14.5647621 -188.070053
v -152.684128 -73.7396317 37.3515434
v -180.93129 27.6626053 -132.300003
v 165.000809 81.624054 168.569534
v 285.640015 14.688077 51.3375664
v 41.035965 105.935173 -181.764511
v 158.366013 -70.0192184 0.529766142
v 127.419807 -79.2267075 165.839279
v -330.762146 77.9893799 67.0723419
v -344.098785 84.1930847 89.3693085
v -53.8202515 -104.628296 -115.573563
v -25.8949184 -112.929718 -51.9286995
v -299.33493 16.8949356 43.2498894
v -359.558716 -10.8481998 139.175583
v -140.511917 -81.7800064 100.543625
v -85.0059128 82.920784 26.4414482
v 30.9747066 94.7679749 87.8689423
v 79.6412582 87.8204422 -40.7379036
v -52.9909134 85.6333084 -103.398758
v 96.2240906 95.635231 -207.890884
v -122.993141 -76.5918198 -218.140137
v 184.839142 -33.1751404 -74.9261932
v -200.284988 -21.9355049 20.1689262
v -170.94603 33.1554337 -205.638199
v 62.0128021 -110.420502 -223.918396
v 141.374756 33.8856239 231.75853
v 8.24283695 -123.276314 11.9716606
v -46.4101067 -110.339119 101.425034
v 161.043549 -77.9673462 155.916885
v 44.8367157 93.9422836 82.3661957
v 42.5939178 110.355515 -234.833176
v 66.6288528 -108.239639 126.679733
v 56.7109642 -116.144211 -289.985352
v -192.304062 76.6916199 102.006424
v 38.9588203 -111.816284 -198.980316
v 19.0236931 94.8768692 -69.9882202
v -179.169815 -18.8494358 196.4254
v -64.6317749 -113.182037 72.0735321
v 258.644257 46.689167 165.32399
v 221.297836 63.2346115 159.762863
v -20.977562 94.1773224 79.7757111
v -129.592209 56.7088966 -137.576492
v -69.1261063 -100.15966 -112.19725
v -163.452759 52.4029312 217.563339
v -11.7221651 113.086792 -278.164276
v 26.9081173 97.0125504 107.228134
v -269.652588 52.0501862 69.8370819
v 43.4532547 96.2693024 -72.5028687
v 96.5820007 -108.174431 109.845596
v 205.728806 -20.931633 16.9036064
v -29.5372715 -98.9145432 143.377426
v 16.6850739 -112.262665 -153.520889
v 171.304459 -45.5885963 195.350204
v 394.700439 42.9057465 85.1563263
v 180.564819 -19.0600815 -298.148743
v -157.265488 43.4151726 -167.587265
v -216.896271 18.0115051 28.4811821
v -9.10594273 -118.598083 -301.881866
v -261.594971 5.71352434 183.612595
v -325.759308 -30.2912216 118.822525
v -358.556519 -26.7628174 124.832352
v -193.46347 -31.0025806 31.005291
v -18.4219112 92.9236603 -73.8656769
v 102.005478 15.8307295 250.052841
v 66.0124512 89.9102249 -26.1760139
v -411.118927 48.7779655 96.3766327
v -232.490387 79.6013184 167.880325
v 316.701935 32.4084892 148.802292
v 42.1596451 84.4104691 229.780624
v -90.4775162 83.51297 211.9702
v -140.127792 60.4867783 -278.394501
v 136.702393 -77.0727539 -138.405197
v 11.3299932 -116.466896 -283.788849
v 194.983093 -37.5077286 24.4199028
v 142.288681 -52.9630394 195.669357
v 280.438995 -30.7784576 176.73912
v 22.5174255 -114.81955 -257.983368
v -112.497314 87.5625534 -300.435516
v 356.417938 -10.3632822 17.4955559
v 35.745697 97.4489441 113.842087
v -263.079865 83.9487152 125.438309
v -343.957672 -2.47514176 150.395462
v 66.5985718 109.371483 -193.810257
v -13.0424833 106.318535 -222.23761
v -78.0820084 -100.939598 -259.802887
v -163.185715 -8.19310665 208.215866
v 14.3888655 102.035339 -150.557098
v 66.1122665 -81.8539505 185.908585
v 206.465591 64.6684265 174.10231
v -174.881638 33.7605553 -107.828857
v -179.092026 32.2457771 -271.657104
v 113.991608 87.718689 -177.190475
v -116.434685 72.5921097 -247.90564
v 126.824768 -90.3443069 143.03566
v 19.3725338 103.24295 -167.970047
v 135.664688 -86.4107742 -216.31694
v 102.795807 81.0753708 -3.10377884
v -183.785416 87.0654984 174.721207
v -385.65976 65.3420181 98.4244537
v -60.0518074 91.344162 65.4550629
v -366.877533 -30.1608963 90.3526459
v -95.7881393 70.4228973 -78.923645
v 66.538826 96.8404388 118.526413
v 62.1368828 91.1265717 61.1265984
v -171.057648 -43.8401108 -205.224823
v -189.99736 -61.0204926 103.778854
v -1.24128711 101.332573 -149.040115
v -123.220619 -80.2032242 -255.066849
v 24.6023426 -123.803513 55.8833427
v 89.7588882 -112.900345 -29.1649971
v -104.067039 -105.061829 5.92606735
v -52.0084419 -85.4857483 166.897873
v 389.783875 -43.1638107 21.7499199
v -82.9384308 99.4528656 132.049057
v 348.021606 -26.8805199 18.9052849
v 183.688705 27.3666687 13.2573662
v -104.124985 -47.1973572 200.922653
v -247.717285 -6.35990191 56.6284599
v -310.350403 84.9099731 102.206955
v -128.578629 -75.7123184 -99.1148529
v -98.7192841 -92.0777054 -90.2168427
v -133.243271 58.4759254 -14.4665718
v 51.0872726 -110.162239 -105.310532
v -106.922661 -91.7455063 -263.335724
v -35.0171738 -108.029182 -166.777695
v 270.904022 39.8764572 167.188034
v 201.651535 -12.4701033 -35.9816475
v -157.185135 48.3379326 -272.582062
v -175.536362 29.1598663 -229.380478
v -154.271484 66.9342422 209.923508
v -42.6654434 92.8984756 71.4137726
v -194.012131 17.8304825 -96.454483
v -32.4740906 110.446739 -251.215286
v -172.246109 -55.9859009 49.837841
v 179.091232 -25.6235962 -205.358047
v 52.1790199 107.564415 -185.752075
v -112.139511 67.4350052 -35.4864388
v -106.181572 -104.32618 38.3433647
v 109.142868 79.8839493 -30.4415779
v 295.480957 35.6287918 157.325119
v 1.58089042 113.156296 -306.124695
v -51.3842926 90.5314178 58.2707329
v 32.0810966 83.1939545 235.730087
v 160.396912 57.860981 -298.00528
v 72.5037918 86.4923172 22.8883171
v -150.401581 -17.3164139 208.555466
v 313.695312 -60.8424454 72.0371246
v -303.384827 57.7402077 159.652084
v 61.8037376 -95.8454819 156.834793
v -278.924469 -7.43300533 174.925705
v 376.955872 45.6579361 63.5148735
v 148.892502 -66.872139 -154.64624
v 139.329529 22.7782898 234.468979
v -50.9982643 107.291466 -259.052185
v -100.577103 69.9888916 -61.5653114
v 105.083916 106.973366 -289.348694
v -88.2029953 -111.011734 47.7657585
f 3124 1 2
f 3114 6 4755
f 8 9 3476
f 845 4473 5921
f 35 12 13
f 19 20 18
f 21 2231 22
f 5398 5250 4847
f 5666 24 3648
f 29 30 31
f 6928 32 1329
f 5456 3620 6589
f 41 42 5764
f 6135 45 4018
f 46 47 48
f 50 51 5916
f 54 55 5079
f 4118 3114 4755
f 58 59 60
f 4907 7 62
f 67 68 69
f 5411 3961 6014
f 4093 71 72
f 4835 73 74
f 5503 3959 81
f 3303 5403 3302
f 4455 86 4921
f 3172 90 6395
f 6941 92 5688
f 99 4935 5725
f 102 101 1283
f 103 5298 6586
f 110 3823 111
f 6558 4961 6833
f 113 4385 1954
f 114 3058 115
f 119 118 3355
f 4649 63 122
f 2503 5172 124
f 5553 4509 84
f 4720 6180 3525
f 4171 6232 130
f 6523 4592 6935
f 132 5235 21
f 387 133 5352
f 1220 6844 138
f 4680 139 4631
f 79 141 142
f 6765 143 5688
f 4258 5544 3349
f 5515 6142 144
f 4206 145 3027
f 2825 146 5063
f 149 150 151
f 6026 4011 156
f 159 160 158
f 615 161 162
f 7015 3547 163
f 164 165 4588
f 166 167 6845
f 168 169 170
f 5750 173 174
f 4287 4237 175
f 6710 180 178
f 186 5205 187
f 5182 6273 6685
f 6731 191 190
f 3490 194 192
f 196 6745 3501
f 517 6163 6861
f 5727 6364 432
f 4223 5866 202
f 17 14 16
f 5672 6296 5864
f 6737 209 4868
f 212 210 211
f 4339 213 214
f 3157 2724 6392
f 3962 3654 347
f 4082 3888 3459
f 217 330 129
f 3782 6884 219
f 3348 4752 6561
f 1894 226 5973
f 6426 228 227
f 6420 3466 230
f 231 232 233
f 6666 234 2339
f 2000 4797 245
f 247 1136 6039
f 6852 3414 248
f 4931 5724 5605
f 5614 252 253
f 254 4913 6882
f 259 260 261
f 3426 262 6489
f 264 5336 265
f 6853 3630 266
f 270 268 269
f 272 594 4253
f 278 277 4767
f 3160 966 6808
f 5652 279 3380
f 6468 281 4804
f 1002 4058 548
f 5161 4655 3821
f 284 3623 5452
f 4774 5136 3491
f 6238 285 6746
f 6310 286 287
f 5395 3165 288
f 291 292 5948
f 4041 5428 6922
f 300 6998 301
f 3207 302 1612
f 6064 304 3684
f 310 311 4241
f 4537 313 312
f 314 6424 315
f 3554 4025 320
f 4843 5399 5105
f 5018 5653 4317
f 3116 325 324
f 6330 2569 3463
f 328 5366 327
f 2103 6146 329
f 330 217 6142
f 4033 4404 331
f 6057 333 334
f 1647 4656 1697
f 343 344 4842
f 3962 347 6399
f 350 351 6920
f 4964 356 3517
f 2310 6564 5989
f 359 4972 4909
f 363 5161 4606
f 366 6197 367
f 31 30 5902
f 4790 5853 4341
f 4976 371 1211
f 4377 374 373
f 1544 5160 2603
f 6428 4215 2488
f 3682 5557 3201
f 5922 382 3655
f 390 388 389
f 3027 331 4404
f 3859 466 6337
f 5007 6217 4050
f 2784 3749 5771
f 595 402 6909
f 56 405 404
f 5801 3412 5509
f 408 5312 409
f 5931 411 2133
f 5716 416 415
f 417 418 3746
f 5918 6097 5247
f 3571 5830 420
f 754 5789 870
f 4948 6575 5783
f 3418 425 6047
f 427 428 429
f 41 4490 431
f 433 434 435
f 6402 4950 436
f 440 5175 439
f 441 6860 2840
f 4578 444 6032
f 446 447 445
f 6419 448 449
f 5245 3353 6326
f 3071 4159 454
f 456 40 6422
f 457 458 459
f 3289 279 3452
f 5962 3998 3896
f 248 465 466
f 3344 467 1872
f 5709 1269 6527
f 5697 40 469
f 3748 470 4190
f 6406 6362 148
f 2989 3313 478
f 360 3405 480
f 481 482 483
f 484 485 150
f 3917 486 4420
f 5148 488 4724
f 6108 340 490
f 6440 5215 491
f 169 168 5484
f 4044 6008 4592
f 3885 6321 4243
f 4791 502 6427
f 4567 4253 594
f 4806 506 507
f 4336 5249 515
f 3109 5530 5723
f 523 5658 6825
f 5373 526 524
f 4847 4293 530
f 3689 6535 1561
f 6781 2658 537
f 540 541 5015
f 542 543 4508
f 544 6875 2316
f 549 550 6427
f 4951 6259 552
f 1585 5547 553
f 556 557 555
f 354 559 560
f 4507 5601 561
f 6324 562 6947
f 5585 5056 563
f 566 565 3384
f 771 79 572
f 579 580 581
f 584 582 583
f 6355 437 438
f 3479 3322 589
f 4173 590 3073
f 5425 592 591
f 3267 595 5993
f 6671 596 4941
f 4997 4441 4458
f 598 3361 6138
f 601 2875 34
f 4824 4187 602
f 603 604 2462
f 4087 605 3475
f 606 5282 6674
f 607 608 5496
f 6586 5753 3573
f 5443 3760 71
f 6338 619 2305
f 5528 625 624
f 628 629 2458
f 630 631 4307
f 6319 633 6413
f 3413 3960 635
f 2829 495 638
f 3856 641 1358
f 3738 642 3576
f 5078 5671 6375
f 5143 472 474
f 6720 645 6639
f 646 647 648
f 1613 651 652
f 3354 654 653
f 4142 656 134
f 657 4505 481
f 3460 660 3100
f 4446 662 661
f 663 5950 381
f 4262 391 5453
f 4600 664 4852
f 5371 666 5492
f 6557 5970 668
f 4828 671 6248
f 5882 673 672
f 6536 4930 5466
f 6427 550 2061
f 549 679 6317
f 4585 680 5867
f 3224 5131 683
f 4938 3578 3949
f 4861 161 6884
f 1648 1466 5941
f 339 4310 688
f 6559 690 5038
f 691 6566 692
f 5186 696 165
f 6440 289 697
f 491 5451 6440
f 707 708 379
f 4506 713 3935
f 4680 714 1344
f 6024 5538 6346
f 6691 716 77
f 3242 4893 717
f 6205 2655 719
f 5099 4514 6250
f 106 720 2375
f 5706 721 6901
f 6084 261 4262
f 6148 725 726
f 5826 3958 727
f 6846 6782 5826
f 731 5192 5014
f 732 733 734
f 6495 735 736
f 521 5570 5795
f 6943 738 5532
f 4478 6141 4436
f 4591 4848 366
f 739 740 741
f 742 3845 2108
f 6053 745 744
f 746 5107 3533
f 6317 750 550
f 4361 752 3473
f 112 756 6850
f 4147 757 758
f 5097 759 760
f 6528 6709 4547
f 3325 6532 761
f 6848 763 3703
f 764 1480 4350
f 5683 719 6166
f 4347 5366 328
f 3771 5696 283
f 6770 5807 3810
f 6399 6804 3962
f 770 3641 769
f 771 772 573
f 4359 775 1577
f 4698 6956 5027
f 4346 6840 3925
f 4181 6621 167
f 777 778 779
f 5047 3293 5624
f 4809 6808 780
f 781 6216 6724
f 6840 4346 782
f 196 3238 789
f 6735 6683 4168
f 3940 793 6789
f 3618 2899 796
f 797 798 799
f 3639 802 5917
f 4996 3945 5942
f 808 3778 6257
f 4506 4968 4221
f 242 2537 5545
f 4002 4811 4507
f 3592 625 5528
f 6867 5465 823
f 809 828 4573
f 829 830 6491
f 5547 833 4328
f 3569 837 838
f 6993 839 4210
f 844 845 94
f 5977 6434 846
f 4763 847 3090
f 4018 849 43
f 291 3064 3701
f 6744 851 852
f 4340 863 806
f 6356 866 900
f 868 869 867
f 406 5790 870
f 3624 6682 1234
f 6180 6344 872
f 4191 873 446
f 877 878 2578
f 6952 879 6738
f 884 1739 883
f 4830 887 885
f 5496 888 609
f 3393 890 1758
f 6582 4477 892
f 893 4366 5651
f 6748 4227 895
f 897 898 5813
f 3702 5287 138
f 2839 3844 903
f 4716 904 6642
f 906 404 405
f 3946 6652 5102
f 4148 908 6768
f 911 577 681
f 1922 6360 3910
f 914 6270 6455
f 3653 918 2752
f 3523 919 221
f 5933 4148 6768
f 6903 925 1022
f 926 927 928
f 6144 5769 930
f 947 946 1534
f 3623 284 949
f 3503 5118 5899
f 5708 4456 436
f 953 226 1894
f 2283 3317 6426
f 6812 1184 954
f 3376 955 6518
f 959 960 6191
f 578 3796 963
f 4770 398 6107
f 964 6018 965
f 968 969 6240
f 973 971 972
f 264 265 974
f 977 978 979
f 3505 3862 982
f 983 984 3862
f 3388 988 2775
f 987 6305 4349
f 991 471 990
f 4421 993 992
f 994 995 1296
f 995 3795 1296
f 6734 996 207
f 5717 4786 5994
f 6097 4881 4595
f 5622 4483 997
f 4226 998 999
f 607 5496 1001
f 1003 5886 1004
f 4497 6549 1007
f 297 5698 4965
f 6801 1010 5955
f 4148 1011 1012
f 5822 5808 6069
f 6728 1014 1015
f 2442 1018 6948
f 2733 714 1019
f 3565 5851 6276
f 3347 1025 3250
f 6393 1029 1965
f 969 968 1030
f 782 4730 6840
f 1031 527 99
f 1008 1032 4117
f 6308 5995 1033
f 4202 1034 1035
f 1036 6202 6229
f 1037 1038 3965
f 6987 3663 4357
f 3906 1042 1043
f 1046 716 6691
f 5848 1047 1048
f 6517 3269 1049
f 1052 1053 1051
f 3083 1055 1054
f 36 2435 1057
f 1160 1058 1033
f 5566 1063 6281
f 3272 6226 3053
f 4243 5983 5090
f 1068 1067 6702
f 6565 3295 382
f 3838 1070 5052
f 6369 840 3375
f 5270 838 837
f 2617 1072 5449
f 3338 1076 1077
f 5572 1084 5244
f 1088 1089 1409
f 1090 1091 1092
f 3714 1093 1968
f 600 599 4938
f 5378 1096 1095
f 6966 1100 1099
f 5685 5125 2121
f 4850 5863 1530
f 4670 1106 5423
f 918 4409 5741
f 6521 153 6173
f 1112 1110 3388
f 3761 6721 1115
f 1117 53 52
f 3334 52 5100
f 383 6365 384
f 5178 460 1479
f 1123 5737 6478
f 6677 1124 140
f 1127 4830 1126
f 4164 1131 1128
f 3355 118 1133
f 544 4737 4095
f 3271 4874 1134
f 1441 6516 1137
f 3797 6397 783
f 5487 6605 4944
f 3585 1139 6144
f 6888 1140 5615
f 1142 1143 3816
f 6142 1143 1144
f 6110 5895 1145
f 1146 6469 4027
f 3398 4346 5881
f 6033 6282 3562
f 718 1149 5172
f 1151 15 6937
f 1154 5341 1153
f 60 59 1155
f 378 6647 4634
f 763 5194 4750
f 1159 337 4449
f 5339 1163 3253
f 1165 1166 6277
f 4268 2295 3539
f 1167 1168 1169
f 1171 1625 4844
f 1174 1175 1176
f 5492 5029 6857
f 5633 1178 1179
f 1184 3482 5629
f 4061 5635 2474
f 4599 1185 240
f 4606 282 6675
f 4507 4811 1190
f 4153 4412 3441
f 5660 5240 3717
f 5892 5827 6377
f 5819 4909 2404
f 5660 5231 3531
f 5769 820 5726
f 707 6833 5130
f 1196 6450 6518
f 6667 1668 3198
f 4424 558 1197
f 6232 3982 130
f 5429 5029 3417
f 1200 6439 503
f 6050 5599 1203
f 662 4096 661
f 4431 1204 2177
f 1208 4791 3122
f 3881 6022 4722
f 5198 3574 5522
f 5722 4004 6158
f 1215 1216 4867
f 405 1218 998
f 4201 1044 1219
f 1221 1089 6502
f 3129 1222 1089
f 1223 1597 516
f 5276 5590 1224
f 2723 703 5908
f 3651 1229 1230
f 3239 3983 1232
f 5506 1236 1235
f 5597 5019 724
f 978 977 1237
f 1238 5158 1239
f 2956 6671 4751
f 1492 1105 4197
f 4410 1539 3608
f 6018 964 3987
f 5011 1250 6773
f 6752 5233 4103
f 3705 1253 1252
f 4299 1257 1255
f 5952 1258 5768
f 6099 5362 5533
f 6137 3923 6900
f 1032 4640 1264
f 4074 5441 6579
f 26 1265 27
f 5774 1813 2932
f 85 1130 6079
f 6817 6017 2531
f 5122 1717 6009
f 1269 1270 3563
f 5164 3725 6005
f 4328 1275 6134
f 4723 5316 4037
f 3546 163 3547
f 4486 1263 1278
f 1283 1284 132
f 1285 1286 699
f 5138 5251 1290
f 3516 1213 1292
f 1293 5404 1294
f 1295 6252 6566
f 5362 6099 5837
f 4075 5346 5123
f 285 46 239
f 4277 967 4408
f 6715 6192 896
f 3915 6082 4678
f 990 3299 1302
f 3391 4547 6709
f 5066 1000 1309
f 1312 1313 1311
f 5180 548 4530
f 1315 905 4716
f 4160 1316 3324
f 6593 1317 2959
f 546 597 5703
f 3497 1323 732
f 1326 4039 2576
f 3366 1327 3969
f 4346 1147 782
f 4490 3140 431
f 2906 1331 5912
f 411 1333 1334
f 5310 5206 411
f 3917 1005 3291
f 5478 1339 991
f 1340 638 494
f 6237 30 29
f 689 3602 6559
f 1339 5478 1338
f 1342 1047 2326
f 1617 1344 2391
f 6596 1345 5954
f 2034 3202 936
f 6920 3105 3374
f 1347 5527 1348
f 4327 2290 38
f 6493 1350 1351
f 976 975 1352
f 4705 318 1354
f 3784 6056 1356
f 5850 4870 1357
f 4705 317 318
f 3293 1360 5624
f 6409 1362 271
f 6514 1363 1362
f 4395 1368 178
f 5631 4706 5260
f 5260 124 1370
f 3364 4778 418
f 5735 6191 960
f 3600 1379 2797
f 5637 1381 2938
f 6098 3697 5445
f 1141 1384 5802
f 1385 1386 1387
f 3638 1295 1391
f 3952 1393 827
f 5945 6992 3821
f 6255 1399 6411
f 1400 1401 5731
f 4793 5417 1182
f 6481 1406 108
f 1407 6732 326
f 4370 1411 3930
f 87 3050 3243
f 5779 1413 1412
f 682 1414 1415
f 4723 163 1277
f 1417 1390 1418
f 5436 6610 1419
f 4974 1425 1424
f 115 3058 5803
f 3238 3943 789
f 33 457 459
f 5613 414 1428
f 4608 1430 1429
f 208 1430 4608
f 5079 901 5932
f 4525 1432 7010
f 4549 4947 545
f 1434 6487 5285
f 1434 1435 6487
f 4534 4050 6849
f 6231 1437 3247
f 1436 305 1437
f 6516 1441 4792
f 1443 1444 1442
f 181 6794 5911
f 1445 1446 424
f 5807 3814 1447
f 4091 4926 1448
f 1449 5946 642
f 6719 4726 4891
f 5328 1454 1453
f 5777 4166 1914
f 1456 3526 3281
f 6791 1458 1459
f 5326 4484 1460
f 4979 4316 1461
f 1482 312 6582
f 533 5815 5756
f 3954 5333 463
f 687 1466 1467
f 7006 3743 1240
f 1472 3275 253
f 1470 309 1471
f 6280 4954 712
f 1476 1473 4264
f 1481 6071 5636
f 3666 4463 6929
f 1485 1486 1190
f 4067 3859 675
f 5092 4879 6620
f 4879 5092 6936
f 5181 1093 5650
f 5462 4851 3668
f 4516 1493 1492
f 7008 1494 217
f 6740 1176 4342
f 1497 1498 7020
f 5550 1499 1500
f 2435 36 1056
f 3854 1501 3295
f 3790 1502 644
f 3687 6993 4210
f 6618 1352 975
f 3999 3172 91
f 6845 1508 1509
f 928 927 166
f 3282 6949 5489
f 6810 288 3165
f 3883 4078 2727
f 793 794 1513
f 1357 778 777
f 272 4189 593
f 1518 6383 1517
f 475 5847 6705
f 3669 944 1998
f 6794 4954 5911
f 6720 3403 1524
f 4844 4764 1526
f 1189 6029 6842
f 4079 5638 1529
f 6911 1532 1533
f 4437 793 3940
f 2382 4233 1534
f 3136 1536 531
f 2870 993 6654
f 4065 1540 1252
f 1541 1542 4991
f 1793 1544 4620
f 5724 6193 6799
f 585 3728 6865
f 1546 1547 3985
f 441 1548 3721
f 6172 1549 6918
f 1550 914 428
f 1551 4940 1552
f 3159 5190 2315
f 1554 1553 5679
f 1210 4555 6119
f 1558 1559 4570
f 2888 6945 530
f 3306 1561 173
f 1564 1563 1565
f 1568 1566 1567
f 1572 1573 6447
f 406 1574 1572
f 4594 1575 1040
f 775 2628 1577
f 4236 1578 1579
f 1581 4937 1632
f 6115 5051 6791
f 5008 6421 2964
f 554 1585 1586
f 4781 1353 4397
f 4045 5321 1751
f 6679 1592 1537
f 5034 1138 4353
f 3536 1595 1898
f 45 4791 2940
f 5653 1596 1597
f 4323 1598 4898
f 1599 1600 1601
f 5072 1508 5634
f 4285 1603 2800
f 6523 6046 1606
f 448 5554 3427
f 6067 843 1607
f 1607 522 521
f 5241 6041 1609
f 1610 3980 1608
f 3441 4412 1396
f 4140 5789 3207
f 6256 1614 1398
f 4125 911 681
f 6574 774 4359
f 2962 6218 5861
f 685 442 3949
f 3764 4166 1619
f 3842 3271 1620
f 6888 6714 3611
f 4072 4607 2323
f 5253 1626 4933
f 6562 1629 973
f 5722 1631 1808
f 701 1633 6625
f 3394 6774 5412
f 6681 1636 6908
f 7004 4403 5697
f 1638 1457 4060
f 4225 6656 140
f 1636 4417 4225
f 786 1747 1643
f 6885 1645 5582
f 3339 4115 203
f 7017 1646 6890
f 4432 3548 339
f 4940 1551 4955
f 1820 1650 1649
f 4489 800 6403
f 3425 1655 1656
f 2931 1661 1660
f 4468 1660 6470
f 6634 1663 1662
f 1664 1662 4977
f 1454 3103 1453
f 1665 788 3089
f 4798 1665 1666
f 3326 4102 1667
f 3452 5500 1669
f 1670 497 496
f 1673 4342 620
f 1674 1675 4813
f 6676 4334 1607
f 6676 1607 842
f 6022 1677 1676
f 3884 1678 5893
f 4849 1086 1161
f 6076 1683 6836
f 1684 1051 1053
f 6191 1684 5855
f 3493 189 188
f 3511 6104 2568
f 1690 1691 1692
f 3223 3258 1693
f 1695 4139 1694
f 735 1695 1696
f 3644 1698 2941
f 1704 1004 5005
f 1707 1705 1706
f 1708 655 1709
f 1711 6725 5404
f 6148 3629 725
f 794 368 1513
f 3756 6148 726
f 4174 1718 6393
f 5733 4307 6551
f 5126 1281 3037
f 656 4142 6519
f 6382 5109 6262
f 5109 6382 1384
f 6579 5471 803
f 6234 4160 3324
f 5424 1729 3261
f 1732 4220 5684
f 1734 1735 1733
f 4922 4743 513
f 1736 934 3538
f 1388 1737 4130
f 5678 4868 6689
f 5193 209 212
f 1563 3306 1565
f 3934 4047 6798
f 3502 4585 1740
f 1742 5296 1478
f 4568 3043 3013
f 6377 1744 1745
f 4111 1744 1746
f 6833 707 379
f 3505 6132 4094
f 4045 902 4367
f 1025 3347 1024
f 6127 1755 5952
f 3892 1346 4442
f 1440 1523 1441
f 3393 891 5119
f 615 162 4603
f 615 614 4368
f 5964 1759 3657
f 1761 1762 1763
f 5573 5156 4762
f 6095 1765 1766
f 4505 657 4598
f 1769 1021 1768
f 606 6674 5251
f 5054 5085 924
f 3175 52 1775
f 1778 1779 4475
f 1778 5055 4537
f 1780 1781 1782
f 863 5050 1783
f 6476 1785 1786
f 1787 3647 2196
f 5514 4246 1789
f 688 1791 6183
f 498 1763 1762
f 5187 1792 616
f 5046 1543 4783
f 6443 6935 2907
f 1796 4930 1795
f 6775 3680 1797
f 1121 5009 1122
f 4010 1798 492
f 4436 1800 1799
f 6556 96 1803
f 1804 5137 1805
f 1808 3905 4702
f 5588 1814 125
f 1815 1727 1726
f 3354 3168 4155
f 1818 941 6313
f 5754 1819 3594
f 4776 4504 228
f 5898 4634 4092
f 1823 4000 1824
f 3289 3452 1669
f 4641 1825 1084
f 1827 7011 5237
f 1830 524 3582
f 4343 1832 610
f 6232 4171 6336
f 4687 244 5824
f 1836 1367 5198
f 4915 1840 1841
f 6003 1842 1090
f 4110 6078 1794
f 1843 2165 5751
f 6741 1847 1730
f 4387 4085 1790
f 203 1645 3339
f 5582 1645 203
f 4615 103 6586
f 3402 3870 1852
f 4413 1013 4338
f 4690 6189 1504
f 218 129 330
f 144 217 1494
f 4633 6015 1201
f 5278 1859 4254
f 6761 3510 5234
f 6581 5024 3658
f 1862 1365 1863
f 1343 1342 5238
f 1865 1864 300
f 5228 4087 1867
f 14 35 16
f 1869 1870 6086
f 1872 1871 659
f 3520 1874 1873
f 334 333 3186
f 4291 1875 6897
f 6343 562 4861
f 5318 4692 5191
f 4117 1264 1880
f 1881 746 3798
f 2861 813 292
f 1050 1883 1427
f 5210 1884 2083
f 4538 1886 3560
f 3012 1887 6499
f 5110 3287 4251
f 1888 269 268
f 1888 1736 3538
f 1889 1356 1890
f 4853 1519 1520
f 1778 1892 1779
f 575 2522 576
f 4066 230 3466
f 1896 2087 3777
f 5193 3908 6689
f 4067 5529 1487
f 3789 6841 267
f 4089 348 4029
f 1605 5560 1904
f 7001 5353 2105
f 5323 4261 6013
f 6335 6480 5781
f 6480 6335 1907
f 4717 1909 3325
f 5737 4590 921
f 4726 6719 1910
f 4967 945 1911
f 6598 3909 5286
f 1557 3996 1559
f 3343 4793 4416
f 3127 5489 6655
f 2613 3720 5628
f 1648 5941 1918
f 5651 6001 3113
f 1919 2757 1920
f 4043 1922 5386
f 5832 3478 684
f 1924 1925 1112
f 1926 1929 3357
f 4191 756 6302
f 4936 2531 5992
f 5737 1936 6478
f 4664 1902 1901
f 264 6748 5336
f 2917 1131 4164
f 5925 1942 6863
f 5399 4843 6646
f 1946 1947 1948
f 5583 2679 5092
f 6300 938 4539
f 1950 1951 1104
f 1506 1505 4040
f 4543 3351 4083
f 4544 6401 1955
f 1956 67 69
f 5297 1957 2757
f 5174 6784 1958
f 1687 1960 5732
f 1961 4314 3323
f 1962 1963 1964
f 1377 913 912
f 6261 1966 5414
f 5920 6931 5529
f 6627 1968 1969
f 511 6436 6573
f 6436 663 3552
f 6116 3804 6361
f 3333 1970 5027
f 40 4749 6446
f 3903 4832 1017
f 801 5077 3815
f 3206 1976 3181
f 1977 6830 1978
f 1979 1147 1980
f 4151 5001 3153
f 1372 418 417
f 5780 4638 6795
f 3967 1985 6971
f 1450 6306 256
f 3830 5988 238
f 4252 3233 6072
f 6186 178 1368
f 5621 684 3260
f 4056 6874 6349
f 3656 1072 2617
f 3656 780 1994
f 485 213 4339
f 6118 1437 5299
f 6614 1996 1113
f 6194 4916 5755
f 6242 6649 244
f 4815 2000 1163
f 971 973 1629
f 5060 2338 2003
f 4297 2004 2991
f 6315 4758 3604
f 7003 1423 3171
f 6516 4792 2010
f 851 2011 852
f 3775 1394 6711
f 2012 2013 6264
f 666 4158 1177
f 4158 1209 5618
f 4609 1017 4832
f 2864 757 2210
f 1893 3276 2015
f 3698 6973 1853
f 5277 5668 3052
f 174 173 542
f 5957 2017 6297
f 5668 95 5682
f 5537 2104 2640
f 2020 6519 4142
f 1232 4124 2023
f 2024 3543 1816
f 1955 4382 5568
f 3814 5807 6770
f 1107 5741 4213
f 5590 6213 3832
f 2026 2027 4208
f 5448 534 535
f 6550 2028 785
f 3195 6408 855
f 6401 4382 1955
f 6330 1132 2917
f 948 322 3675
f 2032 370 5393
f 3895 3981 944
f 937 936 3202
f 1651 4792 4893
f 4128 2035 1241
f 1787 3456 6965
f 5336 2038 265
f 4900 3326 3297
f 3834 5615 529
f 5072 5634 1299
f 2041 5934 5452
f 3450 2042 2066
f 6985 2043 2044
f 5953 981 5116
f 5953 5116 2045
f 3314 1480 764
f 6544 2049 3759
f 6824 5075 2053
f 608 888 5496
f 5856 888 5411
f 2055 2054 3936
f 5972 5444 2056
f 3622 3696 1531
f 1114 1461 958
f 5743 6424 314
f 875 6002 2057
f 1530 5399 6646
f 2058 2059 6367
f 1127 1126 4919
f 4564 3835 1812
f 1810 2062 2063
f 5601 1486 3140
f 2064 1766 6930
f 1808 1631 1809
f 4818 5798 5151
f 6628 231 6683
f 3778 809 4573
f 4646 4943 305
f 4376 2074 3432
f 4376 2075 3530
f 5586 4734 2076
f 172 2951 1240
f 5608 2080 6450
f 4878 6756 826
f 4982 2083 4746
f 6953 623 384
f 3729 623 6953
f 5625 2084 7007
f 2409 2085 2738
f 6938 5518 3040
f 1659 6646 1943
f 2091 5612 831
f 2091 2092 5612
f 2094 2760 3664
f 2956 4751 3695
f 3121 6585 6815
f 5549 3048 3857
f 6736 985 6592
f 539 3842 2101
f 6171 2839 903
f 6090 2103 329
f 190 6837 2104
f 5476 2107 1655
f 742 2108 2109
f 5658 5257 293
f 3885 4243 499
f 1721 6351 4788
f 985 3841 585
f 3640 1797 3680
f 2110 2111 2112
f 5155 27 1265
f 4141 27 4803
f 5052 561 5601
f 2114 2081 6668
f 4970 6475 4426
f 5405 1282 2116
f 3240 4955 6347
f 3173 2119 4855
f 1858 3971 6359
f 5442 1857 58
f 4032 4442 2120
f 4450 604 2513
f 2125 4350 3423
f 2126 1274 6698
f 13 4328 6134
f 5069 6943 5532
f 5707 2127 5478
f 6717 6409 757
f 6071 3471 4809
f 4838 2128 119
f 3591 5773 1939
f 2130 2129 414
f 3716 1313 2333
f 6543 2133 299
f 5229 2134 2135
f 6538 2137 284
f 3441 4097 4153
f 5632 2138 4289
f 3752 5949 2140
f 375 377 939
f 3556 4817 3448
f 3418 2141 6636
f 5879 3234 4786
f 1150 1276 4396
f 4049 2143 2144
f 2147 2145 6322
f 6423 5642 6526
f 4672 2148 131
f 8 5378 1095
f 246 2149 5869
f 1072 1994 2150
f 5114 7020 1498
f 2446 4784 6105
f 6469 1146 2155
f 4911 5913 252
f 5401 98 1667
f 5784 729 1795
f 1796 1795 6775
f 236 5041 4194
f 349 2156 3472
f 796 2158 2932
f 6245 3558 1932
f 4996 303 805
f 3993 2161 3187
f 1502 3790 2927
f 1843 2167 2166
f 6296 5672 747
f 2169 5073 3514
f 2170 2169 3155
f 2260 670 669
f 862 554 861
f 4281 4250 4402
f 6841 1902 4664
f 1473 1476 1474
f 4802 6971 1985
f 5321 6464 4966
f 1952 3861 1895
f 2178 3926 2177
f 4431 2177 3926
f 5120 4613 5511
f 3580 2180 2181
f 5010 3335 2475
f 4232 5779 2182
f 4701 6588 2983
f 5166 6435 6880
f 4929 3635 5342
f 3286 2183 4929
f 3435 6518 955
f 437 5152 4015
f 4015 741 4321
f 6301 2184 4962
f 1500 2186 2187
f 6104 1442 1771
f 3673 4711 2859
f 2922 2191 1170
f 5510 3740 2192
f 6214 2194 2193
f 1798 3151 492
f 3776 665 3433
f 3683 5967 2195
f 3536 416 1595
f 1189 1188 6117
f 187 5205 2116
f 4045 1751 5135
f 1562 4184 2889
f 4820 6407 6764
f 6104 1688 2198
f 4469 4055 1467
f 1193 507 506
f 3654 3962 4658
f 4416 6540 3343
f 6655 2200 6274
f 6919 1286 64
f 2202 2203 1484
f 2204 6803 5874
f 2022 6803 6881
f 1464 5200 4112
f 3564 2206 1481
f 5127 5914 2206
f 6558 5787 2210
f 3865 2211 6521
f 3504 4061 4748
f 2215 4005 2216
f 5213 4235 1932
f 2218 2219 2220
f 3182 2222 2221
f 6513 4284 3426
f 5551 5575 3325
f 6132 5166 4178
f 106 1869 720
f 6957 5649 93
f 6866 4506 3935
f 5472 2084 6663
f 5966 2981 2226
f 6286 1059 5264
f 4156 3069 2229
f 937 258 5663
f 4393 5926 6753
f 6326 4257 6685
f 22 2231 770
f 4107 3701 2235
f 5407 4168 2236
f 6675 1840 4915
f 2237 6230 452
f 2238 1929 650
f 6599 1431 6602
f 2239 6427 502
f 3301 97 1637
f 685 3226 442
f 5426 1993 3260
f 6050 6869 4066
f 4624 5825 2243
f 6635 4562 5390
f 377 2244 3828
f 5031 3248 2859
f 6670 2247 2246
f 3948 5019 2250
f 5794 2253 4526
f 2254 4526 1785
f 3476 6595 5243
f 2255 589 3322
f 1186 2255 2256
f 4308 3240 6347
f 6582 2257 2258
f 3939 3103 1454
f 2263 3939 5849
f 275 4838 5248
f 1025 5305 4355
f 3514 5073 2266
f 5614 3275 2267
f 1472 2268 1469
f 5065 4025 5800
f 5969 2273 5434
f 4319 637 638
f 3432 2195 2139
f 5282 5283 4398
f 6101 6299 762
f 3061 1409 2278
f 3788 6257 6290
f 5600 3229 1062
f 4378 4013 2279
f 6266 2281 3017
f 1663 1266 5330
f 1686 1663 5330
f 2017 3606 3244
f 2283 227 5234
f 791 3395 2284
f 1050 1427 3269
f 4458 2285 6916
f 5080 6916 5183
f 4867 136 6630
f 787 2292 2291
f 2293 1941 5925
f 2294 1320 4597
f 3541 2297 2296
f 5144 6477 2298
f 3897 1075 2298
f 542 4508 174
f 4459 2278 1410
f 1909 518 4775
f 1271 5589 6130
f 6991 1043 1042
f 1041 2300 4812
f 3769 3837 3296
f 3215 4129 3837
f 1560 4222 603
f 1662 4222 1560
f 2302 942 5388
f 2304 80 2180
f 1189 6117 2304
f 2305 619 856
f 6647 378 4215
f 5344 5361 5306
f 6905 2023 4124
f 5100 3761 6796
f 443 496 5447
f 467 4134 1872
f 4568 540 5915
f 490 2311 4742
f 2312 2314 6920
f 2313 2314 2312
f 4373 3796 578
f 6336 4195 2025
f 1860 5470 6292
f 4095 6875 544
f 2316 3731 544
f 2318 947 2317
f 2317 4452 611
f 1773 2319 1771
f 2578 2320 3956
f 3702 138 6844
f 6160 1730 6742
f 4627 2322 2323
f 2308 3802 2383
f 1342 2326 2240
f 3586 887 6449
f 6184 1284 2327
f 5235 132 6184
f 140 4645 6677
f 2328 2329 4682
f 1930 2331 1927
f 4769 1205 3531
f 3389 6684 5466
f 1322 4267 5971
f 5690 5768 1258
f 3925 1634 3797
f 3592 5213 3558
f 3164 4790 5147
f 1577 1297 773
f 5054 5602 2335
f 5054 5092 6620
f 877 2336 6738
f 5414 1354 1152
f 4540 4415 3589
f 5203 1295 3638
f 3852 2339 5145
f 4934 3112 4648
f 4628 4941 596
f 4717 2167 2341
f 4552 2343 5414
f 6600 1819 5754
f 4974 3992 6893
f 2110 4683 2111
f 2612 5628 2347
f 5214 3553 320
f 3619 5945 4655
f 3719 2349 2386
f 57 4647 6594
f 388 390 2350
f 6887 5128 749
f 6763 2351 4681
f 6711 4688 5816
f 107 2845 4901
f 725 2943 5884
f 3310 5978 590
f 6210 1704 1002
f 6107 398 399
f 4434 2353 4989
f 6052 5674 5985
f 2355 627 2737
f 2154 4162 6879
f 5995 5776 1160
f 2418 3291 3886
f 2359 215 6392
f 4854 4700 1214
f 1214 4700 4396
f 2268 6834 5301
f 2360 2361 1335
f 4954 6280 6106
f 6384 2364 2365
f 4288 5791 5891
f 3963 6721 2366
f 3790 644 1503
f 6412 4510 1135
f 6103 2368 6890
f 6678 6742 3261
f 1989 940 2369
f 3620 4363 6589
f 5362 648 5106
f 6660 2371 2301
f 4760 2373 4771
f 5050 4340 4760
f 4630 4631 139
f 3966 4157 4578
f 4578 1058 2559
f 4375 2376 5309
f 3894 4266 3883
f 3203 4148 5933
f 5965 1690 1881
f 2380 2378 2381
f 2384 6402 6782
f 5556 3266 1770
f 6202 1036 2507
f 1228 1227 1231
f 3558 2387 2159
f 3927 2149 2000
f 6902 5820 2925
f 6372 3377 891
f 5119 3377 6563
f 53 1775 52
f 52 3175 2388
f 2389 3731 2316
f 5636 6071 224
f 4494 5005 5682
f 1074 2396 1075
f 5339 4931 7014
f 4815 5339 5387
f 2397 5342 3635
f 3186 5240 334
f 3547 912 4036
f 20 1700 3547
f 6998 1878 301
f 996 6734 2398
f 3371 2185 1100
f 5032 2399 2400
f 6026 156 1251
f 6020 5007 4534
f 144 4619 523
f 6687 2271 2270
f 4400 2404 448
f 5819 2404 820
f 2218 344 5278
f 4265 1939 5773
f 3156 3193 6751
f 6926 3314 749
f 5435 2409 2738
f 6272 2411 1446
f 4504 2981 5966
f 3231 2413 34
f 4075 964 5072
f 3891 6254 3152
f 671 4828 4419
f 1725 767 2418
f 6333 2419 6303
f 5012 2420 6303
f 2421 6168 2422
f 4760 4771 2423
f 4772 4337 6651
f 4909 5819 6891
f 1734 5770 6474
f 920 4584 5778
f 270 6247 185
f 6460 1966 281
f 3963 611 6292
f 3309 4271 5939
f 6284 920 6091
f 2492 5078 2428
f 6823 5851 1817
f 3872 2430 2012
f 1672 3741 2431
f 5344 3167 2308
f 719 2419 4794
f 5907 5758 5647
f 3766 4048 2436
f 3626 5381 6652
f 1043 2342 3351
f 1933 6125 2438
f 4011 4967 1911
f 3413 635 5765
f 2296 6334 1618
f 2212 4513 3584
f 3343 5633 4793
f 1171 5499 1625
f 1919 3194 5297
f 5007 1919 6217
f 4501 2449 2450
f 5797 5369 501
f 7005 1235 2451
f 4916 6185 202
f 6664 4917 3564
f 6722 2452 1181
f 4314 1961 1133
f 274 6611 273
f 3744 379 6072
f 6555 6846 120
f 3133 1084 1825
f 5346 4075 1299
f 6432 2455 5170
f 6787 6909 1719
f 5817 5793 3973
f 6592 6999 5725
f 3032 2457 3008
f 4881 4467 4595
f 5703 597 2224
f 5176 2224 597
f 6984 4959 1281
f 2460 2459 2065
f 4810 4825 2462
f 5255 3439 6281
f 6317 1776 750
f 4804 6462 1216
f 4804 2465 6468
f 4 66 37
f 6471 6451 3911
f 6894 5061 3331
f 6367 2468 2058
f 4202 1035 5348
f 4928 5454 4448
f 1664 1814 6634
f 598 6138 2797
f 4694 212 209
f 3010 6491 2471
f 6636 426 3418
f 4160 6234 948
f 2868 3479 6386
f 6600 5754 2478
f 2479 3918 2303
f 353 3699 6038
f 3893 5350 5546
f 4950 6402 1732
f 3707 6638 395
f 5096 2483 6556
f 5592 2450 2449
f 2245 802 2486
f 1744 6377 5660
f 7010 1432 3494
f 6428 2488 5184
f 4517 3794 4068
f 1696 1695 2490
f 6154 2491 3409
f 6405 969 1969
f 1329 2493 6928
f 902 4762 6129
f 2482 5342 5486
f 4334 6676 5760
f 5325 6534 3003
f 6075 1072 2150
f 7009 2173 2496
f 2888 5678 2498
f 4325 5353 5433
f 2501 443 2911
f 2208 2207 4066
f 6059 4532 2052
f 4427 4322 6248
f 309 5165 308
f 5604 124 5172
f 4090 1373 5039
f 5170 2455 2504
f 2506 176 3944
f 3355 3356 119
f 3704 5325 6441
f 1729 5424 556
f 5475 5152 2509
f 258 937 1358
f 258 4953 5663
f 2512 2511 4214
f 6867 632 3676
f 6931 5920 1967
f 350 1318 351
f 6852 248 394
f 6849 4050 2516
f 5421 6419 449
f 4353 393 1292
f 4203 6437 5684
f 6707 951 2351
f 3590 5436 1419
f 3386 5349 2851
f 699 408 1285
f 1102 2519 5521
f 1912 2521 5889
f 1828 2522 798
f 6083 3673 2714
f 5778 4584 2523
f 131 2524 933
f 6979 6700 4570
f 617 6390 4887
f 2526 1972 6597
f 471 3855 3910
f 3787 2528 5892
f 306 305 2071
f 4689 2759 3173
f 5399 4051 5105
f 3737 4051 6025
f 4837 1657 5569
f 986 1181 2452
f 3685 2530 2529
f 5242 3751 6573
f 6017 6817 4174
f 2288 753 754
f 1875 4291 1876
f 2401 6548 2532
f 3783 1782 6606
f 2351 6420 4681
f 4323 5051 2631
f 1856 6714 4690
f 1172 2232 5413
f 4728 1198 2536
f 5272 1388 2537
f 5013 5791 3235
f 5013 5770 5526
f 5227 6523 5458
f 2540 5504 3887
f 1357 777 2541
f 2340 5643 3868
f 4821 1694 5163
f 2431 3726 4342
f 3310 2453 6340
f 4197 2544 1592
f 5723 5530 4864
f 6360 1922 4043
f 4513 2546 672
f 367 6197 364
f 5790 5410 2547
f 4209 870 5790
f 2549 5035 6533
f 1152 1354 318
f 5688 2554 6941
f 2554 6414 357
f 4361 1538 751
f 5406 2356 1609
f 3528 152 6437
f 2555 4331 3498
f 4283 2556 4267
f 3082 707 2425
f 4471 5534 2557
f 3861 2176 766
f 3615 182 6158
f 6158 6241 3615
f 3304 3211 4226
f 4987 4057 2281
f 6403 1649 1650
f 6072 708 1604
f 5323 6013 536
f 6078 4835 2274
f 2777 3996 5594
f 4560 601 11
f 2869 447 6871
f 1898 373 1593
f 5606 4761 5440
f 2568 5440 4761
f 6170 3527 5723
f 2570 6230 2237
f 6047 425 2571
f 6209 4864 519
f 5539 3486 2507
f 6195 430 2572
f 4720 3525 2572
f 2265 5188 2573
f 4652 3881 5096
f 5418 5814 2574
f 6191 5735 1685
f 6705 5482 4960
f 4039 1170 2191
f 3825 6703 2577
f 5012 719 5683
f 4686 2579 2167
f 90 3172 3999
f 3999 6687 90
f 2256 5261 2581
f 4254 3327 2128
f 6730 2073 2072
f 1158 2583 6125
f 5490 5772 3566
f 6046 2584 6011
f 1147 4910 782
f 4587 2585 1052
f 4734 4985 2076
f 189 1687 668
f 1218 5786 998
f 4965 15 4333
f 6922 297 4965
f 5908 6398 6378
f 4016 2588 1765
f 4016 1765 6095
f 2589 129 218
f 129 2589 128
f 5581 3234 821
f 6385 2590 2591
f 1067 1068 2591
f 3760 5443 5474
f 2598 2597 6100
f 5218 3929 1169
f 2016 2437 4520
f 3600 1378 1379
f 491 5215 2008
f 2488 1821 2601
f 5016 6733 2602
f 2774 4757 6510
f 5563 1250 3800
f 2605 1049 3269
f 6610 1420 2606
f 5519 5392 2037
f 4220 5118 3288
f 3072 4234 4292
f 6734 2546 2398
f 3303 3302 704
f 4719 6612 2227
f 6011 2584 6443
f 3597 3723 1440
f 2607 6554 6212
f 450 1199 1200
f 5607 5760 6676
f 5715 2233 4675
f 3701 3064 2235
f 3125 4981 6253
f 3160 422 5687
f 6364 658 528
f 1596 5653 6696
f 557 2614 2595
f 4405 2406 6990
f 3320 893 5226
f 6209 6400 2616
f 6962 1944 1945
f 1064 740 3851
f 2617 2618 5314
f 6502 1089 1088
f 2619 939 4539
f 6554 5976 2621
f 6510 6278 5901
f 5268 87 4455
f 1979 482 4505
f 5674 4434 4989
f 1511 2360 5294
f 6650 2625 1596
f 6167 4498 4625
f 3119 60 1155
f 4770 3738 398
f 2627 4679 4723
f 1297 1577 2628
f 5547 1585 554
f 3563 6817 4936
f 3594 4372 3650
f 3283 2293 5925
f 2629 304 6064
f 3960 3214 634
f 5757 1815 5376
f 5333 3954 1465
f 1582 6375 4411
f 2160 2632 303
f 2160 6545 2632
f 3679 2376 4653
f 801 800 5077
f 6762 800 801
f 2636 4739 2635
f 2621 4739 2636
f 6109 1289 2045
f 1605 1904 559
f 2818 970 4886
f 3323 4600 2417
f 308 6325 4544
f 4314 3433 665
f 300 2638 6998
f 2641 2640 4827
f 2996 6374 5460
f 5430 5123 2052
f 1713 2643 4565
f 6871 6302 3213
f 976 7014 6643
f 6062 4496 1735
f 3573 6780 5474
f 1759 3352 1760
f 3781 5570 522
f 737 4139 6495
f 1185 4599 1332
f 46 285 6238
f 3531 1205 2332
f 3871 2644 5687
f 4948 5687 422
f 3791 440 3721
f 2320 2645 6794
f 1469 2646 2267
f 1935 2647 96
f 3958 2717 2647
f 3882 2648 5044
f 6281 1063 76
f 3518 2649 927
f 980 1963 1962
f 3725 3755 1272
f 2190 2652 3613
f 4000 3332 5606
f 834 3866 6500
f 2653 1752 6216
f 3414 88 248
f 5173 5633 3343
f 3926 1179 1178
f 6566 691 4734
f 56 404 2654
f 1608 3980 1611
f 4514 6205 4858
f 675 3859 6337
f 6931 1967 6852
f 4670 5423 2600
f 4095 2656 6875
f 240 1185 2657
f 4830 1127 886
f 184 5540 183
f 3194 2659 2823
f 3838 1069 1070
f 4604 5192 2660
f 4604 5662 5192
f 6306 5182 3126
f 3776 5967 664
f 4108 2583 2097
f 3481 387 3200
f 4492 3131 5224
f 2662 2663 4460
f 3403 6720 1525
f 766 3337 767
f 3613 2652 1018
f 4008 3425 2770
f 3425 4008 1655
f 3582 3780 6207
f 5343 5329 974
f 4449 336 5274
f 4549 59 4845
f 1155 59 4549
f 1000 3878 1309
f 4643 2585 2249
f 5764 1842 6003
f 2666 1710 876
f 4426 2667 3376
f 482 1980 214
f 5559 1320 1321
f 3343 116 5173
f 166 927 2669
f 927 2649 2669
f 5481 5261 2844
f 5261 5481 2581
f 3270 649 5028
f 3097 3396 3169
f 5164 744 745
f 5130 2425 707
f 3774 6857 4453
f 890 5695 2672
f 4203 4220 3288
f 4721 4944 383
f 490 1164 6799
f 1845 5433 3163
f 931 1978 5371
f 4489 4082 2898
f 4512 1566 1568
f 2424 3605 3825
f 3615 2676 2030
f 2030 2676 5838
f 3292 2677 6206
f 2378 2380 6694
f 2381 1421 2380
f 4655 6955 4643
f 6955 4655 5161
f 2074 2043 2195
f 1728 2680 2521
f 4669 2681 2061
f 1190 4811 818
f 1608 1611 2682
f 2684 809 808
f 6473 2375 720
f 6490 4894 2305
f 4894 5377 5473
f 4583 3545 350
f 728 4363 5899
f 6898 5230 74
f 745 3437 6755
f 5403 83 6364
f 5387 2686 4815
f 4330 4536 84
f 6979 6596 6700
f 1339 1338 5589
f 4835 74 3214
f 4663 1000 6327
f 5428 4041 296
f 4041 6922 2687
f 972 6553 3149
f 2688 6487 5115
f 4796 3631 4752
f 465 248 2039
f 6087 4258 3767
f 5193 211 6023
f 2690 3887 2689
f 5438 2586 2691
f 4263 1287 5587
f 6584 2693 79
f 2018 329 5648
f 6698 1922 3910
f 1435 1434 3330
f 173 5750 1562
f 4012 6972 1328
f 5727 6818 5635
f 6818 432 396
f 4033 2068 332
f 1704 5005 1002
f 4494 1002 5005
f 6527 6422 6446
f 186 1369 1370
f 5260 1370 1369
f 6747 1701 616
f 2697 1051 1684
f 6816 5943 4587
f 717 5956 1211
f 3800 4976 3447
f 326 276 1408
f 5316 4723 1277
f 617 2699 738
f 3579 2630 779
f 345 1999 6939
f 5782 1950 1104
f 6954 4876 4644
f 1445 1212 1324
f 6981 1012 2035
f 647 646 5518
f 2501 2701 2090
f 5465 4876 1584
f 593 4189 2670
f 3671 279 3289
f 5064 1269 5984
f 469 40 2703
f 825 4851 1933
f 2704 2313 2312
f 1270 5064 5122
f 1545 4418 6355
f 5502 2706 1916
f 2708 1161 1086
f 115 1168 1167
f 6012 2709 588
f 352 2710 2480
f 5115 5549 2688
f 4443 1936 2711
f 1123 4980 5823
f 3989 1921 1247
f 1920 1247 1921
f 1074 3367 2396
f 4440 4113 6572
f 5147 4790 4440
f 6111 1581 1632
f 1581 6111 2428
f 3084 3347 5574
f 4496 6062 2505
f 3486 713 4221
f 2714 3673 2486
f 2585 2188 1991
f 6482 4344 3088
f 6482 823 6316
f 5847 475 148
f 6705 2715 5482
f 4899 4244 2327
f 2416 3447 5956
f 1108 5741 1107
f 2718 1769 1768
f 5263 911 5483
f 2719 3713 355
f 3965 2385 3880
f 1038 1037 3468
f 4520 3833 6973
f 2721 2722 2720
f 5168 6274 1850
f 2723 6493 1351
f 1350 6493 5788
f 3357 2724 1930
f 822 821 5879
f 5287 3702 901
f 138 2635 4739
f 2725 2552 5677
f 2727 5139 6164
f 47 6404 2728
f 5997 2729 3812
f 5548 1049 2605
f 1426 6412 2731
f 4318 5747 5148
f 5257 4197 1592
f 2438 4935 2732
f 4076 4499 3781
f 6878 5337 4937
f 5761 2382 1779
f 5157 4417 1636
f 4225 4417 6656
f 5750 174 2694
f 6962 465 4500
f 3429 1877 4692
f 2549 6409 3947
f 1344 2734 2391
f 317 1361 1553
f 1476 1475 1474
f 6574 3063 4651
f 2491 1030 6147
f 2491 6154 1969
f 2539 2735 705
f 948 6234 322
f 2548 4577 6368
f 1573 1273 6447
f 3684 805 303
f 4937 1581 1582
f 4637 895 5772
f 3964 2661 2683
f 4598 657 1709
f 1709 655 4598
f 5484 451 169
f 1599 790 1600
f 634 4574 2470
f 3908 5193 1433
f 3629 6148 1713
f 6587 1496 2139
f 1361 317 4705
f 318 317 2409
f 5937 2621 2706
f 2621 5937 4739
f 4698 2651 6383
f 1048 5238 3673
f 1862 1891 1365
f 999 283 5696
f 3818 2026 5874
f 309 308 1471
f 5734 5864 6296
f 3374 4583 350
f 1316 6538 2742
f 6784 3450 2066
f 6865 3728 3404
f 4486 1875 1876
f 1513 368 4078
f 2595 4823 1265
f 5293 2744 2743
f 624 625 6113
f 4514 3455 2655
f 3455 6166 2655
f 1608 2682 6041
f 6041 817 2481
f 4856 1771 2319
f 1168 115 5803
f 114 6822 2745
f 710 2252 711
f 4910 1147 1981
f 4910 4730 782
f 700 2201 6376
f 2737 627 6094
f 4797 2000 246
f 1163 2000 245
f 3289 1669 1539
f 6471 6983 6451
f 4143 6471 1603
f 1071 1228 1586
f 1878 6998 207
f 1361 477 1553
f 3299 471 3910
f 1005 2231 3886
f 2462 4145 4810
f 5030 2633 6098
f 4680 4257 139
f 5072 965 1509
f 1508 5072 1509
f 6371 5730 4757
f 4439 3437 194
f 5216 3437 4533
f 4676 1141 5427
f 4353 1138 393
f 1292 1213 4353
f 40 456 2703
f 6446 6422 40
f 4684 5555 5120
f 5775 6618 1166
f 5775 1351 1350
f 2749 3737 618
f 1749 825 5290
f 6579 6730 2072
f 4807 696 5274
f 4889 3195 2029
f 876 2751 2666
f 249 2752 918
f 2752 249 3742
f 6756 4878 4832
f 3915 3158 6082
f 1223 5653 1597
f 5192 731 2660
f 3732 4501 1764
f 1764 4501 5156
f 2755 2753 2754
f 5134 6828 5401
f 6052 6058 461
f 865 6014 4624
f 4282 6151 2758
f 944 3981 5142
f 6197 1342 2240
f 6197 366 1342
f 5420 5081 5062
f 568 4547 4064
f 2093 6974 1738
f 514 5996 513
f 5366 2906 5545
f 4121 5545 2906
f 922 1836 6439
f 5340 5808 5822
f 5025 4409 4001
f 5871 925 6903
f 1719 402 1720
f 6800 110 6063
f 5190 2816 4325
f 167 2669 5997
f 1047 2433 2326
f 5650 1093 1094
f 3173 2759 2119
f 5781 630 626
f 2760 897 2709
f 352 2761 2710
f 3858 2763 1935
f 727 2763 5826
f 908 921 6768
f 4069 3494 6768
f 1493 4516 2765
f 647 5518 1628
f 1014 59 58
f 1015 1014 58
f 4329 4672 5585
f 4574 634 3748
f 3446 2680 1924
f 3369 1427 197
f 3211 405 4226
f 5236 6858 1718
f 2766 6862 3354
f 6603 1421 2381
f 772 3162 573
f 971 1629 2002
f 4298 3264 2768
f 2768 3264 2769
f 5097 2770 759
f 1800 4263 1799
f 2771 3879 2615
f 2026 3818 2027
f 1389 5448 4105
f 4503 3707 395
f 785 3721 6550
f 346 2772 5831
f 6196 2593 1997
f 1352 1350 5788
f 7014 976 978
f 5363 2723 697
f 6319 5034 3485
f 1932 6198 6245
f 460 5177 6283
f 133 387 134
f 5366 4347 1331
f 447 2567 445
f 2146 2773 184
f 4539 939 3556
f 5844 4186 1733
f 4757 2774 5422
f 988 3388 4566
f 4015 5152 5475
f 6184 132 1284
f 480 2776 360
f 360 1834 5877
f 4349 4085 4384
f 1345 6979 2777
f 3647 1787 1788
f 4251 3384 1640
f 4584 920 6247
f 3942 6091 920
f 6365 383 2290
f 1002 4494 4058
f 1349 2357 2716
f 5682 95 2717
f 1381 4738 1124
f 2879 826 827
f 826 2779 2082
f 1353 4781 4733
f 6969 2780 5524
f 3784 1974 1355
f 1974 1356 606
f 1889 606 1356
f 4623 3747 5335
f 1493 2765 2520
f 5640 779 2567
f 2638 300 6664
f 4917 4172 5127
f 4917 5127 3564
f 1361 4705 5624
f 5624 1360 1361
f 893 1503 5804
f 1360 3293 1615
f 2291 2293 5446
f 2291 1942 1941
f 6034 1911 640
f 5790 6447 2548
f 4518 526 525
f 1836 922 908
f 921 908 922
f 4947 4549 4845
f 5461 2230 3190
f 5550 2187 715
f 2187 5550 1500
f 1084 6641 4641
f 4615 6586 3916
f 1385 5088 1386
f 5088 1385 6758
f 5626 1190 818
f 1190 5626 1485
f 5028 4241 1682
f 1698 5332 4260
f 2787 1698 2786
f 1699 3546 1700
f 5043 6002 2788
f 1367 908 4148
f 1644 4395 180
f 110 5527 2562
f 2789 3595 1368
f 4602 1644 180
f 6745 3979 5638
f 1426 2731 5057
f 1681 649 1206
f 2588 2790 1069
f 1960 1687 3493
f 5732 668 1687
f 4378 5600 4377
f 4018 6004 100
f 4348 2503 5260
f 124 5260 2503
f 186 187 1369
f 2568 3850 3511
f 399 398 4983
f 3364 1372 6921
f 417 2475 1372
f 1572 3364 1573
f 3330 6479 6921
f 6176 4076 4245
f 4699 6679 5736
f 839 6993 837
f 5161 363 6955
f 4837 67 3646
f 4999 4090 3876
f 3576 642 2028
f 4926 1449 642
f 5983 1374 191
f 5657 741 740
f 4542 1375 5684
f 3178 6074 4318
f 6197 3259 3478
f 5426 2240 2326
f 3412 5801 407
f 2725 6876 5394
f 4202 5348 2429
f 758 757 759
f 93 844 94
f 2439 6957 94
f 4088 980 3397
f 3706 649 3270
f 4301 650 1929
f 1681 1206 4241
f 6918 913 1377
f 3596 1378 808
f 4147 112 2210
f 4288 3830 3235
f 5675 1734 4186
f 267 6841 4664
f 1141 4676 1384
f 3659 1365 6758
f 2109 1862 1863
f 5903 3543 2024
f 6947 562 622
f 6183 3941 3757
f 1737 241 2014
f 953 2804 4523
f 3732 1764 3510
f 4974 2802 1425
f 3307 534 1389
f 5448 1389 534
f 2803 1468 6995
f 5366 1331 2906
f 4182 5961 693
f 4182 1295 6287
f 6566 1391 1295
f 1898 1595 6139
f 656 4695 1392
f 6637 656 6519
f 134 656 1392
f 5936 2391 5084
f 514 6503 5996
f 4143 2067 6983
f 3184 4626 811
f 6078 73 4835
f 1428 457 33
f 33 6928 5613
f 6221 2813 3715
f 6873 2529 1398
f 6054 4787 2529
f 126 3359 2572
f 3619 4932 6030
f 4932 838 1399
f 5834 6001 1401
f 3900 3225 1300
f 2673 6868 2290
f 1022 925 3465
f 5598 2006 6227
f 4939 712 5301
f 6834 2268 1472
f 741 5657 5887
f 3509 739 1256
f 3797 783 1402
f 4459 6500 3866
f 2808 1674 4813
f 4332 3678 677
f 6481 1624 1406
f 5265 5541 6006
f 276 326 3943
f 4863 1464 381
f 4840 813 814
f 6785 1280 5039
f 6822 114 115
f 2844 6658 2745
f 2748 6196 4836
f 3798 2648 1881
f 2648 5047 5044
f 838 5270 1399
f 1414 682 5584
f 5799 1412 3383
f 1526 4764 2811
f 1518 1517 219
f 3533 723 6340
f 723 3533 722
f 642 5946 785
f 4020 2594 1716
f 4679 2627 598
f 3336 3243 3050
f 5308 1418 3458
f 3287 4320 4251
f 3498 50 6749
f 3176 6249 4064
f 3215 934 4129
f 934 1736 4129
f 1456 3281 2400
f 5032 3871 6766
f 4369 2606 1421
f 6356 2606 1420
f 2753 3795 995
f 6999 4052 853
f 6705 5847 2715
f 2802 5274 336
f 4541 2802 336
f 3646 1657 4837
f 1552 4940 3705
f 972 971 2813
f 1060 4172 1038
f 2814 5313 1784
f 1426 5057 789
f 3943 326 6732
f 6493 2723 5908
f 117 4384 116
f 6171 3138 4281
f 6581 5543 4216
f 3060 3591 2130
f 167 166 2669
f 3079 5160 1544
f 2106 2816 7019
f 1403 3189 4981
f 144 523 2271
f 6602 6392 2724
f 1762 2719 2818
f 4610 1762 2818
f 55 2687 1763
f 1763 498 5079
f 4954 6794 4023
f 5857 5275 4388
f 5911 4388 181
f 2304 2180 2542
f 4909 4972 1986
f 3575 2740 6760
f 3569 2248 839
f 2092 5526 4923
f 1972 2526 3863
f 4857 3667 3428
f 3428 3667 3197
f 655 1155 4549
f 4845 59 1014
f 6994 6681 2821
f 3888 216 3459
f 3687 1991 6341
f 3395 3908 1433
f 6671 6527 596
f 1434 6698 1274
f 5297 3194 2823
f 4500 3962 2824
f 146 710 709
f 676 6016 2517
f 6807 520 2825
f 2773 2826 2903
f 4890 5793 5817
f 4780 1224 1459
f 6231 6351 1436
f 1721 1436 6351
f 1995 3923 410
f 5115 5742 1438
f 1886 4462 4580
f 4397 5414 2781
f 6418 2705 351
f 3154 928 166
f 1443 6104 2198
f 1773 1772 2078
f 662 3812 4096
f 1140 1621 6418
f 2563 583 6712
f 3274 1364 6890
f 1445 1324 3497
f 423 1445 424
f 3186 2309 5240
f 2064 6003 1766
f 2100 6451 2098
f 6538 284 2389
f 1316 949 2137
f 1316 2742 2653
f 3593 1087 4429
f 3426 4284 262
f 1087 1086 2077
f 4632 3480 5432
f 642 3738 4926
f 6961 2828 886
f 3231 17 2412
f 5218 2831 2295
f 5032 3793 3779
f 6273 6306 1450
f 4757 5730 2832
f 5958 6165 221
f 2590 2833 1947
f 3682 2543 6501
f 2977 1034 6275
f 3196 2834 5356
f 15 1151 4333
f 1457 966 3160
f 966 1457 1638
f 3281 2644 2400
f 2027 5448 4208
f 2835 4438 6017
f 277 2499 3987
f 398 1371 4983
f 3576 398 3738
f 2836 457 1428
f 414 5613 412
f 6288 6706 4421
f 6288 2837 6706
f 4506 3363 4968
f 4780 1459 1241
f 2830 2297 5805
f 6539 874 4316
f 3979 6745 196
f 3238 196 3501
f 6768 921 4590
f 4841 667 5778
f 1785 6476 2814
f 1835 75 6976
f 360 2776 1834
f 5169 3399 1463
f 903 1463 6600
f 3844 2839 4073
f 1463 3399 1462
f 6582 312 313
f 313 4537 5055
f 515 3795 2753
f 5756 5815 2515
f 3245 5756 2515
f 4362 4482 2788
f 1570 5520 3255
f 5520 687 3255
f 3734 2612 6388
f 798 797 1828
f 4373 578 1280
f 6995 3568 172
f 7006 3862 6964
f 2803 543 542
f 1921 3989 2812
f 1678 3884 261
f 4198 478 2841
f 4287 2842 4237
f 2561 2842 2560
f 2801 4939 5301
f 3504 1474 1475
f 2199 1473 1474
f 2739 2108 206
f 6658 2844 5261
f 2432 2844 2745
f 2581 5481 449
f 1478 5296 2845
f 2416 5563 3447
f 5160 3800 1250
f 5453 4669 6084
f 5472 260 259
f 3113 2846 5226
f 3616 2847 5408
f 5408 1119 5178
f 3320 1479 6268
f 4552 5414 1966
f 5414 2343 2781
f 1039 1780 1782
f 1043 6991 2342
f 2361 2360 1511
f 5635 6818 2474
f 24 5666 23
f 5146 2002 2350
f 1420 866 6356
f 1486 5601 4507
f 3805 1484 1483
f 4563 466 1945
f 247 6039 3918
f 2773 2146 2145
f 621 184 2773
f 4448 6055 5431
f 3486 2469 1490
f 2101 3911 2467
f 3733 4132 1101
f 75 2776 1094
f 1094 3714 75
f 4342 1176 620
f 2187 2186 1174
f 1012 3912 1367
f 6294 3648 3715
f 5829 3961 3443
f 5934 544 3731
f 5934 2041 1496
f 4423 6595 1498
f 7020 5114 2852
f 4956 2695 2853
f 4884 2394 2103
f 6559 5038 689
f 3602 689 2721
f 2856 2855 4169
f 3375 840 3220
f 3375 1504 6341
f 5406 5766 539
f 5350 2858 5546
f 5766 5015 539
f 4583 2414 3545
f 2041 3212 1496
f 5351 2859 2334
f 2509 956 1256
f 4752 2509 2510
f 120 4040 1505
f 1506 2860 1507
f 6846 2763 120
f 928 3154 1121
f 6845 6621 6570
f 167 6621 6845
f 813 2861 6886
f 850 2233 852
f 3017 4057 2862
f 1101 1510 6507
f 4061 3504 1475
f 5635 4629 1908
f 868 6266 2163
f 5851 6810 1817
f 1710 874 876
f 3509 2227 2850
f 986 4703 1181
f 844 2851 5349
f 504 6957 2439
f 4280 848 2439
f 4078 368 2727
f 5443 4093 70
f 6152 5443 70
f 5061 5852 3331
f 5787 2864 2210
f 5593 6155 6432
f 855 854 2750
f 810 729 3704
f 810 6775 729
f 2322 4072 2323
f 2053 5818 4833
f 5818 1627 5680
f 765 6686 1896
f 1947 1946 1661
f 1661 2931 2590
f 3263 1661 1946
f 3523 6165 4897
f 3263 4367 5295
f 1017 4609 1106
f 6051 1321 6271
f 2430 3872 6271
f 2430 1321 3378
f 5559 1321 6051
f 1394 1528 6711
f 5209 4267 2556
f 3530 2075 1223
f 2145 2587 2826
f 2773 2145 2826
f 4000 2768 5071
f 6363 5195 2620
f 1362 1363 2867
f 594 593 2670
f 594 272 593
f 3388 989 1111
f 447 446 873
f 447 2869 2567
f 3462 2630 4696
f 779 2630 445
f 5089 4313 3853
f 3782 1517 4960
f 1165 3440 1166
f 1710 3675 322
f 874 1710 322
f 6225 1989 1990
f 4555 1210 1555
f 4793 1180 1404
f 5442 58 60
f 5061 5091 78
f 5073 2169 2170
f 4517 2266 6215
f 3625 5267 3155
f 3625 1911 945
f 3363 6832 4968
f 955 2668 5718
f 5006 552 5905
f 1440 3723 2873
f 1416 866 2811
f 1171 4844 1526
f 3409 5699 2597
f 5521 2519 2538
f 5866 4223 203
f 49 2874 3302
f 4183 2503 2875
f 2503 4348 2875
f 5357 3916 612
f 5499 3590 3916
f 3696 3622 6789
f 1145 5895 3613
f 1785 2814 753
f 3696 1784 5313
f 5477 6738 4949
f 879 5245 2877
f 6835 2878 1872
f 946 2382 1534
f 4452 5514 1789
f 3995 5245 879
f 5116 5878 2045
f 1168 5803 981
f 1535 1168 981
f 2498 1217 6945
f 1060 1038 3468
f 1819 6600 1463
f 4136 2440 3136
f 3136 2440 5744
f 2442 2459 1018
f 2388 5100 52
f 4580 4242 3560
f 3519 2197 6472
f 6270 1549 6172
f 914 6455 429
f 2288 2287 753
f 753 2602 2254
f 2011 850 852
f 6680 1346 6552
f 6995 7006 1254
f 4783 5466 6684
f 1811 1810 2063
f 1813 1814 4527
f 3479 2477 6012
f 3470 1541 4991
f 1633 4991 1542
f 4416 1183 6540
f 6044 600 4938
f 3905 1808 1809
f 2884 4138 2883
f 5854 2883 1451
f 2857 2695 2856
f 1775 3915 2011
f 4678 850 2011
f 6345 5701 5700
f 1797 3640 5701
f 1796 6775 1797
f 5304 6345 340
f 341 3873 5701
f 1546 2299 6453
f 1386 5088 6788
f 2671 488 864
f 276 6788 5088
f 4381 1408 276
f 4119 1385 1387
f 3659 1385 4119
f 6156 2886 3864
f 5953 1289 1569
f 766 767 3488
f 3867 3765 2840
f 913 1549 4036
f 3788 6669 6172
f 405 56 1218
f 998 4226 405
f 638 495 494
f 463 5333 1551
f 430 4720 2572
f 5699 6310 6373
f 6100 6373 4149
f 5190 3159 2816
f 2887 1100 2185
f 4444 4390 2858
f 1554 6829 137
f 3375 5679 477
f 1559 3996 2777
f 4570 1559 2777
f 5069 433 1557
f 2627 4723 4037
f 4679 163 4723
f 2058 2468 2782
f 3306 2889 1565
f 3689 535 534
f 5707 2890 400
f 3723 3597 473
f 3814 6770 3984
f 88 1447 89
f 4670 2600 2016
f 907 5823 571
f 1289 6109 3864
f 1570 2886 5520
f 4925 3840 4740
f 5856 609 888
f 1652 251 2416
f 5563 2416 251
f 909 910 4589
f 106 107 6298
f 2845 107 2375
f 6081 3991 2678
f 1873 6857 3774
f 76 3520 1873
f 4380 5575 5551
f 6048 3767 721
f 5341 1154 5856
f 3969 1689 6313
f 2893 6882 4913
f 2894 2893 1739
f 883 1739 2893
f 261 6084 259
f 3148 4614 5686
f 4648 4715 2060
f 6575 2896 5914
f 6925 1582 4411
f 109 1582 6925
f 2428 5078 1581
f 4638 6128 1982
f 5951 5315 532
f 1415 1414 3257
f 5085 6620 4091
f 3221 1653 1514
f 5811 3027 145
f 594 2670 1583
f 1583 3635 4929
f 1440 2873 3403
f 176 1523 1525
f 3181 1975 3206
f 2897 3206 3185
f 4916 6194 1187
f 2932 3618 796
f 2899 795 4489
f 2898 4227 2899
f 730 731 5014
f 2090 2701 6796
f 5441 4074 6954
f 2347 1031 2840
f 4890 4902 4256
f 5408 5178 1479
f 1865 300 301
f 6474 5013 3235
f 2041 5452 3313
f 2222 992 993
f 6608 1338 3445
f 5589 1338 6608
f 5044 5047 323
f 3627 1781 1780
f 4238 143 1587
f 2554 143 6414
f 4897 3986 3523
f 919 3523 1589
f 5321 4045 3986
f 6555 1591 2487
f 5574 716 4772
f 3056 6584 2900
f 5885 5187 2464
f 5951 2456 2534
f 2310 511 512
f 6060 1592 2544
f 6060 2902 6864
f 5419 2364 6384
f 5376 4800 4871
f 5376 4323 2631
f 5371 3520 4759
f 3602 2721 5640
f 6407 6547 6764
f 5296 1880 1876
f 1742 1880 5296
f 6467 1597 2625
f 1975 621 2903
f 3206 2897 1976
f 6115 1081 4289
f 1199 451 3018
f 3494 4069 7010
f 5861 3846 1157
f 6368 4350 1748
f 2520 2765 7008
f 1494 7008 2765
f 3897 6477 6889
f 6719 4891 254
f 3131 2007 7003
f 1352 6618 1350
f 3242 1149 718
f 3958 5826 3265
f 1120 1113 2905
f 3882 5044 5524
f 2466 2800 1603
f 1602 3387 1217
f 5560 1605 2906
f 6216 781 2653
f 1183 986 987
f 280 3380 2452
f 2907 6935 4592
f 6140 6576 3813
f 6724 3401 3869
f 3980 1610 6256
f 817 2682 4811
f 818 4811 2682
f 1574 870 5789
f 5789 4140 1574
f 3615 6241 2675
f 6444 5239 1613
f 336 4449 337
f 974 265 2038
f 868 867 6266
f 5069 1557 1558
f 1559 1558 1557
f 842 1314 6676
f 3844 1463 903
f 2862 4057 6323
f 6369 476 1615
f 3581 229 6420
f 3810 3708 5981
f 5615 1140 307
f 5378 8 3476
f 5568 4382 5729
f 5259 1616 6227
f 5224 2911 2500
f 3226 4492 2500
f 758 759 2770
f 6537 5924 2887
f 2912 6300 4539
f 3649 3889 1617
f 2913 2914 3188
f 1120 1119 2847
f 2847 5845 6614
f 2905 1113 6049
f 6614 1113 1120
f 4072 1871 1623
f 505 6524 385
f 6617 3166 6124
f 6 7 4907
f 2311 340 6345
f 4983 3246 2306
f 4933 1639 4844
f 4731 5000 6081
f 4732 1806 768
f 6388 2612 2347
f 5801 5509 2613
f 6971 4802 2810
f 109 6878 4937
f 2918 5255 2916
f 458 2836 1777
f 4515 6865 5060
f 5523 1697 4656
f 3028 2917 4611
f 4707 4079 2874
f 704 4079 1529
f 3394 5412 109
f 6774 3907 5412
f 3979 789 5057
f 196 789 3979
f 3367 1074 6298
f 4900 3297 3834
f 5157 1636 3984
f 6446 4749 5645
f 1637 835 3301
f 4669 2061 1521
f 2238 3706 6599
f 3607 1135 5664
f 1708 1155 655
f 2807 6716 6381
f 5275 5629 6381
f 5075 1639 694
f 695 694 1639
f 5075 3811 2865
f 695 1639 1626
f 3577 3811 6824
f 2374 4630 636
f 3548 4432 1648
f 1216 1215 2465
f 6468 1170 6031
f 5945 3619 6030
f 3473 7018 565
f 6665 7018 4479
f 2138 4800 4289
f 4289 2631 6115
f 6416 4273 6413
f 5748 1452 1641
f 2828 887 886
f 887 2908 6449
f 2292 1643 5820
f 562 6324 4603
f 3823 1368 4395
f 3823 6103 3513
f 5527 110 111
f 3630 2713 6885
f 3830 4288 1987
f 1697 5469 1647
f 819 1611 1192
f 2682 1611 818
f 5503 195 4940
f 195 5503 4725
f 5973 2926 6762
f 4521 3202 815
f 3790 2855 2927
f 2763 727 1935
f 2763 6846 5826
f 3933 1097 2520
f 2926 5973 226
f 6151 6839 2758
f 6932 5697 97
f 4749 6932 1972
f 5739 4893 4792
f 3440 697 2929
f 1802 6440 1801
f 3440 1165 5747
f 1282 12 14
f 4531 2918 2916
f 7014 4931 6643
f 2930 1473 2199
f 1168 1535 1169
f 1535 981 5953
f 3646 1956 1957
f 1658 6352 1956
f 1920 2757 1247
f 6119 1990 1210
f 6094 2005 1659
f 283 2737 6686
f 5695 890 1532
f 1661 3263 1660
f 1067 2931 4468
f 1663 6634 5774
f 125 1664 4977
f 4222 1662 1663
f 4977 1662 1560
f 1961 1964 1963
f 5786 5438 999
f 4551 2642 2344
f 4102 3326 4900
f 4905 259 6084
f 4669 4905 6084
f 2760 898 897
f 898 3801 5813
f 3233 4252 6131
f 2352 4756 2453
f 6603 142 141
f 448 3427 449
f 2208 4066 3466
f 3719 1036 2349
f 6911 791 2284
f 6911 2284 5291
f 4912 3660 4862
f 765 3771 6686
f 3336 5670 5055
f 6851 1674 3852
f 1675 1674 2934
f 4295 3852 2808
f 1462 1819 1463
f 4372 3594 1819
f 943 5755 1998
f 5859 2742 2136
f 524 1830 5289
f 5289 6934 962
f 5999 152 3528
f 4654 1868 6889
f 2405 5773 2935
f 4236 3978 1580
f 1359 258 1358
f 2044 1223 516
f 1779 1892 5761
f 4249 407 5801
f 4993 5897 5243
f 6385 5209 2590
f 6258 736 735
f 5656 3656 2617
f 4809 780 223
f 1232 3983 4354
f 2342 1301 3392
f 4675 2233 850
f 3132 2939 7016
f 1060 1680 5914
f 4791 5453 2940
f 4669 5453 2681
f 6929 5704 5867
f 6013 4261 517
f 6567 847 848
f 6960 4211 3638
f 4051 5399 5188
f 73 6078 6457
f 1504 3375 3220
f 4072 3460 1871
f 3100 1872 659
f 1656 2107 3602
f 4088 1963 980
f 80 2181 2180
f 5855 1684 363
f 4781 4946 4733
f 5524 1353 4733
f 5524 6080 1353
f 4733 6208 4877
f 1844 2165 761
f 791 1533 3065
f 5695 1531 3696
f 6871 873 6302
f 447 873 6871
f 1611 819 818
f 1192 1191 819
f 5884 726 725
f 6339 4335 294
f 200 2912 2679
f 4222 1686 165
f 4565 4541 336
f 4764 1416 2811
f 3811 599 1527
f 4253 4567 6864
f 2902 6060 2544
f 4993 2544 1105
f 148 5736 4179
f 4253 6864 2902
f 6864 4239 4179
f 6805 3901 6741
f 745 6053 748
f 3437 745 748
f 2179 1260 1259
f 1408 5842 1407
f 337 1159 6771
f 871 1234 250
f 2937 1692 1691
f 1882 3223 1693
f 4030 2079 5389
f 3739 2079 4030
f 4053 2079 2592
f 6116 5655 5756
f 3546 1699 1277
f 4923 5307 2092
f 3633 4776 228
f 3317 2175 6391
f 6 3114 5577
f 3457 1675 2367
f 2367 1675 5872
f 1675 3457 4813
f 6000 2808 4813
f 1548 441 2840
f 3170 6947 3147
f 1910 2908 2828
f 6813 2828 6961
f 2614 3515 6725
f 5155 4823 1711
f 5404 1293 1711
f 406 1572 6447
f 582 1825 4641
f 2145 2147 2587
f 1688 2146 2198
f 5171 2197 1688
f 4805 4415 643
f 1714 1424 1715
f 6978 5719 3254
f 2844 1887 5421
f 6419 5421 1852
f 1911 3625 640
f 4305 1114 4839
f 4489 6403 3888
f 2314 2313 2372
f 1340 6653 4903
f 494 2863 1340
f 1370 124 5567
f 6818 5727 432
f 870 4209 2288
f 646 648 3711
f 648 2945 3711
f 1721 4062 2070
f 4084 2718 5507
f 399 1769 4084
f 3684 2946 4294
f 4909 6891 359
f 1516 4972 4888
f 6106 6872 5911
f 4300 4959 6515
f 4959 6984 2020
f 6635 5856 865
f 5341 5856 6635
f 2949 5975 3856
f 3953 5232 4875
f 1727 1815 5757
f 1925 1727 1112
f 4328 833 1275
f 6609 4365 6382
f 6382 4365 1384
f 6978 5430 5719
f 6900 3709 5041
f 4494 2716 4058
f 4760 4729 1915
f 2751 876 2057
f 874 2057 876
f 6529 3660 1310
f 705 6529 1953
f 2321 6853 6708
f 803 5471 3639
f 905 6007 4716
f 6023 5910 794
f 6023 794 4869
f 5424 557 556
f 2607 2574 6554
f 1304 5397 5960
f 5323 4743 4261
f 513 4743 514
f 2929 697 2723
f 4727 5363 289
f 1351 2929 2723
f 5478 3445 1338
f 3308 6783 2953
f 934 3215 5385
f 414 413 2130
f 832 4227 264
f 212 4694 2470
f 1565 2889 370
f 2613 2612 3734
f 5203 6287 1295
f 4052 2003 4998
f 1902 6032 444
f 2277 5587 1287
f 2146 1688 6322
f 184 2198 2146
f 3435 2955 5662
f 2539 1895 706
f 1953 1952 1895
f 1349 2716 2717
f 2149 246 2000
f 1239 5158 5735
f 1685 5735 5158
f 1430 6664 1429
f 1742 6616 6937
f 2095 6591 6585
f 5286 2047 3318
f 5038 5138 2722
f 3942 5566 6091
f 5253 1625 5379
f 4242 6472 834
f 3866 4474 836
f 1746 3717 5240
f 786 567 1745
f 4111 786 1745
f 2720 2722 5850
f 2548 6368 1748
f 4577 2548 6447
f 2849 5833 916
f 1514 1450 256
f 1451 1450 1653
f 1854 863 2937
f 5788 4393 6923
f 4740 609 1154
f 609 5856 1154
f 663 6436 5950
f 2425 5130 4498
f 5166 6132 6435
f 4633 5752 5290
f 5498 4332 677
f 3779 3793 2958
f 2959 2414 6593
f 5110 1446 1325
f 5110 6272 1446
f 5096 5876 2483
f 244 1750 5824
f 5233 6752 1750
f 2175 3317 1751
f 5135 1751 3317
f 5492 666 1177
f 139 6326 3353
f 502 4791 1207
f 608 2426 6460
f 607 2961 2426
f 1753 3250 6968
f 3138 4668 6968
f 387 5352 4771
f 4841 4575 2756
f 510 2004 6767
f 5627 3642 2949
f 5048 2949 3642
f 4300 1453 3103
f 458 457 2836
f 4442 2073 3892
f 3892 1977 6906
f 1977 3892 4865
f 3287 2555 4320
f 573 3162 141
f 144 6142 217
f 2023 3239 1232
f 439 5087 440
f 2855 6697 6442
f 174 6697 2694
f 177 5739 176
f 5527 1347 2562
f 1348 3609 5460
f 4860 4706 5631
f 890 2672 1758
f 6324 72 614
f 72 4368 614
f 1706 2276 1707
f 3234 2963 2142
f 4188 762 1759
f 382 6814 6565
f 5327 2476 6366
f 5868 3929 2295
f 6499 2432 5868
f 260 1678 261
f 2492 3936 4650
f 5208 2054 6672
f 3936 2492 2055
f 1762 1761 2719
f 2687 1761 1763
f 1151 356 355
f 2756 2148 5642
f 3644 1699 1700
f 1699 2941 5420
f 1699 5420 1277
f 1735 4496 1733
f 1447 1107 4213
f 1108 1107 88
f 1765 1069 6930
f 2685 5387 1237
f 3153 1979 4816
f 482 1979 1980
f 4598 4816 4505
f 1883 1050 6690
f 4343 2144 1832
f 2712 4645 6856
f 6894 1770 6881
f 1259 1261 1854
f 4094 3408 983
f 500 1484 2203
f 53 1117 4493
f 3158 1775 53
f 3915 1775 3158
f 1197 2487 4424
f 5008 2062 3815
f 2063 2062 2964
f 1939 750 1776
f 5233 5942 6878
f 750 1939 4265
f 3993 3187 868
f 1035 4988 5348
f 4928 4988 1490
f 1778 3461 5055
f 2118 2910 6088
f 4855 5089 4338
f 2674 1960 6076
f 4055 1535 1571
f 1782 1781 2533
f 5477 878 877
f 5107 3258 4476
f 898 2760 2094
f 3696 5313 5695
f 5205 1787 2196
f 3291 486 3917
f 3515 2614 1847
f 551 549 6427
f 679 549 551
f 2656 1859 6875
f 1849 4085 5132
f 4349 5132 4085
f 2326 2433 5426
f 5696 3304 4226
f 3941 6183 1791
f 6357 4872 6454
f 5045 5798 2968
f 1108 918 5741
f 133 134 1392
f 6139 133 1392
f 6248 671 4427
f 3730 4430 616
f 4783 1543 5762
f 4014 1840 6675
f 1837 1840 1838
f 1315 5754 4387
f 2922 1215 4163
f 2825 5063 2517
f 2551 676 5063
f 710 146 147
f 6750 767 1725
f 2418 1172 1725
f 6186 5990 263
f 2685 979 4247
f 1821 1822 4247
f 2686 4511 5354
f 4171 374 4799
f 2289 1853 6973
f 1121 1122 6170
f 6179 6949 1510
f 2079 3739 2592
f 5073 3739 4030
f 5138 5850 2722
f 5850 1290 6079
f 6046 6523 2584
f 5510 2194 6214
f 6615 2898 4082
f 4407 1713 4565
f 2705 6920 351
f 563 5056 2972
f 2192 2973 1241
f 5775 2929 1351
f 5006 2662 4460
f 676 675 6016
f 3266 5556 2021
f 2137 949 284
f 4318 6074 1802
f 5148 5747 1165
f 4779 3865 6173
f 1063 5778 667
f 4339 6187 485
f 1804 2895 4007
f 482 481 4505
f 6346 3726 6434
f 5985 5674 846
f 1951 3769 1104
f 1104 3769 3296
f 6188 6895 1138
f 5239 6114 4229
f 4433 3634 1917
f 113 896 5552
f 5115 6487 5742
f 1488 1136 247
f 5244 4616 2659
f 1036 6229 2349
f 4409 918 3653
f 3414 6852 249
f 6070 6028 2754
f 2261 6070 994
f 4462 1885 4405
f 6478 6525 2712
f 2902 4993 2975
f 3007 4399 5694
f 2276 1706 1812
f 1810 1706 3815
f 220 3348 6218
f 4688 2971 5189
f 2132 5107 4476
f 2914 2913 2132
f 6151 4282 6761
f 4453 3985 5113
f 2932 1813 4101
f 1814 1664 125
f 1815 1726 1598
f 5877 6746 285
f 647 5106 648
f 4418 6793 6355
f 3935 3719 6776
f 5747 4318 1802
f 3178 4318 489
f 3398 1980 1147
f 5373 524 5289
f 932 5094 6530
f 442 3226 2911
f 1816 3745 362
f 362 5479 4969
f 1816 6126 2024
f 3543 3745 1816
f 3561 920 6284
f 2927 2855 6442
f 4508 543 6693
f 4508 6693 6442
f 243 4127 2977
f 6396 4176 4829
f 4176 2434 4889
f 5880 5812 1817
f 2978 2979 1818
f 3750 1818 2979
f 4546 6799 2980
f 185 6247 3561
f 5033 6194 943
f 1997 5755 4916
f 1667 98 10
f 467 3344 468
f 3344 3691 468
f 5898 1822 1821
f 5453 391 2940
f 1527 599 6821
f 4764 4844 1527
f 6433 6505 6560
f 4151 3153 545
f 5652 3452 279
f 5500 3452 4304
f 582 2741 583
f 5087 6860 441
f 6401 1940 6863
f 3103 3939 2263
f 4846 1829 6798
f 6231 1995 410
f 6351 6231 4846
f 2447 2921 5615
f 2371 6660 4662
f 2192 1458 5510
f 3117 6177 2985
f 2986 421 1784
f 2986 1784 3696
f 1831 2974 4483
f 5275 5857 1184
f 2143 1832 2144
f 1832 2317 611
f 6979 1345 6596
f 6311 1741 4927
f 4034 4406 691
f 3320 6268 1503
f 6746 5877 1834
f 4371 2988 5907
f 4198 2725 2989
f 5677 2989 2725
f 1666 1665 3089
f 1665 4798 2642
f 4171 3508 5771
f 4605 4024 1833
f 6987 4357 641
f 240 6613 6222
f 6222 285 239
f 285 6222 5877
f 6797 5023 2990
f 245 4797 6797
f 1367 1836 908
f 4523 2991 2624
f 2804 953 1894
f 5125 3492 5217
f 2813 971 1630
f 2992 1841 1837
f 6417 2907 3975
f 5853 1564 4341
f 79 771 573
f 2481 5546 1609
f 3295 6565 1056
f 1500 1499 2993
f 3787 2994 2528
f 2994 3787 3283
f 2038 5336 1159
f 5824 5875 2995
f 4797 4687 6797
f 830 829 5875
f 5824 4973 5875
f 709 4110 146
f 1846 5892 2528
f 1139 2866 3605
f 1846 1139 3585
f 4769 5231 930
f 4775 518 517
f 4559 2892 5551
f 3228 1482 6582
f 3668 1749 6376
f 6919 2211 2201
f 3944 1525 2997
f 2506 3944 871
f 201 574 328
f 1949 201 328
f 820 3628 5726
f 5664 5548 3607
f 5215 3178 2958
f 2958 3178 3779
f 2941 4260 5420
f 1698 4260 2941
f 4152 310 1206
f 310 4152 3709
f 939 2619 375
f 3840 2358 4740
f 4838 275 2128
f 4582 2650 2649
f 2649 2650 2669
f 793 1612 6789
f 2129 1428 414
f 5573 2283 4193
f 113 6715 896
f 5511 1259 6622
f 6328 6760 3522
f 2910 4855 1013
f 2921 1855 5615
f 6640 3000 4099
f 4005 3768 5609
f 4619 1494 2765
f 1494 4619 144
f 746 1881 1882
f 6728 1015 6359
f 2741 6712 583
f 623 3729 4814
f 5234 227 6761
f 4504 4776 2981
f 2895 1804 1805
f 1677 6022 5686
f 3419 4854 1214
f 6933 5137 5625
f 332 2068 3002
f 3002 622 332
f 4828 2866 4419
f 6777 5762 1543
f 456 1934 2703
f 1418 2813 1417
f 5949 3752 6161
f 5313 2814 6476
f 2814 1784 753
f 5707 1302 4766
f 1365 3659 1863
f 3673 6083 1048
f 2714 2486 802
f 5279 1866 1865
f 2875 3004 4183
f 3572 5281 4027
f 1424 1714 1867
f 4918 6628 3005
f 2713 3630 6853
f 2713 1645 6885
f 1645 2713 5998
f 5998 3339 1645
f 867 869 6260
f 3423 4350 6368
f 2369 940 3750
f 4201 6225 1044
f 2676 3763 2677
f 1256 1173 1257
f 4134 194 3490
f 4439 4134 467
f 718 1651 3242
f 4893 3242 1651
f 3798 2453 2454
f 103 6610 5298
f 1489 247 6848
f 3460 4072 660
f 4189 272 1515
f 3007 1497 1515
f 5755 2593 3669
f 2745 6658 114
f 2845 5296 4291
f 2769 6531 6841
f 5776 2319 1773
f 2457 3032 389
f 1364 5740 6712
f 2741 1364 6712
f 235 5145 2339
f 6000 4295 2808
f 588 2709 897
f 6928 2563 3681
f 2841 3623 3416
f 3313 3623 2841
f 4282 953 952
f 4309 301 1878
f 2689 2532 2690
f 6397 3797 225
f 15 4117 6937
f 6131 2415 6262
f 2454 2648 3798
f 519 520 6807
f 6886 814 813
f 6108 490 4546
f 4546 3010 6108
f 5403 3303 83
f 1884 5210 4379
f 260 3312 1678
f 3870 4572 6419
f 3763 2676 651
f 2441 4129 6819
f 6819 2954 4229
f 587 910 6637
f 3420 6396 2611
f 4829 2029 2598
f 4795 1950 5782
f 752 751 5918
f 5150 617 738
f 2262 5532 4601
f 1140 6888 1621
f 5045 2350 390
f 1888 268 2954
f 1736 1888 2954
f 1888 2524 269
f 5000 358 3372
f 23 493 3598
f 6817 4003 4174
f 3222 4636 692
f 4406 4034 1754
f 606 1889 5282
f 5334 5283 5282
f 691 4406 3820
f 4734 3820 4985
f 2025 5591 1566
f 5650 1094 480
f 2776 480 1094
f 6032 1058 4578
f 5349 3386 3297
f 6827 742 2109
f 6863 4207 3643
f 1037 3965 5982
f 1893 1106 4670
f 3698 3276 4670
f 4207 1905 7021
f 2462 604 2122
f 4899 101 6461
f 101 1284 1283
f 6033 3672 3863
f 5543 6581 1061
f 1061 6581 1860
f 5339 7014 1237
f 2522 1828 576
f 2183 5987 2715
f 3929 2432 6822
f 3466 6420 229
f 4610 2952 2817
f 2817 6212 2635
f 6212 2817 2952
f 5784 1795 6536
f 4930 6536 1795
f 6116 3245 2950
f 6152 5810 2944
f 5225 2998 2713
f 1878 207 996
f 4968 4150 3014
f 3759 3015 2050
f 3016 312 1482
f 1778 4537 1892
f 3016 5402 4537
f 4057 3017 2281
f 3477 6260 5121
f 501 2667 6475
f 5664 2667 501
f 1269 5064 1270
f 402 1719 6909
f 4399 5243 5694
f 2737 6094 6686
f 1898 6139 4695
f 4013 1897 1899
f 4498 5130 1307
f 922 4401 6485
f 2464 30 2901
f 2705 2704 2312
f 6920 2705 2312
f 6455 4465 429
f 4465 427 429
f 4146 5250 5529
f 6107 4660 6201
f 1439 4958 1438
f 4578 4270 444
f 6032 1902 6531
f 6390 6700 4887
f 6704 5189 617
f 3681 412 5613
f 5047 2648 2454
f 6941 6473 92
f 4121 1605 3772
f 961 595 3267
f 4252 2415 6131
f 4885 4794 6333
f 7001 3381 3021
f 4395 111 3823
f 5527 1644 4602
f 1644 111 4395
f 5004 4602 6312
f 786 4111 1747
f 631 630 6480
f 5727 5635 49
f 1476 4629 1475
f 304 2947 3684
f 3149 3164 6562
f 150 485 151
f 5355 1754 1296
f 5946 2174 6314
f 2696 3366 3733
f 3971 4519 3022
f 5480 2212 6866
f 3428 2730 2820
f 1262 1032 2566
f 4454 2534 4898
f 2408 6926 5185
f 4559 1909 4775
f 4717 3325 2166
f 1909 4717 2341
f 4135 6161 1752
f 3752 5020 6161
f 4590 5737 1123
f 4726 2828 6813
f 5787 6558 6833
f 2046 3909 1542
f 2653 2742 1752
f 3793 2775 2958
f 6605 6342 4472
f 5112 6342 3023
f 949 1316 4160
f 161 219 6884
f 3024 219 161
f 3024 161 615
f 6655 3754 2748
f 1916 2748 3754
f 6970 1060 3468
f 6093 5506 7005
f 2463 1074 3897
f 3972 1268 3379
f 4349 6540 987
f 6540 4349 117
f 5809 5722 6754
f 6784 1631 5809
f 6517 4789 2490
f 4106 5907 2988
f 4873 6638 6779
f 1441 1137 1440
f 5739 4792 1441
f 1261 806 1854
f 2597 2598 3409
f 3150 3257 1414
f 4149 1414 5584
f 1561 3306 1563
f 5544 4258 6950
f 4556 331 3027
f 5356 4904 3196
f 2706 5502 5937
f 753 2254 1785
f 3548 3177 2967
f 5846 3028 319
f 4128 1241 2973
f 1671 1672 1673
f 426 2473 2642
f 2133 411 1334
f 411 5931 5310
f 2671 1164 490
f 5842 6006 1407
f 5962 464 5882
f 6456 5882 464
f 6881 2205 3092
f 4324 6181 4287
f 3435 3913 6518
f 2241 3913 2660
f 4270 3567 444
f 1042 292 291
f 3874 2861 292
f 4812 292 1042
f 1042 3906 4812
f 6484 3446 1923
f 1112 1111 1924
f 4078 793 1513
f 3153 5001 1147
f 2724 3157 1930
f 400 2127 5707
f 2083 1931 4435
f 3558 4982 2387
f 4982 3558 1931
f 5767 5509 3412
f 6850 756 4191
f 6414 970 2623
f 4936 1934 456
f 6422 1269 3563
f 4652 6556 1803
f 1670 1115 3963
f 1790 1315 4387
f 4980 1123 6478
f 5823 4980 571
f 2371 3382 3215
f 6229 2421 1938
f 5131 1938 2422
f 1364 3274 5740
f 5364 5225 2321
f 1885 4462 1886
f 5771 400 4195
f 3749 2784 6583
f 5010 1175 6145
f 1744 4111 1745
f 3008 2457 3009
f 6504 3921 388
f 4746 2083 1884
f 2413 3231 2412
f 4575 2148 2756
f 667 4841 3551
f 6863 1942 4471
f 424 2411 157
f 6706 2837 4296
f 6251 4296 2494
f 2948 5501 2494
f 2086 4843 5105
f 3777 321 6596
f 4256 2767 2774
f 2716 5682 2717
f 5109 3031 4744
f 6804 6399 4582
f 221 919 1948
f 5730 5958 222
f 1946 1948 919
f 1947 1661 2590
f 3263 1589 4367
f 626 2691 5781
f 2301 3837 3769
f 1100 2887 4531
f 4857 3428 962
f 3861 1952 2176
f 5968 6834 6042
f 6726 3451 4100
f 3033 56 2654
f 3114 4118 3034
f 427 4465 3
f 979 2685 977
f 977 2685 1237
f 5859 343 4135
f 3928 5223 3219
f 4413 3522 5340
f 5340 3522 5162
f 5875 4224 3035
f 3906 4543 1041
f 4640 1032 1262
f 1957 6352 2757
f 1957 5297 1657
f 4656 1647 339
f 5320 1380 3036
f 1862 2109 2108
f 1891 1862 2739
f 384 624 6113
f 623 624 384
f 2066 2065 1958
f 3158 4493 3540
f 6832 3363 2212
f 6268 1479 460
f 5408 2847 1119
f 4948 422 6575
f 5780 4774 2331
f 5595 2331 215
f 2359 5595 215
f 1683 6076 1960
f 189 3493 1687
f 2766 3493 188
f 4600 3323 4314
f 6458 1964 1961
f 5561 6353 6626
f 6180 5561 6344
f 6172 6918 3788
f 913 6918 1549
f 2797 1377 912
f 1378 1377 1379
f 1377 2797 1379
f 7015 912 3547
f 607 2426 608
f 5411 608 6460
f 5215 4566 2008
f 6627 6154 6182
f 6189 3687 1504
f 6847 3422 3097
f 3422 2670 3396
f 4348 34 2875
f 3849 3592 2159
f 625 3592 3849
f 5738 4553 5920
f 4553 5738 5293
f 6662 3653 3038
f 3594 3650 5754
f 32 33 459
f 3983 2022 3266
f 4557 6324 3170
f 4557 72 6324
f 3142 613 1971
f 3557 2610 3125
f 2089 2610 3557
f 6940 836 3039
f 6126 5293 5738
f 5398 6126 335
f 3146 4553 3038
f 6373 6100 2597
f 3150 4149 6373
f 3805 1485 3773
f 1486 1485 1483
f 4165 6265 1973
f 6162 3718 1973
f 1355 4502 3711
f 5518 646 3040
f 3799 1376 3040
f 6424 5043 2788
f 3789 1824 5071
f 3042 216 4667
f 2634 5159 2633
f 3938 5693 5991
f 1697 5523 4374
f 5182 6306 6273
f 1443 2198 184
f 1443 184 183
f 799 801 797
f 6421 5008 3618
f 4855 2910 2118
f 1858 1015 1857
f 58 1857 1015
f 5361 2308 2957
f 6976 75 5516
f 3730 2699 2970
f 5189 2699 617
f 1738 4408 967
f 3205 4837 584
f 4763 3957 848
f 2897 3185 2445
f 4784 2446 1023
f 5028 649 1681
f 649 3706 650
f 3945 4996 805
f 2478 5754 6642
f 2005 776 1659
f 3337 766 6207
f 348 6258 4029
f 1981 1147 5001
f 6162 5183 156
f 6921 1372 2475
f 3364 1572 4778
f 1149 371 5604
f 1211 1149 717
f 5900 3044 5939
f 4752 3348 220
f 3348 3841 6218
f 5692 1760 1322
f 3238 6788 3943
f 4021 5439 3819
f 5439 1444 3279
f 5109 4676 3031
f 4412 4153 1191
f 4866 1191 4279
f 1666 4518 2571
f 2571 425 1666
f 3543 2799 2798
f 5903 5398 4847
f 3422 6847 5811
f 1450 1514 1653
f 1514 256 5891
f 2507 3486 1490
f 2716 2357 4058
f 46 6238 6404
f 47 46 6404
f 4065 487 6684
f 726 5884 5388
f 5437 3020 3756
f 4328 3693 553
f 6672 553 3693
f 1760 5692 3045
f 901 5931 5932
f 1219 6313 4201
f 941 4201 6313
f 5390 6313 1689
f 6260 3477 867
f 1998 5755 3669
f 4287 5493 4322
f 4324 4322 4427
f 1868 4654 5970
f 4210 2249 1991
f 837 3569 839
f 2249 4210 2248
f 5336 1901 3567
f 4993 1105 5897
f 4197 1105 2544
f 443 442 2911
f 5720 4231 2665
f 3161 1993 5426
f 5241 4056 1610
f 4737 544 6587
f 6648 564 804
f 4808 5252 3017
f 2772 346 3521
f 1264 4117 1032
f 485 484 213
f 3923 1995 5269
f 2591 4693 6385
f 5845 1996 6614
f 4569 5712 2354
f 6045 576 1828
f 943 1998 944
f 5233 2736 5942
f 1750 6946 5233
f 475 6705 2871
f 346 1999 345
f 6997 4479 3251
f 4195 2890 3365
f 309 671 5165
f 2001 3837 4129
f 4986 4344 2189
f 6562 6077 1629
f 5541 5265 1774
f 3867 2840 1031
f 6999 5060 4052
f 4004 1808 1807
f 6114 1807 4702
f 6114 4702 1831
f 5878 5611 1642
f 512 3751 5862
f 3827 5828 3770
f 6379 3049 2046
f 4364 3151 6967
f 1097 1096 5378
f 3811 3577 599
f 4500 2824 6962
f 2616 6400 6962
f 465 1945 466
f 4524 5566 3439
f 5737 6485 1936
f 1936 3018 2711
f 970 6414 1588
f 6366 2476 4392
f 2657 4971 240
f 843 842 1607
f 5578 1791 4310
f 6623 3941 5578
f 6559 2107 5552
f 2107 1656 1655
f 3626 5365 5381
f 4996 3914 2764
f 6518 6450 3376
f 671 4324 4427
f 5451 491 290
f 2775 199 989
f 1923 199 5783
f 1775 2011 851
f 4675 4678 4661
f 6384 2981 3051
f 6264 2013 812
f 2013 2012 5930
f 2209 2012 6264
f 3623 3313 5452
f 241 3772 2014
f 4130 3285 4482
f 3285 1737 2014
f 1737 3285 4130
f 353 3285 3699
f 2779 826 2879
f 307 4161 529
f 286 532 287
f 287 5315 3257
f 6121 6035 3184
f 6121 2822 2236
f 6035 6121 232
f 2236 233 6121
f 2196 3647 5671
f 195 1793 487
f 1276 5124 6726
f 3402 3012 2015
f 5536 6499 5868
f 6509 5277 3052
f 4958 1439 4478
f 5115 1438 5149
f 2576 1077 1326
f 4689 2118 6088
f 1344 2733 2734
f 6535 173 1561
f 542 1468 2803
f 173 1468 542
f 3568 4425 172
f 3568 6995 1468
f 3869 3324 781
f 6539 875 874
f 295 4041 54
f 6090 2104 6837
f 2761 2093 2760
f 4296 2837 2019
f 4296 5665 2494
f 5312 700 5752
f 4595 4467 2443
f 4980 1937 571
f 1937 6497 571
f 2073 6730 1209
f 3814 2039 89
f 4123 2592 2593
f 4243 6019 499
f 6038 121 352
f 994 2259 2261
f 2259 1296 6127
f 5416 2499 278
f 3555 4186 6892
f 4116 2809 4863
f 361 362 3745
f 2798 3387 4285
f 2798 6530 2987
f 6530 2798 4285
f 3645 1232 4354
f 5591 2025 4167
f 6336 2025 1566
f 4098 6076 6836
f 89 1447 3814
f 1447 88 1107
f 4213 5741 5025
f 701 6625 4213
f 3818 4105 2027
f 4208 1390 1417
f 6510 3054 5201
f 1287 4908 2420
f 5012 1287 2420
f 785 2028 642
f 4460 4951 552
f 5833 2849 18
f 1439 6145 2395
f 2347 5628 1031
f 1149 1211 371
f 1604 4252 6072
f 5912 2415 4252
f 25 2968 5666
f 2968 25 5045
f 4639 2897 2123
f 3819 3181 4021
f 3735 4639 2123
f 6584 3056 6174
f 3566 3459 5490
f 216 1650 1820
f 3518 926 4864
f 6660 3769 3970
f 2452 3671 986
f 986 3671 987
f 3862 3608 982
f 4849 2078 2077
f 2029 3195 2598
f 5593 2750 854
f 2892 1400 5202
f 6203 6204 2039
f 2614 557 1847
f 555 557 2596
f 5273 5710 3147
f 358 3924 182
f 2030 358 182
f 2569 4175 687
f 687 4175 5941
f 3463 5520 4696
f 4175 2569 6330
f 4882 2917 3028
f 278 6283 5177
f 278 5177 5416
f 5995 4856 2319
f 5562 1889 1890
f 5562 2031 4006
f 4623 2031 6056
f 2031 4623 6190
f 4204 566 6652
f 412 6855 413
f 412 413 414
f 4704 5580 6410
f 366 4848 1342
f 6159 5571 1188
f 4818 5151 390
f 5719 4113 2032
f 5338 5305 6140
f 4147 758 6302
f 4430 3730 2970
f 5267 3625 945
f 5038 3799 3434
f 816 5366 5545
f 4893 5739 177
f 5186 165 1686
f 3875 5759 4745
f 2464 2901 5885
f 5659 1341 6549
f 6943 5069 1558
f 2268 4023 1469
f 806 3964 2373
f 879 6952 2036
f 3188 2914 1619
f 3496 3188 1619
f 4166 3764 1914
f 3801 898 2094
f 3801 3058 6658
f 2156 529 4161
f 1712 337 6771
f 3406 1712 6771
f 6930 1766 1765
f 1375 4542 152
f 311 5269 6118
f 5615 3834 2447
f 1628 6914 4199
f 6204 465 2039
f 6962 2824 2616
f 3962 4500 6204
f 6576 5759 6067
f 4392 3416 6366
f 6366 3416 6568
f 914 1550 915
f 3222 692 6566
f 5564 3060 2130
f 5867 1740 4585
f 6929 5867 680
f 1740 3990 6488
f 1093 3714 1094
f 4052 5060 2003
f 3128 357 2623
f 3713 2719 1761
f 460 5178 5177
f 1723 1218 56
f 5337 805 4294
f 1410 2278 1409
f 1409 1222 1410
f 1197 558 6063
f 1268 3972 1717
f 1537 1592 6060
f 2989 3373 3313
f 4517 4068 6068
f 4789 1696 2490
f 3932 6959 2533
f 4644 4876 3062
f 5315 287 532
f 5714 4853 1520
f 5405 3252 12
f 6370 6901 3349
f 3499 5636 2048
f 5636 3499 1481
f 2208 3836 1599
f 6544 5004 2049
f 3311 743 4199
f 813 4840 3064
f 6978 6522 5430
f 4440 6572 2052
f 3577 3578 599
f 1527 2865 3811
f 2306 1769 399
f 1021 1769 2306
f 1744 3717 1746
f 2309 1746 5240
f 3298 1071 2055
f 3271 3842 5972
f 6146 5972 2056
f 6571 5163 6176
f 1630 3715 2813
f 2112 168 170
f 1533 1532 3065
f 3065 1532 890
f 1 5158 1238
f 2788 315 6424
f 4545 6037 266
f 5455 4134 3490
f 2265 3690 5483
f 4096 3812 2545
f 5705 4096 2059
f 1754 4034 1755
f 693 4632 6252
f 3987 3431 2051
f 2949 4647 5975
f 6232 1566 4512
f 5090 5890 5354
f 6778 4120 3066
f 6875 1859 5223
f 2984 2186 4922
f 6265 4165 1311
f 5297 2823 5569
f 5860 1403 4235
f 4236 2061 550
f 6727 6632 4522
f 6632 5219 3977
f 5746 4248 6644
f 2063 5360 1811
f 5360 2063 2880
f 4564 1706 1810
f 2062 1810 3815
f 2964 2880 2063
f 4101 2964 6421
f 2310 104 6564
f 4276 1584 4074
f 5532 2262 5885
f 3140 4490 2064
f 1069 3838 6930
f 5052 5601 2113
f 344 342 4842
f 4492 5259 3131
f 1631 6784 1809
f 3450 6784 5809
f 3588 629 628
f 5868 4268 1016
f 5798 4818 4059
f 5207 2230 3067
f 6944 6910 3598
f 3224 1415 6279
f 1412 5799 6279
f 1415 1412 6279
f 1649 3974 2926
f 4593 232 231
f 1602 6035 1603
f 6035 1602 4626
f 5309 2376 2068
f 1039 4653 1780
f 4375 3700 4653
f 1970 6226 2651
f 1970 2651 5027
f 2632 5796 303
f 5863 4850 4297
f 2804 2991 4523
f 4460 472 5143
f 1431 6883 5095
f 4943 2070 2594
f 5068 260 5472
f 3312 260 6291
f 2075 4317 5653
f 4376 4317 2075
f 3530 2044 2043
f 578 963 2076
f 2076 963 5586
f 6824 2053 1616
f 6824 685 3577
f 1153 4925 4740
f 527 2732 4935
f 5976 1916 2706
f 6233 3290 4410
f 1790 4085 3955
f 6561 4752 2510
f 2114 4970 2081
f 2667 4426 6475
f 2080 5608 4426
f 3666 2904 2908
f 5385 5585 3538
f 1888 3538 933
f 2698 6626 3532
f 826 6756 827
f 5939 6597 97
f 4870 1130 1357
f 4647 57 5326
f 6933 5625 7007
f 1697 3210 3539
f 3712 3312 2161
f 2085 317 1553
f 1554 2085 1553
f 136 2085 1554
f 3777 6596 5954
f 3777 2087 1943
f 5106 5491 6827
f 2088 4070 1403
f 4981 2610 2089
f 3982 4512 5862
f 6760 1085 2560
f 696 4807 165
f 696 5186 5343
f 5839 3664 6167
f 3664 1738 6167
f 3973 546 5703
f 673 6456 3070
f 2416 5956 1652
f 3410 5367 4912
f 5181 969 6405
f 3692 1747 3144
f 3048 5549 3041
f 2404 4909 1986
f 3540 6082 3158
f 985 585 6592
f 5629 2772 6381
f 5246 1081 3832
f 5886 1003 4773
f 988 5215 2958
f 3071 423 5292
f 2100 2099 2356
f 4269 2100 2356
f 6601 4757 5422
f 222 1948 2833
f 6171 4281 4402
f 2102 3385 6171
f 6909 3495 6701
f 6002 875 5326
f 6837 7012 6090
f 7012 6837 1374
f 329 2018 6090
f 2104 6090 2018
f 5479 4884 7012
f 3423 6394 2124
f 6497 1937 570
f 6497 570 1743
f 4993 2902 2544
f 3607 2731 6412
f 3425 2869 6871
f 3845 742 743
f 2108 3845 206
f 206 5372 2739
f 3616 2846 5845
f 5226 3616 2848
f 5845 2846 4154
f 1479 2848 5408
f 2847 6614 1120
f 5658 4758 6825
f 365 6123 364
f 2683 3200 387
f 1029 2540 1965
f 3327 4254 2582
f 4701 2983 96
f 1803 96 2983
f 5354 4092 5129
f 6904 5860 4814
f 1673 1672 4342
f 5142 5267 4548
f 1797 5701 1796
f 3526 1456 6811
f 4060 2508 1638
f 966 1638 2508
f 3526 4060 3281
f 6276 6370 3847
f 3207 421 2986
f 3207 2986 302
f 5711 5978 722
f 723 722 5978
f 2026 4208 4554
f 3480 5961 4817
f 3480 4632 693
f 5155 1293 4803
f 6486 5052 1070
f 5491 647 1628
f 5986 4942 4155
f 3342 3722 1220
f 3722 3342 6179
f 2572 3614 6195
f 3359 126 6506
f 2013 3775 3191
f 1394 2013 5930
f 5930 3378 1395
f 1249 4767 2854
f 250 2506 871
f 3020 1867 1714
f 6015 4633 1858
f 5702 4877 4133
f 6708 5049 3922
f 1864 1865 1866
f 2073 4442 4032
f 1209 3892 2073
f 4654 2755 4586
f 5287 498 2817
f 901 498 5287
f 5742 5010 6145
f 559 354 2014
f 6653 1340 2863
f 5299 639 3029
f 4450 2122 604
f 5985 6058 6052
f 6645 3855 471
f 4468 6470 3077
f 2127 400 6583
f 4120 6778 376
f 376 375 4120
f 3054 4581 4573
f 5558 4573 4581
f 5464 3853 6696
f 6778 4009 6438
f 6409 2549 1362
f 6409 271 760
f 4925 1327 1328
f 1327 4925 1153
f 1219 3733 3366
f 1956 3646 67
f 1481 2206 6071
f 2231 3641 770
f 3886 3291 1005
f 3571 2107 5476
f 5830 3571 5476
f 3702 4657 6169
f 4110 709 6049
f 4819 3079 1544
f 3591 2836 2129
f 5564 2130 413
f 3716 2131 1311
f 4457 315 353
f 2788 4482 315
f 912 7015 2797
f 6466 6240 3612
f 2973 2192 3740
f 5510 4822 3740
f 5763 2132 2913
f 5763 5711 722
f 5107 2132 722
f 652 6444 1613
f 6444 652 4004
f 3587 268 270
f 1613 5239 3587
f 3702 6169 901
f 6169 5931 901
f 4592 3975 2907
f 2134 495 2829
f 2134 5229 495
f 618 2351 6085
f 1025 4355 1903
f 5026 4177 674
f 2114 4177 1903
f 2316 3928 2136
f 6538 1316 2137
f 6238 6746 1835
f 6304 6404 6238
f 5714 1520 3649
f 4379 479 1884
f 3228 4660 1482
f 5552 4385 113
f 420 4385 3571
f 2843 776 6783
f 2343 6739 2781
f 3793 5032 6766
f 1086 1087 3593
f 3703 2708 3593
f 763 6848 5042
f 6743 4059 5383
f 6949 3282 1510
f 2164 263 179
f 64 5467 2211
f 4289 4800 2631
f 4871 3534 5395
f 6492 1245 570
f 6329 6656 4417
f 499 2743 2744
f 4433 1933 3634
f 2985 6177 1248
f 3134 1920 3080
f 629 2575 2458
f 5680 1627 882
f 3843 882 1627
f 3556 377 4817
f 1175 5010 1176
f 6636 168 2473
f 3797 1402 3925
f 5365 3626 2963
f 5668 6588 5959
f 6588 4396 4007
f 4396 5277 1150
f 2155 1146 3057
f 4684 1690 5965
f 5800 319 4611
f 4820 4911 1452
f 615 4603 614
f 3137 6877 6838
f 4536 4777 85
f 4580 2147 3519
f 6526 5642 2148
f 6153 3627 3700
f 2271 6687 144
f 4230 5897 1105
f 4839 958 5979
f 5449 6075 1073
f 5564 2860 5140
f 2960 5140 2860
f 228 4504 227
f 5370 4485 3803
f 3146 1967 5920
f 3742 3146 2752
f 3063 6574 773
f 2152 1498 6595
f 5122 4550 5806
f 4550 5064 2702
f 2702 4914 6051
f 3872 3379 5806
f 1065 2871 2069
f 6406 475 2871
f 5102 6652 566
f 559 4277 560
f 4013 373 1897
f 1191 4866 819
f 5673 3192 3729
f 3650 5173 116
f 3332 3039 5606
f 3429 234 6666
f 4055 4469 2831
f 2831 4469 4753
f 2322 660 4072
f 3913 1196 6518
f 4144 5103 1242
f 5913 6764 6896
f 5631 2116 1282
f 4906 1359 4605
f 5445 2790 6036
f 2055 4674 3298
f 386 4486 1278
f 182 3924 2810
f 2802 4541 1425
f 6913 3757 5968
f 6063 2562 6374
f 5574 4772 3084
f 9 6595 3476
f 4869 3395 1433
f 4209 5790 2547
f 5808 1471 6069
f 2156 349 4102
f 1318 3472 1319
f 3858 96 6556
f 4040 2960 1506
f 1506 2960 2860
f 4040 2763 3858
f 302 2986 3696
f 4142 6515 4959
f 6277 5605 864
f 3698 1853 3402
f 6973 3698 2016
f 4496 4712 5844
f 3849 3023 5487
f 1461 3401 958
f 3603 2197 5171
f 5049 5496 3922
f 3136 5744 1536
f 3993 3006 2161
f 6687 3999 3360
f 2270 90 6687
f 6256 1398 1397
f 5140 2960 5876
f 1900 2314 2372
f 4493 6843 3540
f 6975 3736 5822
f 4642 6859 4178
f 3408 3817 1502
f 2165 1843 2166
f 3912 1012 6981
f 5522 3574 5219
f 1522 5073 2170
f 2170 3895 1522
f 2171 159 4441
f 3086 159 2171
f 861 554 1586
f 2172 833 5547
f 3726 2431 5093
f 6064 1027 2629
f 3952 2881 1393
f 4250 4281 3072
f 6171 4402 2839
f 944 1522 3895
f 3895 2170 3155
f 3223 1882 1692
f 3593 4429 1489
f 2558 6902 5463
f 2355 2737 283
f 3342 5937 6949
f 6179 3342 6949
f 2260 6438 4009
f 1720 2250 6093
f 3624 6344 3137
f 250 1234 6682
f 6125 5462 5836
f 1386 4264 1387
f 3967 3500 1985
f 3924 6971 2810
f 5809 3500 3450
f 4802 5809 6754
f 3967 6971 6951
f 1184 5629 5275
f 6934 3582 2176
f 2066 2042 4192
f 518 1909 2341
f 4554 6221 5576
f 2026 4554 5874
f 3926 1178 4431
f 3399 4431 1462
f 3399 1204 4431
f 6782 728 5899
f 2674 5303 5732
f 5732 1960 2674
f 5612 3766 2436
f 2630 3579 4696
f 4696 3579 3824
f 1435 3335 1244
f 1435 1244 6487
f 5024 6044 3658
f 5779 4232 1413
f 3257 5315 5779
f 4453 5429 3985
f 4406 274 3820
f 761 6532 6483
f 3286 5987 2183
f 4567 594 4929
f 741 5887 4321
f 4163 2191 2922
f 5561 6180 4720
f 408 699 5312
f 942 2302 2516
f 2516 2302 6849
f 6167 1738 967
f 4206 3346 2397
f 3914 4996 2485
f 3655 382 3284
f 1047 1342 1343
f 5422 2774 2767
f 6249 2812 3989
f 1500 2993 4922
f 2186 1500 4922
f 4074 6579 2072
f 1444 2078 1772
f 1771 1442 1772
f 5540 3279 183
f 183 3279 1443
f 3279 5540 3819
f 4012 1850 6972
f 6282 6033 6508
f 21 5235 2231
f 2232 3886 2231
f 3995 2036 6219
f 1641 4949 2877
f 4896 1991 2188
f 2944 2515 4020
f 5810 6152 70
f 4112 3227 2913
f 4173 3073 4986
f 590 4173 3758
f 915 1550 917
f 3613 2459 2664
f 2499 277 278
f 590 3758 2762
f 528 3902 432
f 3673 2859 2486
f 5888 1215 5108
f 2922 2465 1215
f 5600 1062 2784
f 3229 5600 4378
f 23 5728 493
f 4139 4499 5163
f 587 6637 6519
f 5728 3319 492
f 5144 4336 6477
f 4336 3046 6889
f 4227 6748 264
f 4170 416 1594
f 4170 374 130
f 1099 2916 1873
f 4007 3148 2983
f 2983 3148 1803
f 3449 6389 2953
f 2004 4297 6767
f 2804 7011 2991
f 3456 1787 5205
f 902 6129 4367
f 4762 902 5573
f 4184 5750 2695
f 2033 4956 2854
f 4184 1562 5750
f 4368 4345 615
f 6187 1402 783
f 7013 4911 252
f 2059 4096 4228
f 6001 5651 1401
f 3173 2118 4689
f 6104 3511 1688
f 6529 705 2735
f 705 1895 2539
f 5967 3683 664
f 3683 2043 6985
f 2415 6609 6382
f 6262 2415 6382
f 3255 1467 1571
f 2857 2856 4169
f 1503 4169 3790
f 1363 5268 2867
f 6156 3462 2886
f 1569 2886 1570
f 1289 3864 1569
f 4926 4091 1449
f 5693 2641 4827
f 4075 5123 3431
f 5365 3090 5117
f 4649 5211 3087
f 6831 2406 3193
f 4981 3125 2610
f 3491 5136 2367
f 4826 4137 4356
f 4733 860 6969
f 860 5264 6969
f 5891 256 1987
f 5891 1987 4288
f 2879 6407 3890
f 3249 1863 4119
f 4264 1473 1387
f 2199 2933 2930
f 6274 3339 1850
f 203 4115 5866
f 1954 5940 113
f 6715 113 5940
f 370 4341 1565
f 4360 1119 3091
f 5467 64 123
f 5721 1774 1117
f 5192 5662 1118
f 2222 993 4383
f 6459 3876 1280
f 4684 3882 5555
f 3851 740 2850
f 1483 431 1330
f 2202 3805 1193
f 4658 6204 6203
f 2205 6881 6803
f 863 4340 5050
f 4911 7013 1452
f 4719 2227 3509
f 6678 3093 6742
f 5369 5797 3277
f 2155 3057 5596
f 5170 1575 4594
f 3458 535 1563
f 3186 698 2309
f 2092 698 3444
f 2163 6790 3993
f 2208 1599 1601
f 6493 5908 2815
f 3755 3725 5067
f 3755 1371 5821
f 6076 4098 2489
f 4379 704 5929
f 3094 1203 5599
f 3094 2209 6264
f 5322 2402 3094
f 3972 3094 2402
f 2080 3376 6450
f 910 909 4013
f 3783 3877 5655
f 1491 3865 4779
f 2201 3668 6376
f 2852 4803 929
f 5114 4141 2852
f 7020 2852 929
f 3104 2152 2151
f 2429 2834 4202
f 175 4237 2552
f 4881 6097 4017
f 3893 2481 817
f 233 232 6121
f 1034 2422 6168
f 1045 3733 1044
f 2883 5748 2884
f 5074 3095 5884
f 5074 5884 2943
f 3095 2303 6917
f 4327 38 39
f 4919 886 1127
f 4782 2216 3419
f 4005 2215 4099
f 4005 5609 2216
f 1214 4782 3419
f 4467 4881 5974
f 1461 1114 4979
f 2090 1115 1670
f 4872 4945 2217
f 6433 4947 6505
f 2128 3327 119
f 1773 2078 4849
f 6327 1000 2221
f 6861 6163 1300
f 2993 1499 6163
f 4009 4906 6590
f 6612 1065 1066
f 1087 6513 4429
f 5963 1087 2077
f 5963 262 4284
f 1059 4031 4613
f 3769 1951 3970
f 5508 6395 5204
f 2224 5559 2223
f 6834 5968 2801
f 6086 5303 6765
f 6557 6086 1870
f 4521 2537 3642
f 5649 2225 93
f 1538 4361 5381
f 566 4204 565
f 5381 4361 4204
f 3930 1148 6282
f 6130 2546 6734
f 2679 2912 6936
f 1635 2827 3984
f 5748 2883 1452
f 2884 5245 6326
f 262 5963 5439
f 6735 2530 6683
f 105 4150 255
f 105 6088 4150
f 3096 6055 6358
f 6448 6286 5702
f 2165 2166 3325
f 2165 3325 761
f 4038 1586 1228
f 6591 4038 1231
f 4916 202 4785
f 203 4223 5582
f 4521 937 3202
f 5627 1358 937
f 2819 3542 1189
f 6842 6029 6185
f 6923 4393 2601
f 5980 5926 5221
f 1294 3098 3097
f 1294 3097 3169
f 3516 3098 2639
f 2087 1896 6686
f 4808 2862 2539
f 2884 6685 4138
f 5052 6486 6963
f 5052 6963 561
f 5089 4855 2119
f 2144 4343 2234
f 4333 1761 2687
f 2687 6922 4333
f 4747 6722 3241
f 5370 2919 4485
f 3565 703 1225
f 3314 2408 2048
f 5979 6809 4839
f 2236 791 792
f 3065 5407 792
f 3762 6144 2424
f 1840 1837 1841
f 452 1841 2992
f 4915 452 6230
f 1840 4014 1838
f 2684 1378 547
f 4301 1929 1848
f 3988 1848 4152
f 2340 2819 2542
f 4538 1637 4403
f 6021 1885 4538
f 2563 6928 2493
f 4748 2199 3504
f 6117 1195 2795
f 2387 3849 2159
f 625 3849 6113
f 3660 4912 1310
f 5519 5086 2036
f 959 6191 2570
f 2932 2158 1266
f 5407 3065 5119
f 890 3393 3065
f 5850 5138 1290
f 2739 5396 1891
f 1202 6050 2207
f 3007 272 4253
f 5252 4765 2242
f 3860 2242 4765
f 3961 281 3443
f 654 5220 653
f 6509 3052 1702
f 3575 2560 2842
f 3575 5808 2740
f 2533 1781 4192
f 1781 3627 4192
f 6146 2103 4874
f 3180 2241 2660
f 5505 3180 4035
f 6774 2246 2247
f 6280 2806 6958
f 724 6244 6413
f 6244 3948 595
f 5019 3948 6244
f 4108 2097 4935
f 4502 646 3711
f 3358 3101 2251
f 1785 4526 1786
f 2522 575 1894
f 1673 417 3746
f 6407 2879 6547
f 2948 6984 5501
f 5789 754 421
f 4139 5163 1694
f 3705 487 1253
f 2255 588 897
f 4046 4308 3456
f 6156 2410 446
f 2315 3217 3159
f 3217 2185 3159
f 3826 3031 2257
f 2257 3031 4676
f 3045 5692 2512
f 5971 2511 2512
f 3539 4753 5469
f 669 6028 2260
f 5485 2754 6028
f 6070 2261 6028
f 2225 5649 1606
f 4082 3566 6615
f 5392 6709 6528
f 5382 1875 386
f 3602 2869 1656
f 4040 120 2763
f 3368 1668 6548
f 3102 2933 3198
f 4908 1287 1288
f 5714 6304 4853
f 3953 4315 5232
f 2708 763 4750
f 5194 763 5042
f 4413 5464 3522
f 4491 2263 1962
f 4170 130 3982
f 1594 374 4170
f 3351 204 2264
f 5940 4083 3351
f 3351 4543 1043
f 4224 2980 3035
f 4485 3241 6722
f 3802 4747 3241
f 2939 3132 6339
f 3985 1547 5113
f 3609 3610 5460
f 1348 5527 3609
f 1347 1348 5460
f 5460 6374 1347
f 4035 6786 5224
f 1181 4703 1182
f 229 3063 5347
f 633 3485 5597
f 5753 6586 5298
f 103 1419 6610
f 4479 4495 4286
f 4339 1980 3398
f 4030 6215 2266
f 6452 4030 5389
f 6270 914 915
f 428 914 429
f 4443 5637 2938
f 4443 2938 6525
f 4023 2646 1469
f 5128 5345 6926
f 6745 4707 1477
f 1799 4591 3770
f 5368 2298 1075
f 4065 1252 1253
f 1142 3816 537
f 6468 6031 3443
f 6009 1718 4003
f 3321 966 2508
f 780 966 1994
f 2887 5924 4531
f 2950 6661 6116
f 6141 4263 1800
f 6628 4918 2067
f 3565 6398 703
f 3847 1767 3049
f 3722 6179 5294
f 6179 1101 1511
f 1047 5848 2433
f 5953 4428 1535
f 4428 5953 1569
f 6150 4638 5780
f 5595 6537 5780
f 2274 5969 676
f 1340 5916 6942
f 831 4080 894
f 5327 6366 4160
f 2476 5327 3675
f 3432 2040 6089
f 2040 2139 1496
f 4621 774 681
f 1654 86 2300
f 3818 5874 3239
f 985 6736 3841
f 3841 6736 6218
f 1109 6428 4001
f 2279 909 5646
f 3251 4311 419
f 5553 84 5283
f 4509 5553 125
f 4801 2536 2860
f 2860 2536 1507
f 1198 2535 558
f 4350 1480 1748
f 5419 3061 316
f 1668 3368 3102
f 4378 4377 4013
f 5538 6024 5550
f 4551 2346 4420
f 2555 3287 6348
f 3101 2252 3527
f 6796 3761 2090
f 1124 6677 2938
f 4011 1911 6034
f 1313 1312 6034
f 2097 3846 6736
f 3101 3358 2252
f 5009 3101 1122
f 1080 3174 2243
f 3174 4624 2243
f 1876 4640 4486
f 6357 6073 963
f 1533 791 6911
f 793 4437 794
f 4437 4869 794
f 4796 220 2962
f 1341 2901 30
f 1936 4443 6478
f 616 4430 5641
f 4964 355 356
f 3128 2818 2719
f 3224 5584 682
f 3224 6279 5131
f 437 4666 5152
f 2509 5152 2510
f 5925 1940 3283
f 238 4994 6729
f 4442 1346 6680
f 2639 1213 3516
f 1849 5132 6233
f 121 6974 2761
f 2761 352 121
f 2617 5449 2618
f 2712 6525 6677
f 5970 1870 1868
f 1868 1870 3727
f 3249 5106 6827
f 2184 6828 3694
f 2604 433 435
f 2004 2624 2991
f 6801 3612 5181
f 5650 6801 5181
f 1853 2289 3870
f 4399 3007 2975
f 5249 5355 3795
f 2293 2291 1941
f 6316 4963 1900
f 2314 1900 3105
f 3321 6441 2150
f 3321 1994 966
f 4713 3106 1028
f 3106 2629 1027
f 6073 6357 6454
f 641 3856 5975
f 4741 2297 1519
f 4741 1519 6673
f 4716 4354 904
f 6007 3645 4716
f 905 3955 6007
f 4168 233 2236
f 1067 856 6702
f 5144 5368 273
f 1583 4929 594
f 370 2032 4341
f 3162 772 3142
f 6606 1782 2533
f 84 4536 85
f 4735 2299 5676
f 3639 4735 803
f 803 4735 6579
f 2299 4735 3639
f 2885 2299 1546
f 1908 2874 49
f 4157 3966 2943
f 2559 1058 1160
f 3656 5656 780
f 2278 316 3061
f 1088 1409 3061
f 6013 517 518
f 510 2449 4501
f 4022 5517 1514
f 6512 3636 3890
f 4022 6512 5517
f 148 6362 4699
f 3102 6617 2933
f 2933 2199 3198
f 6887 1337 5324
f 5512 961 3267
f 4026 2652 5512
f 3899 4026 1405
f 5632 4289 2771
f 3920 5468 4571
f 5500 4304 6435
f 164 604 603
f 604 164 2513
f 3431 3987 964
f 3643 4207 4382
f 5056 98 2972
f 1068 3976 3655
f 5450 5935 3108
f 6659 3880 2385
f 2302 5388 6917
f 2303 2302 6917
f 2819 1189 2304
f 6564 2809 4116
f 5545 4121 242
f 3002 5273 622
f 806 1261 807
f 1694 4821 6690
f 702 1633 701
f 4991 1633 702
f 3506 4047 884
f 4540 3589 4673
f 4561 4540 639
f 3686 2684 547
f 5733 6551 4054
f 3805 3773 507
f 5092 2679 6936
f 146 2825 147
f 2517 5063 676
f 2252 147 3109
f 147 2252 710
f 5530 3109 520
f 3109 147 520
f 147 2825 520
f 1734 5675 5770
f 3591 3060 5773
f 2295 2831 3539
f 4801 6631 4728
f 2911 5222 2501
f 3607 2605 2731
f 1789 4246 6835
f 5761 4233 2382
f 3025 4188 2512
f 4535 3110 6989
f 724 6413 633
f 3485 633 6319
f 1423 7003 6224
f 2310 512 5619
f 4086 883 2893
f 1964 1724 4491
f 1964 4491 1962
f 4221 713 4506
f 1654 5830 4892
f 1654 420 5830
f 5358 5433 1845
f 6442 983 2927
f 3487 4446 661
f 5373 3487 525
f 5373 5289 4446
f 6450 1196 4920
f 3670 6961 4920
f 5216 1021 6755
f 3437 5216 6755
f 4631 714 4680
f 2842 4287 6181
f 2365 2364 6363
f 194 3437 192
f 3437 4439 4533
f 2894 1739 6488
f 4086 2893 4913
f 3877 3204 5756
f 5947 4314 1133
f 2582 5409 5947
f 3080 1920 1921
f 3080 1921 2812
f 611 3963 2366
f 5135 2283 5573
f 2007 254 4891
f 2007 4913 254
f 6488 3990 2894
f 4913 2006 5598
f 3977 2692 6632
f 2692 3977 1010
f 6563 6195 6054
f 5119 6563 6735
f 6059 5346 5040
f 3768 2999 5609
f 878 5477 6289
f 6053 3315 748
f 4825 4810 2461
f 4825 1560 2462
f 1470 2842 6181
f 6377 5827 5660
f 5384 3099 6128
f 5749 5190 5311
f 3516 4556 1291
f 7010 6087 4525
f 1084 3601 6641
f 5441 6954 5906
f 5471 5441 6307
f 6083 2714 6307
f 5042 6848 2479
f 947 2318 2143
f 1310 4528 6529
f 1950 5918 6354
f 889 6152 4020
f 5379 5499 5380
f 5380 5357 889
f 5437 5938 3020
f 1184 5938 3482
f 3365 2324 4167
f 2844 2432 1887
f 2432 2745 6822
f 6796 731 730
f 3130 5556 3385
f 4772 6651 3084
f 1024 3084 5305
f 4355 5338 348
f 3907 4973 5412
f 6192 5552 896
f 3149 6553 5308
f 90 2270 5204
f 76 667 3520
f 1063 667 76
f 3288 5644 4203
f 6137 410 3923
f 1829 3934 6798
f 5176 1320 5559
f 5176 6542 1320
f 72 71 4368
f 6432 6155 2455
f 6656 4645 140
f 5614 5477 7013
f 1823 5419 237
f 6089 3637 3432
f 4398 84 85
f 1431 3809 6206
f 4772 4745 4337
f 5637 4443 2141
f 3418 5637 2141
f 2663 2662 645
f 1540 4065 3389
f 5281 3808 1146
f 4863 3062 3676
f 1464 4863 3676
f 4200 2265 5483
f 2370 5837 2945
f 1908 1477 2874
f 5952 5432 1258
f 5881 4346 1402
f 2325 365 2324
f 1574 4140 4778
f 2336 877 2578
f 2320 878 2645
f 3445 3998 5962
f 4347 574 6609
f 3681 6712 6855
f 991 5324 1337
f 6424 5743 804
f 5822 6069 403
f 5568 5822 403
f 3818 2023 4105
f 1727 5757 1112
f 775 4359 774
f 4969 6126 362
f 2816 3159 7019
f 1605 4121 2906
f 4840 4475 3256
f 1799 3770 5828
f 3534 4871 5880
f 3478 5832 2324
f 1991 4896 6341
f 6341 5679 3375
f 6563 2530 6735
f 4997 4458 5220
f 5513 1141 5802
f 2335 5583 5092
f 5602 5054 924
f 6785 6695 4872
f 4795 4017 1950
f 6680 2120 4442
f 4028 6952 2336
f 6738 2336 6952
f 5414 4397 1354
f 6261 5414 6462
f 4650 5208 2778
f 4236 1521 2061
f 3291 2418 3337
f 5200 1464 632
f 5000 4673 1984
f 5000 1984 1983
f 6951 6971 1984
f 2982 1940 6401
f 5180 3875 6380
f 3275 5614 253
f 1674 6851 2934
f 5145 235 4194
f 3112 4934 2340
f 2819 4934 3542
f 4648 3112 4715
f 5643 2340 2542
f 3309 6508 4271
f 1279 581 5086
f 6346 5538 3726
f 4941 2767 4256
f 2881 3952 3898
f 3350 2341 6498
f 5681 6498 2579
f 5175 3791 6314
f 4444 1026 1383
f 5108 1215 4867
f 3381 7001 4858
f 4554 5576 2204
f 4683 2110 2345
f 2961 6739 2343
f 4552 2961 2343
f 2961 607 1001
f 2866 4828 3606
f 1416 4990 900
f 900 2323 6694
f 2564 3304 6977
f 533 5756 3204
f 4780 1012 1011
f 1012 4780 2035
f 2035 4780 1241
f 2209 3379 3872
f 5628 3720 1917
f 5718 4635 2955
f 3208 4558 5214
f 1102 3208 2121
f 1360 1615 476
f 1055 3083 4331
f 3042 2620 5490
f 1832 2143 2318
f 5923 6704 618
f 3401 4316 322
f 4595 6948 3899
f 4901 2845 4291
f 3797 3411 225
f 725 3629 2943
f 2943 5194 5074
f 6150 6537 3217
f 4986 3529 3227
f 3073 590 5978
f 797 1705 1828
f 5535 1578 1676
f 1578 5535 1579
f 2854 2857 1249
f 3497 1446 1445
f 424 1446 2411
f 1243 3338 2191
f 5912 1331 6609
f 2529 2530 6563
f 1281 4300 1724
f 4056 5241 6874
f 5983 4243 1374
f 6731 5890 5983
f 2286 3753 5183
f 6844 1220 3722
f 1934 5992 369
f 4162 2154 3880
f 5453 4791 2681
f 5998 3840 3839
f 2998 2358 3840
f 290 491 2008
f 6778 2244 376
f 5690 2244 6778
f 2244 377 376
f 5432 2244 1258
f 3828 5432 3480
f 6321 3885 5479
f 6648 2477 2868
f 2477 6648 804
f 1992 5572 1136
f 3595 5572 1992
f 2739 1862 2108
f 1877 5191 4692
f 2358 609 4740
f 809 4890 828
f 5225 5364 2998
f 2186 2984 2395
f 1336 4683 769
f 1005 3917 1336
f 6849 2302 2303
f 2331 1930 215
f 3678 4332 61
f 2782 6047 2571
f 4738 1381 2468
f 3350 518 2341
f 5139 210 2726
f 4574 3748 2726
f 7009 3586 2497
f 4290 497 5470
f 4290 5470 1860
f 2707 5976 4053
f 5262 4555 2361
f 4657 5206 5310
f 5521 2806 4558
f 3298 1227 1228
f 5808 1470 1471
f 5484 3018 451
f 451 1199 450
f 4190 4217 6164
f 3169 1293 1294
f 3318 4218 5286
f 614 4603 6324
f 3808 2785 4392
f 3403 2873 1524
f 4456 1349 2717
f 1349 3278 2357
f 4058 2357 3278
f 4968 6832 255
f 4150 4968 255
f 1690 1882 1881
f 1692 1882 1690
f 107 4901 3411
f 5929 198 6571
f 2265 4200 3107
f 3107 2909 2876
f 3983 3239 1233
f 6945 2799 5903
f 3833 6057 2332
f 1205 3833 2332
f 3909 2046 2047
f 4317 3637 6772
f 6776 2386 5279
f 6776 3719 2386
f 6659 2349 6228
f 641 4357 1359
f 1358 641 1359
f 6250 4514 4858
f 4182 693 6252
f 19 3644 20
f 7 6 5577
f 6694 1622 2378
f 5872 1675 2934
f 2934 2330 5872
f 2367 5370 3457
f 6824 1616 685
f 6325 2994 3283
f 1702 3052 3484
f 4635 4510 5541
f 6732 5525 1426
f 5160 3079 4480
f 81 3079 4725
f 3079 81 5284
f 1303 2807 4547
f 3739 1522 3669
f 5962 6608 3445
f 3601 3513 6641
f 1805 6387 1677
f 6589 6285 2487
f 2272 5065 2122
f 4754 6851 5101
f 2994 2969 4419
f 6942 2275 4319
f 4390 1383 5915
f 5118 3503 950
f 2487 6285 6555
f 4745 1046 6430
f 6259 4951 509
f 6429 2945 5837
f 5362 5837 2370
f 3874 292 4812
f 2861 3874 87
f 3050 87 5268
f 2376 4375 4653
f 4951 5143 3055
f 3382 2371 5003
f 716 1046 4772
f 589 2255 1186
f 1186 2256 2838
f 4579 2704 3611
f 3611 2704 1621
f 4466 155 3758
f 4630 2374 714
f 4990 600 5024
f 6728 6359 4697
f 2105 4858 7001
f 5253 5379 4487
f 6334 6826 3454
f 6651 6140 5305
f 2375 107 106
f 2845 2375 1478
f 6153 5400 6110
f 185 3561 3763
f 2605 3369 5057
f 3979 5057 3469
f 5329 5343 5330
f 974 5329 264
f 3883 2727 2377
f 4078 3883 1512
f 4407 4565 1712
f 1204 5169 6633
f 6633 5169 3135
f 5158 4394 2697
f 5317 5319 6816
f 5624 4705 323
f 2378 1622 2379
f 2988 4371 2379
f 2379 1622 2988
f 6043 2378 2379
f 5860 3549 3189
f 3282 5489 3127
f 2957 2308 2383
f 5619 3161 2310
f 2966 6317 679
f 6362 2228 6445
f 5114 3074 4141
f 2316 6875 3928
f 4046 5567 3959
f 6209 4582 3518
f 543 2803 1254
f 984 6964 3862
f 983 6442 984
f 6693 543 6964
f 5907 2900 4371
f 6970 3446 6484
f 3095 5074 5042
f 3483 2559 1160
f 6642 5556 3130
f 3138 3385 3139
f 4131 91 3172
f 999 2355 283
f 6228 2349 6229
f 3651 1227 1229
f 4344 6482 6316
f 5248 5571 5033
f 1143 6142 3816
f 330 6142 1144
f 791 3065 792
f 3951 4594 6713
f 873 4191 6302
f 3284 3025 4214
f 3295 3284 382
f 3976 1068 6702
f 5450 3655 3976
f 2961 4552 2426
f 6877 3137 2698
f 1719 4159 5292
f 5999 2637 4076
f 3124 5843 5317
f 5915 5159 4568
f 5159 1383 6098
f 2387 3023 3849
f 5112 3023 2387
f 4472 4746 6569
f 1580 3300 1676
f 3300 1580 2405
f 6537 2359 5924
f 3927 4815 3512
f 956 1173 1256
f 4370 5288 1411
f 4097 5905 4153
f 5905 4097 5006
f 7002 2794 4928
f 1643 2292 787
f 2925 1455 6902
f 5021 4185 3555
f 2925 2924 4992
f 4077 6904 3662
f 4784 3192 6105
f 1084 3133 5244
f 3731 2389 5934
f 2389 284 5452
f 3555 4992 2924
f 3213 758 2770
f 758 3213 6302
f 5636 5689 2048
f 3177 5846 2967
f 3426 179 263
f 4070 5133 397
f 4070 2088 5133
f 5133 2089 1965
f 4187 4063 5204
f 969 5181 6240
f 2758 6839 2926
f 5886 3484 1004
f 6420 2351 951
f 4999 5368 4090
f 1373 4090 4122
f 3115 6820 3075
f 1073 6982 4209
f 6325 2982 4544
f 3345 1472 253
f 6772 2561 2560
f 1393 2881 6042
f 3345 1393 6042
f 52 3334 5721
f 5100 730 3334
f 2119 2759 2870
f 993 2870 4383
f 2397 145 4206
f 1156 5861 1157
f 2386 2349 6659
f 4440 2052 4532
f 4151 6433 3489
f 4151 4947 6433
f 1700 20 3644
f 6445 4719 4302
f 3183 4466 4344
f 4466 3183 4579
f 4513 5480 996
f 2546 4513 2398
f 1873 2916 6199
f 4568 5159 3043
f 386 1875 4486
f 325 3116 6815
f 3226 685 1616
f 6829 2585 1020
f 1343 5238 1048
f 3316 2289 3833
f 3639 5471 802
f 2507 1036 5539
f 6858 5236 4709
f 6020 2403 2659
f 6787 423 424
f 1218 1722 5786
f 1970 3053 6226
f 5280 3333 3142
f 3268 788 486
f 486 788 4420
f 3337 3268 486
f 6712 5740 6855
f 3004 4560 3075
f 4560 3004 2875
f 2116 5928 5405
f 5160 4480 3800
f 4480 372 4976
f 5223 344 3219
f 4659 2218 5278
f 2218 4659 2219
f 4659 2128 3179
f 4833 5598 6227
f 1293 3169 4803
f 1440 1137 2891
f 5149 4436 3041
f 3335 1435 2475
f 4601 738 2699
f 2901 5659 2168
f 2329 2243 4682
f 1763 5079 55
f 3725 1272 6865
f 6858 1029 1718
f 6337 466 4563
f 4017 997 4881
f 6640 4099 3001
f 6017 6393 2835
f 1408 4381 6980
f 2279 5646 3229
f 5751 1844 1845
f 1152 318 2409
f 1321 2430 6271
f 5369 5548 501
f 6490 2305 3077
f 619 5935 6702
f 2305 4894 6338
f 4950 5708 436
f 3752 3753 3236
f 1859 2582 4254
f 2410 3237 6092
f 3237 6109 6092
f 6675 4915 4606
f 4286 2411 6272
f 5098 4212 3070
f 4055 5218 1535
f 5253 4487 1626
f 1363 4718 3050
f 4744 4718 1363
f 5023 6797 2995
f 6797 2990 1163
f 4449 5343 2038
f 4473 845 5349
f 3727 1870 1869
f 5631 4326 4860
f 3734 4708 880
f 3545 3694 2157
f 3152 514 3891
f 4908 6254 6303
f 4908 3152 6254
f 4809 3471 2896
f 2206 5914 3471
f 6575 5914 1680
f 6808 2896 422
f 6575 422 2896
f 2417 5126 3037
f 3105 6920 2314
f 2191 2576 4039
f 1464 3676 632
f 4574 2726 210
f 957 1576 5909
f 5454 4221 6358
f 2234 2235 2144
f 6254 6986 6303
f 6333 4794 2419
f 6168 2421 6202
f 6229 6202 2421
f 1938 2421 2422
f 1062 4859 2784
f 6897 6524 6397
f 6897 5382 6524
f 5400 6895 6188
f 3605 6144 1139
f 4133 6708 6853
f 6708 4133 6208
f 6645 2124 3855
f 5491 1628 742
f 6161 4135 5949
f 4780 1011 1224
f 4148 3203 1011
f 853 3143 99
f 2171 6590 3086
f 670 2260 2171
f 611 2366 610
f 2317 1832 2318
f 4621 2276 775
f 2019 3011 5665
f 2020 2948 6519
f 3011 2019 2837
f 2837 6288 4589
f 1007 434 4497
f 4975 5031 6520
f 3373 2989 5677
f 3298 4674 2363
f 1924 1923 3446
f 3467 6721 6744
f 4768 3532 2672
f 7002 4928 4448
f 5733 2691 626
f 5078 2492 4650
f 3058 3632 5839
f 6895 4831 393
f 3544 4561 306
f 41 431 500
f 153 6395 6173
f 3773 1485 5626
f 5870 6599 2678
f 6003 1090 1092
f 4070 5058 1403
f 4555 5262 6119
f 4662 6660 847
f 4595 3899 6157
f 3785 4305 4839
f 4357 4305 1833
f 4745 4772 1046
f 5851 3565 6810
f 3117 6249 3989
f 5356 5463 4904
f 4768 2672 5695
f 4871 5395 755
f 1124 4738 140
f 4738 5713 140
f 5930 2012 2430
f 3378 5930 2430
f 2209 3094 3379
f 6187 6397 784
f 1782 3783 6870
f 3685 6349 3005
f 2530 3005 6683
f 4056 5197 6256
f 2529 6873 3685
f 3985 5429 2885
f 3661 631 1907
f 6335 2525 1907
f 2272 2121 6120
f 4765 1895 3861
f 5252 4808 4765
f 65 64 1286
f 5941 1466 687
f 1466 1648 686
f 5469 1648 4432
f 1720 402 2250
f 5481 2844 5421
f 1887 3012 5421
f 1623 2988 1622
f 1623 1871 3026
f 4106 1623 3026
f 468 4533 467
f 3559 6126 4969
f 6026 4386 4535
f 4176 6396 2976
f 1823 1824 6425
f 847 6660 3090
f 6410 2666 3436
f 4890 809 5793
f 6729 1382 3830
f 437 6355 6793
f 4885 5059 3021
f 193 3315 5758
f 2543 3682 680
f 479 5929 6571
f 4048 4231 2436
f 1871 4312 3026
f 4312 1871 4134
f 4312 5455 4106
f 1346 2414 4583
f 2414 2959 3545
f 3085 2660 731
f 5125 5217 1102
f 91 3087 6781
f 91 4131 3087
f 5211 4649 122
f 6679 4358 5257
f 3701 6991 291
f 6612 6406 1065
f 4562 3118 5390
f 2978 1818 3118
f 3174 1078 1079
f 2440 5765 5744
f 1045 1511 4132
f 1101 4132 1511
f 2296 3889 3541
f 3541 1519 2297
f 2297 4741 5805
f 1618 3889 2296
f 6826 6334 2296
f 4229 6114 6819
f 2441 3430 1103
f 5209 6385 2511
f 1214 4396 1276
f 1128 1131 1129
f 6290 6257 5558
f 383 4944 2673
f 2673 4944 6868
f 3922 2358 5364
f 1570 3255 1571
f 1467 4055 1571
f 4231 5720 4080
f 3979 3469 5638
f 5229 2135 5271
f 3613 5895 2190
f 4529 6967 6210
f 6210 6967 1798
f 3166 3249 6124
f 5106 3249 3166
f 5673 2445 3192
f 2445 3015 2897
f 5697 4403 97
f 553 6672 1585
f 2350 2002 388
f 2448 837 6993
f 2448 5270 837
f 1966 6261 4804
f 3267 1405 5512
f 786 1643 787
f 4180 3053 771
f 3272 1066 1065
f 4758 4187 135
f 4702 3905 3807
f 6604 6386 3479
f 342 2220 3110
f 5354 4511 4092
f 4511 1822 4092
f 2449 5083 5592
f 2525 4755 6
f 6309 2081 5608
f 4916 1187 6185
f 3524 2060 202
f 6246 5910 210
f 644 5804 1503
f 2167 1843 5616
f 263 5990 4429
f 3475 6893 4087
f 605 5857 3474
f 4672 4329 2148
f 6360 4071 1302
f 1993 5835 5621
f 5835 1567 5621
f 5487 4721 3849
f 3744 2864 5787
f 3293 4756 1615
f 6555 728 6846
f 1590 120 1505
f 1507 1505 1506
f 2972 4962 563
f 5572 5244 3997
f 2245 4975 5917
f 4975 6453 5917
f 5002 3120 5617
f 6870 1039 1782
f 3951 6976 5516
f 4873 395 6638
f 6791 5051 5070
f 3059 5773 3060
f 5124 3451 6726
f 1483 1330 1486
f 1484 3805 2202
f 6999 6592 5610
f 5725 6999 853
f 2665 2779 5720
f 5849 6511 2181
f 4176 4889 4829
f 4322 1576 6248
f 6248 1576 957
f 6811 2915 6345
f 4536 4330 1267
f 3451 3001 4100
f 5244 2659 2403
f 4048 3766 333
f 2826 1023 2903
f 1023 2826 6546
f 6640 3032 5375
f 4509 125 4977
f 4509 4977 4825
f 4977 1560 4825
f 154 2746 2762
f 3611 5669 4205
f 4962 2972 6301
f 6301 2972 5401
f 3477 5121 2281
f 4057 4987 4834
f 4063 3994 5508
f 3994 1156 5508
f 2965 6317 2966
f 193 5758 5907
f 6585 1231 3651
f 6298 1869 106
f 6293 3436 2751
f 6101 4188 1501
f 6101 37 66
f 6101 3854 37
f 6016 1944 4447
f 4561 3544 533
f 3340 3092 5091
f 5091 3092 6944
f 3340 5061 6894
f 5061 3340 5091
f 1717 4709 5236
f 361 2394 4884
f 2468 6367 5713
f 6644 3405 5746
f 4046 186 1370
f 4448 5454 6055
f 1515 1497 929
f 3967 4805 6959
f 5641 1528 935
f 5055 6886 3336
f 6886 5055 3461
f 4064 2807 4596
f 3361 3686 6138
f 2470 4574 212
f 3347 3084 1024
f 220 6218 2962
f 4916 4785 6196
f 3453 3410 6323
f 4671 2466 6471
f 335 5250 5398
f 5134 5401 1667
f 2888 530 6415
f 6664 1430 2638
f 6491 3010 829
f 1824 4000 5071
f 2211 3865 2201
f 2472 5594 3599
f 2344 2642 2473
f 168 6636 5484
f 3615 2030 182
f 2675 652 651
f 2676 2675 651
f 4696 5520 2886
f 2690 2474 3887
f 6243 5919 3102
f 6479 3330 1274
f 1274 3330 1434
f 4441 2285 4458
f 157 6787 424
f 1120 2905 711
f 709 711 2905
f 3358 711 2252
f 4343 3467 2233
f 4474 3603 3724
f 3097 1291 6847
f 3098 1291 3097
f 3100 1789 6835
f 4470 1789 3100
f 1789 4470 4452
f 3052 2390 3484
f 5678 2888 4868
f 6801 6466 3612
f 5242 6779 6638
f 2503 4183 5172
f 3479 2868 2477
f 2102 903 2478
f 438 437 6296
f 4736 3190 2230
f 6088 5904 3096
f 2184 6301 6828
f 4833 884 883
f 3176 3521 2812
f 3521 3176 2772
f 1659 776 6646
f 5640 2869 3602
f 4526 3081 1786
f 4526 2253 6624
f 3183 4344 2372
f 6058 6898 461
f 3507 1540 3389
f 340 341 5304
f 3095 5042 2479
f 6378 6379 3470
f 5554 448 1986
f 6096 2838 5554
f 6963 5350 4002
f 5350 3893 4002
f 4154 2353 4434
f 3911 2101 1620
f 5785 4062 4487
f 4062 5785 2070
f 3590 5499 1171
f 2673 2290 383
f 6590 4906 4605
f 4950 2792 3688
f 2792 4950 1375
f 622 3346 332
f 688 4310 1791
f 339 3548 4310
f 6088 2910 5904
f 3148 4652 1803
f 2450 5592 4978
f 6277 6618 1162
f 6643 6618 975
f 3415 4479 6997
f 2485 5942 2736
f 5984 1269 5709
f 2340 3868 3112
f 5646 5066 3229
f 3039 836 4474
f 5184 6753 5926
f 4018 391 6004
f 3027 4404 4206
f 1588 2489 5418
f 5418 2489 3794
f 4789 5369 3277
f 5699 3409 2491
f 6364 4435 658
f 5038 3434 5138
f 1376 3799 5038
f 4674 2055 6688
f 539 2101 4269
f 6251 3400 5254
f 944 3669 1522
f 2748 4123 6196
f 5602 2258 5427
f 5513 5602 1141
f 6584 142 6043
f 4336 5144 5249
f 4389 5531 6648
f 4305 3785 158
f 3786 3785 6809
f 1833 158 160
f 6884 3782 2482
f 2403 6039 5244
f 5548 6517 1049
f 1375 5607 2792
f 1524 2663 645
f 1524 2873 2663
f 4292 4234 674
f 2062 5008 2964
f 4278 5924 2359
f 2918 4278 3341
f 6791 5070 1458
f 3954 1552 2246
f 6670 1252 1540
f 4868 6239 6737
f 2217 4945 6433
f 5059 5751 3163
f 6207 3780 3089
f 2399 6811 1456
f 1357 1129 3294
f 5505 2241 3180
f 2090 1670 496
f 6927 1928 2330
f 2725 175 2552
f 4165 3718 1312
f 5070 5051 2456
f 2502 6059 4912
f 5367 2502 4912
f 1053 6955 363
f 1684 1053 363
f 6816 4587 1051
f 3998 3878 3896
f 4859 3878 6583
f 6750 3861 3488
f 6260 5579 5121
f 5886 1702 3484
f 5808 3575 1470
f 771 1970 772
f 1066 3272 3851
f 4003 6817 1270
f 4237 2842 2561
f 369 4422 2703
f 6102 2464 5081
f 4155 3168 5986
f 834 835 3560
f 1734 6474 1735
f 1906 6861 5834
f 1400 2892 4559
f 4559 4775 1400
f 3514 6068 640
f 6068 3514 4517
f 1067 4468 856
f 124 5604 5567
f 380 5698 297
f 5437 942 5938
f 4112 5200 3088
f 4356 5906 4644
f 5858 2977 4127
f 3843 1721 4788
f 4880 2504 6155
f 6923 2601 4247
f 4187 4758 602
f 4708 4211 6960
f 4211 4708 1826
f 4729 395 3232
f 4859 6583 2784
f 6288 5153 4589
f 3273 755 5395
f 1037 6970 3468
f 3486 5539 3216
f 1827 577 911
f 5424 1730 1847
f 1731 1729 556
f 2853 2695 2857
f 2854 2853 2857
f 3177 3548 1918
f 5846 3177 3028
f 5305 1025 1024
f 1403 5058 4235
f 4118 3033 3034
f 1767 2047 2046
f 5195 2364 1823
f 6421 2932 4101
f 916 6269 915
f 5590 3832 1459
f 4149 2611 1246
f 5860 6904 4077
f 1886 4580 3560
f 6063 110 2562
f 4653 5710 3679
f 148 475 6406
f 5738 5250 335
f 5529 5250 5920
f 5685 2513 2514
f 5685 3076 5125
f 351 1319 6418
f 3472 1318 2157
f 4104 5815 2071
f 2182 1913 4232
f 3044 5288 3309
f 4459 3652 6500
f 2770 5097 4008
f 6939 2516 345
f 1299 5634 5040
f 589 4303 6604
f 5018 6328 3806
f 2443 1958 2442
f 2065 2442 1958
f 2958 2775 988
f 5436 1526 2811
f 1171 5436 3590
f 6783 6094 3449
f 3308 2953 4054
f 4240 2777 5594
f 5696 3771 2472
f 1409 1089 1222
f 1410 1222 1411
f 3436 2666 2751
f 5670 3050 3826
f 3712 1678 3312
f 2192 1459 1458
f 5036 4696 3824
f 6891 3762 2424
f 5334 5588 5283
f 5562 5588 5334
f 5283 5588 125
f 2093 2761 6974
f 4220 1732 2384
f 5776 5995 2319
f 5023 6193 3068
f 6799 3035 2980
f 3933 2520 128
f 3383 5889 6040
f 6045 1705 1707
f 577 576 6045
f 681 577 6045
f 1343 1048 1047
f 5778 2523 4841
f 2963 3626 2142
f 1023 6546 1022
f 2557 5534 2558
f 6584 6043 2900
f 6829 2188 2585
f 4352 6711 5816
f 1962 2263 980
f 6806 2385 3965
f 5150 6943 4570
f 5150 738 6943
f 3712 3006 1861
f 5766 5406 5546
f 4577 2126 6394
f 5175 4895 2527
f 131 2523 2524
f 2523 131 4841
f 2100 4269 2467
f 6451 2100 2467
f 3968 869 1851
f 3846 2583 1157
f 5300 2448 6993
f 5300 2921 2448
f 6369 3220 840
f 4837 5569 6220
f 4938 3949 171
f 5794 3390 6577
f 3390 6733 3003
f 2399 1456 2400
f 6811 2399 2915
f 3006 3712 2161
f 871 872 6344
f 1525 3944 176
f 4374 401 4832
f 2438 4108 4935
f 6563 6054 2529
f 1965 2089 2835
f 3554 2967 5846
f 870 2288 754
f 4114 2556 2622
f 6483 1844 761
f 2358 3922 5496
f 6149 6095 325
f 5871 2406 6831
f 6903 2406 5871
f 6508 3309 4370
f 1050 1695 6690
f 4207 3535 2793
f 5634 1508 6570
f 3667 6570 3197
f 6845 1509 3154
f 1264 1876 1880
f 6119 5262 1045
f 2532 6548 1668
f 6548 2401 2402
f 5522 1306 5198
f 3209 2795 1195
f 2054 1071 1585
f 1071 2054 2055
f 5540 1975 3181
f 2773 2903 621
f 2446 2903 1023
f 6449 2908 2904
f 4856 4298 5440
f 810 3704 6441
f 4118 1723 56
f 825 1933 5415
f 5413 4875 5232
f 6800 2535 2368
f 1388 3642 2537
f 2153 6595 9
f 894 2091 831
f 3002 3679 5273
f 3002 2376 3679
f 4592 6523 5227
f 5649 5458 1606
f 2457 5082 3030
f 3921 389 388
f 6195 6372 430
f 3474 6106 2538
f 6106 3474 6872
f 3474 5857 6872
f 6731 3512 5890
f 5504 2540 1029
f 3355 1133 3209
f 1961 2796 3209
f 368 6246 2727
f 5852 1753 4668
f 45 2940 391
f 4880 4496 2505
f 4496 4880 4712
f 4032 4276 2072
f 1900 4963 3105
f 2720 1357 2541
f 1856 4690 3220
f 4949 1641 7013
f 740 739 2850
f 3080 2812 3521
f 4037 6542 2627
f 3621 1259 3580
f 3660 6529 2735
f 2735 6061 3660
f 6406 6612 6362
f 4076 6176 4499
f 3449 627 6389
f 2090 3761 1115
f 2543 1877 6501
f 2746 2352 2762
f 1592 6679 5257
f 5257 6027 4197
f 1518 219 3024
f 4345 1518 3024
f 5032 3779 2399
f 6900 3923 4275
f 3709 6900 4275
f 4214 4693 5495
f 928 1121 6170
f 5617 4689 105
f 365 3857 6123
f 6399 347 5212
f 6681 6994 347
f 910 587 3328
f 4702 3807 2974
f 4212 4617 3070
f 4513 673 3584
f 4677 672 2546
f 6197 4464 364
f 6956 5753 613
f 6244 595 961
f 6447 5790 406
f 1196 6692 4920
f 5122 6009 1270
f 592 5425 3599
f 4129 2441 2001
f 5185 4608 3499
f 3583 4633 1201
f 4628 2767 4941
f 970 5418 2607
f 676 2551 2274
f 6078 2274 2551
f 6297 5909 5103
f 3605 2424 6144
f 4729 5391 1915
f 3010 2471 6108
f 3081 3831 6838
f 3144 1747 5111
f 4504 6151 227
f 6469 1242 5103
f 6128 3099 2919
f 7004 5697 4422
f 1217 2498 5678
f 3373 3212 2041
f 3517 6941 2554
f 2428 6111 2492
f 4042 1988 6131
f 5035 3947 4042
f 3083 3498 4331
f 5578 6792 2348
f 5159 6098 2633
f 6737 635 4694
f 5796 5030 5639
f 5802 201 5583
f 5803 5839 5611
f 3226 2500 2911
f 5212 6994 2545
f 1594 373 374
f 3694 4255 2184
f 3122 45 44
f 5666 2968 5691
f 5691 3319 3362
f 1308 6109 5878
f 4625 1308 5878
f 6380 1002 5180
f 5316 6747 4037
f 5030 6098 5445
f 707 3082 708
f 4414 6221 3715
f 1297 6099 5623
f 6902 2558 2292
f 6033 3863 2526
f 1952 6934 2176
f 3582 6207 2176
f 2277 5683 5587
f 5927 5620 1125
f 6710 2164 179
f 5990 6186 1992
f 5566 3942 1063
f 2650 6399 2729
f 6411 1399 5270
f 4130 4362 6594
f 749 2125 6887
f 6243 2207 1601
f 6613 4522 5746
f 6727 3123 3078
f 3710 6727 3078
f 1539 982 3608
f 1913 1598 1726
f 4834 4987 5022
f 5617 105 5002
f 2759 5617 4383
f 1904 708 3082
f 572 2693 1064
f 572 1064 771
f 5557 4259 3201
f 4743 3891 514
f 3771 5594 2472
f 2777 4240 1345
f 6912 3407 1829
f 4957 6757 3502
f 3502 6757 4585
f 417 1673 620
f 373 1898 1897
f 1601 1600 6243
f 2600 5423 2665
f 4329 4255 6526
f 6809 4441 3786
f 3956 6794 181
f 4632 5432 5952
f 3101 3527 1122
f 347 3654 6681
f 3957 2439 848
f 2439 3957 504
f 3234 2142 4786
f 6999 5610 4515
f 3076 4618 3492
f 5256 1373 4122
f 681 774 6574
f 3298 4713 1227
f 3670 4920 6692
f 2640 2018 5648
f 5693 4827 3043
f 4798 426 2642
f 4280 845 6567
f 519 6807 6578
f 5237 575 576
f 1525 6720 2997
f 2008 4566 6295
f 4109 5214 4558
f 3553 4109 2348
f 3633 1221 6502
f 1920 3134 1919
f 2516 4050 345
f 2846 3113 4154
f 6573 512 511
f 5140 4722 3059
f 3862 3505 4094
f 6327 5098 4663
f 5158 1 3124
f 409 3583 2923
f 3248 2486 2859
f 802 2245 5917
f 5987 2482 6010
f 5227 5458 822
f 5240 3531 2332
f 6942 5916 1083
f 5662 2955 6541
f 3721 440 441
f 6092 1307 4961
f 5210 4435 82
f 5016 5374 5325
f 2220 4548 3110
f 4548 2220 2219
f 1587 2674 6076
f 719 5012 2419
f 2419 5012 6303
f 5016 3003 6733
f 4028 2578 3391
f 3391 6709 4028
f 4547 3391 1303
f 6174 2693 6584
f 3025 3284 3295
f 6254 5681 2579
f 1906 5834 1400
f 1752 2742 5859
f 1272 3755 2338
f 970 1588 5418
f 5066 2221 1000
f 5485 670 4942
f 4942 670 4997
f 2270 6065 5204
f 5204 6395 90
f 5363 1225 2723
f 2256 2581 2838
f 4703 986 1183
f 6862 2766 188
f 6061 2735 2539
f 2282 6348 733
f 3497 734 1325
f 195 487 4940
f 935 1395 2294
f 1394 935 1528
f 2294 1395 3378
f 6040 5982 3965
f 5664 1135 2668
f 4849 2077 1086
f 234 5318 235
f 2339 234 235
f 1503 893 3320
f 5731 4366 5179
f 4447 6578 6807
f 2905 6049 709
f 2582 1859 2656
f 4323 5376 1598
f 6476 3081 6877
f 4635 5718 1135
f 2994 6325 2969
f 6107 399 4084
f 4481 4524 6883
f 3287 1325 6348
f 2585 4587 1020
f 6814 677 6481
f 2538 6106 6958
f 5332 1698 923
f 6639 5840 127
f 6639 2997 6720
f 127 5840 126
f 4558 4939 6623
f 160 159 3086
f 5970 4586 668
f 2355 999 5438
f 6990 2406 6903
f 6801 5650 6644
f 4383 5617 3120
f 4771 5352 395
f 499 6019 2700
f 2743 499 2700
f 2235 3064 4049
f 3353 5245 453
f 1069 2790 1070
f 2588 4016 6178
f 4016 6149 1230
f 1230 1028 6178
f 3540 5396 6082
f 4773 1003 5691
f 6171 3385 3138
f 2115 4970 4089
f 7008 217 129
f 1933 3305 5415
f 2591 1068 5495
f 1067 2591 2931
f 3748 634 5230
f 3748 5230 470
f 4054 5654 1226
f 5579 5266 3008
f 3008 5266 5375
f 2477 804 6012
f 961 2190 6416
f 4713 3298 3106
f 2528 4419 3262
f 2070 5785 1716
f 2070 1716 2594
f 6268 460 6283
f 1652 5956 177
f 4368 71 3760
f 6530 2466 932
f 2466 1603 6471
f 5111 698 5307
f 4231 4048 2437
f 6973 2016 4520
f 6610 5436 1420
f 1308 6092 6109
f 3727 1869 2463
f 6021 6751 2407
f 6223 6635 865
f 4634 5898 378
f 2488 378 1821
f 2488 2601 6753
f 2601 1821 4247
f 3258 5107 1693
f 951 5883 2876
f 5631 5260 1369
f 5284 371 372
f 371 5284 5604
f 5374 5016 2287
f 753 2287 2602
f 2767 3672 5422
f 3831 6773 6838
f 2023 6905 4105
f 3816 6320 538
f 6320 6687 3360
f 1279 2936 3019
f 592 5302 2604
f 4278 2918 5924
f 2918 3341 5255
f 5134 4102 349
f 4793 1182 4416
f 6690 4821 1883
f 3269 6517 1050
f 4098 3794 2489
f 3288 5118 6868
f 2942 4211 1826
f 5247 6157 419
f 4292 2496 2173
f 3394 462 6774
f 736 5795 6495
f 6140 736 5338
f 5570 521 522
f 5842 1408 6843
f 4577 6447 1273
f 6575 6484 5783
f 5306 6332 6483
f 1844 6332 1845
f 4389 2868 6386
f 6734 1271 6130
f 740 1064 5657
f 5657 1064 2693
f 4862 6061 2862
f 3427 2581 449
f 1971 4369 1422
f 1773 1771 1772
f 6935 6443 2584
f 3723 2663 2873
f 6554 2636 6212
f 6452 2574 5814
f 4545 3112 6037
f 2680 1925 1924
f 2680 1037 2521
f 762 4188 6101
f 3586 3135 2497
f 6633 5557 4984
f 4401 922 6439
f 2609 6676 1314
f 5299 306 639
f 4958 4478 4436
f 4049 2144 2235
f 4981 2089 2088
f 3421 2422 3420
f 1034 3420 2422
f 3420 1034 2977
f 3420 2977 5858
f 4495 4479 3415
f 2896 6808 4809
f 2169 3514 640
f 1028 1230 1229
f 3047 2710 2709
f 4472 6569 2608
f 1296 1754 1755
f 711 3358 3091
f 4823 2595 2614
f 6021 4405 1885
f 5386 2096 3857
f 4953 258 257
f 6048 5812 5632
f 714 2733 1344
f 2057 6350 2751
f 2824 6804 2616
f 572 79 2693
f 6062 6474 6729
f 5410 5314 2547
f 2547 5314 2618
f 780 5656 223
f 4064 4596 3176
f 4868 2888 6239
f 3029 4241 6118
f 1250 5011 2603
f 1221 3633 6391
f 3129 1221 2175
f 6391 2175 1221
f 1176 6740 1174
f 5663 2619 936
f 3720 2613 5509
f 1116 5100 2388
f 3132 4335 6339
f 5589 1271 5345
f 4438 2089 3557
f 4438 3557 5992
f 4438 2531 6017
f 4351 2253 5794
f 4351 6777 2882
f 4819 1793 195
f 1543 1793 4620
f 2882 2603 5011
f 6624 4351 5011
f 5596 5630 2155
f 5596 3057 4704
f 1177 4158 3417
f 4569 6457 5712
f 5791 2091 894
f 1591 4424 2487
f 558 4424 1198
f 4612 2674 1587
f 2636 6554 2621
f 4544 2982 6401
f 6278 2622 5901
f 2833 2622 2832
f 4757 2832 6278
f 6510 4757 6278
f 4114 2833 2590
f 4216 4627 5024
f 4921 1362 2867
f 6077 5082 1629
f 4987 3030 5022
f 5129 4634 2700
f 1221 3129 1089
f 2623 970 2818
f 6559 5552 690
f 5038 690 1376
f 5485 4942 5986
f 4501 3732 2624
f 4249 6560 407
f 6613 240 4971
f 2344 2473 168
f 6638 3707 5716
f 2740 5162 6760
f 5808 5340 5162
f 5977 4989 678
f 5977 846 4989
f 5055 5670 4477
f 6913 5968 2881
f 3686 3361 546
f 1847 6741 3515
f 796 832 2158
f 2625 6650 4306
f 1596 2625 1597
f 4710 823 5465
f 1155 1708 2626
f 4159 2451 455
f 4467 1958 2443
f 398 3576 1371
f 2361 1556 1335
f 832 2899 4227
f 7015 4679 2797
f 4261 2993 6163
f 264 5329 2158
f 5335 1297 2628
f 4623 5335 6190
f 1071 1586 1585
f 4136 4067 675
f 4484 6539 3663
f 2437 2016 2600
f 2600 4231 2437
f 1462 4372 1819
f 5498 3108 6718
f 2363 2947 2629
f 304 2629 2947
f 2460 2664 2459
f 6103 6890 1646
f 6668 4177 2114
f 6370 6276 5706
f 882 3843 4788
f 5230 634 74
f 4931 3253 3068
f 4217 4691 6164
f 4610 2818 2952
f 6239 635 6737
f 6368 4577 6394
f 4446 2730 662
f 5394 3572 5493
f 5757 4871 755
f 6375 1582 1581
f 4666 437 6793
f 2590 5209 4114
f 673 5882 6456
f 6545 2160 2634
f 2821 6367 4228
f 1292 393 331
f 1069 1765 2588
f 3292 3809 5870
f 2591 2590 2931
f 5495 4693 2591
f 3313 3373 2041
f 4363 728 6285
f 3540 6843 6699
f 5264 4613 5120
f 4031 1059 6448
f 2947 6688 2946
f 1193 3805 507
f 507 3773 4806
f 4806 3773 4279
f 5494 1883 198
f 1574 406 870
f 4739 1220 138
f 3146 3742 1967
f 4724 2915 2791
f 4724 2791 489
f 2399 2791 2915
f 5792 3968 2999
f 2624 2004 510
f 2725 4198 6876
f 1904 3082 559
f 4277 559 3082
f 3772 559 2014
f 3978 4236 550
f 3978 550 750
f 5935 3661 3108
f 3108 1907 6718
f 4332 2525 6
f 324 1092 1091
f 2417 6458 3323
f 4791 1208 1207
f 2859 4711 3230
f 2859 3230 2334
f 4904 3067 243
f 2925 3067 1455
f 3848 243 3067
f 3848 4127 243
f 4127 3848 2434
f 3848 2230 5461
f 3310 2762 2352
f 6384 1088 5419
f 5419 1088 3061
f 2981 6502 3051
f 6008 4044 494
f 6453 6520 3455
f 6335 1722 1723
f 3294 778 1357
f 1132 3824 1131
f 2866 3262 4419
f 6045 1707 681
f 2276 4621 1707
f 6664 300 1864
f 3508 4171 4799
f 3296 1103 1104
f 2710 2760 2709
f 2760 2710 2761
f 4261 4743 2993
f 531 4146 3136
f 1587 143 6765
f 2174 4895 6314
f 7016 2939 2174
f 4895 2174 2939
f 2640 2641 5537
f 866 1420 2811
f 6820 3115 2009
f 2010 4792 2009
f 4185 5307 5675
f 3074 5114 3104
f 6323 4862 2862
f 5018 4317 6328
f 413 4801 5564
f 4801 413 6631
f 5456 6589 2996
f 3620 5456 39
f 1425 2643 1715
f 1424 1425 1715
f 6944 3598 493
f 3803 4485 1181
f 976 6643 975
f 3296 3837 2001
f 6149 3651 1230
f 4571 6757 4957
f 6965 1465 1788
f 4899 1861 4875
f 5630 5596 5531
f 3367 6298 1879
f 4496 5844 1733
f 3572 1576 5493
f 6586 3573 612
f 2106 7019 6250
f 3370 3371 6966
f 4177 5026 1903
f 436 4456 3265
f 2971 2970 5189
f 1682 4241 3029
f 6348 734 733
f 5812 5880 2138
f 5275 6716 4388
f 1082 3083 1054
f 6800 558 2535
f 5506 6093 5258
f 603 2462 1560
f 4316 3401 1461
f 6848 247 3617
f 2479 2303 3095
f 6290 3352 3788
f 4596 2807 6381
f 4229 2954 268
f 238 5988 4994
f 1988 4042 3947
f 2629 3106 2363
f 2363 3106 3298
f 737 4499 4139
f 1714 1715 3756
f 1714 3756 3020
f 3336 3050 5670
f 1332 46 48
f 4303 1516 6604
f 5457 1365 1891
f 2646 2645 2267
f 727 3958 2647
f 2785 3416 4392
f 6705 6383 2069
f 2871 6705 2069
f 4511 2686 5387
f 3461 1778 4475
f 2304 2542 2819
f 6652 3946 2142
f 6749 5994 3946
f 4664 5772 5944
f 3755 5821 2338
f 4998 2003 2338
f 6550 4998 2338
f 3956 1303 2578
f 6886 3461 814
f 2641 5693 3950
f 3938 2484 5693
f 3950 3792 2641
f 3792 3950 4927
f 5537 2641 3792
f 1018 2652 6948
f 961 5512 2190
f 2512 4188 3045
f 3637 6089 6772
f 6006 5525 1407
f 4231 4080 2436
f 5383 4059 1703
f 3954 2246 6774
f 2521 1912 1728
f 5459 5720 3636
f 2691 5733 627
f 5438 627 2355
f 4560 2875 601
f 925 5871 6253
f 3557 6831 3156
f 3126 2830 5988
f 6306 3126 5988
f 6988 3127 5168
f 2623 2818 3128
f 355 3128 2719
f 4097 6200 5006
f 1222 3129 4966
f 3130 3385 2102
f 2478 3130 2102
f 1753 6968 4668
f 4091 4879 7016
f 4335 3132 6936
f 1730 3261 6742
f 582 6220 1825
f 3525 127 126
f 3521 3134 3080
f 4050 6217 345
f 4620 1544 2603
f 4620 2603 2882
f 4146 531 5250
f 3137 6344 1194
f 2698 3137 1194
f 3532 6877 2698
f 6915 1040 1575
f 6915 1575 5170
f 4281 3138 6968
f 3139 4668 3138
f 6125 2583 4108
f 2175 1751 5321
f 3140 1486 1330
f 431 3140 1330
f 3141 6950 1743
f 570 3141 1743
f 3162 3142 1971
f 3333 5280 1970
f 6173 5508 1156
f 5198 1366 503
f 3143 3765 3867
f 1388 5272 1737
f 5307 3144 5111
f 3144 5021 3692
f 4553 3146 5920
f 2752 3146 3038
f 4614 3148 2895
f 4652 3148 5686
f 3852 4295 2339
f 4149 3150 1414
f 6310 3150 6373
f 5916 1340 4903
f 5249 5144 273
f 4451 3151 4364
f 708 6072 379
f 1383 1026 3697
f 3697 6486 2790
f 419 6157 6997
f 5293 6126 2744
f 1979 3153 1147
f 166 6845 3154
f 3154 1509 1121
f 1257 1173 6315
f 6315 1173 602
f 3156 6751 369
f 5992 3156 369
f 3157 6392 215
f 3157 215 1930
f 252 5614 7013
f 5945 6030 6011
f 5468 3920 236
f 5043 6424 564
f 4493 3158 53
f 7019 3159 2185
f 5324 991 1339
f 991 6645 471
f 422 3160 6808
f 4619 4516 5658
f 104 5426 2433
f 2310 3161 104
f 3162 1971 1422
f 6490 629 4894
f 3021 5059 3163
f 4790 3164 6143
f 5104 3164 5147
f 3352 1759 5964
f 1759 1760 3045
f 4677 6608 5962
f 5862 3464 512
f 6617 6463 3166
f 5106 3166 6463
f 5137 6387 1805
f 5960 3167 5344
f 6015 5442 3829
f 4888 6703 4144
f 4144 1242 3111
f 5689 5314 1480
f 4329 5585 4962
f 2148 4329 6526
f 1305 5522 2280
f 3168 6862 6899
f 4875 1861 3006
f 6361 3147 7000
f 3376 2667 955
f 2668 955 2667
f 3171 1423 4035
f 3172 6395 153
f 6521 3172 153
f 3432 2139 2040
f 2724 3357 2238
f 2118 3173 4855
f 4022 894 5459
f 3304 2564 2783
f 2564 1006 2783
f 5010 417 620
f 2475 417 5010
f 4624 3174 6223
f 143 4238 6414
f 1587 6076 4238
f 830 5875 3907
f 3175 851 2388
f 6249 3176 2812
f 3177 1918 4882
f 3028 3177 4882
f 2791 3178 489
f 3179 2128 275
f 2219 275 4548
f 5126 6984 1281
f 3180 2660 3085
f 4035 3180 3085
f 3181 1976 4622
f 4021 3181 4622
f 1746 2309 5111
f 2309 698 5111
f 3182 909 4219
f 992 2222 3182
f 6308 4856 5995
f 3183 2372 2313
f 4579 3183 2313
f 3184 6035 4626
f 3185 1975 2446
f 2445 3185 2446
f 3766 3186 333
f 3766 3444 3186
f 4746 4245 6569
f 3925 6840 5256
f 869 868 3187
f 3189 1403 5860
f 2088 1403 4981
f 3549 5860 4077
f 812 3191 6869
f 3775 2013 1394
f 3192 2445 6105
f 3192 4784 3662
f 4209 2547 2618
f 2926 226 2758
f 3193 2406 2407
f 6751 3193 2407
f 1919 5007 3194
f 5007 2659 3194
f 3195 855 2750
f 2750 2599 3195
f 288 4727 5451
f 6440 5451 289
f 2977 3196 243
f 2730 3197 4181
f 1041 420 1654
f 1041 1654 2300
f 2178 3199 6802
f 3102 5919 6617
f 5328 6515 3200
f 6515 3481 3200
f 2352 1615 4756
f 4266 3746 418
f 4266 3894 3746
f 6208 4946 4665
f 2904 3666 3201
f 3202 2034 816
f 815 3202 816
f 1031 99 3143
f 5933 5276 3203
f 1011 3203 1224
f 4540 3204 4415
f 533 3204 4540
f 6015 2872 1201
f 2920 3829 5442
f 3205 2563 2493
f 68 67 3205
f 3185 3206 1975
f 6120 3208 5214
f 2121 3208 6120
f 2795 3209 2796
f 3356 3355 1195
f 3210 3903 1016
f 6491 2247 6924
f 2247 6670 6924
f 3211 2783 2565
f 906 3211 2565
f 3212 2553 6089
f 3213 2770 3425
f 3214 74 634
f 3837 2301 3215
f 3719 3935 3216
f 213 484 483
f 3217 6537 2887
f 2185 3217 2887
f 4697 6359 3218
f 6671 2956 6527
f 4751 6671 2427
f 5669 1856 3220
f 4820 5854 6407
f 3223 1692 1783
f 5584 3224 683
f 1415 3224 682
f 1300 3225 5834
f 3226 1616 5259
f 4492 3226 5259
f 3227 3088 4986
f 3529 4986 3073
f 5602 924 3228
f 4660 3228 924
f 79 573 141
f 6388 2942 1826
f 6388 2347 6860
f 5066 5646 3182
f 4036 6269 5833
f 6269 4036 1549
f 3230 4591 1799
f 17 3231 4860
f 4873 5777 3232
f 395 4729 2423
f 3233 6131 1988
f 3744 3233 1988
f 821 3234 5879
f 3235 3830 1382
f 6474 3235 1382
f 3864 3237 2410
f 6109 3237 3864
f 3830 1987 5988
f 256 5988 1987
f 5736 6679 1537
f 5736 1537 6060
f 6788 3238 3501
f 4233 3691 3344
f 4071 2325 2324
f 4821 5163 6571
f 2946 3684 2947
f 1233 3239 6803
f 1284 101 2327
f 1858 5290 3971
f 6866 4309 5480
f 5749 5311 5384
f 3241 2919 3099
f 4747 3802 2308
f 1149 3242 717
f 2512 4214 3025
f 3243 6886 2861
f 87 3243 2861
f 957 2017 3244
f 3606 2017 5957
f 2944 3245 2515
f 5164 6755 3246
f 2306 3246 1021
f 2808 3852 1674
f 6118 1995 3247
f 3247 1995 6231
f 4975 2245 3248
f 2486 3248 2245
f 1863 3249 6827
f 6124 3249 5896
f 1025 5026 3250
f 7018 3251 4479
f 6997 3251 419
f 5547 4328 553
f 13 3252 4328
f 5179 3817 3822
f 3253 1163 2990
f 3068 3253 2990
f 779 5640 777
f 3254 5393 2033
f 1467 3255 687
f 3256 946 2143
f 3256 2143 4049
f 5779 1415 3257
f 3223 5391 3258
f 684 3478 3259
f 3260 684 3259
f 2240 3260 3259
f 3261 1729 6678
f 2162 2242 6750
f 2242 3860 6750
f 4581 1322 5558
f 4314 5947 5409
f 4690 1855 6189
f 3262 1846 2528
f 4419 2528 2994
f 3263 1946 919
f 1589 3263 919
f 4856 6308 3264
f 2769 3264 6531
f 6647 6662 2743
f 6647 2743 2700
f 4354 3983 2021
f 6207 3089 3268
f 788 3268 3089
f 3369 3269 1427
f 3270 5028 6081
f 2678 3270 6081
f 1134 4874 5094
f 4671 3911 1134
f 6226 3272 1065
f 3053 4180 3272
f 2008 6295 290
f 5740 3274 5745
f 4957 6912 6137
f 1472 1469 3275
f 2267 3275 1469
f 934 5385 3538
f 5056 5585 5385
f 1944 6962 6578
f 465 6962 1945
f 2634 5991 5159
f 2160 5991 2634
f 307 529 5615
f 3276 1893 4670
f 3971 5290 4519
f 6258 3277 4029
f 2792 3278 3688
f 4058 4530 548
f 1444 1443 3279
f 5444 3013 2056
f 2313 2704 4579
f 3280 6397 225
f 225 3411 3280
f 2828 2908 887
f 6418 1621 2704
f 6418 2704 2705
f 3281 4060 1457
f 2644 3281 1457
f 3195 4889 6408
f 4829 4889 2029
f 3282 3127 6507
f 1510 3282 6507
f 1942 5925 1941
f 2982 3283 1940
f 3284 4214 5495
f 6906 2414 3892
f 488 2671 4742
f 5342 2482 3286
f 5987 3286 2482
f 1325 3287 5110
f 5644 3288 6868
f 3903 3210 4374
f 1539 4410 3290
f 3290 6305 3289
f 1539 3290 3289
f 486 3291 3337
f 3292 5838 2676
f 2677 3292 2676
f 323 5047 5624
f 4756 3293 5037
f 1129 1357 1130
f 1131 3294 1129
f 5141 6869 3145
f 1501 3854 6101
f 3025 3295 1501
f 3296 2001 2441
f 1103 3296 2441
f 3386 6411 3297
f 2798 2987 3745
f 5299 1437 306
f 3299 3910 6360
f 1302 3299 6360
f 3300 2405 2935
f 835 1637 3560
f 5900 3301 835
f 5403 49 3302
f 3303 704 82
f 83 3303 82
f 4129 1736 6819
f 6819 1736 2954
f 3211 3304 2783
f 2015 3276 3402
f 4519 3305 5767
f 3306 173 1562
f 2889 3306 1562
f 5775 1166 3440
f 534 3307 6535
f 1389 6905 3307
f 4047 3506 6798
f 4054 5083 3308
f 6783 3308 6767
f 5985 846 1806
f 6377 1745 567
f 5446 6377 567
f 3044 3309 5939
f 4370 3309 5288
f 341 6108 3507
f 2762 3310 590
f 2453 3310 2352
f 6291 3187 3312
f 2161 3312 3187
f 3313 2841 478
f 1480 3314 2048
f 5758 3315 6053
f 3315 193 3490
f 618 3737 6707
f 5726 3316 1205
f 3628 3316 5726
f 3318 2047 1767
f 3319 1003 1004
f 4010 3319 1004
f 4647 5326 1460
f 6987 5975 1460
f 1994 3321 2150
f 2255 3322 588
f 1478 6473 6941
f 6458 2417 3037
f 5363 4727 1225
f 1316 2653 3324
f 781 3324 2653
f 3326 1667 10
f 5921 4473 10
f 3327 2582 118
f 118 119 3327
f 3328 587 3011
f 2837 3328 3011
f 234 4692 5318
f 4833 5818 5680
f 994 1296 2259
f 3329 1812 3835
f 1435 3330 2475
f 3783 6361 6870
f 2915 4724 6345
f 4668 3331 5852
f 4000 237 3332
f 3039 3332 237
f 3142 3333 613
f 4074 4876 6954
f 3706 2238 650
f 2598 6100 4829
f 3334 730 5014
f 5721 3334 5014
f 3335 5010 5742
f 1244 3335 5742
f 3243 3336 6886
f 767 3337 2418
f 2576 3338 1077
f 3338 1243 5843
f 5341 6635 1689
f 1732 6402 2384
f 4950 1732 1375
f 4593 6628 2067
f 3005 6628 6683
f 3339 5998 4081
f 5788 5221 4393
f 6796 2701 731
f 6786 2701 5222
f 5360 2880 4527
f 4101 4527 2880
f 535 3689 1563
f 3341 1756 1757
f 3439 3341 1757
f 5937 3342 1220
f 6910 6944 3092
f 4912 6059 1310
f 1704 4010 1004
f 2520 1097 4230
f 5897 1097 1098
f 3343 6540 117
f 116 3343 117
f 2121 5125 1102
f 1969 969 1030
f 2491 1969 1030
f 3344 1872 2878
f 3691 4233 5761
f 1393 3345 6896
f 3968 5068 5609
f 622 6343 3346
f 2397 3346 5486
f 3680 6775 810
f 3347 3250 1753
f 5574 3347 1753
f 4961 1307 6833
f 1307 5130 6833
f 586 3348 6561
f 3841 3348 586
f 3349 5544 1767
f 536 3350 6498
f 6715 5940 2264
f 2755 4654 6629
f 1320 2294 3378
f 1074 1075 3897
f 3353 453 6219
f 4630 3353 6219
f 7011 5863 4297
f 2991 7011 4297
f 1195 3355 3209
f 6117 1188 1195
f 5248 4838 5571
f 3358 2251 4360
f 3091 3358 4360
f 2572 3359 4787
f 3360 91 538
f 538 6320 3360
f 5017 3361 598
f 546 3361 597
f 3362 3319 5728
f 5728 23 3362
f 4506 6866 3363
f 2212 3363 6866
f 4771 2373 2683
f 1372 3364 418
f 1573 3364 6921
f 3365 2890 4766
f 4071 3365 4766
f 5973 6762 799
f 5592 1226 5654
f 3366 2696 1328
f 1327 3366 1328
f 3411 3797 1879
f 1349 3688 3278
f 3688 5708 4950
f 3368 1202 2207
f 2207 6243 3368
f 3580 1260 5643
f 6200 645 2662
f 6639 6200 5840
f 3469 3369 197
f 3371 3370 6250
f 2883 5854 1452
f 5854 1451 1653
f 4142 3481 6515
f 5595 2359 6537
f 945 4535 6989
f 3991 6081 3372
f 771 3053 1970
f 5922 5498 6814
f 5450 5498 5922
f 3846 2097 2583
f 3212 3373 2553
f 6901 721 3767
f 4822 6466 3740
f 6372 6195 3377
f 6563 3377 6195
f 4685 6110 6188
f 6110 5400 6188
f 4367 6619 5295
f 2575 6470 5295
f 6232 4512 3982
f 6228 4162 6659
f 3379 1268 5806
f 3380 279 3671
f 2452 3380 3671
f 4858 6205 3381
f 3021 3381 4885
f 3382 5385 3215
f 3388 2775 989
f 2874 4079 3302
f 3383 1412 1413
f 88 89 2039
f 2249 2248 4643
f 4643 2248 4655
f 4355 4089 1903
f 4273 6416 5895
f 3384 565 7018
f 6665 3384 7018
f 5873 1905 2557
f 5873 2558 5463
f 5556 1770 3385
f 3139 3385 1770
f 4208 6221 4554
f 3386 2851 2225
f 3677 3386 2225
f 3387 2798 2799
f 4566 3388 1110
f 3389 5359 3507
f 6567 848 4280
f 6534 3390 3003
f 3102 3198 1668
f 3391 2578 1303
f 3804 6116 6661
f 6116 6361 5655
f 1679 2342 6991
f 1301 2342 1679
f 204 205 206
f 891 3393 1758
f 3065 3393 5119
f 3394 109 6925
f 3395 791 2236
f 3908 3395 2822
f 847 4763 848
f 5365 4763 3090
f 3097 3422 3396
f 4189 3396 2670
f 4088 2795 2796
f 4346 3398 1147
f 4339 3398 5881
f 3478 2324 365
f 3478 4464 6197
f 1204 3399 5169
f 4852 3400 2417
f 322 6234 3401
f 3870 3402 1853
f 3012 3402 1852
f 1682 4731 5028
f 3403 1525 1523
f 1440 3403 1523
f 3404 1545 744
f 4364 78 4451
f 78 5091 4451
f 3405 6222 6613
f 463 1552 3954
f 1551 1552 463
f 1951 1538 3970
f 6354 1951 1950
f 4270 4578 3406
f 5630 1242 2155
f 3407 3502 3934
f 3407 3934 1829
f 3817 3408 6859
f 3408 1502 2927
f 3409 2598 2599
f 6323 3410 4862
f 6298 3411 1879
f 2548 1748 5410
f 3412 407 3218
f 6653 2863 822
f 4835 3413 2273
f 3414 249 1108
f 88 3414 1108
f 3267 5993 2495
f 6701 3415 5993
f 3862 7006 3608
f 3416 2785 4198
f 426 6636 2473
f 425 3418 426
f 5137 4854 3419
f 1999 3482 6939
f 6396 3420 5858
f 683 3420 2611
f 683 3421 3420
f 3422 5811 1583
f 2670 3422 1583
f 5927 2496 5620
f 2032 5393 3254
f 4113 4790 2032
f 4430 3424 5641
f 4688 3424 2971
f 2869 3425 1656
f 201 1949 5583
f 2679 5583 200
f 179 3426 6489
f 5734 3056 5864
f 3427 5554 2838
f 2581 3427 2838
f 2033 5661 6978
f 6522 6978 5661
f 2730 3428 3197
f 2820 962 3428
f 234 3429 4692
f 6819 6114 3430
f 5622 3430 1831
f 2051 3431 5123
f 3432 2074 2195
f 6956 613 5027
f 3433 5409 6907
f 3799 1974 3434
f 5251 3434 1974
f 1093 5181 6405
f 5531 4704 3436
f 6348 1325 734
f 3939 6511 5849
f 3984 1636 1635
f 748 192 3437
f 4857 6122 3438
f 3341 3439 5255
f 5566 4524 6091
f 697 3440 1801
f 6338 3661 5935
f 5869 3792 4927
f 6854 5869 2149
f 3442 5745 6631
f 413 3442 6631
f 5993 595 6701
f 4987 2281 5121
f 4682 5825 858
f 6014 5829 5825
f 3955 905 1790
f 698 3186 3444
f 5612 3444 3766
f 3975 6008 5229
f 3998 3445 2127
f 6945 1217 3387
f 6945 3387 2799
f 2680 3446 6970
f 1923 1924 1111
f 2912 294 6936
f 6094 6783 2005
f 3500 5809 1985
f 678 3225 5977
f 6155 5593 854
f 3001 3451 4818
f 2899 3618 795
f 3410 3453 5367
f 5462 6125 4851
f 6517 5548 5369
f 6517 5369 4789
f 6389 5733 4054
f 6389 627 5733
f 4257 4680 3454
f 3455 5099 1547
f 1547 6133 3455
f 3456 5205 186
f 4046 3456 186
f 3458 1563 1564
f 5853 5308 1564
f 1776 2836 1939
f 3459 216 3042
f 659 1871 3460
f 4475 4840 3461
f 6263 3462 6156
f 5520 3463 2569
f 4696 5036 3463
f 3464 5835 512
f 6253 3549 3465
f 4784 3465 2805
f 3885 3559 4969
f 3466 229 3836
f 2208 3466 3836
f 3467 610 2366
f 6721 3467 2366
f 6970 1037 2680
f 5979 5020 3236
f 3714 5516 75
f 1400 5731 5202
f 3369 3469 5057
f 5638 3469 197
f 5762 6777 6577
f 2307 5980 3470
f 3471 6071 2206
f 4180 3851 3272
f 3472 2156 1319
f 752 4361 751
f 752 5247 3473
f 5857 605 5228
f 3475 605 3474
f 2538 3475 3474
f 3476 5243 1098
f 1097 5378 1098
f 4959 4300 1281
f 4785 202 5866
f 3477 2281 6266
f 867 3477 6266
f 6604 3479 589
f 693 5961 3480
f 4817 3828 3480
f 4142 134 3481
f 387 3481 134
f 6833 379 5787
f 1448 4660 924
f 5938 1184 6812
f 4761 5606 3850
f 5194 2943 3483
f 5682 5005 2390
f 3484 5005 1004
f 5034 6805 3485
f 5597 3485 6160
f 713 3486 3216
f 2469 3486 4221
f 4463 5704 6929
f 5705 3487 661
f 525 3487 5705
f 5242 6573 6779
f 767 6750 3488
f 5001 4151 3489
f 4945 3489 6433
f 3315 3490 192
f 5455 3490 193
f 4252 5560 5912
f 4774 3491 1927
f 6893 5217 3492
f 2766 2131 3493
f 1683 2131 3716
f 5933 3494 1432
f 3495 6787 157
f 4495 3495 157
f 3496 1619 3552
f 3496 3552 663
f 734 3497 732
f 1446 3497 1325
f 4320 3498 6749
f 2555 3498 4320
f 3499 2048 2408
f 5185 3499 2408
f 2554 5688 143
f 2042 3932 2533
f 3450 3500 2042
f 4264 1386 3501
f 6788 3501 1386
f 3502 1740 3934
f 4363 3620 3503
f 950 3503 3620
f 1474 3504 2199
f 4933 4844 1625
f 4844 1639 2865
f 787 567 786
f 5332 6102 4260
f 3764 1619 2914
f 2305 856 3077
f 5500 3505 1669
f 3506 884 882
f 3506 882 4788
f 6933 7007 3931
f 570 4218 3141
f 1442 6104 1443
f 2698 1194 6626
f 5561 6626 1194
f 3507 6108 6175
f 6524 149 151
f 6524 151 784
f 1829 4846 6912
f 5075 694 2053
f 5818 2053 694
f 4799 5600 3508
f 5771 3508 2784
f 3509 1256 4299
f 6612 4719 2228
f 5966 4667 1820
f 2226 2365 4667
f 6827 5491 742
f 4282 3510 6761
f 5030 6545 2633
f 6545 5796 2632
f 6087 907 6950
f 5863 3690 2573
f 946 947 2143
f 3361 5017 597
f 6542 598 2627
f 2257 6582 892
f 3513 6103 1646
f 2574 6452 6554
f 4517 3514 2266
f 1213 2639 3515
f 4556 3516 1292
f 3098 3516 1291
f 3517 356 6616
f 926 3518 927
f 6209 3518 4864
f 376 377 375
f 2885 1546 3985
f 5676 2885 3417
f 5676 2299 2885
f 1874 3520 5492
f 6147 1030 968
f 3521 346 345
f 3134 3521 345
f 3015 2445 5673
f 3866 3603 4474
f 6165 3523 221
f 3986 4897 5321
f 834 6500 835
f 6185 6029 3524
f 5436 1171 1526
f 127 3525 6180
f 2572 3525 126
f 3640 3526 6811
f 4060 3526 3680
f 1122 3527 6170
f 3094 3972 3379
f 3528 6437 3665
f 5711 5763 3529
f 3227 3529 2913
f 2044 3530 1223
f 2074 3530 2043
f 6093 7005 1720
f 5998 2713 2998
f 5980 2815 6378
f 3165 3534 1817
f 5395 3534 3165
f 3059 5564 5140
f 3060 5564 3059
f 3535 4207 7021
f 2794 3535 7021
f 3536 1593 1594
f 416 3536 1594
f 3537 2261 2259
f 5768 3537 2259
f 2260 3537 6438
f 6438 3537 5768
f 3459 3566 4082
f 5585 4672 3538
f 1216 2409 5435
f 5435 2738 136
f 3539 3210 1016
f 1016 4268 3539
f 4700 4007 4396
f 5396 3540 6699
f 1519 3541 1520
f 3314 6926 2408
f 6029 1189 3542
f 4934 2819 2340
f 2799 3543 5903
f 3745 3543 2798
f 6198 4070 3902
f 3902 4070 397
f 3544 306 2071
f 3544 2071 5815
f 702 701 5025
f 4213 5025 701
f 2157 1318 3545
f 350 3545 1318
f 163 3546 1277
f 3547 1700 3546
f 2805 3549 4077
f 3189 3549 6253
f 4218 3318 5544
f 5544 3318 1767
f 2730 4181 662
f 4290 6581 3658
f 3550 1977 1978
f 4759 3551 931
f 667 3551 4759
f 3552 5777 6779
f 4109 3553 5214
f 3554 320 3553
f 2348 3554 3553
f 4198 2989 478
f 6132 6859 4094
f 4178 6859 6132
f 1189 6159 1188
f 6159 6842 1187
f 3556 3448 2912
f 4539 3556 2912
f 6831 3557 3125
f 5992 3557 3156
f 3592 3558 2159
f 6126 3559 2744
f 6824 3811 5075
f 1886 4538 1885
f 920 3561 6247
f 3763 3561 6284
f 6371 3562 1148
f 6817 3563 1270
f 2206 3564 5127
f 497 4290 5447
f 4290 171 5447
f 2064 6930 2113
f 1225 6810 3565
f 5772 895 3566
f 4657 5294 2360
f 5965 3882 4684
f 3567 1901 1902
f 444 3567 1902
f 3307 3568 1468
f 4425 3568 6905
f 3619 3569 838
f 2248 3569 4655
f 1845 3163 5751
f 2764 3938 2160
f 4701 96 3570
f 96 2647 3570
f 312 3016 4537
f 636 580 579
f 4385 420 1954
f 1576 3572 5909
f 5569 1657 5297
f 612 3573 5474
f 5382 6897 1875
f 1367 3574 5198
f 1367 3912 3574
f 1470 3575 2842
f 3866 836 4459
f 5821 3576 2028
f 3576 5821 1371
f 4135 343 5949
f 3578 3577 685
f 3949 3578 685
f 599 3578 4938
f 483 482 214
f 213 483 214
f 3579 779 778
f 3824 3579 778
f 2180 3580 5643
f 2181 3621 3580
f 951 2876 3581
f 2909 3581 2876
f 1830 3582 6934
f 5312 4633 3583
f 2923 1201 2872
f 6738 5477 877
f 3070 3584 673
f 2342 3392 204
f 204 3392 205
f 3135 3586 6449
f 3587 270 185
f 3587 185 1613
f 5592 3588 628
f 103 4615 1419
f 2836 3591 1939
f 2130 3591 2129
f 6747 935 2294
f 3592 5528 5213
f 2708 3703 763
f 1086 3593 2708
f 5847 148 4179
f 5847 4179 4239
f 5312 699 700
f 3595 1992 6186
f 1368 3595 6186
f 6257 3788 3596
f 1378 3596 3788
f 2917 1132 1131
f 3597 1440 2891
f 4753 1466 686
f 2152 5114 1498
f 5041 5196 5101
f 4754 5101 5196
f 2836 1428 2129
f 7012 4884 6090
f 3598 5576 4414
f 23 3598 24
f 854 855 6494
f 855 6408 6494
f 3600 547 1378
f 3601 3595 2789
f 3513 3601 2789
f 2931 1660 4468
f 3602 2107 6559
f 5581 821 5458
f 821 822 5458
f 2197 3603 6472
f 3724 5171 3511
f 5658 293 3604
f 5331 3604 293
f 5534 1942 2291
f 3605 2866 3606
f 1135 3607 6412
f 5473 4307 631
f 4307 5377 6551
f 3610 3609 2214
f 5460 3610 39
f 4533 2718 1768
f 4240 5594 765
f 4080 5720 5459
f 6240 5181 3612
f 2459 3613 1018
f 3920 4571 4957
f 3920 4957 6137
f 2676 3615 2675
f 5845 2847 3616
f 2848 3616 5408
f 3617 247 3918
f 3918 2479 3617
f 3618 5008 795
f 4826 4356 6996
f 3733 1219 1044
f 3569 3619 4655
f 4932 3619 838
f 3668 825 1749
f 5462 3668 1491
f 3620 39 38
f 950 3620 38
f 3621 807 1261
f 1259 3621 1261
f 6354 751 1538
f 5918 1950 4017
f 5291 3622 1531
f 4437 3940 5291
f 6568 3623 949
f 3416 3623 6568
f 6344 3624 1234
f 3624 3137 6838
f 1984 4673 3589
f 3625 3155 2169
f 640 3625 2169
f 6652 2142 3626
f 2664 3627 6153
f 1016 3903 5536
f 1017 5536 3903
f 3316 3628 2289
f 3629 1713 4157
f 2943 3629 4157
f 32 6928 33
f 3630 5582 4715
f 3112 4545 4715
f 3631 602 1173
f 4752 3631 956
f 3801 2094 3632
f 5298 4369 1971
f 2732 3634 2438
f 3635 1583 5811
f 3791 5175 440
f 5720 2779 3636
f 3636 2779 2879
f 6424 804 564
f 3637 4317 4376
f 3432 3637 4376
f 6127 1296 1755
f 4819 1544 1793
f 5123 5346 2052
f 2801 5968 3757
f 3526 3640 3680
f 2231 1005 3641
f 1336 3641 1005
f 937 4521 5627
f 4382 6401 3643
f 1699 3644 2941
f 4124 1232 3645
f 1957 1956 6352
f 1657 3646 1957
f 67 4837 3205
f 6309 6450 4919
f 3647 1788 6375
f 5671 3647 6375
f 5616 3904 4686
f 3648 24 4414
f 2728 5714 5936
f 6934 5289 1830
f 5289 962 2820
f 6145 1439 1438
f 1439 2395 2984
f 5458 5649 5581
f 144 6687 5515
f 4169 6268 2857
f 1010 4248 2692
f 4387 3650 4384
f 4387 5754 3650
f 1231 6585 6591
f 1227 3651 1231
f 4800 5376 2631
f 6988 2696 3733
f 6988 3733 6507
f 4850 1530 776
f 86 1654 4892
f 5288 3652 1410
f 6500 3652 3044
f 3038 3653 2752
f 3654 4658 2827
f 5625 3419 5076
f 5886 4773 5383
f 3655 3284 5495
f 1072 3656 1994
f 3882 5524 2780
f 4290 3658 171
f 1385 3659 6758
f 3659 4119 1863
f 4862 3660 6061
f 1672 1671 4691
f 1671 2377 4691
f 264 2158 832
f 4661 5372 205
f 4678 5372 4661
f 3108 3661 1907
f 3662 6904 3729
f 3192 3662 3729
f 3663 1114 4305
f 4305 4357 3663
f 4126 5989 6564
f 1273 1573 6479
f 6921 6479 1573
f 675 5969 4136
f 6016 675 6337
f 1738 3664 2093
f 3665 2637 5999
f 3682 3666 6929
f 2230 5207 4992
f 4736 6892 4391
f 2238 3357 1929
f 5490 3459 3042
f 6570 3667 5634
f 3227 4112 3088
f 4112 2913 3188
f 2897 3015 2049
f 2049 2123 2897
f 3669 2593 2592
f 1423 3670 6692
f 6961 3670 6224
f 2804 5237 7011
f 6305 3671 3289
f 987 3671 6305
f 3863 3672 2767
f 6544 3759 3674
f 5673 6953 2050
f 2476 3675 6410
f 3676 3062 5603
f 6046 2225 1606
f 4282 2758 226
f 226 953 4282
f 1624 6481 3678
f 677 3678 6481
f 3947 6409 6717
f 6432 5516 6627
f 1276 6726 1214
f 4530 3278 2792
f 2792 2609 4530
f 5273 3679 5710
f 5710 1039 6870
f 1864 1866 6806
f 5279 2385 6806
f 2508 3680 810
f 6322 2145 2146
f 4515 585 6865
f 412 3681 6855
f 2043 3683 2195
f 4852 3683 6985
f 3735 2123 6312
f 5197 6873 1614
f 2530 3685 3005
f 6138 3686 547
f 1991 3687 4210
f 1504 3687 6341
f 1759 762 3657
f 534 6535 3689
f 1563 3689 1561
f 4525 5667 3879
f 3879 5667 2615
f 5863 6769 3690
f 5263 5483 6769
f 6777 5794 6577
f 4137 4826 5848
f 5224 6786 5222
f 6496 3691 5761
f 3691 6496 468
f 5021 3144 4185
f 1643 3692 2924
f 3693 3252 5405
f 5928 3693 5405
f 3545 2959 3694
f 4255 3694 2959
f 5984 2956 3695
f 3580 1259 1260
f 831 5612 4080
f 6813 6961 6224
f 2790 5445 3697
f 3276 3698 3402
f 2016 3698 4670
f 6829 1020 137
f 3699 3285 2014
f 354 3699 2014
f 4653 3700 3627
f 5698 380 1009
f 807 1454 2661
f 4107 1679 3701
f 6991 3701 1679
f 4657 3702 6844
f 3703 3593 1489
f 6848 3703 1489
f 1102 5521 3208
f 6534 3704 729
f 5325 3704 6534
f 6670 3705 1252
f 3706 3270 2678
f 6599 3706 2678
f 4874 2103 2394
f 5716 3707 1595
f 3909 6598 3708
f 5981 6598 6329
f 5065 2272 6120
f 4152 5196 3709
f 5196 5041 3709
f 1136 3997 6039
f 3747 3711 6429
f 1355 3711 3784
f 1678 3712 5893
f 4333 1151 3713
f 355 3713 1151
f 6236 5597 6742
f 3714 1968 6627
f 5516 3714 6627
f 6898 74 73
f 1313 3716 1311
f 1683 3716 2333
f 5883 5188 2265
f 5883 2265 3107
f 3718 156 4011
f 1312 3718 4011
f 3886 2232 1172
f 3719 3216 5539
f 1036 3719 5539
f 3720 5509 4433
f 1917 3720 4433
f 4556 6847 1291
f 3791 785 5946
f 3778 808 809
f 4805 3967 6951
f 2663 3723 472
f 2674 4612 5303
f 5171 3724 3603
f 3850 3724 3511
f 3032 3008 5375
f 799 798 5973
f 5973 798 2522
f 6792 3548 2967
f 6792 2967 3554
f 6005 3725 6865
f 4807 5274 6465
f 6740 3726 715
f 5295 6619 2575
f 306 1437 305
f 2463 3897 3727
f 1868 3727 6889
f 464 5962 3896
f 3728 4418 1545
f 3404 3728 1545
f 6038 354 121
f 5673 3729 6953
f 3730 1792 2262
f 2699 3730 2262
f 6908 4924 2821
f 1895 705 1953
f 3732 952 4523
f 2624 3732 4523
f 4708 3734 881
f 3937 3734 880
f 3735 180 6710
f 2910 1013 3736
f 4051 3737 5105
f 6707 3737 6025
f 2742 6538 2136
f 1522 3739 5073
f 3669 2592 3739
f 5127 4172 1060
f 4647 2949 5048
f 6594 5048 1388
f 2973 3740 5955
f 5306 5361 5358
f 5093 3741 768
f 5093 2431 3741
f 5045 25 5146
f 5307 698 2092
f 1967 3742 6852
f 172 3743 6995
f 1835 1834 2776
f 75 1835 2776
f 4960 1517 6383
f 1673 3746 1671
f 5129 4092 4634
f 3747 6056 3784
f 3711 3747 3784
f 3749 6583 400
f 1818 3750 941
f 5242 5716 3751
f 5862 3751 415
f 3093 6236 6742
f 3753 3752 2140
f 5020 3752 3236
f 1251 3753 2140
f 6422 6527 1269
f 5545 2537 815
f 3754 5502 1916
f 5765 2440 5434
f 1371 3755 5067
f 6148 3756 1715
f 5437 726 5388
f 6154 6627 1969
f 6627 6182 5593
f 1115 6721 3963
f 6623 4939 3757
f 749 3314 764
f 749 764 4350
f 155 4466 4579
f 3015 3759 2049
f 3674 3759 2050
f 3760 6780 4345
f 4368 3760 4345
f 381 4126 4863
f 3761 5100 1116
f 6721 3761 1116
f 6963 6580 5350
f 4192 2042 2533
f 3932 2042 3500
f 3762 820 5769
f 6144 3762 5769
f 185 3763 651
f 5302 592 3599
f 2233 5715 4343
f 4476 1914 3764
f 1387 1473 2930
f 4269 2356 5406
f 4998 1548 3765
f 2840 3765 1548
f 6565 2435 1056
f 1696 3277 6258
f 4184 4956 5393
f 3768 4099 3000
f 5792 3768 3000
f 3770 366 367
f 5828 3827 3048
f 6686 3771 283
f 5594 3771 765
f 5681 536 6498
f 2756 931 3551
f 3772 1605 559
f 4866 5626 819
f 3370 6966 4453
f 1873 3774 1099
f 2141 4443 2711
f 1580 1676 1578
f 2405 1580 4265
f 3775 6711 4352
f 3191 3775 4352
f 6919 2201 700
f 6919 700 699
f 665 3776 664
f 6907 3776 3433
f 321 3777 1943
f 1896 3777 5954
f 667 4759 3520
f 6319 4273 4685
f 1807 6114 5239
f 3779 3178 2791
f 2399 3779 2791
f 3780 526 3089
f 5570 3781 4499
f 4334 3781 522
f 1517 3782 219
f 5482 6010 4960
f 3877 3783 6066
f 2378 6043 2381
f 4004 5722 1808
f 5568 6975 5822
f 1974 3784 1356
f 6809 3785 4839
f 3785 3786 158
f 3787 5892 2293
f 3283 3787 2293
f 1824 3789 267
f 5404 3515 2639
f 5404 2639 3098
f 785 3791 3721
f 6314 3791 5946
f 6545 5030 5796
f 5869 6854 3792
f 5497 3792 6854
f 2775 3793 6766
f 6858 4709 2689
f 6858 2689 5504
f 3795 515 5249
f 963 3796 6357
f 1344 1618 4680
f 4680 1618 6334
f 2617 5314 5656
f 6104 1771 2568
f 3797 1634 3367
f 1879 3797 3367
f 3798 746 3533
f 3799 3040 4502
f 1974 3799 4502
f 2006 4913 2007
f 3800 3447 5563
f 4038 4156 861
f 5106 5533 5362
f 3058 3801 3632
f 5813 3801 6658
f 3802 3241 3099
f 5029 5429 4453
f 3804 6661 3170
f 3147 3804 3170
f 1485 3805 1483
f 3522 5464 3806
f 3905 5174 3807
f 3807 1959 5974
f 6797 4687 2995
f 3808 3057 1146
f 6599 5870 3809
f 2307 5184 5980
f 5397 5652 5960
f 5997 3812 662
f 5212 3812 2729
f 6131 6262 2550
f 4025 6120 320
f 6183 6913 338
f 3898 6913 2881
f 3813 521 5795
f 3814 2827 6203
f 2039 3814 6203
f 4242 834 3560
f 3815 1705 797
f 801 3815 797
f 6781 537 538
f 3817 6859 4642
f 3822 3817 4642
f 5972 541 5444
f 5444 541 540
f 2023 3818 3239
f 6350 564 4461
f 678 2353 6001
f 3113 2353 4154
f 3820 274 6459
f 4985 3820 6459
f 1535 5218 1169
f 4655 5945 3821
f 4642 4380 3822
f 5202 3822 2892
f 3823 3513 2789
f 1368 3823 2789
f 778 3294 3824
f 1131 3824 3294
f 3825 3605 3606
f 3825 3606 5957
f 5423 1106 4609
f 5542 2196 2778
f 3826 2257 892
f 4477 3826 892
f 3827 3770 367
f 364 3827 367
f 377 3828 4817
f 2950 3245 5810
f 2944 5810 3245
f 6417 1838 2907
f 2907 1838 4014
f 5246 3832 6213
f 1459 3832 1081
f 3316 3833 1205
f 3834 3297 6411
f 2447 3834 6411
f 4006 2031 3835
f 3835 2031 6190
f 5264 1059 4613
f 303 2764 2160
f 5347 790 3836
f 1599 3836 790
f 6930 3838 2113
f 5679 1553 477
f 3839 6972 1850
f 6972 3839 3840
f 2101 3842 1620
f 5972 3842 541
f 3843 1627 5488
f 3844 4073 5169
f 3844 5169 1463
f 3845 743 3311
f 204 3845 3311
f 5861 6736 3846
f 6165 1148 3930
f 6398 3847 3049
f 2230 3848 3067
f 2434 3848 5461
f 4721 5487 4944
f 3724 3850 4474
f 1867 954 5228
f 5857 5228 954
f 2292 5820 6902
f 3851 2850 2227
f 1066 3851 2227
f 1625 5499 5379
f 466 394 248
f 5433 2269 4325
f 2271 135 6065
f 461 2354 6052
f 4434 6052 2354
f 5203 4211 439
f 4756 5037 2454
f 1297 1298 6099
f 6099 1298 5837
f 1817 3534 5880
f 3854 3295 1056
f 36 3854 1056
f 3346 4206 332
f 3855 2124 2126
f 3910 3855 2126
f 511 2310 5989
f 4924 5713 6367
f 6908 4225 4924
f 6123 3857 3048
f 3509 2850 739
f 5064 5984 4914
f 96 3858 1935
f 2483 3858 6556
f 6931 3859 1487
f 466 3859 394
f 3860 3861 6750
f 3861 3860 4765
f 2901 1341 5659
f 6598 5981 3708
f 5981 6329 4417
f 5645 3863 2767
f 2886 1569 3864
f 6173 3865 6521
f 5417 1404 6000
f 4813 5417 6000
f 5917 2299 3639
f 5167 944 5142
f 4321 6296 437
f 1028 6112 6178
f 3867 1031 3143
f 6037 3112 3868
f 781 6724 3869
f 6234 3869 3401
f 2488 4215 378
f 4572 3870 2289
f 4948 3871 5687
f 5806 4550 3872
f 6271 3872 2702
f 4930 1796 3873
f 5701 3873 1796
f 3875 5180 841
f 843 841 842
f 5729 6975 5568
f 6410 5580 2476
f 533 4540 4561
f 3876 274 273
f 4999 273 5368
f 3507 6175 1540
f 5518 6938 6192
f 3204 3877 643
f 5655 3877 5756
f 1062 3878 4859
f 3880 2154 6040
f 6040 3965 3880
f 5876 4722 5140
f 3882 2780 5555
f 2377 1671 3894
f 1512 3883 4266
f 3884 392 4262
f 261 3884 4262
f 3559 3885 499
f 2418 3886 1172
f 4317 6772 1085
f 755 3273 6295
f 290 6295 3273
f 3888 6403 1650
f 216 3888 1650
f 3889 3649 1520
f 3221 5517 3890
f 6512 3890 5517
f 4784 1023 1022
f 1025 1903 5026
f 5681 3891 536
f 4865 3892 1209
f 2481 3893 5546
f 4002 3893 817
f 3370 4453 5113
f 3746 3894 1671
f 6304 5714 6404
f 3981 3895 3155
f 4792 1651 6820
f 5096 3881 5876
f 3896 3878 1000
f 464 3896 1000
f 5832 5621 1567
f 6432 3951 5516
f 1895 4765 706
f 6477 3897 2298
f 3727 3897 6889
f 5523 3898 401
f 4026 3899 6948
f 6157 3899 1405
f 2788 6002 57
f 6369 1615 2352
f 3900 5977 3225
f 6741 3901 3515
f 396 3902 397
f 4832 3903 4374
f 3315 192 748
f 3905 1809 6784
f 5174 3905 6784
f 6177 1658 1248
f 6352 1247 2757
f 4543 3906 1043
f 2247 830 3907
f 3908 2822 6431
f 1633 3909 3708
f 2268 712 4023
f 4787 1397 1398
f 4787 3359 1397
f 3100 659 3460
f 4418 585 3841
f 4418 3841 586
f 3911 1620 3271
f 1134 3911 3271
f 2178 1179 3926
f 3912 6981 5219
f 5662 4604 3435
f 3914 2484 3938
f 2764 3914 3938
f 5357 5380 3916
f 6629 4654 3046
f 4161 307 3919
f 3066 4906 4009
f 4698 1518 6956
f 389 3921 2457
f 5591 1567 1566
f 589 1186 6096
f 2838 6096 1186
f 4346 3925 1402
f 4988 4928 5348
f 4928 1490 2469
f 5314 5689 5656
f 1893 2015 5536
f 4815 3927 2000
f 4488 3512 6731
f 3928 3219 5859
f 2136 3928 5859
f 4897 3930 6464
f 3668 2201 3865
f 5535 3931 1579
f 1204 4984 2177
f 5529 6931 1487
f 6941 3517 6616
f 3932 3500 3967
f 3932 3967 6959
f 4445 6089 2553
f 4566 5215 988
f 4047 3934 6488
f 3216 3935 713
f 3936 2054 5208
f 4650 3936 5208
f 87 3874 4274
f 4274 3874 4812
f 2028 6550 5821
f 6232 6336 1566
f 1659 1943 2087
f 3734 3937 4249
f 3937 880 6073
f 3938 5991 2160
f 3939 1454 807
f 6511 3939 807
f 3940 6789 3622
f 5291 3940 3622
f 1791 5578 3941
f 3757 3941 6623
f 6275 1034 4202
f 6275 4202 2834
f 4931 3068 5724
f 6193 5724 3068
f 3942 920 5778
f 1063 3942 5778
f 1882 1693 746
f 6732 1426 3943
f 789 3943 1426
f 3945 805 5337
f 6878 3945 5337
f 3144 5307 4185
f 3946 5102 6749
f 2864 3947 6717
f 6825 4758 135
f 746 1693 5107
f 4420 788 1665
f 4420 1665 2642
f 4049 4840 3256
f 2250 402 3948
f 595 3948 402
f 3949 443 5447
f 3950 2484 6311
f 4927 3950 6311
f 1835 3951 6713
f 3952 827 6756
f 3898 3952 6756
f 5602 5427 1141
f 3953 3006 3993
f 3953 3993 4315
f 4411 3954 462
f 4085 6233 3955
f 6007 3955 2951
f 4081 5998 3839
f 2320 2578 878
f 3957 2963 3234
f 504 3957 3234
f 1306 5522 1305
f 4456 3958 3265
f 3959 3240 4308
f 4046 3959 4308
f 3214 3960 3413
f 4624 6014 5825
f 2824 3962 6804
f 3963 6292 5470
f 2373 3964 2683
f 3966 2559 3483
f 3966 3483 2943
f 2173 2497 4073
f 4073 2497 3135
f 365 2325 4043
f 5068 3968 1851
f 2999 3968 5609
f 3366 3969 6313
f 1153 3969 1327
f 3769 6660 2301
f 6266 3017 5252
f 5639 6036 6112
f 2402 4709 3972
f 3973 5703 4751
f 6403 6762 3974
f 3974 6762 2926
f 6206 4481 1431
f 3976 6702 5935
f 5935 5450 3976
f 3996 5302 3599
f 3996 1557 5302
f 154 4205 5669
f 3977 5219 6981
f 1010 3977 6981
f 3978 750 4265
f 1580 3978 4265
f 6697 2855 2856
f 6111 1632 4294
f 6111 4294 2946
f 6684 487 5046
f 3980 1396 1192
f 1611 3980 1192
f 3981 3155 5267
f 5142 3981 5267
f 5862 415 3982
f 416 3982 415
f 2022 3983 1233
f 2021 3983 3266
f 3814 3984 2827
f 3986 4367 1589
f 3523 3986 1589
f 277 3987 6522
f 6018 3987 2499
f 3988 1206 649
f 4301 3988 649
f 5849 980 2263
f 2344 2111 4551
f 4683 4551 2111
f 3990 6882 2893
f 2894 3990 2893
f 5838 3991 3372
f 3292 5870 5838
f 3992 1424 1867
f 6893 3992 1867
f 2075 5653 1223
f 2163 3993 868
f 2429 7021 6235
f 3994 4824 4796
f 5245 3995 453
f 3995 879 2036
f 3998 2127 6583
f 3878 3998 6583
f 3360 3999 91
f 5279 6806 1866
f 2768 4000 5606
f 4001 5184 2307
f 5 3 4
f 4 3 6299
f 4174 4003 1718
f 3768 4005 4099
f 3835 4564 4006
f 6843 4493 5265
f 3319 4010 492
f 4011 6034 1312
f 4012 1328 2696
f 6988 4012 2696
f 3366 6313 1219
f 5853 6143 5308
f 916 915 917
f 6637 4013 1899
f 910 4013 6637
f 2907 4014 6443
f 5976 6554 5389
f 741 4015 5475
f 6037 6448 5702
f 4031 6448 6037
f 6149 4016 6095
f 6178 4016 1230
f 3225 678 6001
f 721 6823 6048
f 6097 5918 4017
f 45 6135 44
f 45 391 4018
f 4019 1521 1579
f 3931 4019 1579
f 2594 4020 2515
f 4020 1716 4714
f 4021 6489 262
f 5439 4021 262
f 6805 6741 6160
f 5791 4022 5891
f 4605 1833 160
f 4605 160 3086
f 1359 4024 4605
f 4357 4024 1359
f 3554 319 4025
f 4025 319 5800
f 5439 5963 1444
f 2652 4026 6948
f 1405 4026 5512
f 6552 1346 4583
f 6552 4583 3374
f 1593 373 1594
f 3572 4027 5909
f 886 4919 6961
f 4028 2336 2578
f 5797 4029 3277
f 6037 2179 4031
f 5511 4031 2179
f 4276 4032 2120
f 2073 4032 2072
f 4404 4033 332
f 4831 6895 4033
f 4034 691 692
f 1755 4034 692
f 6799 4546 490
f 864 5605 1164
f 864 1164 2671
f 6786 4035 3085
f 4036 912 913
f 1586 4038 861
f 1231 4038 1228
f 1547 1546 6133
f 577 1827 576
f 859 4039 1326
f 1170 4039 858
f 4040 3858 2483
f 2960 4040 2483
f 4041 2687 55
f 54 4041 55
f 1015 1858 6359
f 3947 5035 2549
f 2554 357 3517
f 4964 357 3128
f 4043 3857 365
f 2392 5936 5084
f 4306 6467 2625
f 6534 729 5784
f 4592 5227 4044
f 494 4044 2863
f 902 4045 5135
f 3986 4045 4367
f 2114 1903 4089
f 1564 1565 4341
f 4047 6488 1739
f 884 4047 1739
f 4048 333 4520
f 2437 4048 4520
f 4840 4049 3064
f 4051 5188 5883
f 6025 4051 5883
f 4177 5620 5154
f 853 4052 3143
f 5857 954 1184
f 4053 2592 2707
f 5654 4054 6551
f 5218 4055 2831
f 5197 4056 6349
f 1610 4056 6256
f 6323 4057 4834
f 5723 4864 6170
f 6170 4864 926
f 4530 4058 3278
f 5506 5258 1236
f 1236 5258 3093
f 2022 6881 3266
f 1703 4059 5124
f 2356 2099 6874
f 6349 6874 2099
f 4060 3680 2508
f 4061 2474 2690
f 4748 4061 2690
f 5004 6544 6211
f 6316 1900 2372
f 4062 1721 3843
f 4062 3843 5488
f 4187 4824 4063
f 4063 4824 3994
f 2579 6986 6254
f 1940 5925 6863
f 1871 1872 4134
f 487 4065 1253
f 3389 4065 6684
f 2664 2460 3627
f 3627 2460 4192
f 6803 2204 2205
f 5874 6803 3239
f 230 4066 2117
f 2085 136 2738
f 136 1554 137
f 6381 2772 4596
f 3319 5691 1003
f 3955 6233 2951
f 2435 6565 899
f 3859 4067 1487
f 716 5574 5852
f 1753 5852 5574
f 6618 5775 1350
f 3951 1835 6976
f 5882 672 4677
f 2101 2467 4269
f 3665 2518 2608
f 4068 6836 2333
f 6068 4068 2333
f 1966 6460 4552
f 281 1966 4804
f 4069 6768 5823
f 5823 907 4069
f 5058 4070 6198
f 3365 4071 2324
f 1302 4071 4766
f 85 6079 4398
f 6714 1856 3611
f 5669 3611 1856
f 5168 3127 6274
f 4607 4072 1623
f 6445 5331 6679
f 4402 4250 4073
f 6622 1259 1854
f 3019 2936 569
f 4309 1878 5480
f 554 862 2172
f 861 4156 862
f 4876 4074 1584
f 4683 1336 2346
f 2258 2257 5427
f 964 4075 3431
f 1299 4075 5072
f 5999 4076 3781
f 4245 4076 2637
f 806 863 1854
f 6295 1110 5757
f 6543 54 5932
f 4077 3662 2805
f 3549 2805 3465
f 4078 1512 1612
f 793 4078 1612
f 3302 4079 704
f 5459 894 4080
f 4081 3839 1850
f 2898 6615 4227
f 5940 1954 4083
f 420 4083 1954
f 2718 4084 1769
f 4576 4084 5507
f 6233 4085 1849
f 4833 4086 5598
f 883 4086 4833
f 1867 4087 6893
f 2795 4088 3397
f 1963 4088 2796
f 4463 2908 1910
f 3876 4090 1280
f 6629 2753 2755
f 4879 4091 6620
f 937 5663 936
f 6137 236 3920
f 4061 4629 5635
f 4629 4061 1475
f 4557 4093 72
f 5810 4093 6661
f 52 5721 1117
f 6541 5721 1118
f 2656 4095 4737
f 4383 6327 2222
f 5098 6327 3120
f 6287 2337 4182
f 5961 4182 2337
f 4228 4096 2545
f 6522 5661 277
f 5840 4097 3441
f 4098 6836 4068
f 3794 4098 4068
f 983 3862 4094
f 4100 4099 2215
f 3001 4099 4100
f 2216 4782 2215
f 6726 4100 4782
f 4527 4101 1813
f 2964 4101 2880
f 1293 5155 1711
f 4102 4900 2156
f 4718 3031 3826
f 2218 2220 344
f 342 344 2220
f 4103 6878 109
f 4103 109 5412
f 6909 6787 3495
f 6519 3011 587
f 211 5193 212
f 906 405 3211
f 4943 4104 2071
f 2515 4104 2594
f 5224 3131 3171
f 2027 4105 5448
f 6533 824 6514
f 4744 6514 824
f 1623 4106 2988
f 3026 4312 4106
f 4107 2235 2234
f 5715 2234 4343
f 2348 4109 6623
f 5309 4033 6895
f 6760 6328 1085
f 1794 146 4110
f 5111 4111 1746
f 4112 3188 3496
f 4112 3496 1464
f 328 327 938
f 816 938 327
f 6795 4638 1982
f 5384 4638 5749
f 4440 4790 4113
f 2833 4114 2622
f 349 3472 2157
f 2402 2401 4709
f 6274 2200 4115
f 5866 4115 2200
f 4126 4116 4863
f 2782 5705 2058
f 4117 1880 1742
f 6937 4117 1742
f 5671 5078 4650
f 1723 4118 4755
f 3033 4118 56
f 1218 1723 1722
f 6042 1472 3345
f 6826 2296 2297
f 4119 5896 3249
f 3066 4120 257
f 3697 1026 6486
f 6486 1026 6580
f 4246 2878 6835
f 4121 3772 241
f 242 4121 241
f 5368 4122 4090
f 2396 4122 1075
f 2592 4123 2707
f 6196 4123 2593
f 4124 3645 6007
f 4425 4124 6007
f 4200 4125 4651
f 5989 4126 5950
f 4116 4126 6564
f 4127 2434 2976
f 5858 4127 2976
f 5955 4128 2973
f 1600 790 6099
f 5623 6099 790
f 4656 339 688
f 4656 688 338
f 4362 4130 4482
f 6521 4131 3172
f 3733 1045 4132
f 98 5056 5003
f 5702 4133 6853
f 4877 5702 6286
f 4728 5745 2535
f 5745 3274 2368
f 2535 5745 2368
f 2173 7009 2497
f 2694 2856 2695
f 4356 4137 5906
f 780 6808 966
f 6685 6273 4138
f 1695 6495 4139
f 1695 1694 6690
f 4140 3207 1612
f 1512 4140 1612
f 2852 4141 4803
f 6471 4143 6983
f 6035 4593 4143
f 6297 4144 6703
f 4973 3907 5875
f 4145 2462 2122
f 5065 4145 2122
f 3082 2425 4277
f 3136 4146 4067
f 5644 4944 6605
f 112 4147 756
f 757 4147 2210
f 3820 4734 691
f 4734 1391 6566
f 4148 1012 1367
f 2611 4149 5584
f 6100 4149 1246
f 1823 2364 5419
f 6665 1640 3384
f 4947 4151 545
f 3988 4152 1206
f 1191 4153 4279
f 4434 1996 4154
f 4942 654 4155
f 3354 4155 654
f 5854 1653 3221
f 6267 4156 2229
f 4157 1712 3406
f 4578 4157 3406
f 1027 6064 5796
f 303 5796 6064
f 2132 5763 722
f 5146 25 6294
f 3648 6294 25
f 4158 5618 3417
f 6190 775 3329
f 7005 2451 4159
f 454 4159 455
f 1688 2197 6322
f 4161 3919 1319
f 2156 4161 1319
f 6960 3638 1391
f 6263 445 2630
f 4162 3880 6659
f 4163 1215 5888
f 2191 4163 1243
f 6121 3184 6431
f 4164 1128 4611
f 2917 4164 4611
f 3718 4165 1973
f 2807 1303 6716
f 2121 2272 4450
f 2122 4450 2272
f 1619 4166 3552
f 5832 4167 2324
f 4168 6683 231
f 233 4168 231
f 703 2723 1225
f 416 4170 3982
f 374 4171 130
f 6017 4174 6393
f 4175 6330 4882
f 1916 5976 2707
f 5976 2706 2621
f 1775 851 3175
f 2434 4176 2976
f 674 4177 5154
f 1064 4180 771
f 4181 167 5997
f 3094 6264 1203
f 1295 4182 6252
f 2085 2409 317
f 4183 3004 718
f 5172 4183 718
f 4956 4184 2695
f 2889 4184 5393
f 4186 3555 4185
f 4186 4185 5675
f 4187 5204 6065
f 135 4187 6065
f 6157 1405 2495
f 3267 2495 1405
f 4188 1759 3045
f 4189 1515 929
f 3396 4189 929
f 4190 2726 3748
f 3994 5861 1156
f 5861 3994 2962
f 2410 4191 446
f 5234 4193 2283
f 5156 4193 1764
f 6265 2766 3354
f 4195 3365 2025
f 4409 3653 1109
f 5741 4409 5025
f 4009 6590 2260
f 6590 2171 2260
f 6206 2677 4196
f 3763 4196 2677
f 6876 4198 2785
f 6225 4201 940
f 3452 5652 5397
f 6437 4203 2518
f 4220 4203 5684
f 6317 2965 1776
f 4204 6652 5381
f 1395 935 1394
f 4205 3758 155
f 4579 4205 155
f 1905 4207 6863
f 6221 4208 1417
f 1073 4209 2618
f 2248 4210 839
f 4211 2942 5087
f 439 4211 5087
f 5002 4617 4212
f 5934 6587 544
f 6587 5934 1496
f 5094 932 1134
f 4693 4214 2511
f 4844 2865 1527
f 6662 4215 3653
f 4215 6662 6647
f 6476 6877 3532
f 4216 660 2322
f 4627 4216 2322
f 4217 768 3741
f 4691 4217 3741
f 570 1245 4218
f 5286 4218 1245
f 3182 4219 992
f 4589 4219 909
f 4221 4968 3014
f 4222 165 164
f 603 4222 164
f 4223 202 2060
f 4715 5582 2060
f 4224 829 3010
f 1958 1959 5174
f 958 6723 5979
f 4924 4225 140
f 999 5696 4226
f 4228 2545 6994
f 3587 4229 268
f 4276 2120 4710
f 6680 4710 2120
f 1492 4230 1105
f 2520 4230 1493
f 5033 943 5167
f 5167 943 944
f 2600 2665 4231
f 1912 4232 1913
f 1413 4232 1912
f 1534 4233 2878
f 4234 3072 3250
f 5026 4234 3250
f 4722 3300 2935
f 4503 133 6139
f 4503 6139 1595
f 5213 4814 4235
f 5860 4235 4814
f 1578 4236 1580
f 1521 4236 1579
f 2561 4445 4237
f 2489 1588 4238
f 2715 4239 2183
f 3911 6451 2467
f 4263 5587 2334
f 5540 184 621
f 1975 5540 621
f 4987 5579 3009
f 5121 5579 4987
f 4240 765 1896
f 1896 5954 4240
f 2879 827 6547
f 6118 4241 311
f 6839 1649 2926
f 1820 6839 5966
f 4242 3519 6472
f 6019 4243 5090
f 2316 2136 6538
f 5413 4244 4875
f 4244 2232 6184
f 4245 4746 1884
f 6176 1884 479
f 6211 5527 4602
f 4246 947 1534
f 2878 4246 1534
f 6923 4247 979
f 1010 6801 4248
f 6644 4248 6801
f 6560 4249 3937
f 4073 4250 2173
f 4250 3072 4292
f 2173 4250 4292
f 5128 6887 5324
f 5102 566 4251
f 3384 4251 566
f 1604 5560 4252
f 1444 1772 1442
f 1995 6118 5269
f 5269 311 310
f 3004 3075 2928
f 1312 1311 4165
f 4659 4254 2128
f 3049 6379 6398
f 6379 2046 1541
f 2959 1317 4255
f 6526 4255 1317
f 5421 449 5481
f 724 633 5597
f 4256 2774 5201
f 2938 6677 6525
f 6685 4257 3454
f 6783 3449 2953
f 4259 3135 6449
f 3201 4259 6449
f 6236 5019 5597
f 4263 2334 3230
f 4263 3230 1799
f 5503 4955 3240
f 4383 2870 2759
f 3501 6745 4264
f 1476 4264 6745
f 6287 5203 2527
f 963 6073 880
f 5773 2405 4265
f 5022 3030 6077
f 5082 6077 3030
f 5609 5068 6663
f 3588 5377 4894
f 6982 5374 2288
f 6075 6982 1073
f 1512 4266 4778
f 4018 100 849
f 101 102 100
f 100 102 849
f 5920 5250 5738
f 6771 4270 3406
f 3567 4270 5336
f 4271 2526 6597
f 4030 6452 4272
f 4455 87 4274
f 1961 3323 6458
f 5269 4275 3923
f 3709 4275 310
f 1622 6694 4607
f 2323 4607 6694
f 3341 4278 1756
f 5905 6259 4279
f 4913 5598 4086
f 94 4280 2439
f 845 4280 94
f 1893 5536 1017
f 4281 6968 3072
f 3510 4282 952
f 4581 4283 4267
f 5901 4581 3054
f 538 537 3816
f 1087 4284 6513
f 5661 2033 2854
f 4956 2033 5393
f 4285 3387 1602
f 1603 4285 1602
f 5225 6853 2321
f 6024 1499 5550
f 6899 2755 5986
f 2280 6727 3710
f 6159 1189 6842
f 2411 4286 157
f 5493 4287 175
f 4324 4287 4322
f 5791 4288 3235
f 4733 4877 860
f 5296 1876 4291
f 4292 674 5154
f 2306 399 4983
f 4293 4847 531
f 1536 4293 531
f 530 4293 6415
f 6415 4293 1536
f 3684 4294 805
f 6666 5565 2178
f 4295 6666 2339
f 5665 4296 2019
f 1633 1542 3909
f 4297 776 2843
f 6767 4297 2843
f 964 965 5072
f 4935 2097 5725
f 4298 2768 5606
f 1257 4299 1256
f 4302 4299 1255
f 656 6637 4695
f 4491 4300 3103
f 6465 5274 2802
f 6465 2802 4974
f 3988 4301 1848
f 650 4301 649
f 1257 6315 1255
f 6315 5331 1255
f 6445 4302 5331
f 753 1784 421
f 753 421 754
f 6613 5746 3405
f 4972 1516 4303
f 3210 1697 4374
f 5370 2367 5894
f 2256 2255 897
f 2256 897 5813
f 6880 4304 6657
f 4305 158 1833
f 626 630 4307
f 4308 6347 6965
f 3456 4308 6965
f 4309 3935 6776
f 4309 6776 301
f 4457 352 2480
f 4457 5743 314
f 6792 4310 3548
f 2937 863 1783
f 2937 1783 1692
f 7018 3473 4311
f 5247 4311 3473
f 4312 4134 5455
f 884 4833 5680
f 4465 6455 3657
f 4749 40 6932
f 4358 5331 293
f 3853 4313 6650
f 3433 4314 5409
f 4600 4314 665
f 6750 4315 2162
f 5232 4315 1725
f 322 4316 874
f 247 1489 1488
f 6328 4317 1085
f 4520 333 6057
f 570 1937 6856
f 2712 6856 1937
f 5102 4320 6749
f 6296 4321 5734
f 1576 4322 5493
f 4323 4898 2534
f 5051 2534 2456
f 6157 5247 6097
f 5918 5247 752
f 5095 1757 1756
f 3609 6211 2214
f 6136 4324 671
f 6136 6181 4324
f 5353 4325 2105
f 5753 6780 3573
f 14 17 4326
f 4327 39 3610
f 2214 4327 3610
f 2628 775 6190
f 5693 3043 5991
f 4582 6399 2650
f 3693 4328 3252
f 4329 4962 4255
f 3491 2367 5872
f 1282 14 4326
f 4330 84 2461
f 2747 4330 2461
f 2993 4743 4922
f 5254 6985 2044
f 1287 6141 1288
f 4263 6141 1287
f 4331 2555 6348
f 4907 4332 6
f 1761 4333 3713
f 3781 4334 5999
f 1607 4334 522
f 294 4335 6936
f 3046 4336 515
f 6477 4336 6889
f 6576 4337 5759
f 1812 1706 4564
f 5464 4338 5089
f 2782 2468 1381
f 6047 1381 5637
f 1980 4339 214
f 5831 5629 3482
f 2772 5629 5831
f 1865 301 6776
f 4340 806 2373
f 4760 4340 2373
f 5371 1978 6830
f 6353 5561 4720
f 2123 2049 5004
f 3467 4343 610
f 6316 2372 4344
f 615 4345 3024
f 341 340 6108
f 328 574 4347
f 117 4349 4384
f 6777 4351 5794
f 5011 4351 2882
f 6035 4143 1603
f 4902 5817 2427
f 3901 4353 1213
f 4716 3645 4354
f 4355 348 4089
f 2809 6996 4356
f 4024 4357 1833
f 5015 5546 2858
f 5331 4358 6679
f 4359 1577 773
f 1119 4360 5178
f 4361 3473 565
f 4204 4361 565
f 4362 2788 57
f 4363 3503 5899
f 574 4365 6609
f 1384 4365 5802
f 4366 893 5804
f 5179 4366 5804
f 6619 4367 6129
f 6812 1867 3020
f 6418 3919 307
f 6418 307 1140
f 2585 1991 2249
f 5714 2728 6404
f 2728 5936 2392
f 2208 1601 2207
f 1722 2586 5786
f 6980 6758 5457
f 4431 1178 4372
f 2779 2665 2082
f 5423 2082 2665
f 3152 4908 6503
f 4373 6785 4872
f 6357 4373 4872
f 6606 2533 6959
f 401 4374 5523
f 5400 4375 5309
f 3700 4375 6153
f 2074 4376 3530
f 4799 4377 5600
f 4013 4377 373
f 3229 4378 2279
f 704 4379 82
f 4379 5929 479
f 1217 5678 811
f 4380 5551 2892
f 3822 4380 2892
f 6980 4381 6758
f 5431 5729 4382
f 5212 347 6994
f 6327 4383 3120
f 116 4384 3650
f 1314 842 841
f 4385 5552 2107
f 3571 4385 2107
f 4535 4386 4842
f 1974 4502 1355
f 4085 4387 4384
f 1315 1790 905
f 2371 3215 2301
f 965 5009 1121
f 2868 4389 6648
f 4390 5915 540
f 5015 4390 540
f 5844 4712 4391
f 4392 2476 5580
f 5926 4393 5221
f 2601 4393 6753
f 5317 4394 5158
f 180 4395 178
f 2937 1691 6622
f 6622 1691 5120
f 1798 4010 6210
f 1704 6210 4010
f 1839 1838 6417
f 4399 2975 4993
f 4399 4993 5243
f 4400 448 6419
f 4572 4400 6419
f 4401 1200 1199
f 6485 4401 1199
f 6605 2608 2518
f 2839 4402 4073
f 1637 4538 3560
f 97 4403 1637
f 4206 4404 332
f 4405 6021 2407
f 2406 4405 2407
f 4406 1754 6611
f 274 4406 6611
f 6942 638 1340
f 4936 6817 2531
f 4757 6601 6371
f 4157 4407 1712
f 1713 4407 4157
f 361 3745 2987
f 560 4408 354
f 4409 1109 4001
f 7006 4410 3608
f 6233 4410 1240
f 4411 1465 3954
f 4412 1191 1192
f 1396 4412 1192
f 1013 4413 5340
f 5464 4413 4338
f 3598 4414 24
f 643 4415 3204
f 423 3071 4952
f 3219 344 343
f 636 4630 580
f 3019 569 3036
f 671 2969 5165
f 1617 3889 1618
f 1617 1618 1344
f 6270 6172 6455
f 1364 2741 7017
f 7017 2741 4641
f 2642 4551 4420
f 1178 5633 5173
f 993 4421 6654
f 5153 4421 992
f 4422 5697 469
f 2703 4422 469
f 4423 1498 5694
f 5243 4423 5694
f 1912 1913 1728
f 1726 1728 1913
f 3842 539 541
f 1198 1507 2536
f 4424 1591 1507
f 1198 4424 1507
f 3299 990 471
f 4426 3376 2080
f 3111 6604 1516
f 4428 1570 1571
f 1535 4428 1571
f 1488 1489 4429
f 4668 3139 6894
f 1770 6894 3139
f 4430 2970 2971
f 3424 4430 2971
f 1462 4431 4372
f 5390 3118 1818
f 4432 339 1647
f 4432 1647 5469
f 1933 4433 3305
f 6052 4434 5674
f 1996 4434 2354
f 3436 6293 5531
f 12 35 14
f 3252 13 12
f 4435 6364 83
f 82 4435 83
f 3041 4436 5828
f 1799 5828 4436
f 4437 5291 2284
f 4869 4437 2284
f 4134 4439 194
f 4533 4439 467
f 3786 4441 159
f 6110 4685 4273
f 6110 4273 5895
f 6478 4443 6525
f 6602 2724 2238
f 4390 4444 1383
f 5350 4444 2858
f 3373 5677 2553
f 4237 4445 2552
f 2730 4446 2820
f 6578 4447 1944
f 2517 4447 6807
f 4448 2793 7002
f 4449 696 5343
f 4450 2513 5685
f 4450 5685 2121
f 3151 4451 492
f 6571 198 4821
f 3445 5478 2127
f 5317 5843 1243
f 1643 1747 3692
f 808 1378 2684
f 5029 4453 6857
f 5779 4454 2182
f 86 4455 4274
f 3035 5023 2995
f 3958 4456 2717
f 315 4457 314
f 4458 6916 5080
f 3652 4459 1410
f 4951 4460 5143
f 5006 4460 552
f 3539 5469 1697
f 5531 4461 6648
f 6293 4461 5531
f 2587 2147 4462
f 4580 4462 2147
f 1839 6417 5271
f 4463 1910 6719
f 5704 4463 6719
f 1685 5158 2697
f 1170 6468 2922
f 3478 365 4464
f 4465 3657 6299
f 3 4465 6299
f 4466 3758 2189
f 4344 4466 2189
f 7009 885 3586
f 885 7009 5927
f 4467 5974 1959
f 1958 4467 1959
f 4853 1835 6673
f 4963 6680 3105
f 856 4468 3077
f 4469 1467 1466
f 4753 4469 1466
f 5699 2491 6147
f 5543 4470 3100
f 4452 4470 1061
f 5534 4471 1942
f 1905 4471 2557
f 2637 3665 6569
f 2608 6569 3665
f 6605 4472 2608
f 4746 4472 6342
f 4473 5349 3326
f 10 4473 3326
f 598 2797 4679
f 3850 5606 4474
f 4474 5606 3039
f 30 2464 6102
f 6802 3199 6501
f 6802 6501 1877
f 3256 4475 946
f 3764 2914 4476
f 2132 4476 2914
f 6582 313 4477
f 5055 4477 313
f 5996 4478 1439
f 6503 4478 5996
f 5774 1266 1663
f 3800 4480 4976
f 6927 2330 4754
f 6851 4754 2330
f 1801 6440 697
f 5825 4682 2243
f 1431 4481 6883
f 2817 2635 5287
f 4482 3285 353
f 315 4482 353
f 4882 5941 4175
f 5974 4881 4483
f 4484 3663 6987
f 2540 3887 396
f 3241 4485 2919
f 1181 4485 6722
f 4640 1876 1264
f 5668 5682 3052
f 294 2912 3448
f 1626 4487 5488
f 4488 2149 3927
f 3512 4488 3927
f 4082 4489 3888
f 2899 4489 2898
f 4490 5764 2064
f 4300 4491 1724
f 2263 4491 3103
f 2500 4492 5224
f 6446 596 6527
f 5265 4493 1117
f 4582 6209 6804
f 3007 4253 2975
f 1975 2903 2446
f 2716 4494 5682
f 4286 4495 157
f 3753 2286 3236
f 4539 938 2619
f 4497 434 433
f 5069 4497 433
f 3728 585 4418
f 923 1698 2787
f 4498 1307 4625
f 1591 1590 1507
f 1505 1507 1590
f 5071 6841 3789
f 6204 4500 465
f 5156 4501 2450
f 2294 4597 6747
f 4037 6747 4597
f 646 4502 3040
f 3707 4503 1595
f 6839 4504 5966
f 6151 4504 6839
f 1979 4505 4816
f 4507 1190 1486
f 174 4508 6697
f 4509 2461 84
f 4972 359 4888
f 359 2577 6703
f 5525 4510 6412
f 5541 4510 5525
f 357 6414 2623
f 3661 6338 631
f 5438 5786 2586
f 6589 4363 6285
f 5839 1642 5611
f 5839 6167 1642
f 4511 5387 2685
f 1822 4511 2685
f 2910 3736 6975
f 5835 4512 1568
f 5862 4512 3464
f 68 3205 2493
f 2398 4513 996
f 3455 4514 5099
f 2300 86 4274
f 6716 3956 181
f 6027 4516 1492
f 5658 4516 5257
f 1545 747 744
f 4518 525 5705
f 3305 4519 5415
f 3022 4519 5767
f 3833 4520 6057
f 4694 209 6737
f 2537 4521 815
f 5627 4521 3642
f 4522 6632 2692
f 953 4523 952
f 4524 3439 1757
f 6883 1757 5095
f 1432 4525 3879
f 1648 1918 3548
f 3081 4526 6624
f 5360 4527 5588
f 3674 2213 6544
f 3438 4528 5634
f 6529 4528 3438
f 4745 6430 4529
f 4745 4529 3875
f 1947 2833 1948
f 2212 5480 4513
f 5115 5149 5549
f 4530 2609 1314
f 4531 2916 1099
f 1100 4531 1099
f 1996 2354 5712
f 190 5537 5497
f 6059 2502 4532
f 2718 4533 468
f 1021 5216 1768
f 1374 190 191
f 4534 2303 3918
f 4535 4842 342
f 3110 4535 342
f 4536 1267 1128
f 4777 4536 1128
f 3265 5826 6782
f 4538 4403 7004
f 6021 4538 7004
f 1050 2490 1695
f 6300 2912 200
f 639 4540 4673
f 4565 2643 4541
f 1425 4541 2643
f 4542 5684 6437
f 152 4542 6437
f 3168 3354 6862
f 4543 4083 420
f 1041 4543 420
f 4544 1955 403
f 4545 266 3630
f 4715 4545 3630
f 4802 6754 2810
f 3010 4546 2980
f 5354 5890 2686
f 3922 5364 2321
f 1669 3505 982
f 1669 982 1539
f 2969 671 4419
f 4547 2807 4064
f 2504 6062 6915
f 6729 6915 6062
f 3430 5622 1103
f 4816 4549 545
f 2902 2975 4253
f 5064 4550 5122
f 3872 4550 2702
f 6460 2426 4552
f 5293 6662 4553
f 901 5079 498
f 6332 5306 5358
f 5874 4554 2204
f 4555 1555 1556
f 1556 2361 4555
f 331 4556 1292
f 6847 4556 3027
f 4557 3170 6661
f 4093 4557 6661
f 6504 2002 1629
f 4570 6700 6390
f 6665 4479 4286
f 1909 4559 5551
f 4421 6650 6654
f 4306 6650 4421
f 3099 5384 2383
f 1748 1480 5410
f 4476 3258 5391
f 1914 4476 5391
f 639 306 4561
f 3118 4562 1079
f 4563 1945 1944
f 6337 4563 1944
f 4564 1810 1811
f 235 5318 5468
f 4571 5468 5318
f 1712 4565 337
f 6295 4566 1110
f 4567 4929 2183
f 4239 4567 2183
f 84 4398 5283
f 4568 3013 5444
f 540 4568 5444
f 4569 2354 461
f 3325 5575 6532
f 6757 4571 5191
f 4957 3502 3407
f 1682 3029 639
f 1682 639 4731
f 3628 4572 2289
f 4572 3628 4400
f 5201 4573 828
f 3054 4573 5201
f 210 212 4574
f 4841 131 4575
f 4575 131 2148
f 1088 3051 6502
f 1156 1157 1158
f 1158 1157 2583
f 3016 1482 4576
f 6107 4576 1482
f 4577 1273 1274
f 2126 4577 1274
f 6707 6025 951
f 201 5802 574
f 4365 574 5802
f 3966 4578 2559
f 4205 4579 3611
f 4242 4580 3519
f 4581 4267 1322
f 3518 4582 2649
f 6862 4586 6899
f 668 4586 189
f 4588 6465 4618
f 2514 4588 4618
f 4589 910 3328
f 2837 4589 3328
f 4590 1123 5823
f 5315 5951 4454
f 5951 532 2193
f 3770 4591 366
f 6628 4593 231
f 4143 4593 2067
f 5485 6028 669
f 769 3641 1336
f 5029 5492 1177
f 4741 4594 1040
f 6713 4594 6673
f 270 269 6247
f 6157 6097 4595
f 3176 4596 2772
f 4037 4597 6542
f 6819 3430 2441
f 3674 6365 2213
f 4598 655 4549
f 4816 4598 4549
f 6222 4599 240
f 4599 239 1332
f 4852 2417 4600
f 4534 6849 2303
f 738 4601 5532
f 3482 5938 6939
f 4861 4603 162
f 562 4603 4861
f 4604 2660 3913
f 3435 4604 3913
f 4605 3086 6590
f 1735 6474 6062
f 4607 1623 1622
f 4608 1429 1481
f 3499 4608 1481
f 5083 2449 510
f 4832 4878 4609
f 4610 2817 498
f 3028 4611 319
f 4612 1587 6765
f 6641 3513 1646
f 5791 5013 2091
f 4614 2895 1805
f 5795 736 6140
f 4615 3916 3590
f 1419 4615 3590
f 5244 3133 4616
f 2823 4616 3133
f 3070 4617 3584
f 4618 4974 6893
f 3492 4618 6893
f 4516 4619 2765
f 2498 6945 2888
f 6777 4620 2882
f 5513 5802 5583
f 774 4621 775
f 4621 681 1707
f 4021 4622 6489
f 1919 5297 2757
f 281 3961 6460
f 3747 4623 6056
f 1823 237 4000
f 865 4624 6223
f 2774 6510 5201
f 2288 5374 2287
f 6982 2288 4209
f 5759 3875 843
f 841 843 3875
f 6866 3935 4309
f 4625 5878 1642
f 4360 2251 5865
f 5865 2251 5009
f 4626 1602 1217
f 811 4626 1217
f 4627 2323 4990
f 5024 4627 4990
f 6446 5645 596
f 2767 4628 5645
f 1477 1908 4629
f 1111 989 1923
f 1923 989 199
f 580 4630 6219
f 3353 4630 139
f 714 4631 4630
f 452 4915 1841
f 5952 1755 4632
f 1858 4633 5290
f 1229 1227 4713
f 4441 4997 2171
f 2171 4997 670
f 5640 2541 777
f 5640 2721 2541
f 6555 120 1590
f 4510 4635 1135
f 4636 4632 1755
f 692 4636 1755
f 4664 4637 5772
f 5336 4637 1901
f 6128 4638 5384
f 2066 2460 2065
f 2460 2066 4192
f 3757 6913 6183
f 1680 1060 6970
f 4639 4622 1976
f 2897 4639 1976
f 4131 6521 5467
f 4640 1262 1263
f 4640 1263 4486
f 4270 6771 5336
f 6240 4822 968
f 4642 4178 5575
f 4380 4642 5575
f 2585 4643 1052
f 4644 3062 2809
f 6656 6492 4645
f 4943 4646 2070
f 4648 2060 3524
f 6029 4648 3524
f 3582 524 3780
f 3780 524 526
f 2658 6781 5211
f 3087 5211 6781
f 4131 4649 3087
f 65 4649 123
f 2746 154 5669
f 4205 154 3758
f 4651 3063 2909
f 4200 4651 3107
f 1780 4653 3627
f 4654 6889 3046
f 1569 1570 4428
f 5523 4656 338
f 5294 4657 6844
f 5206 4657 2360
f 6204 4658 3962
f 2827 4658 6203
f 929 4803 3169
f 6256 1397 1396
f 1396 1397 3441
f 2741 582 4641
f 6499 2015 3012
f 6107 1482 4660
f 5757 5376 4871
f 4661 205 3392
f 1301 4661 3392
f 1361 1360 477
f 477 1360 476
f 3973 2684 3686
f 4662 847 6567
f 1000 4663 464
f 4637 4664 1901
f 6708 6208 4665
f 6561 4666 6793
f 2510 4666 6561
f 4667 216 1820
f 4019 4669 1521
f 4905 4669 4019
f 5159 5915 1383
f 600 4990 1416
f 4671 1134 932
f 2466 4671 932
f 3677 4932 3386
f 6163 517 4261
f 6468 2465 2922
f 2262 4601 2699
f 5885 2262 1792
f 4457 2480 5743
f 5652 280 5960
f 3167 5960 280
f 3583 409 5312
f 4731 4673 5000
f 639 4673 4731
f 4674 6688 2947
f 2363 4674 2947
f 871 6344 1234
f 4678 4675 850
f 1301 4675 4661
f 1384 4676 5109
f 4677 5962 5882
f 3915 4678 2011
f 2176 6207 766
f 5816 6763 5141
f 3973 3686 546
f 4682 858 857
f 2328 4682 857
f 6247 269 2524
f 769 4683 2345
f 4551 4683 2346
f 773 6574 4359
f 5607 1375 5760
f 4684 5120 1691
f 1690 4684 1691
f 1138 5034 4685
f 6319 4685 5034
f 6297 2017 957
f 159 158 3786
f 5816 5923 6085
f 6088 105 4689
f 4690 1504 3220
f 2727 6164 2377
f 6122 1952 1953
f 1952 6122 6934
f 5191 1877 2543
f 6459 578 4985
f 6736 6592 2097
f 4693 2511 6385
f 5195 6363 2364
f 2620 3042 6363
f 3960 4694 635
f 6887 6645 1337
f 2124 6645 2125
f 1898 4695 1899
f 3498 51 50
f 51 3498 3083
f 4696 2886 3462
f 4883 4697 3218
f 2284 3395 4869
f 2651 4698 5027
f 4698 6383 1518
f 5180 1002 548
f 4699 5736 148
f 4700 1804 4007
f 5959 4701 3570
f 6588 4701 5959
f 2974 1831 4702
f 4703 1183 4416
f 5580 4704 3057
f 4397 4705 1354
f 1353 6080 4397
f 4706 3231 34
f 4348 4706 34
f 739 741 5475
f 6675 6443 4014
f 4079 4707 5638
f 4707 2874 1477
f 880 4708 963
f 5397 1304 6657
f 6483 6657 1304
f 2595 1265 2596
f 1265 26 2596
f 296 4041 295
f 823 4710 4963
f 4276 4710 5465
f 4646 1436 1721
f 4646 1721 2070
f 3230 4711 4591
f 5843 2393 1076
f 5843 3124 2
f 4713 1028 1229
f 4714 5380 889
f 4714 889 4020
f 2167 4717 2166
f 3031 4718 4744
f 4718 3826 3050
f 4719 3509 4299
f 4302 4719 4299
f 384 6113 383
f 3849 4721 6113
f 2935 3059 4722
f 488 5148 864
f 1811 4006 4564
f 255 6832 4617
f 255 4617 5002
f 2828 4726 1910
f 6810 4727 288
f 817 6041 2682
f 6041 2481 1609
f 4712 6408 4736
f 6012 588 3322
f 2764 303 4996
f 3298 1228 1071
f 6745 5638 4707
f 1198 4728 2535
f 4729 3232 1914
f 5391 4729 1914
f 6785 5039 4730
f 1373 4730 5039
f 4731 6081 5028
f 4732 768 4190
f 470 4732 4190
f 5648 329 6146
f 3365 4167 2025
f 1837 1838 1839
f 5648 6146 2056
f 5967 4737 6587
f 4738 2468 5713
f 1726 1727 1728
f 1728 1727 1925
f 5754 1315 6642
f 95 3570 2647
f 95 2647 2717
f 1848 1929 6927
f 1929 1926 6927
f 1148 6165 5958
f 6008 494 495
f 6008 495 5229
f 4594 4741 6673
f 5805 4741 1040
f 5112 4746 6342
f 1706 1705 3815
f 4747 2308 3167
f 280 4747 3167
f 3434 5251 5138
f 5251 1974 606
f 1279 5086 2037
f 2936 1279 2037
f 3198 4748 6667
f 2199 4748 3198
f 5645 1972 3863
f 4749 1972 5645
f 6963 6486 6580
f 5691 2968 6743
f 2708 4750 1161
f 2509 4752 956
f 2447 2448 2921
f 3539 2831 4753
f 3688 1349 4456
f 6335 4755 2525
f 5116 5611 5878
f 5611 981 5803
f 5795 737 6495
f 6531 1033 6032
f 3424 4688 6711
f 1846 3262 1139
f 2866 1139 3262
f 2453 4756 2454
f 5836 1491 4779
f 6315 602 4758
f 4759 931 5371
f 4729 4760 2423
f 5050 4760 1915
f 4761 3850 2568
f 3957 4763 2963
f 5901 2622 2556
f 5901 2556 4283
f 4764 1527 6821
f 1416 4764 6821
f 706 4765 4808
f 5707 4766 2890
f 1042 291 6991
f 278 4767 6283
f 4217 4190 768
f 5231 4769 3531
f 6201 4770 6107
f 6201 3738 4770
f 4771 395 2423
f 2331 4774 1927
f 6861 4775 517
f 1400 4775 1906
f 6502 4776 3633
f 2981 4776 6502
f 4777 1129 1130
f 85 4777 1130
f 4386 1251 2140
f 418 4778 4266
f 6050 1202 5599
f 5599 1202 5199
f 1109 3653 4215
f 1109 4215 6428
f 4779 1156 1158
f 5836 4779 1158
f 1827 911 5263
f 4781 4397 6739
f 4946 4781 6739
f 2215 4782 4100
f 1479 3320 2848
f 3662 4784 2805
f 6196 4785 4836
f 2116 5631 187
f 4326 5631 1282
f 5879 4786 5717
f 5694 1498 1497
f 1760 6290 1322
f 3352 6290 1760
f 2529 4787 1398
f 5148 1165 864
f 950 38 2290
f 1696 4789 3277
f 1281 1724 3037
f 4790 4341 2032
f 2216 5609 5076
f 2681 4791 2061
f 2009 4792 6820
f 5417 4793 1404
f 1496 3212 2040
f 2040 3212 6089
f 4885 719 4794
f 6046 6030 3677
f 1022 3465 4784
f 2689 4709 2401
f 2689 2401 2532
f 1159 4449 2038
f 5336 6771 1159
f 1806 4732 5985
f 6058 5985 4732
f 5622 4795 5782
f 4599 6222 239
f 220 4796 4752
f 3994 4796 2962
f 6249 3117 1380
f 5328 3200 2683
f 244 4797 6242
f 4687 4797 244
f 4798 1666 425
f 426 4798 425
f 6292 4452 1061
f 844 5349 845
f 4377 4799 374
f 3670 1423 6224
f 1423 6692 5505
f 2536 4801 4728
f 5809 4802 1985
f 5155 4803 27
f 2465 4804 1216
f 3877 6066 643
f 6959 4805 6066
f 506 4806 508
f 4806 6259 509
f 508 4806 509
f 4588 4807 6465
f 165 4807 4588
f 2862 4808 3017
f 6772 2560 1085
f 2561 6772 4445
f 4809 223 224
f 2424 3825 2577
f 4810 4145 2747
f 2461 4810 2747
f 4002 817 4811
f 4812 2300 4274
f 4813 3457 5370
f 5417 4813 5370
f 5213 5528 4814
f 4815 1163 5339
f 742 1628 4199
f 742 4199 743
f 4816 545 3153
f 5718 3435 955
f 2167 5616 4686
f 5961 294 4817
f 3448 4817 294
f 4818 390 3032
f 4819 195 4725
f 3079 4819 4725
f 4911 4820 6764
f 4820 1452 5854
f 4821 198 1883
f 4823 2614 6725
f 1711 4823 6725
f 4825 2461 4509
f 2376 3002 2068
f 5848 4826 2433
f 4827 2640 6759
f 3043 4827 3013
f 4828 6248 3244
f 3606 4828 3244
f 3741 1672 4691
f 6396 1246 2611
f 887 4830 886
f 1125 4830 885
f 4831 4033 331
f 393 4831 331
f 6756 4832 401
f 2053 4833 6227
f 2100 2098 2099
f 4918 2099 2098
f 6323 4834 3453
f 3845 204 206
f 3666 3682 3201
f 3682 6929 680
f 3413 4835 3214
f 2274 4835 2273
f 4836 2200 6655
f 2748 4836 6655
f 237 5419 6940
f 584 4837 582
f 4838 119 3356
f 5571 4838 3356
f 6257 3596 808
f 2655 6205 4514
f 2125 749 4350
f 2244 5690 1258
f 745 6755 5164
f 958 4839 1114
f 3461 4840 814
f 567 2291 5446
f 787 2291 567
f 3551 4841 2756
f 5949 4842 4386
f 343 4842 5949
f 3018 5484 2711
f 4843 321 1943
f 6646 4843 1943
f 6282 6508 4370
f 4845 1014 6728
f 4947 4845 6728
f 4846 410 6912
f 5238 4848 4591
f 1342 4848 5238
f 1302 5707 990
f 224 223 4995
f 4995 223 5656
f 907 6087 7010
f 1160 5776 1161
f 5063 146 1794
f 4297 4850 776
f 3668 4851 825
f 664 4600 665
f 3683 4852 664
f 3547 4036 5833
f 5588 5562 4006
f 5703 2224 3695
f 3917 2346 1336
f 1519 4853 6673
f 26 27 28
f 4207 2793 4382
f 3959 5503 3240
f 5503 81 4725
f 5137 1804 4854
f 4700 4854 1804
f 4714 1716 5785
f 3589 4415 6951
f 4805 6951 4415
f 1930 1927 1926
f 1013 4855 4338
f 4298 4856 3264
f 1771 4856 5440
f 3667 4857 3438
f 4659 3179 2219
f 275 2219 3179
f 4706 4860 3231
f 161 4861 162
f 5486 4861 6884
f 3062 4863 2809
f 963 6960 5586
f 4708 6960 963
f 1209 4158 4865
f 4866 4279 3773
f 5626 4866 3773
f 5108 5943 5319
f 3644 2786 1698
f 3644 19 2786
f 1130 4870 6079
f 5777 4873 6779
f 395 4873 3232
f 6146 4874 5972
f 4123 1916 2707
f 2748 1916 4123
f 3953 4875 3006
f 2395 1175 1174
f 2395 1174 2186
f 188 189 6862
f 4586 6862 189
f 1378 3788 6918
f 3062 4876 5603
f 4133 4877 6208
f 4879 6936 3132
f 7016 4879 3132
f 2252 3109 3527
f 1973 6265 3354
f 1973 3354 653
f 2504 4880 2505
f 6494 4880 6155
f 4483 4881 997
f 3218 407 4883
f 6560 4883 407
f 6090 4884 2103
f 6779 6436 3552
f 4885 6333 3904
f 5059 4885 3904
f 4886 970 2607
f 3208 5521 4558
f 2749 618 4887
f 3338 5843 1076
f 6279 6879 5131
f 4888 4144 3111
f 1516 4888 3111
f 238 6729 3830
f 275 5248 5167
f 2434 5461 4889
f 6408 4889 3190
f 6722 4747 280
f 6722 280 2452
f 4902 4890 5817
f 828 4890 4256
f 4891 7003 2007
f 4892 760 271
f 86 4892 271
f 387 4771 2683
f 4702 1807 1808
f 2267 2645 6289
f 6289 2645 878
f 5956 4893 177
f 717 4893 5956
f 857 858 859
f 4039 859 858
f 2337 4895 6339
f 6287 4895 2337
f 6829 1554 4896
f 1554 5679 4896
f 714 2374 1019
f 3930 4897 6165
f 5321 4897 6464
f 4898 1913 2182
f 4454 4898 2182
f 1241 1459 2192
f 101 4899 2327
f 4900 3834 529
f 2156 4900 529
f 3411 4901 3280
f 773 1297 5623
f 1893 1017 1106
f 4903 5717 50
f 4903 50 5916
f 3196 4904 243
f 3067 4904 1455
f 7007 4019 3931
f 673 4513 672
f 1624 4907 62
f 4332 4907 61
f 5202 5179 3822
f 6132 3505 6435
f 4908 1288 6503
f 6695 4910 1981
f 6785 4910 6695
f 5434 2440 5969
f 5969 2440 4136
f 5913 4911 6764
f 3410 4912 4862
f 6625 1633 3810
f 3810 1633 3708
f 6051 4914 2223
f 4606 4915 5855
f 4917 6664 1864
f 2099 4918 3005
f 6451 6983 2098
f 1451 2883 4138
f 4920 6961 4919
f 271 4921 86
f 1362 4921 271
f 5996 4922 513
f 5526 2092 2091
f 6242 246 5869
f 2821 4924 6367
f 5951 2194 2456
f 5070 2194 5510
f 1470 6136 309
f 403 6069 308
f 4926 3738 6201
f 4926 6201 1448
f 5869 4927 1741
f 5567 5284 81
f 3959 5567 81
f 4928 2469 5454
f 5359 4930 3873
f 6255 4932 1399
f 1639 4933 1626
f 4934 4648 6029
f 3542 4934 6029
f 4935 99 527
f 1934 4936 5992
f 4936 456 3563
f 6821 599 600
f 4937 1582 109
f 6044 4938 171
f 712 4939 2806
f 4940 487 3705
f 4941 4256 4902
f 4941 4902 2427
f 6109 2045 5878
f 4942 4997 5220
f 654 4942 5220
f 4104 4943 2594
f 305 4943 2071
f 6868 4944 5644
f 4872 6695 4945
f 3489 4945 6695
f 4946 6739 6607
f 4665 4946 6607
f 6078 2551 1794
f 509 4951 3055
f 4169 1503 6268
f 4120 4953 257
f 5663 4953 4120
f 712 4954 4023
f 2854 4956 2853
f 1052 1051 4587
f 1484 500 431
f 1926 3357 1930
f 4958 4436 5149
f 1438 4958 5149
f 4142 4959 2020
f 784 151 6187
f 485 6187 151
f 4960 6383 6705
f 4961 112 6850
f 4962 2184 4255
f 6680 4963 4710
f 2164 178 6186
f 1925 2680 1728
f 357 4964 3517
f 355 4964 3128
f 4366 5731 5651
f 4966 3930 1411
f 1222 4966 1411
f 6210 6380 4529
f 6380 6210 1002
f 4011 6026 4967
f 945 4967 6026
f 3885 4969 5479
f 5608 4970 4426
f 4972 4303 5554
f 3992 4974 1424
f 5031 4975 3248
f 6453 4975 6520
f 336 337 4565
f 371 4976 372
f 5956 4976 1211
f 4762 4978 2458
f 4978 628 2458
f 3663 4979 1114
f 4980 6478 2712
f 1937 4980 2712
f 3705 6670 1552
f 4981 3189 6253
f 2083 4982 1931
f 2387 4982 4746
f 5977 3900 6024
f 4983 1371 5067
f 4984 6501 3199
f 2177 4984 3199
f 5366 816 327
f 2076 4985 578
f 4986 2189 3758
f 4173 4986 3758
f 3030 4987 3009
f 105 255 5002
f 1490 4988 2507
f 678 4989 2353
f 2323 900 4990
f 4991 702 2307
f 3470 4991 2307
f 6085 2351 6763
f 6892 4736 4992
f 2230 4992 4736
f 4992 3555 6892
f 4994 1040 6915
f 6729 4994 6915
f 5636 224 4995
f 4996 5942 2485
f 4998 3765 3143
f 4052 4998 3143
f 273 4999 3876
f 358 5000 1983
f 2721 2720 2541
f 5001 3489 1981
f 3120 5002 4212
f 5003 2371 4662
f 249 918 1108
f 6823 1817 5812
f 1039 5710 4653
f 6312 2123 5004
f 4188 3025 1501
f 6815 3651 6149
f 2390 5005 3484
f 5651 3113 5226
f 1652 177 2506
f 176 2506 177
f 1319 3919 6418
f 6375 1581 5078
f 4534 5007 4050
f 5077 5008 3815
f 3101 5009 2251
f 5923 5816 4688
f 5816 6085 6763
f 1176 5010 620
f 5012 5683 2277
f 1287 5012 2277
f 2091 5013 5526
f 5721 5014 1118
f 2086 6700 6596
f 3614 2572 4787
f 4898 1598 1913
f 362 6126 1816
f 6015 1858 1857
f 6015 1857 5442
f 4390 5015 2858
f 2287 5016 2602
f 6650 1596 3853
f 5017 598 6542
f 5017 6542 597
f 3037 1724 1964
f 6245 1931 3558
f 6696 5018 3806
f 5653 5018 6696
f 5019 6244 724
f 400 2890 4195
f 5021 3555 2924
f 3692 5021 2924
f 5022 6077 3453
f 4834 5022 3453
f 2990 5023 3068
f 5025 4001 2307
f 702 5025 2307
f 5454 2469 4221
f 4234 5026 674
f 6751 7004 4422
f 3333 5027 613
f 4241 5028 1681
f 3417 5029 1177
f 5639 5030 6036
f 528 658 6198
f 5032 2400 2644
f 3871 5032 2644
f 5248 5033 5167
f 2644 1457 5687
f 5034 4353 3901
f 6805 5034 3901
f 5035 4042 2550
f 824 5035 2550
f 5036 3824 1132
f 6330 5036 1132
f 5047 2454 5037
f 5921 10 98
f 5038 2722 2721
f 689 5038 2721
f 4090 5039 1280
f 1150 5277 6509
f 5040 4528 1310
f 6059 5040 1310
f 4276 4074 2072
f 5043 564 6350
f 6002 5043 6350
f 5524 5044 6080
f 1793 5046 487
f 1543 5046 1793
f 3293 5047 5037
f 4647 5048 6594
f 5496 5049 1001
f 4029 5797 2115
f 5050 3223 1783
f 2534 5051 4323
f 5052 2113 3838
f 5053 516 1597
f 5053 1597 6467
f 4355 5305 5338
f 4622 4639 3735
f 5092 5054 2335
f 5085 5054 6620
f 5824 1750 6752
f 5824 6752 4973
f 1938 5131 6228
f 6879 6228 5131
f 5056 5385 3382
f 5003 5056 3382
f 5057 2731 2605
f 5058 6198 1932
f 4235 5058 1932
f 4166 5777 3552
f 5717 5994 6749
f 5751 5059 5616
f 5060 6865 1272
f 2338 5060 1272
f 5061 78 77
f 5852 5061 77
f 5316 5062 1701
f 5063 1794 2551
f 2702 5064 4914
f 3161 5619 1993
f 1352 5788 978
f 4025 5065 6120
f 4145 5065 5800
f 1904 5560 1604
f 708 1904 1604
f 310 4241 1206
f 1062 5066 1309
f 3246 5067 3725
f 5067 3246 4983
f 260 5068 6291
f 2410 6092 6850
f 946 4475 2382
f 5069 5532 2168
f 5069 2168 4497
f 2194 5070 2456
f 1458 5070 5510
f 5071 2768 2769
f 6841 5071 2769
f 1126 4830 1125
f 5620 1126 1125
f 2266 5073 4030
f 5074 5194 5042
f 6632 6727 2280
f 6632 2280 5219
f 2125 3423 2124
f 5694 1497 3007
f 1639 5075 2865
f 6857 1873 1874
f 5076 3419 2216
f 5077 800 795
f 5008 5077 795
f 5079 5932 54
f 5183 6162 5080
f 1767 6370 3349
f 5420 4260 5081
f 6692 3913 2241
f 1196 3913 6692
f 5082 3921 6504
f 1629 5082 6504
f 510 6767 5083
f 3308 5083 6767
f 2596 557 2595
f 3205 584 2563
f 2563 584 583
f 5085 4091 1448
f 924 5085 1448
f 5086 580 6219
f 2036 5086 6219
f 6860 5087 2942
f 5088 6758 4381
f 276 5088 4381
f 5089 2119 2870
f 4313 5089 2870
f 4901 6897 3280
f 6897 4901 4291
f 5890 5090 5983
f 1725 1172 5232
f 1600 2444 6243
f 5093 768 1806
f 6434 1806 846
f 5094 4874 2394
f 6392 6602 5095
f 4652 5096 6556
f 4892 5097 760
f 5098 3070 6456
f 4663 5098 6456
f 2112 2111 2344
f 2112 2344 168
f 4017 4795 997
f 5113 5099 6250
f 5113 1547 5099
f 6868 5118 950
f 730 5100 6796
f 5570 4499 737
f 5145 5101 6851
f 5101 4194 5041
f 4320 5102 4251
f 5888 5319 5317
f 5103 4027 6469
f 2580 5104 5147
f 6562 5104 6318
f 1318 1319 351
f 5533 5106 6463
f 5943 5108 4867
f 824 5109 4744
f 4662 5921 5003
f 5003 5921 98
f 5110 4251 1640
f 6665 5110 1640
f 2672 6353 1758
f 5425 1006 2564
f 4111 5111 1747
f 5112 2387 4746
f 3370 5113 6250
f 641 5975 6987
f 6245 6198 658
f 5611 5116 981
f 3970 1538 5117
f 5381 5117 1538
f 3377 5119 891
f 5120 5511 6622
f 4159 3071 5292
f 6260 3968 5792
f 6579 4735 6730
f 6730 4735 5676
f 1381 1124 2938
f 1717 5122 5806
f 3451 5124 4059
f 6905 4124 4425
f 5126 3400 5501
f 6984 5126 5501
f 5914 5127 1060
f 1160 1161 4750
f 4876 5465 5603
f 1652 2506 250
f 1652 250 251
f 5129 2700 6019
f 1138 4685 6188
f 5131 2422 3421
f 683 5131 3421
f 5132 6305 3290
f 6233 5132 3290
f 2089 5133 2088
f 6828 5134 349
f 2283 5135 3317
f 5894 5136 1982
f 5136 5894 2367
f 5625 5137 3419
f 5053 6251 516
f 4296 6251 5053
f 1096 1097 3933
f 1096 3933 1495
f 5324 1339 5589
f 1315 4716 6642
f 6560 6454 2217
f 6073 6454 6560
f 5139 2726 4190
f 5139 4190 6164
f 1832 611 610
f 6706 6467 4306
f 5141 3145 4352
f 2690 2532 6667
f 6667 2532 1668
f 5507 2718 5402
f 5402 3016 5507
f 6596 321 2086
f 4843 2086 321
f 5368 5144 2298
f 3550 1978 6423
f 931 6423 1978
f 236 4194 5468
f 5101 5145 4194
f 2002 5146 1630
f 5146 2350 5045
f 2580 5147 4440
f 5148 4724 489
f 5148 489 4318
f 5150 4570 6390
f 617 5150 6390
f 4699 6445 6679
f 5045 5151 5798
f 390 5151 5045
f 4158 666 6830
f 5371 6830 666
f 2510 5152 4666
f 5153 992 4219
f 4589 5153 4219
f 5154 5620 2496
f 5154 2496 4292
f 4823 5155 1265
f 5156 2450 4978
f 5156 4978 4762
f 6770 5157 3984
f 3810 5157 6770
f 5158 3124 5317
f 1835 4853 6238
f 5160 1250 2603
f 100 6004 6461
f 6461 6004 392
f 5161 3821 282
f 5161 282 4606
f 3522 6760 5162
f 5808 5162 2740
f 907 571 6497
f 6176 5163 4499
f 744 5164 6005
f 5165 2969 6325
f 308 5165 6325
f 4178 5166 6880
f 275 5167 5142
f 871 3944 2997
f 872 871 2997
f 1850 4012 5168
f 6988 5168 4012
f 569 2936 6528
f 5392 6528 2936
f 5170 4594 3951
f 3559 499 2744
f 5171 1688 3511
f 2365 2226 2981
f 2981 6384 2365
f 5173 3650 4372
f 1178 5173 4372
f 258 1359 257
f 3807 5174 1959
f 5203 5175 2527
f 2224 5176 5559
f 6542 5176 597
f 5178 4360 5177
f 5416 5177 4360
f 4279 6259 4806
f 1314 5180 4530
f 131 933 4672
f 4905 7007 259
f 5804 644 3817
f 1502 3817 644
f 5902 30 6102
f 5182 6685 6826
f 3126 5182 6826
f 156 5183 3753
f 5087 441 440
f 2514 2513 4588
f 4588 2513 164
f 2636 2635 6212
f 5980 5184 5926
f 208 5185 5841
f 5186 1686 5330
f 5187 5062 5081
f 2464 5187 5081
f 5399 1530 5188
f 2573 5188 1530
f 2699 5189 2970
f 6246 210 5139
f 5190 4325 2269
f 5311 5190 2269
f 6757 5191 2543
f 6938 3040 1376
f 5014 5192 1118
f 1433 5193 6023
f 5195 1823 6425
f 2620 5195 6425
f 4152 1848 5196
f 6927 5196 1848
f 6873 5197 6349
f 1614 6256 5197
f 5199 1202 3368
f 5199 3368 6548
f 6482 5200 632
f 5200 6482 3088
f 5201 828 4256
f 6167 967 4498
f 5202 5731 5179
f 4211 5203 3638
f 5175 5203 439
f 5205 2196 5542
f 2116 5205 5542
f 5206 2360 1335
f 411 5206 1335
f 1805 1677 5686
f 1805 5686 4614
f 5207 3067 2925
f 4992 5207 2925
f 5542 5208 5928
f 4267 5209 2511
f 4114 5209 2556
f 875 2057 874
f 4435 5210 2083
f 4379 5210 82
f 6391 228 6426
f 3812 5212 2545
f 6399 5212 2729
f 5347 773 5623
f 3558 5213 1932
f 5185 6926 5841
f 4140 1512 4778
f 4791 45 3122
f 6681 3654 1635
f 1635 3654 2827
f 530 5903 4847
f 1768 5216 4533
f 3872 2012 2209
f 5217 3475 2519
f 1102 5217 2519
f 3929 5218 2295
f 3912 5219 3574
f 5220 4458 5080
f 653 5220 5080
f 5222 2701 2501
f 5278 344 5223
f 5224 3171 4035
f 3876 6459 274
f 6459 1280 578
f 6277 1166 6618
f 2317 5514 4452
f 5514 2317 947
f 3664 2760 2093
f 498 1762 4610
f 6853 5225 2713
f 3616 5226 2846
f 3320 5226 2848
f 5227 822 2863
f 4044 5227 2863
f 397 1965 2540
f 4087 5228 605
f 5229 5271 6417
f 6058 5230 6898
f 470 5230 4732
f 930 5231 3585
f 5413 5232 1172
f 4649 4131 123
f 2736 5233 6946
f 4193 5234 1764
f 1646 7017 6641
f 2232 5235 6184
f 2231 5235 2232
f 5236 1718 1717
f 4709 1717 3972
f 5237 576 1827
f 4711 5238 4591
f 3673 5238 4711
f 3587 5239 4229
f 334 5240 2332
f 6041 5241 1610
f 4423 5243 6595
f 6039 2403 3918
f 5245 1641 2877
f 1844 5751 2165
f 3879 5246 6213
f 5246 2771 1081
f 6867 3676 5603
f 4311 5247 419
f 5249 273 6611
f 5355 5249 6611
f 4847 5250 531
f 2832 222 2833
f 3657 762 6299
f 6790 5252 2242
f 6266 5252 2163
f 5253 4933 1625
f 5254 2044 516
f 2916 5255 6199
f 5256 4122 2396
f 5256 2396 1634
f 293 5257 4358
f 6093 6236 5258
f 3093 5258 6236
f 1418 5308 6553
f 1792 5187 5885
f 6227 2006 5259
f 3131 5259 2006
f 5260 4706 4348
f 5813 6658 5261
f 5262 2361 1511
f 1045 5262 1511
f 1827 5263 6769
f 5264 5120 5555
f 6969 5264 5555
f 2691 627 5438
f 1774 5265 1117
f 5792 5266 5579
f 5375 5266 5792
f 4548 5267 3110
f 5268 4455 4921
f 2867 5268 4921
f 4275 5269 310
f 2448 2447 5270
f 6411 5270 2447
f 242 241 5272
f 1737 5272 241
f 5273 3147 6947
f 622 5273 6947
f 5274 696 4449
f 4046 1370 5567
f 6591 3069 4156
f 3069 6591 2095
f 6381 6716 5275
f 3088 4344 4986
f 6213 5590 5276
f 3203 5276 1224
f 6607 1001 5049
f 1001 6607 6739
f 1859 5278 5223
f 4659 5278 4254
f 1865 6776 5279
f 6659 5279 2386
f 1457 3160 5687
f 5280 3142 772
f 5280 772 1970
f 3572 6876 5281
f 3808 5281 6876
f 5282 4398 6674
f 5284 372 4480
f 5284 4480 3079
f 5491 5106 647
f 368 794 5910
f 5285 2688 2096
f 5386 5285 2096
f 2047 5286 3909
f 5287 2635 138
f 5923 4688 5189
f 3652 5288 3044
f 1411 5288 1410
f 4446 5289 2820
f 6350 2057 6002
f 1041 4812 3906
f 5290 5752 1749
f 1532 6911 1531
f 6787 1719 5292
f 5293 2743 6662
f 3722 5294 6844
f 5379 5785 4487
f 3453 6077 6318
f 6562 6318 6077
f 6470 1660 5295
f 5295 1660 3263
f 5904 2910 6975
f 4354 2021 904
f 1092 324 325
f 4369 5298 6610
f 5298 1971 613
f 5300 6189 1855
f 2921 5300 1855
f 4939 2801 3757
f 6834 2801 5301
f 5302 1557 433
f 2604 5302 433
f 6086 6557 5303
f 5304 341 5701
f 6345 5304 5701
f 5960 5306 1304
f 5675 5307 4923
f 6659 2385 5279
f 1564 5308 3458
f 6243 3102 3368
f 4033 5309 2068
f 4507 561 4002
f 6169 5310 5931
f 2957 2383 5311
f 5384 5311 2383
f 4625 1307 6092
f 4625 6092 1308
f 4633 5312 5752
f 6794 3956 2320
f 6933 3931 5535
f 1480 5314 5410
f 5779 5315 4454
f 2671 490 4742
f 6747 5316 1701
f 4169 2855 3790
f 4394 5317 6816
f 4571 5318 5191
f 5943 6816 5319
f 5320 569 568
f 5320 568 4064
f 5321 4966 3129
f 2175 5321 3129
f 4295 1180 5565
f 5599 5322 3094
f 6548 5322 5199
f 5323 536 3891
f 4743 5323 3891
f 5128 5324 5345
f 5589 5345 5324
f 2178 2177 3199
f 5326 875 6539
f 4484 5326 6539
f 2640 2104 2018
f 3825 5957 6703
f 5327 4160 948
f 3675 5327 948
f 5328 2683 2661
f 5330 1266 5329
f 2158 5329 1266
f 5330 5343 5186
f 2311 490 340
f 6802 6666 2178
f 1255 5331 4302
f 888 608 5411
f 5332 923 5902
f 6102 5332 5902
f 2911 5224 5222
f 5333 1465 6965
f 6347 5333 6965
f 1889 5334 5282
f 1297 5335 1298
f 6190 5335 2628
f 4587 6630 1020
f 4587 5943 6630
f 4294 1632 5337
f 4937 5337 1632
f 5338 736 6258
f 348 5338 6258
f 5340 5822 3736
f 1013 5340 3736
f 5341 1689 3969
f 1153 5341 3969
f 4929 5342 3286
f 5007 6020 2659
f 4009 6778 3066
f 1854 2937 6622
f 2214 6211 6544
f 6310 6147 286
f 2038 5343 974
f 5960 5344 5306
f 5841 5345 1271
f 6926 5345 5841
f 5346 1299 5040
f 3836 229 5347
f 2380 1421 6356
f 6356 1421 2606
f 137 1020 6630
f 5348 2794 2429
f 3297 3326 5349
f 5683 5351 5587
f 395 5352 4503
f 980 80 3397
f 2978 3118 1078
f 1078 3118 1079
f 5433 5353 3163
f 5354 5129 5090
f 6353 2672 6626
f 1758 6353 6372
f 3795 5355 1296
f 4649 65 63
f 64 65 123
f 5873 5356 6235
f 5463 5356 5873
f 5418 3794 5814
f 5357 612 5474
f 5894 6128 2919
f 1710 2666 3675
f 3675 2666 6410
f 5433 5358 2957
f 5359 3873 341
f 5359 341 3507
f 4013 909 2279
f 5360 5588 4006
f 1811 5360 4006
f 2308 5361 5344
f 5358 5361 2957
f 648 5362 2370
f 3750 940 941
f 5363 697 289
f 2358 2998 5364
f 4763 5365 2963
f 2502 5367 2580
f 3497 1324 1323
f 6925 4411 462
f 4122 5368 1075
f 6773 6624 5011
f 6624 6773 3831
f 5215 6440 6074
f 1802 6074 6440
f 6519 5665 3011
f 6519 2948 5665
f 3520 5371 5492
f 206 205 5372
f 3487 5373 4446
f 526 5373 525
f 5325 5374 6075
f 5375 5792 3000
f 5375 3000 6640
f 2459 2442 2065
f 3119 1155 2626
f 1598 5376 1815
f 4307 5473 5377
f 2524 1888 933
f 2224 2223 3695
f 1098 5378 3476
f 4714 5379 5380
f 5379 4714 5785
f 1201 2923 3583
f 5117 5381 5365
f 385 5382 386
f 5383 1703 1702
f 5886 5383 1702
f 4043 5386 3857
f 1237 5387 5339
f 236 6137 6900
f 5388 942 5437
f 4053 5389 2079
f 5666 3648 25
f 1933 2438 3634
f 2952 2818 4886
f 3120 4212 5098
f 1689 6635 5390
f 845 5921 6567
f 2037 5392 2936
f 2889 5393 370
f 175 2725 5394
f 5451 5395 288
f 5963 4284 1087
f 4304 5397 6657
f 3452 5397 4304
f 1427 1883 5494
f 5398 2024 6126
f 6642 3130 2478
f 1120 711 1119
f 4375 5400 6153
f 6895 5400 5309
f 5401 2972 98
f 5402 5761 1892
f 4537 5402 1892
f 5403 6364 5727
f 3098 1294 5404
f 2243 2329 1080
f 1282 5405 12
f 2225 6046 3677
f 1818 6313 5390
f 2414 1346 3892
f 6735 5407 5119
f 5463 6902 1455
f 826 2082 4878
f 2605 3269 3369
f 5548 2605 3607
f 2647 1935 727
f 1742 1478 6616
f 2582 2656 5409
f 6907 5409 2656
f 5411 6014 865
f 4244 5413 2232
f 6462 5414 1152
f 4519 5290 5415
f 5415 5290 825
f 1422 4369 6603
f 6603 4369 1421
f 5416 5865 6018
f 5417 5370 3803
f 5418 2574 2607
f 6940 5419 316
f 5420 5062 5316
f 5420 5316 1277
f 1852 5421 3012
f 5422 3672 6601
f 2082 5423 4609
f 1730 5424 3261
f 557 5424 1847
f 1006 5425 591
f 2240 5426 3260
f 5427 2257 4676
f 2885 5429 3417
f 3081 6624 3831
f 5430 2051 5123
f 3550 6423 6593
f 5431 4382 2793
f 4448 5431 2793
f 2244 5432 3828
f 5434 2273 3413
f 5765 5434 3413
f 4867 1216 5435
f 5436 2811 1420
f 726 5437 3756
f 3041 5549 5149
f 3819 5439 3279
f 1771 5440 2568
f 6307 5441 5906
f 4230 1492 1493
f 2809 4356 4644
f 5442 60 2920
f 4093 5443 71
f 5091 6944 4451
f 5030 5445 6036
f 5892 5446 2293
f 5447 496 497
f 5448 535 1390
f 4208 5448 1390
f 4063 5508 5204
f 1963 2796 1961
f 6075 5449 1072
f 2618 5449 1073
f 5498 5450 3108
f 5451 290 3273
f 5395 5451 3273
f 2389 5452 5934
f 197 5494 1529
f 5494 197 1427
f 390 389 3032
f 6055 5454 6358
f 5455 193 5907
f 4106 5455 5907
f 5460 5456 2996
f 1267 2747 5800
f 2747 1267 4330
f 6512 4022 5459
f 5456 5460 39
f 5461 3190 4889
f 5836 5462 1491
f 4904 5463 1455
f 718 3004 2928
f 1651 718 2928
f 2599 2750 6182
f 6182 2750 5593
f 3853 5464 5089
f 3806 5464 6696
f 4276 5465 1584
f 5466 4930 5359
f 3389 5466 5359
f 77 78 6691
f 6691 78 4364
f 5467 123 4131
f 1136 1488 5990
f 5990 1488 4429
f 5468 4194 235
f 4753 686 5469
f 1648 5469 686
f 5470 497 1670
f 3963 5470 1670
f 5471 6307 2714
f 802 5471 2714
f 6338 5473 631
f 4894 5473 6338
f 305 1436 4646
f 6016 6337 1944
f 5474 6780 3760
f 5475 2509 1256
f 739 5475 1256
f 5476 1655 4008
f 7013 5477 4949
f 5382 385 6524
f 5478 991 990
f 1151 6937 356
f 356 6937 6616
f 5479 362 361
f 5479 361 4884
f 5749 6150 2315
f 4638 6150 5749
f 996 5480 1878
f 1509 965 1121
f 6769 5483 3690
f 6636 2141 5484
f 2711 5484 2141
f 670 5485 669
f 5486 5342 2397
f 5488 4487 4062
f 5502 3754 5489
f 6655 5489 3754
f 369 2703 1934
f 6223 1079 4562
f 3174 1079 6223
f 3809 3292 6206
f 4067 4136 3136
f 198 5929 5494
f 3253 4931 5339
f 3854 36 37
f 5982 6040 5889
f 5982 5889 2521
f 3655 5495 1068
f 2358 5496 609
f 4910 6785 4730
f 4332 5498 6718
f 6814 5498 677
f 5499 3916 5380
f 3505 5500 6435
f 6562 3164 5104
f 3400 6251 5501
f 2494 5501 6251
f 110 6103 3823
f 110 6800 6103
f 4955 5503 4940
f 5504 2689 3887
f 5505 4035 1423
f 6300 200 1949
f 7005 5506 1235
f 4576 5507 3016
f 5311 2269 2957
f 2957 2269 5433
f 20 3547 5833
f 962 6934 4857
f 1154 1153 4740
f 4059 4818 3451
f 5508 6173 6395
f 5510 6214 4822
f 2652 2190 5512
f 5513 5583 2335
f 5602 5513 2335
f 4246 5514 947
f 5447 171 3949
f 6439 1200 4401
f 5515 6687 6320
f 6142 5515 6320
f 2225 2851 93
f 93 2851 844
f 3221 1514 5517
f 6914 5518 6192
f 5392 5519 2036
f 5519 2037 5086
f 687 5520 2569
f 6958 2806 5521
f 2280 5522 5219
f 5523 338 3898
f 2780 6969 5555
f 1426 5525 6412
f 1407 5525 6732
f 4923 5526 5770
f 1644 5527 111
f 5528 624 623
f 5528 623 4814
f 5739 1441 1523
f 4067 4146 5529
f 5530 520 519
f 4864 5530 519
f 488 4742 4724
f 6345 4724 4742
f 2998 3840 5998
f 4089 4970 2114
f 4524 4481 6091
f 2901 2168 5532
f 1600 5533 2444
f 5534 2292 2558
f 6158 182 2810
f 6754 6158 2810
f 1677 5535 1676
f 1016 5536 5868
f 5497 5537 3792
f 5538 5550 715
f 5538 715 3726
f 5619 512 5835
f 3819 5540 3181
f 6298 1074 2463
f 5541 6541 2955
f 4635 5541 2955
f 5542 2778 5208
f 2116 5542 5928
f 4470 5543 1061
f 660 5543 3100
f 5544 6950 3141
f 4218 5544 3141
f 4737 5967 3776
f 5545 815 816
f 5547 554 2172
f 501 5548 5664
f 5549 3857 2096
f 2688 5549 2096
f 3325 1909 5551
f 125 5553 5283
f 5554 1986 4972
f 4858 2105 2106
f 2106 2105 2816
f 6501 5557 3682
f 4984 5557 6501
f 4573 5558 3778
f 2223 5559 6051
f 3416 4198 2841
f 5912 5560 2906
f 5561 1194 6344
f 6701 595 6909
f 1889 5562 5334
f 2031 5562 1890
f 6773 5563 6682
f 1250 5563 6773
f 2860 5564 4801
f 4793 5633 1180
f 5565 1179 2178
f 3059 2935 5773
f 3439 5566 6281
f 6530 4285 2800
f 6530 2800 2466
f 5567 5604 5284
f 1165 6277 864
f 3510 1764 5234
f 1955 5568 403
f 6220 5569 2823
f 5795 5570 737
f 6483 6332 1844
f 4102 5134 1667
f 1195 5571 3356
f 5572 3997 1136
f 5156 5573 4193
f 5576 3598 6910
f 5576 6910 2204
f 2278 4459 836
f 2904 3201 6449
f 6792 5578 4310
f 6623 5578 2348
f 2920 60 3119
f 4899 5893 1861
f 3009 5579 3008
f 6214 286 6147
f 286 2193 532
f 4976 5956 3447
f 1321 1320 3378
f 5580 3057 3808
f 5580 3808 4392
f 5581 6957 504
f 3234 5581 504
f 6444 4004 1807
f 6444 1807 5239
f 2485 2736 6311
f 1741 6311 2736
f 2060 5582 4223
f 200 5583 1949
f 2611 5584 683
f 1988 3947 3744
f 3744 3947 2864
f 4734 5586 1391
f 680 4585 2543
f 3411 6298 107
f 1814 5588 4527
f 5589 6608 4677
f 6130 5589 4677
f 1459 1224 5590
f 248 88 2039
f 5591 4167 5832
f 1567 5591 5832
f 3588 5592 5654
f 4978 5592 628
f 5593 6432 6627
f 510 4501 2624
f 5594 3996 3599
f 2331 5595 5780
f 4704 5531 5596
f 5322 5599 5199
f 3375 477 476
f 3508 5600 2784
f 5601 3140 2064
f 2113 5601 2064
f 2258 5602 3228
f 6867 5603 5465
f 5035 824 6533
f 2270 2271 6065
f 5604 5172 1149
f 6033 3562 6601
f 6508 6033 2526
f 6643 5605 1162
f 4931 5605 6643
f 4298 5606 5440
f 4775 6861 1906
f 5607 6676 2609
f 2792 5607 2609
f 6450 6309 5608
f 4970 5608 2081
f 5076 5609 6663
f 1464 3496 663
f 381 1464 663
f 5610 6592 585
f 4515 5610 585
f 5612 2436 4080
f 2829 638 637
f 33 5613 1428
f 5477 5614 6289
f 2663 472 4460
f 173 6535 1468
f 2567 779 445
f 6230 6191 5855
f 3904 5616 5059
f 1894 575 2804
f 2804 575 5237
f 4689 5617 2759
f 6730 5676 5618
f 5619 5835 1993
f 1126 5620 6668
f 3046 515 2753
f 5621 3260 1993
f 4795 5622 997
f 6831 3125 5871
f 6253 5871 3125
f 3562 6282 1148
f 5623 790 5347
f 2084 5625 5076
f 819 5626 818
f 5627 2949 1358
f 5628 2732 527
f 1031 5628 527
f 941 940 4201
f 5630 5531 4389
f 3111 5630 4389
f 5631 1369 187
f 4222 1663 1686
f 5632 2771 2615
f 6048 5632 2615
f 2152 3104 5114
f 2151 2152 2153
f 5633 1179 5565
f 1180 5633 5565
f 1209 6730 5618
f 5040 5634 4528
f 2157 6828 349
f 49 5635 1908
f 5636 4995 5689
f 287 3257 3150
f 568 569 6528
f 3236 2286 5979
f 190 2104 5537
f 5638 197 1529
f 5639 1028 1027
f 2869 5640 2567
f 5913 6896 3345
f 5913 3345 253
f 5641 935 6747
f 616 5641 6747
f 6423 931 5642
f 5642 931 2756
f 4703 4416 1182
f 1387 5896 4119
f 5896 2930 6124
f 6603 2381 142
f 142 2381 6043
f 5643 2542 2180
f 596 5645 4628
f 3182 5646 909
f 5864 5647 5758
f 2900 5647 3056
f 6759 5648 2056
f 5581 5649 6957
f 6644 5650 480
f 280 5652 3380
f 5654 6551 3588
f 3783 5655 6361
f 4995 5656 5689
f 5657 2693 6174
f 5887 5657 6174
f 940 1989 6225
f 5474 5443 5357
f 4758 5658 3604
f 121 4408 6974
f 20 5833 18
f 5659 6549 4497
f 2168 5659 4497
f 5240 5660 3531
f 1744 5660 3717
f 5661 2854 4767
f 277 5661 4767
f 5663 4120 375
f 2619 5663 375
f 2667 5664 2668
f 2494 5665 2948
f 5666 5691 3362
f 5666 3362 23
f 3767 6048 5667
f 2615 5667 6048
f 5984 5709 2956
f 6588 5668 5277
f 5669 3220 6369
f 2746 5669 6369
f 4477 5670 3826
f 5671 4650 2778
f 2196 5671 2778
f 1363 3050 5268
f 5758 5672 5864
f 3015 5673 2050
f 4462 4405 6990
f 846 5674 4989
f 1634 2396 3367
f 5770 5675 4923
f 5618 5676 3417
f 5677 2552 4445
f 2553 5677 4445
f 5678 6689 811
f 4030 4272 6215
f 5680 882 884
f 3052 5682 2390
f 5351 5683 5031
f 1375 1732 5684
f 3076 5685 2514
f 6022 3881 5686
f 4652 5686 3881
f 5767 4433 5509
f 4433 5767 3305
f 6765 5688 92
f 2048 5689 1480
f 5690 6438 5768
f 4773 5691 6743
f 2771 4289 1081
f 4694 3960 2470
f 634 2470 3960
f 5971 5692 1322
f 5692 5971 2512
f 3950 5693 2484
f 1531 5695 1532
f 3304 5696 6977
f 3007 1515 272
f 40 5697 6932
f 2566 5698 1009
f 15 5698 1008
f 5893 3712 1861
f 5701 3640 5700
f 5700 3640 6811
f 994 6070 995
f 5702 266 6037
f 2620 5944 5490
f 5944 2620 6425
f 4751 5703 3695
f 5696 2472 6977
f 6977 2472 3599
f 5867 5704 6882
f 4096 5705 661
f 2058 5705 2059
f 5706 5851 6823
f 721 5706 6823
f 5707 5478 990
f 3688 4456 5708
f 5711 3529 3073
f 5978 5711 3073
f 5713 4924 140
f 2563 6712 3681
f 5936 5714 3649
f 175 5394 5493
f 6086 6765 92
f 6086 92 720
f 5715 4675 4107
f 2234 5715 4107
f 416 5716 1595
f 3751 5716 415
f 5781 2691 2586
f 5781 2586 1722
f 358 1983 3924
f 3924 1983 6971
f 5717 6749 50
f 5718 2668 1135
f 4113 5719 6572
f 3254 5719 2032
f 4172 4917 6806
f 1864 6806 4917
f 1328 6972 4925
f 1146 4027 5281
f 6108 2471 6175
f 1236 3093 6678
f 1236 6678 1731
f 5990 1992 1136
f 710 711 709
f 3109 5723 3527
f 5724 1164 5605
f 2090 496 2501
f 2501 496 443
f 5725 853 99
f 5726 1205 4769
f 5769 5726 4769
f 28 27 4141
f 5727 49 5403
f 5728 492 4451
f 6944 5728 4451
f 6665 4286 6272
f 5904 5729 5431
f 6975 5729 5904
f 5730 222 2832
f 5731 1401 5651
f 6576 6651 4337
f 6140 6651 6576
f 5732 5303 6557
f 3887 6818 396
f 4307 5733 626
f 6174 3056 5734
f 4179 5736 6060
f 5765 6239 6415
f 5737 921 922
f 5737 922 6485
f 6126 5738 335
f 176 5739 1523
f 5745 3442 5740
f 6855 5740 3442
f 1438 5742 6145
f 229 3581 2909
f 3063 229 2909
f 5765 6415 5744
f 1536 5744 6415
f 5746 4522 2692
f 4248 5746 2692
f 3013 4827 6759
f 5747 1802 1801
f 3440 5747 1801
f 3768 5792 2999
f 2534 4454 5951
f 5748 1641 5245
f 2884 5748 5245
f 5749 2315 5190
f 2695 5750 2694
f 5751 5616 1843
f 601 34 2413
f 6376 5752 700
f 5753 5298 613
f 2034 936 2619
f 2034 2619 938
f 2775 6766 199
f 2593 5755 1997
f 6116 5756 3245
f 1112 5757 1110
f 5672 5758 6053
f 6067 5759 843
f 152 5760 1375
f 4334 5760 152
f 852 2233 6744
f 3529 5763 2913
f 1718 1029 6393
f 1842 5764 42
f 2064 5764 6003
f 5766 5546 5015
f 5767 3412 3218
f 3022 5767 3218
f 2259 6127 5768
f 5952 5768 6127
f 930 5769 4769
f 6474 5770 5013
f 4651 4125 6574
f 6574 4125 681
f 400 5771 3749
f 6336 5771 4195
f 5944 5772 5490
f 1266 5774 2932
f 5776 1773 4849
f 1161 5776 4849
f 3232 5777 1914
f 2046 1542 1541
f 1415 5779 1412
f 5780 6795 4774
f 4865 6830 1977
f 630 5781 6480
f 5782 1104 1103
f 5782 1103 5622
f 3187 1851 869
f 5783 199 6766
f 5783 6766 4948
f 461 6898 4569
f 1305 2280 3710
f 5762 6536 4783
f 6577 5784 5762
f 5762 5784 6536
f 998 5786 999
f 5787 379 3744
f 5221 5788 6493
f 5789 421 3207
f 5410 5790 2548
f 4022 5791 894
f 5792 5579 6260
f 5793 809 2684
f 3973 5793 2684
f 6733 5794 4526
f 3390 5794 6733
f 253 252 5913
f 1027 5796 5639
f 6475 5797 501
f 5798 4059 6743
f 2968 5798 6743
f 5799 3383 6331
f 6279 5799 6331
f 4611 1128 5800
f 1267 5800 1128
f 5801 2613 3734
f 5801 3734 4249
f 1181 1182 3803
f 5803 3058 5839
f 5450 5922 3655
f 5179 5804 3817
f 4994 5805 1040
f 5988 5805 4994
f 1032 1008 2566
f 5698 2566 1008
f 5807 1447 4213
f 5722 5809 1631
f 2353 3113 6001
f 4093 5810 70
f 3027 5811 6847
f 5811 145 3635
f 57 6594 4362
f 3049 1767 2046
f 4518 1666 526
f 3089 526 1666
f 5812 2138 5632
f 6398 5908 703
f 6282 4370 3930
f 2256 5813 5261
f 5814 3794 4517
f 6215 5814 4517
f 1926 1927 1928
f 1928 1927 3491
f 2901 5532 5885
f 533 3544 5815
f 4352 5816 5141
f 2213 4327 2214
f 5817 3973 4751
f 2427 5817 4751
f 5818 694 695
f 1627 5818 695
f 5819 820 3762
f 6891 5819 3762
f 1729 1731 6678
f 2924 5820 1643
f 4216 5543 660
f 2338 5821 6550
f 2105 4325 2816
f 2650 2729 5997
f 5903 530 6945
f 5823 6768 4590
f 4687 5824 2995
f 6031 5825 3443
f 5827 5231 5660
f 5828 3048 3041
f 5825 5829 3443
f 4008 5830 5476
f 4892 5830 4008
f 5831 3482 1999
f 346 5831 1999
f 5621 5832 684
f 6001 5834 3225
f 1400 5834 1401
f 4512 5835 3464
f 1567 5835 1568
f 5865 5009 6018
f 6018 5009 965
f 5050 1915 3223
f 3223 1915 5391
f 6429 5837 1298
f 5838 3372 358
f 2030 5838 358
f 4097 5840 6200
f 3441 6506 5840
f 5841 1271 6734
f 208 5841 6734
f 5842 6843 5265
f 5842 5265 6006
f 6843 1408 6980
f 2393 5843 2
f 5844 6892 4186
f 1996 5845 4154
f 5846 319 3554
f 4315 6790 2162
f 3993 6790 4315
f 2715 5847 4239
f 1048 6083 5848
f 5849 2181 80
f 4870 5850 6079
f 2720 5850 1357
f 5706 6276 5851
f 2453 3798 6340
f 716 5852 77
f 2388 851 6744
f 711 3091 1119
f 4790 6143 5853
f 4868 5193 6689
f 5193 4868 209
f 6407 5854 3221
f 4326 17 4860
f 4606 5855 363
f 3902 396 432
f 2540 396 397
f 5856 5411 865
f 4105 6905 1389
f 4490 41 5764
f 5911 6872 4388
f 6396 5858 2976
f 343 5859 3219
f 5859 4135 1752
f 3965 1038 6806
f 6806 1038 4172
f 6777 1543 4620
f 1969 1968 6405
f 1093 6405 1968
f 5863 2573 1530
f 5647 5864 3056
f 4360 5865 5416
f 4438 2835 2089
f 4836 5866 2200
f 4785 5866 4836
f 5867 6882 3990
f 1740 5867 3990
f 4268 5868 2295
f 5869 1741 6649
f 6242 5869 6649
f 5870 2678 3991
f 5838 5870 3991
f 5872 2330 1928
f 3491 5872 1928
f 3371 6250 7019
f 2558 5873 2557
f 4224 5875 829
f 2995 5875 3035
f 616 1792 3730
f 2483 5876 2960
f 3405 5877 6222
f 360 5877 3405
f 5879 5717 6653
f 5879 6653 822
f 5880 4800 2138
f 5881 1402 6187
f 5881 6187 4339
f 6234 3324 3869
f 3642 1388 5048
f 5246 3879 2771
f 2876 5883 3107
f 5884 3095 6917
f 4066 6869 2117
f 4321 5887 5734
f 2383 3802 3099
f 5888 5317 1243
f 4163 5888 1243
f 5889 3383 1413
f 1912 5889 1413
f 2686 5890 3512
f 5891 4022 1514
f 5446 5892 6377
f 5893 392 3884
f 5894 1982 6128
f 2930 5896 1387
f 1097 5897 4230
f 5243 5897 1098
f 1822 5898 4092
f 5898 1821 378
f 5899 2384 6782
f 3301 5900 5939
f 5900 835 6500
f 4581 5901 4283
f 5398 5903 2024
f 5904 5431 6055
f 6055 3096 5904
f 2900 5907 5647
f 2815 5908 6378
f 5103 5909 4027
f 4180 1064 3851
f 5910 6023 211
f 210 5910 211
f 972 3149 973
f 2415 5912 6609
f 3471 5914 2896
f 2299 5917 6453
f 5443 889 5357
f 889 5443 6152
f 6463 5919 2444
f 4662 6567 5921
f 382 5922 6814
f 4531 5924 2918
f 4837 6220 582
f 885 5927 1125
f 5928 5208 6672
f 3693 5928 6672
f 5929 704 1529
f 5494 5929 1529
f 562 6343 622
f 1394 5930 1395
f 5931 2133 6543
f 5932 5931 6543
f 1113 1996 5712
f 5276 5933 1432
f 3246 3725 5164
f 5936 3649 1617
f 2391 5936 1617
f 5937 1220 4739
f 5938 6812 3020
f 5066 1062 3229
f 3878 1062 1309
f 6597 5939 4271
f 3301 5939 97
f 2264 5940 3351
f 1112 3388 1111
f 4882 1918 5941
f 6878 5942 3945
f 6557 1870 5970
f 1822 2685 4247
f 5943 4867 6630
f 5944 267 4664
f 2924 2925 5820
f 6992 5945 6011
f 5947 1133 118
f 2582 5947 118
f 551 6427 2239
f 1341 30 6237
f 292 813 5948
f 3064 5948 813
f 1552 6670 2246
f 5949 4386 2140
f 2751 6350 6293
f 5950 6436 511
f 2194 5951 2193
f 6310 5699 6147
f 1128 1129 4777
f 1366 5198 1306
f 1289 5953 2045
f 4240 5954 1345
f 4128 5955 1010
f 2054 1585 6672
f 5957 6297 6703
f 6392 5095 1756
f 3135 4259 6633
f 6633 4259 5557
f 5958 221 1948
f 222 5958 1948
f 5959 3570 95
f 5959 95 5668
f 1683 1960 3493
f 2131 1683 3493
f 5082 2457 3921
f 5963 2077 2078
f 1444 5963 2078
f 5964 3657 6455
f 6669 5964 6455
f 5965 1881 2648
f 3882 5965 2648
f 4667 5966 2226
f 5967 6587 2195
f 2273 5969 2274
f 3371 1100 6966
f 6734 207 208
f 208 207 1430
f 2987 5094 2394
f 2987 2394 361
f 4654 4586 5970
f 5971 4267 2511
f 5972 4874 3271
f 1894 5973 2522
f 5974 4483 2974
f 3807 5974 2974
f 3925 5256 1634
f 1460 5975 4647
f 5976 5389 4053
f 403 308 4544
f 5020 5979 6723
f 2815 5980 5221
f 5980 6378 3470
f 5981 4417 5157
f 3810 5981 5157
f 2515 5815 4104
f 5982 2521 1037
f 6731 5983 191
f 5984 3695 2223
f 4914 5984 2223
f 5986 2755 2754
f 5986 2754 5485
f 5987 6010 5482
f 2715 5987 5482
f 5805 5988 2830
f 5989 5950 511
f 5159 5991 3043
f 1961 3209 1133
f 4438 5992 2531
f 2495 5993 3415
f 2142 5994 4786
f 3946 5994 2142
f 411 2362 1333
f 2362 411 1335
f 1033 5995 1160
f 5996 1439 2984
f 4922 5996 2984
f 5997 662 4181
f 3536 1898 1593
f 152 5999 4334
f 6000 1404 1180
f 4295 6000 1180
f 2949 3856 1358
f 5833 6269 916
f 6153 1145 3613
f 2664 6153 3613
f 6002 5326 57
f 1245 6492 6329
f 6656 6329 6492
f 4498 967 2425
f 2425 967 4277
f 3803 1182 5417
f 6003 1092 6095
f 1766 6003 6095
f 6004 391 4262
f 392 6004 4262
f 7016 2174 5946
f 7016 5946 1449
f 6005 6865 3404
f 6005 3404 744
f 5525 6006 5541
f 4031 5511 4613
f 2951 4425 6007
f 4592 6008 3975
f 1242 5630 3111
f 1718 6009 1717
f 1270 6009 4003
f 6010 2482 3782
f 4960 6010 3782
f 2377 6164 4691
f 3479 6012 3322
f 6013 518 3350
f 536 6013 3350
f 5829 6014 3961
f 2872 6015 3829
f 2517 6016 4447
f 5416 6018 2499
f 6019 5090 5129
f 3918 6020 4534
f 2403 6020 3918
f 6022 1676 3300
f 4722 6022 3300
f 5024 600 6044
f 4778 1572 1574
f 6023 4869 1433
f 1499 6024 3900
f 3030 3009 2457
f 3541 3889 1520
f 6025 5883 951
f 945 6026 4535
f 4516 6027 5257
f 2260 6028 2261
f 4744 1363 6514
f 3726 5093 6434
f 1703 5124 1150
f 1276 1150 5124
f 5367 6318 2580
f 5104 2580 6318
f 6512 5459 3636
f 3677 6030 4932
f 858 6031 1170
f 5825 6031 858
f 3672 6033 6601
f 6068 6034 640
f 4593 6035 232
f 6036 2790 2588
f 6178 6036 2588
f 2179 6037 3868
f 6038 352 4457
f 353 6038 4457
f 5244 6039 3997
f 6331 6040 2154
f 3383 6040 6331
f 6041 1610 1608
f 242 5272 2537
f 6042 2881 5968
f 2762 3758 154
f 4420 2346 3917
f 6043 2379 4371
f 2900 6043 4371
f 6044 171 3658
f 1705 6045 1828
f 6030 6046 6011
f 2053 6227 1616
f 1381 6047 2782
f 6047 5637 3418
f 6049 1113 5712
f 6457 6049 5712
f 1684 1685 2697
f 6050 1203 812
f 6869 6050 812
f 6053 747 5672
f 4787 6054 3614
f 6056 2031 1890
f 1356 6056 1890
f 2332 6057 334
f 5230 6058 4732
f 6059 2052 5346
f 6794 2645 2646
f 4681 6420 230
f 4681 230 2117
f 6026 1251 4386
f 4179 6060 6864
f 2862 6061 2539
f 6062 2504 2505
f 6063 6374 1197
f 6064 3684 303
f 1898 1899 1897
f 1812 3329 2276
f 2276 3329 775
f 643 6066 4805
f 6067 521 3813
f 6068 2333 1313
f 6034 6068 1313
f 6069 1471 308
f 2613 5628 2612
f 2753 6070 2754
f 224 6071 4809
f 3744 6072 3233
f 2431 4342 1672
f 6073 6560 3937
f 5215 6074 3178
f 6982 6075 5374
f 1928 6927 1926
f 4110 6457 6078
f 6674 6079 1290
f 323 4705 6080
f 4397 6080 4705
f 6081 5000 3372
f 430 6372 4720
f 4720 6372 6353
f 2404 1986 448
f 3083 1082 51
f 3047 5743 2480
f 3047 2480 2710
f 1609 6874 5241
f 6276 3847 3565
f 6398 3565 3847
f 4678 6082 5372
f 5453 6084 4262
f 6094 627 3449
f 618 6085 5923
f 6086 720 1869
f 3395 2236 2822
f 6087 3767 5667
f 4525 6087 5667
f 3808 6876 2785
f 3538 4672 933
f 6089 4445 6772
f 1767 3847 6370
f 6092 4961 6850
f 6094 1659 2087
f 6686 6094 2087
f 6599 6602 2238
f 325 6095 1092
f 6096 5554 4303
f 589 6096 4303
f 1813 5774 6634
f 3375 476 6369
f 3697 6098 1383
f 6125 1933 4851
f 1600 6099 5533
f 1083 5916 51
f 1083 51 1082
f 136 4867 5435
f 4829 6100 1246
f 6299 6101 66
f 4260 6102 5081
f 6105 2445 2446
f 6242 4797 246
f 5911 4954 6106
f 6177 3117 3989
f 4576 6107 4084
f 1145 6153 6110
f 6688 6111 2946
f 5639 6112 1028
f 383 6113 4721
f 3430 6114 1831
f 1081 6115 6791
f 6408 4712 6494
f 4712 4736 4391
f 6117 2795 3397
f 2304 6117 3397
f 1437 6118 3247
f 3029 6118 5299
f 6225 6119 1045
f 320 6120 5214
f 2822 6121 6431
f 6122 1953 6529
f 6122 6529 3438
f 6123 3048 3827
f 364 6123 3827
f 1046 6691 6430
f 2438 6125 4108
f 6129 4762 2458
f 6619 6129 2458
f 2546 6130 4677
f 4042 6131 2550
f 6453 3455 6133
f 4125 4200 911
f 5483 911 4200
f 6135 4018 43
f 1679 4107 1301
f 1301 4107 4675
f 6136 671 309
f 410 6137 6912
f 6138 547 3600
f 2797 6138 3600
f 2377 3894 3883
f 3853 1596 6696
f 4695 6139 1392
f 5795 6140 3813
f 6141 1800 4436
f 4145 5800 2747
f 6143 3164 3149
f 5308 6143 3149
f 2489 4238 6076
f 6144 930 3585
f 6145 1175 2395
f 6147 968 4822
f 2640 5648 6759
f 6148 1715 2643
f 1713 6148 2643
f 6149 325 6815
f 2315 6150 3217
f 227 6151 6761
f 4020 6152 2944
f 6154 3409 2599
f 2455 6155 2504
f 6156 3864 2410
f 6968 3250 3072
f 2082 4609 4878
f 6241 6158 4004
f 5033 6159 1187
f 5571 6159 5033
f 6160 6742 5597
f 6216 6161 5020
f 1752 6161 6216
f 3718 6162 156
f 1300 6163 1499
f 5351 5031 2859
f 2191 3338 2576
f 6166 719 2655
f 2095 6585 3121
f 1642 6167 4625
f 6168 4988 1035
f 1034 6168 1035
f 1776 1777 2836
f 1777 1776 2965
f 384 6365 3674
f 928 6170 926
f 6171 903 2102
f 6873 1398 1614
f 6172 6669 6455
f 208 4608 5185
f 6173 1156 4779
f 5887 6174 5734
f 6175 2471 6491
f 1540 6175 6491
f 1884 6176 4245
f 6571 6176 479
f 6177 3989 1247
f 1658 6177 1247
f 6036 6178 6112
f 1101 6179 1510
f 5294 6179 1511
f 172 1240 3743
f 3131 2006 2007
f 6181 6136 1470
f 2599 6182 6154
f 1418 535 3458
f 688 6183 338
f 6184 2327 4244
f 202 6185 3524
f 6186 263 2164
f 6397 6187 783
f 3687 6189 6993
f 6190 3329 3835
f 1684 6191 1685
f 1831 4483 5622
f 6192 6938 5552
f 3035 6193 5023
f 5755 943 6194
f 6054 6195 3614
f 3512 4815 2686
f 6623 4109 4558
f 6196 1997 4916
f 3259 6197 2240
f 5076 6663 2084
f 2793 3535 7002
f 3588 4894 629
f 6198 3902 528
f 6281 76 6199
f 6199 76 1873
f 4373 1280 6785
f 645 6200 6639
f 5006 6200 2662
f 1448 6201 4660
f 6202 2507 4988
f 6168 6202 4988
f 6205 719 4885
f 3381 6205 4885
f 6206 4196 6091
f 4481 6206 6091
f 3337 6207 3268
f 4946 6208 4733
f 6400 6209 519
f 3556 939 377
f 2599 2598 3195
f 5527 6211 3609
f 5004 6211 4602
f 6212 2952 4886
f 2607 6212 4886
f 6213 5276 1432
f 3879 6213 1432
f 286 6214 2193
f 6214 6147 4822
f 5814 6215 4272
f 2247 3907 6774
f 6216 5020 6723
f 6217 1919 3134
f 345 6217 3134
f 5861 6218 6736
f 6617 6124 2930
f 3995 6219 453
f 6220 2823 3133
f 1825 6220 3133
f 2813 6221 1417
f 6223 4562 6635
f 4767 1249 6283
f 6283 1249 2857
f 4153 5905 4279
f 6224 4891 4726
f 6813 6224 4726
f 1044 6225 1045
f 126 5840 6506
f 1065 2069 6226
f 2651 6226 2069
f 3528 3665 5999
f 4800 5880 4871
f 6229 1938 6228
f 6191 6230 2570
f 4915 6230 5855
f 6231 410 4846
f 1495 3933 128
f 1495 128 2589
f 3951 6432 5170
f 6233 1240 2951
f 5019 6236 6093
f 6169 4657 5310
f 6304 6238 4853
f 5451 4727 289
f 2502 2580 4440
f 6240 6466 4822
f 6241 4004 652
f 2675 6241 652
f 5919 6243 2444
f 4440 4532 2502
f 6245 658 4435
f 1931 6245 4435
f 2727 6246 5139
f 6247 2524 2523
f 4584 6247 2523
f 5313 4768 5695
f 6476 4768 5313
f 1786 3081 6476
f 3396 929 3169
f 3244 6248 957
f 6249 1380 5320
f 4064 6249 5320
f 6250 4858 2106
f 516 6251 5254
f 1058 6032 1033
f 2291 2292 5534
f 3222 6252 4636
f 5386 6698 5285
f 1434 5285 6698
f 6253 3465 925
f 6255 6411 3386
f 4932 6255 3386
f 3980 6256 1396
f 6257 3778 5558
f 1696 6258 735
f 552 6259 5905
f 3968 6260 869
f 4804 6261 6462
f 6262 5109 824
f 2550 6262 824
f 3462 6263 2630
f 6038 3699 354
f 3076 2514 4618
f 3492 5125 3076
f 6264 812 1203
f 6265 1311 2131
f 2766 6265 2131
f 4156 6267 862
f 5839 3632 3664
f 2094 3664 3632
f 4586 2755 6899
f 3084 6651 5305
f 80 980 5849
f 6269 1549 6270
f 6270 915 6269
f 6271 2702 6051
f 3954 6774 462
f 6272 5110 6665
f 5892 1846 5827
f 5827 1846 3585
f 4727 6810 1225
f 6087 6950 4258
f 3351 2342 204
f 6273 1450 1451
f 4138 6273 1451
f 3339 6274 4115
f 6275 2834 3196
f 2977 6275 3196
f 6277 1162 5605
f 3668 3865 1491
f 2622 6278 2832
f 1613 185 651
f 2806 6280 712
f 6106 6280 6958
f 5255 6281 6199
f 2115 4089 4029
f 6283 2857 6268
f 6284 6091 4196
f 3763 6284 4196
f 6285 728 6555
f 6286 5264 860
f 6286 860 4877
f 6287 2527 4895
f 1437 6231 1436
f 5153 6288 4421
f 3690 2265 2573
f 2267 6289 5614
f 6546 2826 2587
f 6290 5558 1322
f 5068 1851 6291
f 3187 6291 1851
f 4452 6292 611
f 1860 6292 1061
f 4290 1860 6581
f 6658 3058 114
f 6294 3715 1630
f 5146 6294 1630
f 755 6295 5757
f 6296 747 438
f 5909 6297 957
f 4144 6297 5103
f 1314 841 5180
f 811 6689 6431
f 1869 6298 2463
f 2117 6869 5141
f 2117 5141 4681
f 4 6299 66
f 6300 1949 328
f 6300 328 938
f 6301 5401 6828
f 4147 6302 756
f 4908 6303 2420
f 259 7007 2084
f 259 2084 5472
f 256 6306 5988
f 5906 4137 6307
f 6083 6307 4137
f 6308 1033 6531
f 3264 6308 6531
f 6309 4919 1126
f 2081 6309 1126
f 3150 6310 287
f 6416 2190 5895
f 6311 2484 3914
f 2485 6311 3914
f 1717 5806 1268
f 3735 6312 180
f 4651 2909 3107
f 4895 5175 6314
f 3586 885 887
f 6315 3604 5331
f 5066 3182 2221
f 1158 6125 5836
f 1195 1188 5571
f 6317 550 549
f 3495 4495 6701
f 3453 6318 5367
f 6319 6413 4273
f 6142 6320 3816
f 7012 1374 6321
f 6321 1374 4243
f 6322 2197 3519
f 2147 6322 3519
f 3170 6324 6947
f 2982 6325 3283
f 5348 4928 2794
f 2884 6326 6685
f 2222 6327 2221
f 3806 6328 3522
f 2268 5301 712
f 4882 6330 2917
f 6331 2154 6879
f 1845 6332 5358
f 6986 6333 6303
f 6333 6986 3904
f 4680 6334 3454
f 1722 6335 5781
f 4755 6335 1723
f 5771 6336 4171
f 3929 1167 1169
f 619 6338 5935
f 6339 294 5961
f 2337 6339 5961
f 6340 723 5978
f 3310 6340 5978
f 5969 675 676
f 5679 6341 4896
f 6605 5487 6342
f 3023 6342 5487
f 3346 6343 5486
f 6345 4742 2311
f 6346 6434 5977
f 6346 5977 6024
f 6347 4955 1551
f 5333 6347 1551
f 4722 5876 3881
f 2179 1259 5511
f 6349 2099 3005
f 6888 3611 1621
f 6350 4461 6293
f 4861 5486 6343
f 4788 6351 4846
f 1247 6352 1658
f 295 54 298
f 751 6354 5918
f 1951 6354 1538
f 438 747 6355
f 1545 6355 747
f 6694 6356 900
f 4373 6357 3796
f 6358 4221 3014
f 4150 6358 3014
f 5356 2834 6235
f 6235 2834 2429
f 6359 3971 3022
f 3218 6359 3022
f 6360 4043 2325
f 4071 6360 2325
f 3147 6361 3804
f 6361 7000 6870
f 2228 6362 6612
f 4699 6362 6445
f 6363 3042 4667
f 6363 4667 2365
f 432 6364 528
f 6365 2290 4327
f 6365 4327 2213
f 4160 6366 6568
f 6367 2059 4228
f 6946 1750 6649
f 244 6649 1750
f 3423 6368 6394
f 2746 6369 2352
f 4408 121 354
f 6370 5706 6901
f 5759 4337 4745
f 5320 3036 569
f 6371 1148 5958
f 5730 6371 5958
f 6372 891 1758
f 2304 3397 80
f 6373 2597 5699
f 6374 2562 1347
f 2260 2261 3537
f 6375 1788 1465
f 4411 6375 1465
f 5752 6376 1749
f 6851 3852 5145
f 1628 5518 6914
f 3470 6379 1541
f 4529 6380 3875
f 1445 423 1212
f 1212 423 4952
f 6383 2651 2069
f 1088 6384 3051
f 6386 6604 3111
f 6386 3111 4389
f 1677 6387 5535
f 2942 6388 6860
f 881 6388 1826
f 2953 6389 4054
f 5765 635 6239
f 228 6391 3633
f 3317 6391 6426
f 6392 1756 4278
f 2359 6392 4278
f 2835 6393 1965
f 2124 6394 2126
f 1246 6396 4829
f 6595 2153 2152
f 149 6524 505
f 6378 6398 6379
f 6400 519 6578
f 6962 6400 6578
f 6441 2508 810
f 2508 6441 3321
f 6402 436 3265
f 6782 6402 3265
f 1649 6403 3974
f 1065 6406 2871
f 6407 3221 3890
f 4736 6408 3190
f 6409 760 759
f 757 6409 759
f 1213 3515 3901
f 368 5910 6246
f 4352 3145 3191
f 3191 3145 6869
f 6410 3436 4704
f 2919 5370 5894
f 6416 6413 6244
f 6414 4238 1588
f 2888 6415 6239
f 6416 6244 961
f 6417 3975 5229
f 397 5133 1965
f 6473 1478 2375
f 6419 1852 3870
f 951 3581 6420
f 3618 2932 6421
f 2753 995 6070
f 456 6422 3563
f 1477 4629 1476
f 6423 6526 1317
f 6593 6423 1317
f 6425 1824 267
f 5944 6425 267
f 2283 6426 227
f 4791 6427 2061
f 6225 1990 6119
f 523 4619 5658
f 6428 5184 4001
f 5335 6429 1298
f 3747 6429 5335
f 4529 6430 6967
f 5587 5351 2334
f 6431 3184 811
f 3488 3861 766
f 6433 6560 2217
f 3131 7003 3171
f 1806 6434 5093
f 2782 2571 4518
f 2782 4518 5705
f 6435 4304 6880
f 6573 6436 6779
f 5033 1187 6194
f 6252 4632 4636
f 6437 2518 3665
f 6439 1836 5198
f 503 6439 5198
f 3440 2929 5775
f 6441 5325 6075
f 2150 6441 6075
f 6442 6697 4508
f 6011 6443 6992
f 4719 6445 2228
f 6286 6448 1059
f 4919 6450 4920
f 4272 6452 5814
f 1546 6453 6133
f 2217 6454 4872
f 823 4963 6316
f 4663 6456 464
f 6049 6457 4110
f 1964 6458 3037
f 6460 3961 5411
f 6083 4137 5848
f 6461 392 5893
f 4899 6461 5893
f 6462 1152 2409
f 1216 6462 2409
f 5919 6463 6617
f 5533 6463 2444
f 4966 6464 3930
f 4618 6465 4974
f 3740 6466 5955
f 6467 4296 5053
f 5187 616 5062
f 5062 616 1701
f 281 6468 3443
f 1242 6469 2155
f 3077 6470 2575
f 4671 6471 3911
f 6472 3603 3866
f 834 6472 3866
f 6473 720 92
f 6729 6474 1382
f 6476 3532 4768
f 6254 3891 5681
f 1274 1273 6479
f 6480 1907 631
f 4962 5585 563
f 6481 108 899
f 6565 6481 899
f 6634 1814 1813
f 5899 5118 4220
f 5899 4220 2384
f 6907 2656 4737
f 6907 4737 3776
f 5254 3400 4852
f 6482 632 6867
f 3064 291 5948
f 6657 6483 6532
f 5306 6483 1304
f 4475 1779 2382
f 6484 1923 5783
f 1936 6485 3018
f 6486 1070 2790
f 5285 6487 2688
f 3934 1740 6488
f 6489 4622 3735
f 6490 3077 2575
f 6490 2575 629
f 1492 4197 6027
f 2247 6491 830
f 6492 570 6856
f 6492 6856 4645
f 2286 2285 6809
f 4441 6809 2285
f 6166 5031 5683
f 6493 2815 5221
f 4880 6494 4712
f 854 6494 6155
f 6495 1695 735
f 5402 6496 5761
f 6497 1743 6950
f 907 6497 6950
f 6498 2341 2167
f 2579 6498 2167
f 6499 1887 2432
f 1651 2928 6820
f 4008 5097 4892
f 6500 3044 5900
f 6503 1288 6141
f 6503 6141 4478
f 6504 388 2002
f 2539 706 4808
f 6505 4883 6560
f 6115 2631 5051
f 3601 1084 5572
f 3601 5572 3595
f 1101 6507 3733
f 4271 6508 2526
f 6509 1702 1703
f 1150 6509 1703
f 3054 6510 5901
f 807 3621 6511
f 2181 6511 3621
f 6513 3426 263
f 807 2661 3964
f 6515 5328 1453
f 4300 6515 1453
f 6517 2490 1050
f 5031 6166 6520
f 3455 6520 6166
f 5467 6521 2211
f 6522 3987 2051
f 5430 6522 2051
f 5458 6523 1606
f 6397 6524 784
f 5709 6527 2956
f 6528 4547 568
f 5094 2987 6530
f 365 364 4464
f 6880 6532 5575
f 6533 6514 1362
f 6533 1362 2549
f 3390 6534 5784
f 2282 1055 4331
f 6348 2282 4331
f 1468 6535 3307
f 4783 6536 5466
f 5780 6537 6150
f 2316 6538 2389
f 6539 4316 4979
f 3663 6539 4979
f 6540 1183 987
f 6541 1118 5662
f 1320 6542 4597
f 2879 3890 3636
f 6543 299 298
f 54 6543 298
f 2214 6544 2213
f 6545 2634 2633
f 6990 6546 2587
f 827 6896 6547
f 6764 6547 6896
f 5322 6548 2402
f 3588 6551 5377
f 6552 3374 3105
f 6680 6552 3105
f 6553 972 2813
f 1418 6553 2813
f 6881 3092 3340
f 806 807 3964
f 6554 6452 5389
f 6981 2035 4128
f 1591 6555 1590
f 6557 668 5732
f 4602 180 6312
f 6558 2210 112
f 4961 6558 112
f 4408 560 4277
f 558 6800 6063
f 275 5142 4548
f 6562 973 3149
f 2809 6564 6996
f 6566 6252 3222
f 1397 3359 6506
f 1397 6506 3441
f 6568 949 4160
f 3533 6340 3798
f 5923 5189 6704
f 6569 4245 2637
f 2661 1454 5328
f 6745 1477 1476
f 6845 6570 1508
f 5573 902 5135
f 5719 5430 6572
f 2052 6572 5430
f 512 6573 3751
f 4939 4558 2806
f 6484 6575 1680
f 100 6461 101
f 3813 6576 6067
f 6577 3390 5784
f 581 580 5086
f 5471 6579 5441
f 6580 1026 4444
f 5350 6580 4444
f 5024 6581 4216
f 2002 1630 971
f 3228 6582 2258
f 2519 3475 2538
f 6816 2697 4394
f 6585 3651 6815
f 3916 6586 612
f 2195 6587 2139
f 4396 6588 5277
f 6589 2487 1197
f 6589 1197 2996
f 3634 2732 1917
f 1917 2732 5628
f 4038 6591 4156
f 6592 5725 2097
f 2414 6906 6593
f 2015 6499 5536
f 4130 6594 1388
f 820 2404 4400
f 3628 820 4400
f 4257 6326 139
f 2397 3635 145
f 1431 5095 6602
f 6597 1972 6932
f 6598 5286 1245
f 6329 6598 1245
f 1431 6599 3809
f 6600 2478 903
f 6371 6601 3562
f 3148 4007 2895
f 4007 2983 6588
f 6603 141 3162
f 1422 6603 3162
f 6467 6706 4296
f 6605 2518 4203
f 5644 6605 4203
f 3783 6606 6066
f 4665 6607 5049
f 3715 3648 4414
f 6609 1331 4347
f 4369 6610 2606
f 1001 6739 2961
f 474 472 473
f 473 472 3723
f 5355 6611 1754
f 2227 6612 1066
f 6727 6613 4971
f 6615 3566 895
f 4227 6615 895
f 2933 6617 2930
f 4349 6305 5132
f 5888 5108 5319
f 2575 6619 2458
f 3197 6621 4181
f 6570 6621 3197
f 4351 6624 2253
f 5169 4073 3135
f 3810 5807 6625
f 4213 6625 5807
f 3532 6626 2672
f 431 1483 1484
f 4899 4875 4244
f 5576 6221 4414
f 6629 3046 2753
f 1641 1452 7013
f 136 137 6630
f 79 142 6584
f 4728 6631 5745
f 800 4489 795
f 204 3311 2264
f 2264 3311 4199
f 1204 6633 4984
f 1734 1733 4186
f 6634 1662 1664
f 4971 3123 6727
f 4971 2657 3123
f 6637 1899 4695
f 6638 5716 5242
f 2997 6639 127
f 3726 6740 4342
f 6740 715 2187
f 6640 3001 4818
f 3032 6640 4818
f 6641 7017 4641
f 6618 6643 1162
f 3405 6644 480
f 991 1337 6645
f 1407 326 1408
f 446 445 6263
f 446 6263 6156
f 6646 776 1530
f 6647 2700 4634
f 5563 251 6682
f 6948 4595 2443
f 564 6648 4461
f 2602 6733 2254
f 4903 6653 5717
f 6654 6650 4313
f 2870 6654 4313
f 2616 6804 6209
f 3127 6655 6274
f 1478 6941 6616
f 6880 6657 6532
f 6388 881 3734
f 881 1826 4708
f 6660 3970 5117
f 3090 6660 5117
f 6661 2950 5810
f 4553 6662 3038
f 6663 5068 5472
f 1481 6664 3564
f 5565 6666 4295
f 4748 2690 6667
f 5620 4177 6668
f 3788 3352 6669
f 6669 3352 5964
f 3737 2086 5105
f 6924 6670 1540
f 2264 4199 6715
f 2951 172 4425
f 6671 4941 2427
f 257 1359 4906
f 257 4906 3066
f 6079 6674 4398
f 5251 6674 1290
f 6443 6675 282
f 2712 6677 4645
f 5641 3424 1528
f 1636 6681 1635
f 2821 6681 6908
f 250 6682 251
f 6684 5046 4783
f 6826 6685 3454
f 5036 6330 3463
f 2749 2086 3737
f 5226 893 5651
f 6688 2055 2492
f 6111 6688 2492
f 6431 6689 3908
f 648 2370 2945
f 6691 4364 6967
f 6430 6691 6967
f 6692 2241 5505
f 6693 6964 984
f 6442 6693 984
f 6356 6694 2380
f 3489 6695 1981
f 6697 2856 2694
f 1922 6698 5386
f 2126 6698 3910
f 6699 5457 1891
f 5396 6699 1891
f 6700 2086 2749
f 4887 6700 2749
f 3415 6701 4495
f 3047 2709 6012
f 4824 3631 4796
f 3631 4824 602
f 3191 812 2013
f 6863 3643 6401
f 6702 856 619
f 359 6703 4888
f 6192 6715 6914
f 6704 617 4887
f 6704 4887 618
f 6706 4306 4421
f 6707 2351 618
f 5049 6708 4665
f 2321 6708 3922
f 5426 104 3161
f 104 2433 4826
f 5592 5083 1226
f 1226 5083 4054
f 4028 6709 5392
f 6997 6157 2495
f 5406 1609 5546
f 6710 179 6489
f 6710 6489 3735
f 3424 6711 1528
f 6713 6673 1835
f 6901 3767 4258
f 4690 6714 1855
f 3956 6716 1303
f 4388 6716 181
f 6717 757 2864
f 6718 1907 2525
f 4332 6718 2525
f 6882 6719 254
f 3344 2878 4233
f 1624 3678 61
f 4907 1624 61
f 6721 1116 2388
f 6744 6721 2388
f 3401 6724 958
f 6216 6723 6724
f 958 6724 6723
f 6725 3515 5404
f 1214 6726 4782
f 6613 6727 4522
f 6728 4697 4883
f 6505 6728 4883
f 6731 190 5497
f 6731 5497 4488
f 4488 5497 6854
f 4150 6088 3096
f 1078 3174 1080
f 2254 6733 4526
f 6735 4168 5407
f 3121 6815 3116
f 1197 6374 2996
f 722 3533 5107
f 6738 879 2877
f 4949 6738 2877
f 6739 4397 2781
f 6740 2187 1174
f 6160 6741 1730
f 4773 6743 5383
f 3467 6744 2233
f 6746 1834 1835
f 2092 3444 5612
f 5126 2417 3400
f 6748 895 4637
f 6748 4637 5336
f 4315 6750 1725
f 6751 4422 369
f 6752 4103 5412
f 6752 5412 4973
f 3096 6358 4150
f 5184 2488 6753
f 6158 6754 5722
f 3246 6755 1021
f 5698 15 4965
f 15 1008 4117
f 3898 6756 401
f 6757 2543 4585
f 6758 1365 5457
f 4947 6728 6505
f 6759 2056 3013
f 3575 6760 2560
f 800 6762 6403
f 799 6762 801
f 5141 6763 4681
f 5303 4612 6765
f 4948 6766 3871
f 6783 6767 2843
f 6768 3494 5933
f 1827 6769 7011
f 3339 4081 1850
f 5643 1260 3868
f 2179 3868 1260
f 5541 1774 6541
f 6541 1774 5721
f 6775 1795 729
f 5743 3047 804
f 804 3047 6012
f 1524 645 6720
f 5690 6778 6438
f 6780 5753 6956
f 4345 6780 6956
f 6781 538 91
f 6783 776 2005
f 1958 6784 2066
f 731 6786 3085
f 2701 6786 731
f 423 6787 5292
f 6788 276 3943
f 6789 1612 302
f 3696 6789 302
f 5252 6790 2163
f 2162 6790 2242
f 6791 1459 1081
f 2348 6792 3554
f 586 6793 4418
f 6561 6793 586
f 4023 6794 2646
f 6795 1982 5136
f 4774 6795 5136
f 6797 1163 245
f 6798 3506 4788
f 6798 4788 4846
f 3035 6799 6193
f 6103 6800 2368
f 156 3753 1251
f 6466 6801 5955
f 6802 1877 3429
f 6666 6802 3429
f 5742 6487 1244
f 1233 6803 2022
f 5402 2718 6496
f 468 6496 2718
f 3485 6805 6160
f 6080 5044 323
f 2517 6807 2825
f 2286 6809 5979
f 3900 1300 1499
f 1817 6810 3165
f 6811 6345 5700
f 6812 954 1867
f 2115 5797 4970
f 4970 5797 6475
f 6565 6814 6481
f 437 4015 4321
f 2697 6816 1051
f 2236 792 5407
f 2474 6818 3887
f 3075 6820 2928
f 600 1416 6821
f 6822 115 1167
f 3929 6822 1167
f 6048 6823 5812
f 6825 135 2271
f 6825 2271 523
f 2997 127 6180
f 2997 6180 872
f 6826 2297 2830
f 3126 6826 2830
f 1863 6827 2109
f 3694 6828 2157
f 4896 2188 6829
f 1028 3106 1027
f 4158 6830 4865
f 3156 6831 3193
f 6832 2212 3584
f 4617 6832 3584
f 6834 1472 6042
f 6835 1872 3100
f 6836 1683 2333
f 1374 6837 190
f 3666 2908 4463
f 6838 6773 6682
f 3624 6838 6682
f 1649 6839 1820
f 6840 4730 1373
f 5256 6840 1373
f 3408 2927 983
f 1902 6841 6531
f 6842 6185 1187
f 3631 1173 956
f 2823 2659 4616
f 2955 3435 5718
f 1607 521 6067
f 6782 6846 728
f 4162 6228 6879
f 3667 3438 5634
f 6848 3617 2479
f 2410 6850 4191
f 6050 4066 2207
f 6851 2330 2934
f 6852 3742 249
f 5702 6853 266
f 6854 2149 4488
f 6857 1874 5492
f 1029 6858 5504
f 6859 3408 4094
f 6860 2347 2840
f 1300 5834 6861
f 6876 3572 5394
f 1905 6863 4471
f 4239 6864 4567
f 6867 823 6482
f 6868 950 2290
f 5710 6870 7000
f 6871 3213 3425
f 4388 6872 5857
f 2794 7021 2429
f 6873 6349 3685
f 1609 2356 6874
f 3928 6875 5223
f 413 6855 3442
f 6877 3081 6838
f 4103 5233 6878
f 6879 6279 6331
f 5016 5325 3003
f 6880 5575 4178
f 6894 6881 3340
f 6719 6882 5704
f 1757 6883 4524
f 6884 2482 5486
f 6885 5582 3630
f 6645 6887 2125
f 4028 5392 6952
f 6888 5615 1855
f 6714 6888 1855
f 1416 900 866
f 3152 6503 514
f 5019 6093 2250
f 1973 653 5080
f 1973 5080 6162
f 3274 6890 2368
f 2739 5372 5396
f 6082 5396 5372
f 6891 2424 2577
f 359 6891 2577
f 4391 6892 5844
f 5217 6893 3475
f 4668 6894 3331
f 6940 316 836
f 2278 836 316
f 6895 393 1138
f 1393 6896 827
f 3280 6897 6397
f 6898 73 6457
f 4569 6898 6457
f 3168 6899 5986
f 236 6900 5041
f 3349 6901 4258
f 6903 1022 6546
f 744 747 6053
f 6904 4814 3729
f 6905 3568 3307
f 6906 1977 3550
f 6906 3550 6593
f 178 2164 6710
f 2579 4686 6986
f 6986 4686 3904
f 6908 1636 4225
f 6910 3092 2205
f 2204 6910 2205
f 1531 6911 5291
f 3407 6912 4957
f 338 6913 3898
f 4199 6914 6715
f 6664 1481 1429
f 2504 6915 5170
f 6916 2285 2286
f 6916 2286 5183
f 5388 5884 6917
f 6918 1377 1378
f 1286 6919 699
f 6919 64 2211
f 5827 3585 5231
f 6920 3374 350
f 832 796 2899
f 3330 6921 2475
f 297 6922 5428
f 4333 6922 4965
f 381 5950 4126
f 5352 133 4503
f 5194 3483 4750
f 4750 3483 1160
f 6923 979 978
f 5788 6923 978
f 6924 1540 6491
f 938 816 2034
f 3394 6925 462
f 6926 749 5128
f 5196 6927 4754
f 6928 3681 5613
f 773 5347 3063
f 6931 6852 394
f 3859 6931 394
f 6932 97 6597
f 6933 5535 6387
f 5137 6933 6387
f 6934 6122 4857
f 6485 1199 3018
f 263 4429 6513
f 6935 2584 6523
f 6938 1376 690
f 5552 6938 690
f 6939 5938 942
f 6939 942 2516
f 237 6940 3039
f 46 1332 239
f 6550 3721 1548
f 4998 6550 1548
f 1770 3266 6881
f 2275 6942 1083
f 638 6942 4319
f 6943 1558 4570
f 5728 6944 493
f 6946 6649 1741
f 2736 6946 1741
f 2442 6948 2443
f 539 4269 5406
f 3732 3510 952
f 6949 5937 5502
f 5489 6949 5502
f 3010 2980 4224
f 3589 6951 1984
f 1418 1390 535
f 28 4141 3074
f 5392 2036 6952
f 6953 384 3674
f 2050 6953 3674
f 6954 4644 5906
f 1052 6955 1053
f 4643 6955 1052
f 6799 1164 5724
f 4345 6956 1518
f 94 6957 93
f 2538 6958 5521
f 6606 6959 6066
f 6960 1391 5586
f 5015 541 539
f 1627 695 1626
f 1627 1626 5488
f 561 6963 4002
f 6964 543 1254
f 6964 1254 7006
f 1787 6965 1788
f 6966 1099 3774
f 4453 6966 3774
f 1798 6967 3151
f 1352 978 976
f 6969 5524 4733
f 443 3949 442
f 1680 6970 6484
f 6971 1983 1984
f 6972 3840 4925
f 6973 3833 2289
f 1738 6974 4408
f 5868 2432 3929
f 6977 3599 5425
f 2564 6977 5425
f 2033 6978 3254
f 2777 6979 4570
f 6699 6980 5457
f 6699 6843 6980
f 1010 6981 4128
f 6983 2067 4918
f 2098 6983 4918
f 2020 6984 2948
f 6985 5254 4852
f 6987 1460 4484
f 6668 2081 1126
f 3127 6988 6507
f 5267 6989 3110
f 945 6989 5267
f 6546 6990 6903
f 4462 6990 2587
f 6443 282 6992
f 3821 6992 282
f 4895 2939 6339
f 6189 5300 6993
f 2362 1335 1556
f 6994 2821 4228
f 7006 6995 3743
f 6995 1254 2803
f 6564 104 6996
f 4826 6996 104
f 3415 6997 2495
f 6998 2638 1430
f 207 6998 1430
f 5060 6999 4515
f 7000 3147 5710
f 7001 3021 3163
f 5353 7001 3163
f 2794 7002 3535
f 4891 6224 7003
f 6751 6021 7004
f 7005 4159 1719
f 1720 7005 1719
f 4410 7006 1240
f 4019 7007 4905
f 7008 129 128
f 7008 128 2520
f 7009 2496 5927
f 2945 6429 3711
f 5997 2669 2650
f 7010 4069 907
f 7011 6769 5863
f 7012 6321 5479
f 904 2021 5556
f 904 5556 6642
f 7014 978 1237
f 7015 163 4679
f 7016 1449 4091
f 7017 6890 1364
f 3251 7018 4311
f 7019 2185 3371
f 7020 929 1497
f 7021 1905 5873
f 6235 7021 5873
